grain_id,class,class_frac,area_px,equiv_diam_px,centroid_row,centroid_col,bbox_r0,bbox_c0,bbox_r1,bbox_c1,major_px,minor_px,solidity,frac_Monazite & Xenotime,frac_Zircon,frac_Rutile,frac_Ilmenite,frac_Iron Oxides,frac_Biotite,frac_Quartz,frac_Chromite,frac_Orthoclase,frac_Carpholite,frac_Garnet-Spessartine,frac_Pseudobrookite,frac_Illite,frac_Calderite,frac_Topaz,frac_Tourmaline,frac_Unknown
1,Quartz,1.0,637,28.479002615897535,11.422291993720565,318.56985871271587,0,305,31,335,30.705136567245653,29.051831250234276,0.9312865497076024,0.0,0.0,0.0,0.0,0.0,0.0,1.0,0.0,0.0,0.0,0.0,0.0,0.0,0.0,0.0,0.0,0.0
2,Quartz,1.0,1078,37.04797199880859,15.376623376623376,405.4406307977737,0,382,37,426,46.147922963514816,31.633550340699365,0.8975853455453788,0.0,0.0,0.0,0.0,0.0,0.0,1.0,0.0,0.0,0.0,0.0,0.0,0.0,0.0,0.0,0.0,0.0
3,Quartz,1.0,222,16.812470934731934,8.234234234234235,500.81531531531533,0,488,20,511,26.234975309379955,12.046298003084807,0.8283582089552238,0.0,0.0,0.0,0.0,0.0,0.0,1.0,0.0,0.0,0.0,0.0,0.0,0.0,0.0,0.0,0.0,0.0
4,Quartz,1.0,106,11.617374563210365,9.10377358490566,108.68867924528301,5,102,16,122,20.247100132732474,9.585357213925723,0.7114093959731543,0.0,0.0,0.0,0.0,0.0,0.0,1.0,0.0,0.0,0.0,0.0,0.0,0.0,0.0,0.0,0.0,0.0
5,Unknown,1.0,170,14.712264360219255,10.18235294117647,134.0705882352941,3,124,17,147,21.9623332194353,10.581200400305713,0.8173076923076923,0.0,0.0,0.0,0.0,0.0,0.0,0.0,0.0,0.0,0.0,0.0,0.0,0.0,0.0,0.0,0.0,1.0
6,Quartz,1.0,1535,44.20885319897447,16.265798045602605,451.0671009771987,0,426,42,483,61.81941330546256,36.17533398183508,0.8356015242242787,0.0,0.0,0.0,0.0,0.0,0.0,1.0,0.0,0.0,0.0,0.0,0.0,0.0,0.0,0.0,0.0,0.0
8,Quartz,1.0,137,13.207339536360731,16.532846715328468,673.3430656934306,14,662,21,686,25.154319014835533,7.290781008257542,0.9194630872483222,0.0,0.0,0.0,0.0,0.0,0.0,1.0,0.0,0.0,0.0,0.0,0.0,0.0,0.0,0.0,0.0,0.0
9,Quartz,1.0,106,11.617374563210365,17.59433962264151,975.4905660377359,14,968,24,983,14.206494186249191,10.68915874172057,0.8983050847457628,0.0,0.0,0.0,0.0,0.0,0.0,1.0,0.0,0.0,0.0,0.0,0.0,0.0,0.0,0.0,0.0,0.0
10,Quartz,1.0,176,14.96964127403822,17.46590909090909,1019.4943181818181,14,1005,24,1036,30.020066363335633,8.916489034252734,0.7822222222222223,0.0,0.0,0.0,0.0,0.0,0.0,1.0,0.0,0.0,0.0,0.0,0.0,0.0,0.0,0.0,0.0,0.0
11,Quartz,1.0,158,14.183506197980657,23.854430379746834,546.246835443038,17,537,33,556,19.28226178614537,13.588695312825498,0.7247706422018348,0.0,0.0,0.0,0.0,0.0,0.0,1.0,0.0,0.0,0.0,0.0,0.0,0.0,0.0,0.0,0.0,0.0
12,Quartz,1.0,1417,42.47564519686223,21.619618913196895,275.88990825688074,2,248,43,307,57.236134925026164,33.078210067923614,0.8650793650793651,0.0,0.0,0.0,0.0,0.0,0.0,1.0,0.0,0.0,0.0,0.0,0.0,0.0,0.0,0.0,0.0,0.0
13,Quartz,1.0,663,29.054394128245264,23.441930618401205,153.86877828054298,6,135,45,173,45.998692560642844,20.774931089838915,0.7883472057074911,0.0,0.0,0.0,0.0,0.0,0.0,1.0,0.0,0.0,0.0,0.0,0.0,0.0,0.0,0.0,0.0,0.0
14,Quartz,1.0,1220,39.41258992475499,33.734426229508195,898.7737704918032,14,880,67,918,51.85753758146008,34.262572266779515,0.8585503166783955,0.0,0.0,0.0,0.0,0.0,0.0,1.0,0.0,0.0,0.0,0.0,0.0,0.0,0.0,0.0,0.0,0.0
15,Quartz,1.0,182,15.222667215103916,33.175824175824175,218.06043956043956,24,211,44,228,17.784430539742743,15.074775924193757,0.8125,0.0,0.0,0.0,0.0,0.0,0.0,1.0,0.0,0.0,0.0,0.0,0.0,0.0,0.0,0.0,0.0,0.0
16,Quartz,1.0,372,21.76338922689847,33.63709677419355,1267.1397849462367,28,1248,41,1288,38.76139000086275,13.326156264441806,0.8493150684931506,0.0,0.0,0.0,0.0,0.0,0.0,1.0,0.0,0.0,0.0,0.0,0.0,0.0,0.0,0.0,0.0,0.0
17,Quartz,1.0,421,23.152404806704283,35.980997624703086,184.19952494061758,17,171,56,197,38.991819103323195,16.872374241711526,0.7753222836095764,0.0,0.0,0.0,0.0,0.0,0.0,1.0,0.0,0.0,0.0,0.0,0.0,0.0,0.0,0.0,0.0,0.0
18,Quartz,1.0,100,11.283791670955125,36.66,705.71,28,699,45,712,16.302795901947515,9.582465537607916,0.7575757575757576,0.0,0.0,0.0,0.0,0.0,0.0,1.0,0.0,0.0,0.0,0.0,0.0,0.0,0.0,0.0,0.0,0.0
19,Quartz,1.0,116,12.153015559492998,37.98275862068966,230.64655172413794,30,223,46,239,19.111943729545693,8.853542348153415,0.7483870967741936,0.0,0.0,0.0,0.0,0.0,0.0,1.0,0.0,0.0,0.0,0.0,0.0,0.0,0.0,0.0,0.0,0.0
20,Quartz,1.0,958,34.92511251028815,40.3705636743215,1152.3862212943632,28,1129,56,1179,48.159112842957654,28.26432100913587,0.8251507321274764,0.0,0.0,0.0,0.0,0.0,0.0,1.0,0.0,0.0,0.0,0.0,0.0,0.0,0.0,0.0,0.0,0.0
21,Quartz,1.0,375,21.850968611841584,37.28,1095.2266666666667,28,1082,51,1115,33.422992270932966,15.519980988370355,0.9101941747572816,0.0,0.0,0.0,0.0,0.0,0.0,1.0,0.0,0.0,0.0,0.0,0.0,0.0,0.0,0.0,0.0,0.0
22,Quartz,1.0,544,26.318098569918163,46.53492647058823,295.75,31,279,61,309,31.132275980111803,25.0222863811655,0.8621236133122029,0.0,0.0,0.0,0.0,0.0,0.0,1.0,0.0,0.0,0.0,0.0,0.0,0.0,0.0,0.0,0.0,0.0
23,Quartz,1.0,2077,51.42488244434724,52.33702455464613,945.3726528647087,29,912,79,977,71.48928303447678,43.62598709627354,0.7533550961189699,0.0,0.0,0.0,0.0,0.0,0.0,1.0,0.0,0.0,0.0,0.0,0.0,0.0,0.0,0.0,0.0,0.0
24,Quartz,1.0,1311,40.85605271129112,47.30511060259344,1465.5705568268497,28,1445,71,1491,44.694457793334344,39.401049706225194,0.8745830553702468,0.0,0.0,0.0,0.0,0.0,0.0,1.0,0.0,0.0,0.0,0.0,0.0,0.0,0.0,0.0,0.0,0.0
26,Quartz,1.0,310,19.867165345562018,48.50322580645161,1761.9290322580646,42,1750,59,1776,25.045532638289803,17.212764313793883,0.9064327485380117,0.0,0.0,0.0,0.0,0.0,0.0,1.0,0.0,0.0,0.0,0.0,0.0,0.0,0.0,0.0,0.0,0.0
27,Quartz,1.0,902,33.88896677904354,45.170731707317074,653.569844789357,30,630,66,672,44.94052610633626,28.27956361192943,0.839851024208566,0.0,0.0,0.0,0.0,0.0,0.0,1.0,0.0,0.0,0.0,0.0,0.0,0.0,0.0,0.0,0.0,0.0
28,Quartz,1.0,315,20.026743534373637,54.48253968253968,677.9428571428572,42,671,68,688,25.368666748748264,16.978575835105676,0.9025787965616046,0.0,0.0,0.0,0.0,0.0,0.0,1.0,0.0,0.0,0.0,0.0,0.0,0.0,0.0,0.0,0.0,0.0
29,Quartz,1.0,348,21.049640414216977,54.98275862068966,271.85057471264366,44,258,66,284,22.347758597210152,20.58644917587243,0.87,0.0,0.0,0.0,0.0,0.0,0.0,1.0,0.0,0.0,0.0,0.0,0.0,0.0,0.0,0.0,0.0,0.0
30,Quartz,1.0,1288,40.49608047229867,56.28804347826087,1712.1614906832299,42,1681,74,1740,57.535354972482516,29.812670099629734,0.8821917808219178,0.0,0.0,0.0,0.0,0.0,0.0,1.0,0.0,0.0,0.0,0.0,0.0,0.0,0.0,0.0,0.0,0.0
31,Quartz,1.0,942,34.63223427878316,56.180467091295114,804.7133757961783,29,789,84,820,51.585838578468916,24.574767800668052,0.8532608695652174,0.0,0.0,0.0,0.0,0.0,0.0,1.0,0.0,0.0,0.0,0.0,0.0,0.0,0.0,0.0,0.0,0.0
32,Quartz,1.0,1846,48.48092614194896,61.70585048754063,117.3510292524377,29,102,97,141,63.693177299392346,39.885220595172186,0.9031311154598826,0.0,0.0,0.0,0.0,0.0,0.0,1.0,0.0,0.0,0.0,0.0,0.0,0.0,0.0,0.0,0.0,0.0
33,Quartz,1.0,160,14.27299292922217,58.2125,429.50625,53,419,66,439,20.536132830517367,11.231390090605288,0.8040201005025126,0.0,0.0,0.0,0.0,0.0,0.0,1.0,0.0,0.0,0.0,0.0,0.0,0.0,0.0,0.0,0.0,0.0
34,Quartz,1.0,573,27.010484244701136,58.67888307155323,462.05759162303667,50,439,71,485,46.020698085767556,17.428830982566097,0.8352769679300291,0.0,0.0,0.0,0.0,0.0,0.0,1.0,0.0,0.0,0.0,0.0,0.0,0.0,0.0,0.0,0.0,0.0
35,Quartz,1.0,2125,52.01570947860099,70.8395294117647,380.39529411764704,28,360,121,405,87.62039633567515,34.74490080055066,0.78240058910162,0.0,0.0,0.0,0.0,0.0,0.0,1.0,0.0,0.0,0.0,0.0,0.0,0.0,0.0,0.0,0.0,0.0
36,Quartz,1.0,1488,43.52677845379694,62.46370967741935,1396.383064516129,37,1368,87,1420,56.58455173701631,35.92693069728106,0.8493150684931506,0.0,0.0,0.0,0.0,0.0,0.0,1.0,0.0,0.0,0.0,0.0,0.0,0.0,0.0,0.0,0.0,0.0
37,Quartz,1.0,571,26.963304323539017,67.31523642732049,2054.728546409807,56,2041,84,2072,31.300203366799945,24.954201654332483,0.8704268292682927,0.0,0.0,0.0,0.0,0.0,0.0,1.0,0.0,0.0,0.0,0.0,0.0,0.0,0.0,0.0,0.0,0.0
38,Quartz,1.0,1787,47.69988539233334,68.84946838276441,505.5478455512031,38,484,99,528,59.308061443568036,40.79110243207821,0.8704335119337555,0.0,0.0,0.0,0.0,0.0,0.0,1.0,0.0,0.0,0.0,0.0,0.0,0.0,0.0,0.0,0.0,0.0
39,Quartz,1.0,4254,73.59593075234108,67.49553361542078,574.063704748472,36,529,101,622,87.71497851144665,65.10161592311877,0.8672782874617737,0.0,0.0,0.0,0.0,0.0,0.0,1.0,0.0,0.0,0.0,0.0,0.0,0.0,0.0,0.0,0.0,0.0
40,Chromite,1.0,575,27.05758189903005,72.67130434782608,2135.191304347826,62,2115,90,2151,38.74617539777257,22.94376174083254,0.777027027027027,0.0,0.0,0.0,0.0,0.0,0.0,0.0,1.0,0.0,0.0,0.0,0.0,0.0,0.0,0.0,0.0,0.0
41,Quartz,1.0,821,32.33155836373447,74.06455542021925,1078.9573690621194,56,1061,92,1099,36.528770472654315,30.81426725105638,0.8318135764944276,0.0,0.0,0.0,0.0,0.0,0.0,1.0,0.0,0.0,0.0,0.0,0.0,0.0,0.0,0.0,0.0,0.0
42,Quartz,1.0,3714,68.76635564828483,77.58050619278406,1230.082929456112,41,1197,127,1268,79.5536894844936,66.31030076890231,0.8593243868579361,0.0,0.0,0.0,0.0,0.0,0.0,1.0,0.0,0.0,0.0,0.0,0.0,0.0,0.0,0.0,0.0,0.0
43,Quartz,1.0,495,25.104851615652017,78.8949494949495,163.94747474747476,62,150,98,177,37.73125048027311,20.194676385512892,0.7770800627943485,0.0,0.0,0.0,0.0,0.0,0.0,1.0,0.0,0.0,0.0,0.0,0.0,0.0,0.0,0.0,0.0,0.0
44,Quartz,1.0,4945,79.34840608805813,86.34357937310415,2401.3694641051566,56,2319,125,2486,165.77242710934797,39.69672538831015,0.844721557909122,0.0,0.0,0.0,0.0,0.0,0.0,1.0,0.0,0.0,0.0,0.0,0.0,0.0,0.0,0.0,0.0,0.0
45,Orthoclase,0.9795057263411694,3318,64.99699077212168,74.92947558770344,1550.960518384569,42,1517,109,1591,73.0661164631091,64.23124483305303,0.8449197860962567,0.0,0.0,0.0,0.0,0.0,0.0,0.0,0.0,0.9795057263411694,0.0,0.0,0.0,0.0,0.0,0.0,0.0,0.020494273658830622
46,Quartz,1.0,782,31.554291688816235,77.30179028132993,2530.5358056265986,70,2498,90,2561,58.150758988249606,19.949776329783443,0.7906976744186046,0.0,0.0,0.0,0.0,0.0,0.0,1.0,0.0,0.0,0.0,0.0,0.0,0.0,0.0,0.0,0.0,0.0
48,Quartz,1.0,3056,62.37804139848138,81.82362565445027,212.29875654450262,50,175,116,247,70.89144829439712,56.563038003281,0.9177177177177177,0.0,0.0,0.0,0.0,0.0,0.0,1.0,0.0,0.0,0.0,0.0,0.0,0.0,0.0,0.0,0.0,0.0
49,Quartz,1.0,2525,56.700351413869434,90.27128712871287,2096.9568316831683,56,2064,130,2128,82.81531358887509,40.68233660231073,0.8909668313338038,0.0,0.0,0.0,0.0,0.0,0.0,1.0,0.0,0.0,0.0,0.0,0.0,0.0,0.0,0.0,0.0,0.0
50,Quartz,1.0,896,33.77606596515802,82.93080357142857,2865.823660714286,70,2845,102,2882,40.0703110514626,30.551063185752664,0.9333333333333333,0.0,0.0,0.0,0.0,0.0,0.0,1.0,0.0,0.0,0.0,0.0,0.0,0.0,0.0,0.0,0.0,0.0
51,Quartz,1.0,4555,76.1551451070029,88.5517014270033,713.1530186608123,50,671,127,763,92.99574976196284,67.60073358711522,0.8427382053654024,0.0,0.0,0.0,0.0,0.0,0.0,1.0,0.0,0.0,0.0,0.0,0.0,0.0,0.0,0.0,0.0,0.0
52,Orthoclase,1.0,638,28.501347854812654,89.66771159874608,891.2633228840125,74,876,106,907,36.71570497098263,23.037166278906962,0.8885793871866295,0.0,0.0,0.0,0.0,0.0,0.0,0.0,0.0,1.0,0.0,0.0,0.0,0.0,0.0,0.0,0.0,0.0
53,Quartz,1.0,2043,51.002239067456024,99.2515907978463,638.4767498776309,69,607,137,671,87.48455051854282,32.24479290231635,0.8087885985748219,0.0,0.0,0.0,0.0,0.0,0.0,1.0,0.0,0.0,0.0,0.0,0.0,0.0,0.0,0.0,0.0,0.0
54,Quartz,1.0,2098,51.68420034066863,91.97235462345091,828.8965681601526,62,793,121,855,59.85095361851601,53.240844126842255,0.8227450980392157,0.0,0.0,0.0,0.0,0.0,0.0,1.0,0.0,0.0,0.0,0.0,0.0,0.0,0.0,0.0,0.0,0.0
55,Quartz,1.0,5147,80.952850084181,90.59452108024092,2260.7167281911793,56,2209,129,2316,103.78125863239674,68.65259186456855,0.8444626743232158,0.0,0.0,0.0,0.0,0.0,0.0,1.0,0.0,0.0,0.0,0.0,0.0,0.0,0.0,0.0,0.0,0.0
56,Quartz,1.0,478,24.669991941291908,85.89330543933055,327.40585774058576,70,314,101,340,30.419687752025574,21.816864048859323,0.855098389982111,0.0,0.0,0.0,0.0,0.0,0.0,1.0,0.0,0.0,0.0,0.0,0.0,0.0,0.0,0.0,0.0,0.0
57,Quartz,1.0,434,23.507147049675353,90.52764976958525,298.78801843317973,72,286,110,314,42.82542477823215,14.565858156985417,0.7600700525394045,0.0,0.0,0.0,0.0,0.0,0.0,1.0,0.0,0.0,0.0,0.0,0.0,0.0,0.0,0.0,0.0,0.0
58,Quartz,1.0,1082,37.116642997494345,92.45933456561923,3136.59426987061,84,3104,105,3172,73.37413960694461,21.467261801975976,0.8284839203675345,0.0,0.0,0.0,0.0,0.0,0.0,1.0,0.0,0.0,0.0,0.0,0.0,0.0,0.0,0.0,0.0,0.0
59,Quartz,1.0,1933,49.6102009668684,94.55716502845318,2926.5209518882566,84,2881,110,2972,97.96036790344158,26.26150527452663,0.928880345987506,0.0,0.0,0.0,0.0,0.0,0.0,1.0,0.0,0.0,0.0,0.0,0.0,0.0,0.0,0.0,0.0,0.0
60,Quartz,1.0,603,27.70854462932514,99.7893864013267,2819.087893864013,86,2806,117,2835,31.317883281701715,25.665961797625638,0.8688760806916427,0.0,0.0,0.0,0.0,0.0,0.0,1.0,0.0,0.0,0.0,0.0,0.0,0.0,0.0,0.0,0.0,0.0
61,Quartz,1.0,3401,65.80492148497929,102.23845927668333,1770.7000882093503,66,1738,138,1808,69.67360459785064,63.64802964722281,0.9083867521367521,0.0,0.0,0.0,0.0,0.0,0.0,1.0,0.0,0.0,0.0,0.0,0.0,0.0,0.0,0.0,0.0,0.0
62,Orthoclase,1.0,730,30.487126261041215,107.32739726027397,1275.2767123287672,91,1256,133,1292,44.69526467401695,23.694546482706315,0.8295454545454546,0.0,0.0,0.0,0.0,0.0,0.0,0.0,0.0,1.0,0.0,0.0,0.0,0.0,0.0,0.0,0.0,0.0
63,Quartz,1.0,9009,107.10095731840627,103.31102231102231,2686.5147075147074,70,2614,155,2760,148.39848467275425,83.08519152422873,0.9227696404793608,0.0,0.0,0.0,0.0,0.0,0.0,1.0,0.0,0.0,0.0,0.0,0.0,0.0,0.0,0.0,0.0,0.0
64,Quartz,1.0,149,13.773623058786647,104.4496644295302,1482.6845637583892,95,1475,113,1495,22.614937444018377,10.997521909371722,0.7602040816326531,0.0,0.0,0.0,0.0,0.0,0.0,1.0,0.0,0.0,0.0,0.0,0.0,0.0,0.0,0.0,0.0,0.0
65,Quartz,1.0,1115,37.67840352748118,103.2932735426009,2002.7614349775786,79,1984,123,2026,43.23108161660597,36.53451349763937,0.7913413768630234,0.0,0.0,0.0,0.0,0.0,0.0,1.0,0.0,0.0,0.0,0.0,0.0,0.0,0.0,0.0,0.0,0.0
66,Orthoclase,1.0,493,25.05408341078227,104.69776876267748,3428.430020283976,98,3411,116,3449,38.7134586625294,17.310552907656092,0.9372623574144486,0.0,0.0,0.0,0.0,0.0,0.0,0.0,0.0,1.0,0.0,0.0,0.0,0.0,0.0,0.0,0.0,0.0
67,Quartz,1.0,1921,49.455971989601494,105.92555960437272,1630.2306090577824,77,1601,132,1659,53.71794158008018,47.800102101589545,0.8668772563176895,0.0,0.0,0.0,0.0,0.0,0.0,1.0,0.0,0.0,0.0,0.0,0.0,0.0,0.0,0.0,0.0,0.0
68,Orthoclase,1.0,558,26.654599339742866,109.7258064516129,2545.2706093189963,102,2522,120,2568,41.11777934609136,17.926179258030448,0.8956661316211878,0.0,0.0,0.0,0.0,0.0,0.0,0.0,0.0,1.0,0.0,0.0,0.0,0.0,0.0,0.0,0.0,0.0
69,Quartz,1.0,1399,42.20500116200085,116.62687634024303,180.93924231593996,99,135,138,220,83.58131094544649,23.33828547914766,0.8162193698949824,0.0,0.0,0.0,0.0,0.0,0.0,1.0,0.0,0.0,0.0,0.0,0.0,0.0,0.0,0.0,0.0,0.0
70,Quartz,1.0,515,25.60699837034026,118.08155339805825,476.8388349514563,101,459,133,495,36.394931465862825,22.45853937030748,0.748546511627907,0.0,0.0,0.0,0.0,0.0,0.0,1.0,0.0,0.0,0.0,0.0,0.0,0.0,0.0,0.0,0.0,0.0
71,Orthoclase,0.9797530864197531,4050,71.80961047225789,115.2195061728395,3029.604197530864,84,2993,160,3071,77.50118150833612,70.23769169439868,0.9257142857142857,0.0,0.0,0.0,0.0,0.0,0.0,0.0,0.0,0.9797530864197531,0.0,0.0,0.0,0.0,0.0,0.0,0.0,0.020246913580246915
72,Quartz,1.0,1291,40.5432146265327,118.74128582494191,2786.412858249419,93,2766,141,2808,46.400408396435935,36.746122620968926,0.900907187718074,0.0,0.0,0.0,0.0,0.0,0.0,1.0,0.0,0.0,0.0,0.0,0.0,0.0,0.0,0.0,0.0,0.0
73,Quartz,1.0,2198,52.901611689322735,120.91446769790718,3345.803457688808,88,3318,154,3369,62.73804608869315,46.972350702960235,0.8949511400651465,0.0,0.0,0.0,0.0,0.0,0.0,1.0,0.0,0.0,0.0,0.0,0.0,0.0,0.0,0.0,0.0,0.0
74,Quartz,1.0,2237,53.368875401047745,117.39740724184175,1082.907018328118,96,1045,141,1122,72.68911184111217,42.01352210943483,0.8814026792750197,0.0,0.0,0.0,0.0,0.0,0.0,1.0,0.0,0.0,0.0,0.0,0.0,0.0,0.0,0.0,0.0,0.0
75,Quartz,1.0,1293,40.57460697705605,115.38747099767981,414.3472544470224,92,392,141,433,49.862201500820916,36.21347027802672,0.8462041884816754,0.0,0.0,0.0,0.0,0.0,0.0,1.0,0.0,0.0,0.0,0.0,0.0,0.0,0.0,0.0,0.0,0.0
76,Quartz,1.0,733,30.549706811864404,120.04911323328785,1841.963165075034,100,1824,138,1857,34.45009850872515,29.415974874217248,0.8841978287092883,0.0,0.0,0.0,0.0,0.0,0.0,1.0,0.0,0.0,0.0,0.0,0.0,0.0,0.0,0.0,0.0,0.0
77,Quartz,1.0,126,12.666024736934256,118.0079365079365,3535.9761904761904,113,3527,125,3544,18.93936451578738,9.05126036901703,0.8571428571428571,0.0,0.0,0.0,0.0,0.0,0.0,1.0,0.0,0.0,0.0,0.0,0.0,0.0,0.0,0.0,0.0,0.0
78,Orthoclase,1.0,510,25.482389366284572,119.94901960784314,1325.6470588235295,107,1302,134,1341,34.652893826262904,23.527979413595826,0.7478005865102639,0.0,0.0,0.0,0.0,0.0,0.0,0.0,0.0,1.0,0.0,0.0,0.0,0.0,0.0,0.0,0.0,0.0
79,Quartz,1.0,7624,98.52501351971935,119.70802728226653,3235.555220356768,84,3175,164,3293,120.13682344735012,83.00756322926634,0.9515726410384423,0.0,0.0,0.0,0.0,0.0,0.0,1.0,0.0,0.0,0.0,0.0,0.0,0.0,0.0,0.0,0.0,0.0
80,Quartz,1.0,116,12.153015559492998,124.89655172413794,749.7672413793103,119,743,132,757,15.587130874900065,9.924014297091666,0.8529411764705882,0.0,0.0,0.0,0.0,0.0,0.0,1.0,0.0,0.0,0.0,0.0,0.0,0.0,0.0,0.0,0.0,0.0
81,Quartz,1.0,233,17.22396045987371,124.87982832618026,807.175965665236,116,798,134,819,22.25331656838455,14.718937133838716,0.8204225352112676,0.0,0.0,0.0,0.0,0.0,0.0,1.0,0.0,0.0,0.0,0.0,0.0,0.0,0.0,0.0,0.0,0.0
82,Quartz,1.0,1059,36.72003101679705,122.38432483474976,2069.9027384324836,98,2052,143,2090,43.288615518115115,33.33035500900149,0.8567961165048543,0.0,0.0,0.0,0.0,0.0,0.0,1.0,0.0,0.0,0.0,0.0,0.0,0.0,0.0,0.0,0.0,0.0
84,Quartz,1.0,377,21.909160375631842,124.70291777188329,1524.4827586206898,108,1515,143,1534,33.55093875662419,16.262269007759297,0.7616161616161616,0.0,0.0,0.0,0.0,0.0,0.0,1.0,0.0,0.0,0.0,0.0,0.0,0.0,0.0,0.0,0.0,0.0
85,Quartz,1.0,189,15.512648837479231,129.37566137566137,4388.915343915344,126,4375,136,4405,29.510426778817124,9.098530947571033,0.8181818181818182,0.0,0.0,0.0,0.0,0.0,0.0,1.0,0.0,0.0,0.0,0.0,0.0,0.0,0.0,0.0,0.0,0.0
86,Quartz,1.0,145,13.58748446131949,129.15172413793104,4576.331034482759,126,4563,135,4588,25.077473665912155,8.160799584022604,0.8285714285714286,0.0,0.0,0.0,0.0,0.0,0.0,1.0,0.0,0.0,0.0,0.0,0.0,0.0,0.0,0.0,0.0,0.0
87,Quartz,1.0,850,32.897623212397704,127.48470588235294,3865.2964705882355,112,3840,149,3886,50.785864493759796,23.4900234615367,0.8188824662813102,0.0,0.0,0.0,0.0,0.0,0.0,1.0,0.0,0.0,0.0,0.0,0.0,0.0,0.0,0.0,0.0,0.0
88,Quartz,1.0,3034,62.15310755486393,129.33487145682267,1148.1064601186551,93,1119,163,1183,67.3194143950642,58.75079140652317,0.9272616136919315,0.0,0.0,0.0,0.0,0.0,0.0,1.0,0.0,0.0,0.0,0.0,0.0,0.0,0.0,0.0,0.0,0.0
89,Quartz,1.0,101,11.340070282773887,131.20792079207922,3554.3465346534654,125,3550,139,3561,13.230545639169437,10.352355679210037,0.8938053097345132,0.0,0.0,0.0,0.0,0.0,0.0,1.0,0.0,0.0,0.0,0.0,0.0,0.0,0.0,0.0,0.0,0.0
90,Quartz,1.0,6145,88.45369976658735,134.82750203417413,933.7161920260374,87,882,186,989,97.00246239037196,87.38703090318,0.8652492255702618,0.0,0.0,0.0,0.0,0.0,0.0,1.0,0.0,0.0,0.0,0.0,0.0,0.0,0.0,0.0,0.0,0.0
91,Orthoclase,1.0,2840,60.13318806655657,132.42112676056337,3794.9464788732394,98,3763,163,3832,73.78411844514952,51.6050621640123,0.8538785327720986,0.0,0.0,0.0,0.0,0.0,0.0,0.0,0.0,1.0,0.0,0.0,0.0,0.0,0.0,0.0,0.0,0.0
92,Quartz,1.0,190,15.553633450087505,132.8684210526316,4481.468421052631,126,4474,142,4491,17.114447874566018,15.286133188435196,0.867579908675799,0.0,0.0,0.0,0.0,0.0,0.0,1.0,0.0,0.0,0.0,0.0,0.0,0.0,0.0,0.0,0.0,0.0
93,Quartz,1.0,5552,84.07749967957909,131.6395893371758,4054.4672190201727,112,3982,167,4141,168.399727088703,49.92217075558659,0.7787908542572591,0.0,0.0,0.0,0.0,0.0,0.0,1.0,0.0,0.0,0.0,0.0,0.0,0.0,0.0,0.0,0.0,0.0
94,Quartz,1.0,137,13.207339536360731,138.05109489051094,4491.240875912409,130,4484,149,4499,18.882358288157597,10.614905379291077,0.791907514450867,0.0,0.0,0.0,0.0,0.0,0.0,1.0,0.0,0.0,0.0,0.0,0.0,0.0,0.0,0.0,0.0,0.0
95,Quartz,1.0,927,34.355393433484295,138.64832793959008,4626.2384034519955,126,4598,157,4648,45.03119838602098,29.99532326537559,0.7822784810126582,0.0,0.0,0.0,0.0,0.0,0.0,1.0,0.0,0.0,0.0,0.0,0.0,0.0,0.0,0.0,0.0,0.0
97,Orthoclase,1.0,864,33.16743834924821,125.14814814814815,2855.03125,105,2837,140,2873,36.04964072538802,32.90616768705996,0.9028213166144201,0.0,0.0,0.0,0.0,0.0,0.0,0.0,0.0,1.0,0.0,0.0,0.0,0.0,0.0,0.0,0.0,0.0
98,Quartz,1.0,2399,55.26754624388218,133.822842851188,3493.731137974156,98,3465,167,3521,74.93076400634345,43.880720260098684,0.8752280189711784,0.0,0.0,0.0,0.0,0.0,0.0,1.0,0.0,0.0,0.0,0.0,0.0,0.0,0.0,0.0,0.0,0.0
99,Quartz,1.0,1162,38.46432569254606,137.03012048192772,4318.805507745266,126,4286,156,4351,59.64468648047227,27.223402688457426,0.8537839823659075,0.0,0.0,0.0,0.0,0.0,0.0,1.0,0.0,0.0,0.0,0.0,0.0,0.0,0.0,0.0,0.0,0.0
100,Orthoclase,1.0,531,26.001734523957655,147.0357815442561,2854.141242937853,139,2837,158,2873,35.73597139801609,20.233149311826892,0.9398230088495575,0.0,0.0,0.0,0.0,0.0,0.0,0.0,0.0,1.0,0.0,0.0,0.0,0.0,0.0,0.0,0.0,0.0
101,Quartz,1.0,827,32.44948541188257,142.89600967351873,4679.559854897218,126,4663,162,4699,42.418731922709874,26.08552652022399,0.8769883351007424,0.0,0.0,0.0,0.0,0.0,0.0,1.0,0.0,0.0,0.0,0.0,0.0,0.0,0.0,0.0,0.0,0.0
102,Quartz,0.913699800626602,3511,66.8606314774633,139.40900028481914,534.7798348048989,104,498,178,588,84.06700117403355,64.14791618868165,0.8073120257530467,0.0,0.0,0.0,0.0,0.0,0.0,0.913699800626602,0.0,0.0,0.0,0.0,0.0,0.0,0.0,0.0,0.0,0.08630019937339789
103,Quartz,1.0,1622,45.444411554782334,142.08076448828606,721.8131935881628,122,693,165,749,54.16906209127534,39.297335521302905,0.9107243121841662,0.0,0.0,0.0,0.0,0.0,0.0,1.0,0.0,0.0,0.0,0.0,0.0,0.0,0.0,0.0,0.0,0.0
104,Quartz,1.0,763,31.1686023528956,130.5845347313237,1886.8361730013107,111,1868,146,1908,42.21074009381745,25.518899689982007,0.8357064622124863,0.0,0.0,0.0,0.0,0.0,0.0,1.0,0.0,0.0,0.0,0.0,0.0,0.0,0.0,0.0,0.0,0.0
105,Quartz,1.0,243,17.58969042850512,146.39506172839506,180.69958847736626,138,172,158,195,21.63125415598321,18.423001092757406,0.7813504823151125,0.0,0.0,0.0,0.0,0.0,0.0,1.0,0.0,0.0,0.0,0.0,0.0,0.0,0.0,0.0,0.0,0.0
106,Quartz,1.0,437,23.58825303088947,141.75972540045765,487.0091533180778,126,476,158,500,34.9028551529756,17.48005006753605,0.8214285714285714,0.0,0.0,0.0,0.0,0.0,0.0,1.0,0.0,0.0,0.0,0.0,0.0,0.0,0.0,0.0,0.0,0.0
107,Quartz,1.0,450,23.936536824085962,153.17111111111112,1899.4377777777777,145,1883,164,1916,33.20635700513756,17.94035488667093,0.9090909090909091,0.0,0.0,0.0,0.0,0.0,0.0,1.0,0.0,0.0,0.0,0.0,0.0,0.0,0.0,0.0,0.0,0.0
108,Quartz,1.0,492,25.028660691489268,149.7621951219512,1281.2012195121952,137,1265,166,1297,36.085659952724285,19.993803373528248,0.8092105263157895,0.0,0.0,0.0,0.0,0.0,0.0,1.0,0.0,0.0,0.0,0.0,0.0,0.0,0.0,0.0,0.0,0.0
109,Quartz,1.0,2222,53.189644371827974,145.80738073807382,1951.403690369037,115,1917,168,1992,73.13092141474242,45.11879815991628,0.796415770609319,0.0,0.0,0.0,0.0,0.0,0.0,1.0,0.0,0.0,0.0,0.0,0.0,0.0,0.0,0.0,0.0,0.0
110,Quartz,1.0,360,21.409489393833255,151.45,3659.4416666666666,136,3649,172,3669,35.91850057850284,14.461834237932075,0.7643312101910829,0.0,0.0,0.0,0.0,0.0,0.0,1.0,0.0,0.0,0.0,0.0,0.0,0.0,0.0,0.0,0.0,0.0
111,Quartz,1.0,869,33.26327050028088,147.54200230149598,4229.785960874568,131,4211,165,4252,37.73558082798626,29.96901030216464,0.8894575230296827,0.0,0.0,0.0,0.0,0.0,0.0,1.0,0.0,0.0,0.0,0.0,0.0,0.0,0.0,0.0,0.0,0.0
112,Quartz,1.0,315,20.026743534373637,148.35873015873017,4583.4,141,4566,157,4599,32.193416593502924,14.320808836419964,0.7816377171215881,0.0,0.0,0.0,0.0,0.0,0.0,1.0,0.0,0.0,0.0,0.0,0.0,0.0,0.0,0.0,0.0,0.0
113,Quartz,1.0,148,13.727325035155395,149.15540540540542,2977.2027027027025,140,2972,159,2984,19.041842616824322,10.691601755146126,0.8409090909090909,0.0,0.0,0.0,0.0,0.0,0.0,1.0,0.0,0.0,0.0,0.0,0.0,0.0,0.0,0.0,0.0,0.0
114,Quartz,1.0,657,28.92262748940701,142.29223744292239,3940.167427701674,129,3924,158,3960,33.50292239070587,27.308728136060697,0.8101109741060419,0.0,0.0,0.0,0.0,0.0,0.0,1.0,0.0,0.0,0.0,0.0,0.0,0.0,0.0,0.0,0.0,0.0
115,Quartz,1.0,326,20.37341629633241,151.01840490797545,991.6901840490798,140,980,162,1004,26.031513262434814,17.604641919700974,0.8211586901763224,0.0,0.0,0.0,0.0,0.0,0.0,1.0,0.0,0.0,0.0,0.0,0.0,0.0,0.0,0.0,0.0,0.0
116,Quartz,1.0,1246,39.830346128799995,158.26243980738363,1506.1324237560193,129,1487,184,1529,51.94078415152556,33.05555387123567,0.8436018957345972,0.0,0.0,0.0,0.0,0.0,0.0,1.0,0.0,0.0,0.0,0.0,0.0,0.0,0.0,0.0,0.0,0.0
117,Quartz,1.0,4001,71.37388470922251,160.21944513871532,2921.1472131967007,123,2882,213,2959,86.87754221958356,65.43935840167862,0.8654553320354748,0.0,0.0,0.0,0.0,0.0,0.0,1.0,0.0,0.0,0.0,0.0,0.0,0.0,0.0,0.0,0.0,0.0
118,Quartz,1.0,741,30.71596494738128,152.71390013495278,872.110661268556,134,860,175,886,39.34077920300019,24.780193012847555,0.8927710843373494,0.0,0.0,0.0,0.0,0.0,0.0,1.0,0.0,0.0,0.0,0.0,0.0,0.0,0.0,0.0,0.0,0.0
119,Quartz,1.0,440,23.66908109081279,161.9181818181818,3949.3431818181816,153,3933,175,3968,33.02716932758511,18.92319544570744,0.8870967741935484,0.0,0.0,0.0,0.0,0.0,0.0,1.0,0.0,0.0,0.0,0.0,0.0,0.0,0.0,0.0,0.0,0.0
120,Quartz,1.0,522,25.780439141949365,156.68199233716476,4060.9904214559388,147,4047,170,4079,32.16094806869022,21.57567676960046,0.925531914893617,0.0,0.0,0.0,0.0,0.0,0.0,1.0,0.0,0.0,0.0,0.0,0.0,0.0,0.0,0.0,0.0,0.0
121,Quartz,1.0,787,31.655007845624887,157.37865311308767,755.5184243964422,138,735,172,773,34.71081947373217,30.403814411546943,0.9035591274397244,0.0,0.0,0.0,0.0,0.0,0.0,1.0,0.0,0.0,0.0,0.0,0.0,0.0,0.0,0.0,0.0,0.0
122,Quartz,1.0,2602,57.55839899963248,161.55726364335126,3607.768639508071,131,3576,188,3646,70.18284741573484,50.14228934941807,0.8650265957446809,0.0,0.0,0.0,0.0,0.0,0.0,1.0,0.0,0.0,0.0,0.0,0.0,0.0,0.0,0.0,0.0,0.0
123,Quartz,1.0,5675,85.00373177909337,158.64528634361233,350.3711013215859,126,286,194,402,115.0063882606309,65.51880820004207,0.9116465863453815,0.0,0.0,0.0,0.0,0.0,0.0,1.0,0.0,0.0,0.0,0.0,0.0,0.0,0.0,0.0,0.0,0.0
124,Quartz,1.0,447,23.85661494212072,159.60850111856823,1730.4250559284117,146,1711,170,1750,32.14750816126773,21.41431045868209,0.8530534351145038,0.0,0.0,0.0,0.0,0.0,0.0,1.0,0.0,0.0,0.0,0.0,0.0,0.0,0.0,0.0,0.0,0.0
125,Quartz,1.0,657,28.92262748940701,161.49619482496195,3432.4459665144595,148,3408,176,3458,47.976955258306916,18.7027653973426,0.7963636363636364,0.0,0.0,0.0,0.0,0.0,0.0,1.0,0.0,0.0,0.0,0.0,0.0,0.0,0.0,0.0,0.0,0.0
126,Orthoclase,1.0,417,23.04215463350949,167.98081534772183,1801.8705035971223,150,1786,184,1818,37.862642181835355,16.568073067486978,0.7838345864661654,0.0,0.0,0.0,0.0,0.0,0.0,0.0,0.0,1.0,0.0,0.0,0.0,0.0,0.0,0.0,0.0,0.0
127,Orthoclase,0.9804655705681263,6143,88.43930417697838,167.2249715122904,3126.828748168647,125,3060,209,3191,124.84868787977983,68.11315390994064,0.8261161915008068,0.0,0.0,0.0,0.0,0.0,0.0,0.0,0.0,0.9804655705681263,0.0,0.0,0.0,0.0,0.0,0.0,0.0,0.019534429431873678
128,Quartz,1.0,175,14.927053303604616,163.87428571428572,2555.52,157,2545,171,2565,20.260088600932047,13.801484454495812,0.7575757575757576,0.0,0.0,0.0,0.0,0.0,0.0,1.0,0.0,0.0,0.0,0.0,0.0,0.0,0.0,0.0,0.0,0.0
129,Quartz,1.0,1792,47.76657057153477,174.50725446428572,786.5390625,140,749,207,815,82.66083794384961,31.54135448730012,0.75262494750105,0.0,0.0,0.0,0.0,0.0,0.0,1.0,0.0,0.0,0.0,0.0,0.0,0.0,0.0,0.0,0.0,0.0
130,Quartz,1.0,1842,48.42837227702548,151.54071661237785,2425.78447339848,117,2402,187,2446,77.56702527520497,37.06973908464779,0.7555373256767842,0.0,0.0,0.0,0.0,0.0,0.0,1.0,0.0,0.0,0.0,0.0,0.0,0.0,0.0,0.0,0.0,0.0
131,Quartz,1.0,265,18.36868202552426,167.09811320754716,2528.1509433962265,155,2516,178,2540,23.614122957504627,20.14246226570863,0.6575682382133995,0.0,0.0,0.0,0.0,0.0,0.0,1.0,0.0,0.0,0.0,0.0,0.0,0.0,0.0,0.0,0.0,0.0
132,Quartz,1.0,2252,53.54750652218632,163.26598579040854,149.95204262877442,127,113,198,183,78.7873419008821,42.2272105962523,0.781673030197848,0.0,0.0,0.0,0.0,0.0,0.0,1.0,0.0,0.0,0.0,0.0,0.0,0.0,0.0,0.0,0.0,0.0
133,Quartz,1.0,975,35.233628199729644,165.53128205128206,2789.313846153846,146,2771,191,2806,46.406147357870786,28.5895425350498,0.8863636363636364,0.0,0.0,0.0,0.0,0.0,0.0,1.0,0.0,0.0,0.0,0.0,0.0,0.0,0.0,0.0,0.0,0.0
134,Quartz,1.0,153,13.957279475043833,170.3921568627451,4303.549019607844,164,4295,176,4313,17.912031633672132,11.352058590841898,0.8895348837209303,0.0,0.0,0.0,0.0,0.0,0.0,1.0,0.0,0.0,0.0,0.0,0.0,0.0,0.0,0.0,0.0,0.0
135,Quartz,1.0,2379,55.0366866455908,163.49936948297605,1561.8865069356873,119,1532,199,1585,77.01051430984235,42.50335073797604,0.8418259023354565,0.0,0.0,0.0,0.0,0.0,0.0,1.0,0.0,0.0,0.0,0.0,0.0,0.0,0.0,0.0,0.0,0.0
136,Quartz,1.0,253,17.94796937867892,172.09486166007906,2066.600790513834,161,2052,181,2083,35.579867699446,13.318672923902486,0.6764705882352942,0.0,0.0,0.0,0.0,0.0,0.0,1.0,0.0,0.0,0.0,0.0,0.0,0.0,0.0,0.0,0.0,0.0
137,Quartz,1.0,1194,38.990357992890814,179.22696817420436,3877.154103852596,158,3833,199,3908,71.1950946365103,26.496686574156183,0.6749576031656302,0.0,0.0,0.0,0.0,0.0,0.0,1.0,0.0,0.0,0.0,0.0,0.0,0.0,0.0,0.0,0.0,0.0
138,Quartz,1.0,712,30.10891156869401,175.4438202247191,269.0491573033708,161,242,188,297,56.124401426435256,19.925889051375894,0.7582534611288605,0.0,0.0,0.0,0.0,0.0,0.0,1.0,0.0,0.0,0.0,0.0,0.0,0.0,0.0,0.0,0.0,0.0
139,Quartz,1.0,1714,46.715442625282584,183.9935822637106,2636.1581096849477,160,2609,211,2663,57.51302926607347,42.14665951843688,0.8204882719004308,0.0,0.0,0.0,0.0,0.0,0.0,1.0,0.0,0.0,0.0,0.0,0.0,0.0,0.0,0.0,0.0,0.0
140,Quartz,1.0,925,34.318312587888485,178.43243243243242,847.7978378378378,155,828,201,865,43.12413550339527,30.035606438101524,0.8348375451263538,0.0,0.0,0.0,0.0,0.0,0.0,1.0,0.0,0.0,0.0,0.0,0.0,0.0,0.0,0.0,0.0,0.0
141,Quartz,1.0,313,19.963065333312567,180.7635782747604,1731.6421725239616,170,1718,198,1744,32.39448222790534,15.845084095852343,0.727906976744186,0.0,0.0,0.0,0.0,0.0,0.0,1.0,0.0,0.0,0.0,0.0,0.0,0.0,0.0,0.0,0.0,0.0
142,Quartz,1.0,651,28.79025779013781,185.70506912442397,2868.043010752688,169,2851,204,2885,33.73720146984894,28.584939822441488,0.770414201183432,0.0,0.0,0.0,0.0,0.0,0.0,1.0,0.0,0.0,0.0,0.0,0.0,0.0,0.0,0.0,0.0,0.0
143,Quartz,1.0,1373,41.81097816269524,179.19737800437,3770.7676620538964,163,3739,201,3802,58.94552602199846,33.63077429289868,0.8162901307966707,0.0,0.0,0.0,0.0,0.0,0.0,1.0,0.0,0.0,0.0,0.0,0.0,0.0,0.0,0.0,0.0,0.0
144,Quartz,1.0,686,29.554057719513263,185.92565597667638,3823.4241982507288,174,3797,199,3850,49.09889294456493,20.520315766855735,0.7424242424242424,0.0,0.0,0.0,0.0,0.0,0.0,1.0,0.0,0.0,0.0,0.0,0.0,0.0,0.0,0.0,0.0,0.0
145,Quartz,1.0,821,32.33155836373447,176.49573690621193,1630.0852618757613,152,1615,205,1644,49.67889788752584,25.280644045358724,0.7559852670349908,0.0,0.0,0.0,0.0,0.0,0.0,1.0,0.0,0.0,0.0,0.0,0.0,0.0,0.0,0.0,0.0,0.0
146,Quartz,1.0,2754,59.21572178231587,183.19644153957879,438.7509077705156,157,408,213,472,66.24875442061531,55.672080263928486,0.8929961089494164,0.0,0.0,0.0,0.0,0.0,0.0,1.0,0.0,0.0,0.0,0.0,0.0,0.0,0.0,0.0,0.0,0.0
147,Quartz,1.0,4091,72.17217592335395,193.11879736005866,2139.334392569054,153,2093,236,2179,91.29609938987757,59.387740273598375,0.9022937803264226,0.0,0.0,0.0,0.0,0.0,0.0,1.0,0.0,0.0,0.0,0.0,0.0,0.0,0.0,0.0,0.0,0.0
148,Quartz,1.0,753,30.96367835360614,177.66002656042497,2600.5750332005314,152,2581,205,2622,58.98829891778194,17.825114102005443,0.8675115207373272,0.0,0.0,0.0,0.0,0.0,0.0,1.0,0.0,0.0,0.0,0.0,0.0,0.0,0.0,0.0,0.0,0.0
149,Quartz,1.0,989,35.485685983831225,182.71789686552071,2826.659251769464,156,2814,212,2842,53.94226665004495,25.213801556430738,0.87677304964539,0.0,0.0,0.0,0.0,0.0,0.0,1.0,0.0,0.0,0.0,0.0,0.0,0.0,0.0,0.0,0.0,0.0
150,Quartz,1.0,3490,66.6603781201826,190.6375358166189,3470.506876790831,161,3413,226,3511,92.0205196957448,52.045436086732856,0.8907605921388464,0.0,0.0,0.0,0.0,0.0,0.0,1.0,0.0,0.0,0.0,0.0,0.0,0.0,0.0,0.0,0.0,0.0
151,Orthoclase,0.9530201342281879,1192,38.95768906550174,186.96812080536913,1373.4203020134228,163,1349,205,1398,49.45197597633913,33.73557293404573,0.828353022932592,0.0,0.0,0.0,0.0,0.0,0.0,0.0,0.0,0.9530201342281879,0.0,0.0,0.0,0.0,0.0,0.0,0.0,0.04697986577181208
152,Quartz,1.0,946,34.70568554746418,199.02431289640592,3679.085623678647,172,3668,233,3692,62.60785440319716,21.047283850392983,0.8408888888888889,0.0,0.0,0.0,0.0,0.0,0.0,1.0,0.0,0.0,0.0,0.0,0.0,0.0,0.0,0.0,0.0,0.0
153,Quartz,1.0,3920,70.64771061656448,191.87806122448978,1204.4094387755101,156,1163,232,1242,76.88987719625817,67.22847205059063,0.8799102132435466,0.0,0.0,0.0,0.0,0.0,0.0,1.0,0.0,0.0,0.0,0.0,0.0,0.0,0.0,0.0,0.0,0.0
154,Quartz,1.0,2274,53.80842614988623,198.9551451187335,2997.486807387863,167,2975,238,3023,73.65989123440994,40.87732740526824,0.8931657501963864,0.0,0.0,0.0,0.0,0.0,0.0,1.0,0.0,0.0,0.0,0.0,0.0,0.0,0.0,0.0,0.0,0.0
155,Quartz,0.9721293199554069,1794,47.79321859066286,192.53065774804907,685.6053511705686,169,663,220,712,50.443117806469715,48.25539893765859,0.8662481892805408,0.0,0.0,0.0,0.0,0.0,0.0,0.9721293199554069,0.0,0.0,0.0,0.0,0.0,0.0,0.0,0.0,0.0,0.027870680044593088
156,Quartz,1.0,2396,55.232978818686306,198.12854757929884,1272.380634390651,167,1247,234,1303,63.55436849274847,50.48329994076247,0.8883945124212087,0.0,0.0,0.0,0.0,0.0,0.0,1.0,0.0,0.0,0.0,0.0,0.0,0.0,0.0,0.0,0.0,0.0
157,Quartz,1.0,121,12.412170838050638,195.93388429752065,178.54545454545453,190,167,202,186,19.869017557815475,10.090260538468984,0.7289156626506024,0.0,0.0,0.0,0.0,0.0,0.0,1.0,0.0,0.0,0.0,0.0,0.0,0.0,0.0,0.0,0.0,0.0
158,Quartz,1.0,168,14.625465582862905,192.89880952380952,495.3333333333333,185,488,204,505,18.638587872925118,14.550225124496995,0.7533632286995515,0.0,0.0,0.0,0.0,0.0,0.0,1.0,0.0,0.0,0.0,0.0,0.0,0.0,0.0,0.0,0.0,0.0
159,Quartz,1.0,1216,39.34792607492748,191.63733552631578,2370.731085526316,166,2349,219,2398,54.68885159546268,33.52257149708974,0.7755102040816326,0.0,0.0,0.0,0.0,0.0,0.0,1.0,0.0,0.0,0.0,0.0,0.0,0.0,0.0,0.0,0.0,0.0
160,Quartz,1.0,3503,66.78441528685622,197.23922352269483,4405.8247216671425,159,4370,241,4442,90.81189543375042,50.97248092627209,0.8859382903388974,0.0,0.0,0.0,0.0,0.0,0.0,1.0,0.0,0.0,0.0,0.0,0.0,0.0,0.0,0.0,0.0,0.0
161,Quartz,1.0,111,11.888212206450685,200.3153153153153,1624.837837837838,193,1620,210,1631,18.65480531316019,9.086434408837992,0.75,0.0,0.0,0.0,0.0,0.0,0.0,1.0,0.0,0.0,0.0,0.0,0.0,0.0,0.0,0.0,0.0,0.0
162,Quartz,1.0,314,19.994929783493642,192.34076433121018,4670.646496815287,180,4661,206,4684,27.841980714044638,16.179679825216827,0.7830423940149626,0.0,0.0,0.0,0.0,0.0,0.0,1.0,0.0,0.0,0.0,0.0,0.0,0.0,0.0,0.0,0.0,0.0
163,Orthoclase,1.0,1275,40.29119531035698,201.2549019607843,218.51607843137256,177,197,225,242,52.85745252106764,32.515234681267906,0.8750857927247769,0.0,0.0,0.0,0.0,0.0,0.0,0.0,0.0,1.0,0.0,0.0,0.0,0.0,0.0,0.0,0.0,0.0
164,Quartz,0.9717582751290617,3293,64.75166268763213,204.04615851806864,1698.4858791375646,162,1659,235,1737,71.52110049720709,64.1723885340237,0.8553246753246754,0.0,0.0,0.0,0.0,0.0,0.0,0.9717582751290617,0.0,0.0,0.0,0.0,0.0,0.0,0.0,0.0,0.0,0.028241724870938355
165,Quartz,1.0,190,15.553633450087505,201.1421052631579,2710.621052631579,194,2701,214,2718,20.588963251283047,13.819900921837089,0.8370044052863436,0.0,0.0,0.0,0.0,0.0,0.0,1.0,0.0,0.0,0.0,0.0,0.0,0.0,0.0,0.0,0.0,0.0
166,Orthoclase,1.0,2539,56.857323222981385,197.02244978337927,2016.7751083103585,166,1984,230,2052,62.67101479862852,54.8067538086246,0.9061384725196289,0.0,0.0,0.0,0.0,0.0,0.0,0.0,0.0,1.0,0.0,0.0,0.0,0.0,0.0,0.0,0.0,0.0
167,Quartz,1.0,1414,42.430657740076576,201.63861386138615,3648.5063649222066,179,3620,227,3668,46.855693362891024,41.768859545820355,0.8887492143306097,0.0,0.0,0.0,0.0,0.0,0.0,1.0,0.0,0.0,0.0,0.0,0.0,0.0,0.0,0.0,0.0,0.0
168,Quartz,1.0,2201,52.937701479778035,195.77555656519763,3549.329395729214,161,3523,232,3579,68.91152109116668,42.51526804284179,0.908003300330033,0.0,0.0,0.0,0.0,0.0,0.0,1.0,0.0,0.0,0.0,0.0,0.0,0.0,0.0,0.0,0.0,0.0
169,Quartz,1.0,1837,48.36259963730748,205.5264017419706,1330.4001088731627,173,1307,235,1357,61.01961612314815,39.91769074497037,0.9080573405832921,0.0,0.0,0.0,0.0,0.0,0.0,1.0,0.0,0.0,0.0,0.0,0.0,0.0,0.0,0.0,0.0,0.0
170,Quartz,1.0,2117,51.91770522860519,190.79074161549363,1854.044402456306,158,1823,228,1888,79.14631771534874,37.84523617897967,0.7893363161819538,0.0,0.0,0.0,0.0,0.0,0.0,1.0,0.0,0.0,0.0,0.0,0.0,0.0,0.0,0.0,0.0,0.0
171,Quartz,1.0,1529,44.12236693447059,215.94702419882276,1871.3047743623283,187,1847,250,1893,62.042363717067964,33.62708789234104,0.8387273724629731,0.0,0.0,0.0,0.0,0.0,0.0,1.0,0.0,0.0,0.0,0.0,0.0,0.0,0.0,0.0,0.0,0.0
172,Orthoclase,1.0,1233,39.6220186090822,208.82400648824006,2563.1338199513384,171,2540,249,2582,77.36509814895285,24.342792954406168,0.7990926766040182,0.0,0.0,0.0,0.0,0.0,0.0,0.0,0.0,1.0,0.0,0.0,0.0,0.0,0.0,0.0,0.0,0.0
173,Quartz,1.0,748,30.860706075232656,212.701871657754,2764.4211229946523,188,2751,237,2783,43.73728933661389,26.916559031024736,0.762487257900102,0.0,0.0,0.0,0.0,0.0,0.0,1.0,0.0,0.0,0.0,0.0,0.0,0.0,0.0,0.0,0.0,0.0
174,Quartz,1.0,1999,50.45003320044091,209.4927463731866,4296.976488244122,185,4266,234,4332,58.206948124761716,45.459639483572325,0.9024830699774267,0.0,0.0,0.0,0.0,0.0,0.0,1.0,0.0,0.0,0.0,0.0,0.0,0.0,0.0,0.0,0.0,0.0
175,Quartz,1.0,151,13.86575534383214,211.66225165562915,2414.026490066225,202,2408,223,2422,21.380773047344725,10.645070405717016,0.7783505154639175,0.0,0.0,0.0,0.0,0.0,0.0,1.0,0.0,0.0,0.0,0.0,0.0,0.0,0.0,0.0,0.0,0.0
176,Quartz,1.0,2010,50.588649763733336,210.85671641791043,809.5169154228855,188,775,239,840,59.5532992784019,45.446998723232255,0.8893805309734514,0.0,0.0,0.0,0.0,0.0,0.0,1.0,0.0,0.0,0.0,0.0,0.0,0.0,0.0,0.0,0.0,0.0
177,Quartz,1.0,138,13.255453865237978,216.7463768115942,1744.7608695652175,210,1739,225,1752,15.694892501997254,11.778824759702918,0.8734177215189873,0.0,0.0,0.0,0.0,0.0,0.0,1.0,0.0,0.0,0.0,0.0,0.0,0.0,0.0,0.0,0.0,0.0
178,Quartz,1.0,1495,43.62903986313552,216.7732441471572,1089.351839464883,181,1070,247,1110,59.568610115328696,34.21679969617522,0.8557527189467659,0.0,0.0,0.0,0.0,0.0,0.0,1.0,0.0,0.0,0.0,0.0,0.0,0.0,0.0,0.0,0.0,0.0
179,Quartz,1.0,318,20.12188299403865,216.76415094339623,1632.446540880503,205,1619,230,1644,26.55549293648238,20.514351705092253,0.7310344827586207,0.0,0.0,0.0,0.0,0.0,0.0,1.0,0.0,0.0,0.0,0.0,0.0,0.0,0.0,0.0,0.0,0.0
180,Quartz,1.0,1117,37.71218067772237,226.15935541629364,400.7332139659803,203,385,259,416,51.904038186268714,29.773774395775327,0.8520213577421816,0.0,0.0,0.0,0.0,0.0,0.0,1.0,0.0,0.0,0.0,0.0,0.0,0.0,0.0,0.0,0.0,0.0
181,Quartz,1.0,1250,39.89422804014327,227.9584,688.2472,208,662,246,715,48.559376369791536,35.66289881903785,0.8143322475570033,0.0,0.0,0.0,0.0,0.0,0.0,1.0,0.0,0.0,0.0,0.0,0.0,0.0,0.0,0.0,0.0,0.0
182,Quartz,1.0,2116,51.90544168639358,222.79584120982986,3786.2103024574667,202,3744,241,3831,84.01401570573897,33.999420864607785,0.8943364327979713,0.0,0.0,0.0,0.0,0.0,0.0,1.0,0.0,0.0,0.0,0.0,0.0,0.0,0.0,0.0,0.0,0.0
183,Quartz,1.0,1892,49.08125119267976,223.66067653276954,4640.2579281183935,204,4603,246,4675,72.60437553388174,34.878197684724995,0.864321608040201,0.0,0.0,0.0,0.0,0.0,0.0,1.0,0.0,0.0,0.0,0.0,0.0,0.0,0.0,0.0,0.0,0.0
184,Quartz,1.0,343,20.897874625046462,225.8921282798834,2891.603498542274,212,2878,238,2905,26.266619862844856,21.10044963430772,0.75054704595186,0.0,0.0,0.0,0.0,0.0,0.0,1.0,0.0,0.0,0.0,0.0,0.0,0.0,0.0,0.0,0.0,0.0
185,Quartz,1.0,2038,50.93978987167361,230.82924435721296,155.59126594700686,203,130,264,190,62.24975026906108,50.625836061991876,0.79609375,0.0,0.0,0.0,0.0,0.0,0.0,1.0,0.0,0.0,0.0,0.0,0.0,0.0,0.0,0.0,0.0,0.0
186,Quartz,1.0,741,30.71596494738128,225.04183535762482,3449.6612685560053,205,3427,244,3468,46.40123626138192,25.79412239341299,0.6675675675675675,0.0,0.0,0.0,0.0,0.0,0.0,1.0,0.0,0.0,0.0,0.0,0.0,0.0,0.0,0.0,0.0,0.0
187,Orthoclase,1.0,337,20.71428798138497,234.28783382789317,3437.988130563798,221,3429,248,3449,26.869415072343237,16.954657641280196,0.8362282878411911,0.0,0.0,0.0,0.0,0.0,0.0,0.0,0.0,1.0,0.0,0.0,0.0,0.0,0.0,0.0,0.0,0.0
188,Quartz,1.0,5345,82.49524450905909,233.28999064546304,315.8013096351731,186,280,286,357,98.87792074416404,73.52821203616158,0.8817222038931046,0.0,0.0,0.0,0.0,0.0,0.0,1.0,0.0,0.0,0.0,0.0,0.0,0.0,0.0,0.0,0.0,0.0
189,Quartz,1.0,100,11.283791670955125,229.86,656.07,222,651,236,664,15.620231613522012,9.529762029553916,0.8333333333333334,0.0,0.0,0.0,0.0,0.0,0.0,1.0,0.0,0.0,0.0,0.0,0.0,0.0,0.0,0.0,0.0,0.0
190,Quartz,1.0,2079,51.44963569846149,226.35786435786434,4498.393939393939,196,4470,257,4526,55.431121333449745,48.97698632303978,0.9215425531914894,0.0,0.0,0.0,0.0,0.0,0.0,1.0,0.0,0.0,0.0,0.0,0.0,0.0,0.0,0.0,0.0,0.0
191,Quartz,1.0,1687,46.346036637108675,235.40782454060462,480.1784232365145,212,455,267,509,60.43048349699393,39.273482729151574,0.853744939271255,0.0,0.0,0.0,0.0,0.0,0.0,1.0,0.0,0.0,0.0,0.0,0.0,0.0,0.0,0.0,0.0,0.0
192,Quartz,1.0,660,28.988585676524604,234.96515151515152,435.58181818181816,218,422,251,452,35.68003984044335,24.830498855670903,0.8811748998664887,0.0,0.0,0.0,0.0,0.0,0.0,1.0,0.0,0.0,0.0,0.0,0.0,0.0,0.0,0.0,0.0,0.0
193,Quartz,1.0,2435,55.68068149214879,243.964681724846,2451.8673511293637,206,2428,289,2479,81.23643875068083,40.83893718293991,0.8625575628763726,0.0,0.0,0.0,0.0,0.0,0.0,1.0,0.0,0.0,0.0,0.0,0.0,0.0,0.0,0.0,0.0,0.0
194,Quartz,1.0,1625,45.4864184146723,238.688,1549.8381538461538,208,1529,274,1573,61.72834330849205,37.17781729031147,0.8597883597883598,0.0,0.0,0.0,0.0,0.0,0.0,1.0,0.0,0.0,0.0,0.0,0.0,0.0,0.0,0.0,0.0,0.0
195,Quartz,1.0,942,34.63223427878316,238.14225053078556,3512.977707006369,219,3488,253,3539,47.389743578223545,28.986771640640317,0.8509485094850948,0.0,0.0,0.0,0.0,0.0,0.0,1.0,0.0,0.0,0.0,0.0,0.0,0.0,0.0,0.0,0.0,0.0
196,Orthoclase,1.0,2134,52.12574400874137,237.41752577319588,3710.825210871603,210,3679,264,3746,59.67304663284225,48.005733744121144,0.8895373072113381,0.0,0.0,0.0,0.0,0.0,0.0,0.0,0.0,1.0,0.0,0.0,0.0,0.0,0.0,0.0,0.0,0.0
197,Quartz,1.0,5487,83.58388230970034,235.2316384180791,4214.422999817751,190,4169,282,4263,98.12821734717947,76.96980711299192,0.8705378391242266,0.0,0.0,0.0,0.0,0.0,0.0,1.0,0.0,0.0,0.0,0.0,0.0,0.0,0.0,0.0,0.0,0.0
198,Quartz,1.0,1190,38.92499271977894,237.40924369747898,2511.4731092436973,215,2478,256,2538,52.659990632603105,33.00092454861293,0.7569974554707379,0.0,0.0,0.0,0.0,0.0,0.0,1.0,0.0,0.0,0.0,0.0,0.0,0.0,0.0,0.0,0.0,0.0
199,Quartz,1.0,5240,81.68093544035996,235.84332061068702,3948.6992366412214,171,3899,282,3995,101.49210118521275,83.37441716268837,0.8124031007751938,0.0,0.0,0.0,0.0,0.0,0.0,1.0,0.0,0.0,0.0,0.0,0.0,0.0,0.0,0.0,0.0,0.0
200,Quartz,1.0,225,16.925687506432688,243.12,1327.4266666666667,232,1318,252,1338,20.24611508858272,15.686956416005014,0.8458646616541353,0.0,0.0,0.0,0.0,0.0,0.0,1.0,0.0,0.0,0.0,0.0,0.0,0.0,0.0,0.0,0.0,0.0
201,Quartz,1.0,3692,68.56238326635255,246.55633802816902,4363.63894907909,216,4326,281,4411,83.17364562329419,58.911979967102624,0.8807251908396947,0.0,0.0,0.0,0.0,0.0,0.0,1.0,0.0,0.0,0.0,0.0,0.0,0.0,0.0,0.0,0.0,0.0
202,Quartz,1.0,2616,57.71303708025757,222.91207951070336,1022.8700305810397,175,994,265,1058,106.29820665139188,35.430477225532336,0.8116661495501086,0.0,0.0,0.0,0.0,0.0,0.0,1.0,0.0,0.0,0.0,0.0,0.0,0.0,0.0,0.0,0.0,0.0
203,Quartz,0.9965821703218456,21066,163.77443100005246,225.64777366372354,2264.5021836134056,111,2169,308,2341,211.76593396182864,141.6485700096906,0.8713600264725347,0.0,0.0,0.0,0.0,0.0,0.0,0.9965821703218456,0.0,0.0,0.0,0.0,0.0,0.0,0.0,0.0,0.0,0.003417829678154372
204,Orthoclase,1.0,134,13.061933202803933,168.88805970149255,2253.3805970149256,159,2248,180,2260,23.590061466711234,9.025987837676473,0.6907216494845361,0.0,0.0,0.0,0.0,0.0,0.0,0.0,0.0,1.0,0.0,0.0,0.0,0.0,0.0,0.0,0.0,0.0
205,Quartz,1.0,1433,42.714778093834084,244.54849965108164,1132.8360083740404,219,1108,272,1158,51.58374440465681,39.507651786382155,0.823090178058587,0.0,0.0,0.0,0.0,0.0,0.0,1.0,0.0,0.0,0.0,0.0,0.0,0.0,0.0,0.0,0.0,0.0
206,Quartz,1.0,2145,52.25991602994521,248.94172494172494,773.5174825174826,219,745,282,805,63.22977643671382,44.62633794749162,0.9190231362467867,0.0,0.0,0.0,0.0,0.0,0.0,1.0,0.0,0.0,0.0,0.0,0.0,0.0,0.0,0.0,0.0,0.0
208,Orthoclase,1.0,1979,50.197022412000564,257.21829206670037,1589.8918645780698,230,1564,283,1623,54.739123146690034,48.86494110984149,0.9090491502067065,0.0,0.0,0.0,0.0,0.0,0.0,0.0,0.0,1.0,0.0,0.0,0.0,0.0,0.0,0.0,0.0,0.0
209,Quartz,1.0,1475,43.33622420659609,256.36135593220337,529.4501694915255,226,509,286,549,54.40568939168532,36.31730851867581,0.8526011560693642,0.0,0.0,0.0,0.0,0.0,0.0,1.0,0.0,0.0,0.0,0.0,0.0,0.0,0.0,0.0,0.0,0.0
210,Quartz,1.0,5099,80.57448999903502,261.3971366934693,2601.748774269465,218,2552,314,2650,87.91631146394,80.25907749849227,0.8696912843254306,0.0,0.0,0.0,0.0,0.0,0.0,1.0,0.0,0.0,0.0,0.0,0.0,0.0,0.0,0.0,0.0,0.0
211,Quartz,1.0,1132,37.96455142155909,254.60247349823322,3644.593639575972,233,3619,272,3668,53.09339545762193,29.963558765478087,0.8498498498498499,0.0,0.0,0.0,0.0,0.0,0.0,1.0,0.0,0.0,0.0,0.0,0.0,0.0,0.0,0.0,0.0,0.0
212,Quartz,1.0,405,22.708192698181442,262.08641975308643,1883.2444444444445,253,1869,272,1904,31.768216535556796,17.640474944546273,0.8617021276595744,0.0,0.0,0.0,0.0,0.0,0.0,1.0,0.0,0.0,0.0,0.0,0.0,0.0,0.0,0.0,0.0,0.0
213,Quartz,1.0,3946,70.88161428413544,265.14140902179423,2870.343892549417,233,2823,297,2918,92.26298726000864,56.37454485728183,0.8613839772975332,0.0,0.0,0.0,0.0,0.0,0.0,1.0,0.0,0.0,0.0,0.0,0.0,0.0,0.0,0.0,0.0,0.0
214,Quartz,1.0,3378,65.58203398885536,275.41503848431023,4471.358200118413,232,4443,320,4500,86.98132904509663,50.71385668942756,0.8931782125859333,0.0,0.0,0.0,0.0,0.0,0.0,1.0,0.0,0.0,0.0,0.0,0.0,0.0,0.0,0.0,0.0,0.0
215,Quartz,1.0,5594,84.39491698703483,258.3162316767966,3343.5139435109045,203,3301,302,3392,103.67672354325659,78.85396087059229,0.827147715510868,0.0,0.0,0.0,0.0,0.0,0.0,1.0,0.0,0.0,0.0,0.0,0.0,0.0,0.0,0.0,0.0,0.0
216,Quartz,1.0,5431,83.15626234660063,260.58405450193334,4080.985638004051,209,4041,306,4124,91.60431442008311,78.48991365513086,0.8699343264456191,0.0,0.0,0.0,0.0,0.0,0.0,1.0,0.0,0.0,0.0,0.0,0.0,0.0,0.0,0.0,0.0,0.0
217,Quartz,1.0,3307,64.88916068527303,265.32597520411247,2381.021167221046,231,2342,299,2421,75.98224214472963,61.568489362715795,0.8538600568035115,0.0,0.0,0.0,0.0,0.0,0.0,1.0,0.0,0.0,0.0,0.0,0.0,0.0,0.0,0.0,0.0,0.0
218,Quartz,1.0,2082,51.48674326599624,264.8607108549472,3790.1493756003842,245,3755,285,3829,72.51331524088226,37.882406896181024,0.879222972972973,0.0,0.0,0.0,0.0,0.0,0.0,1.0,0.0,0.0,0.0,0.0,0.0,0.0,0.0,0.0,0.0,0.0
219,Quartz,1.0,1568,44.68153540496046,264.1192602040816,988.9049744897959,236,964,289,1017,60.65865762653833,34.24509655433837,0.8843767625493514,0.0,0.0,0.0,0.0,0.0,0.0,1.0,0.0,0.0,0.0,0.0,0.0,0.0,0.0,0.0,0.0,0.0
220,Quartz,1.0,349,21.079862454783044,269.93123209169056,2541.429799426934,259,2533,282,2551,26.046921497033022,18.360741631136715,0.8857868020304569,0.0,0.0,0.0,0.0,0.0,0.0,1.0,0.0,0.0,0.0,0.0,0.0,0.0,0.0,0.0,0.0,0.0
221,Quartz,1.0,3827,69.80463980067132,267.0279592370003,225.91664489155997,229,178,305,265,83.55762833613339,63.0663095845765,0.8529084020503678,0.0,0.0,0.0,0.0,0.0,0.0,1.0,0.0,0.0,0.0,0.0,0.0,0.0,0.0,0.0,0.0,0.0
222,Quartz,1.0,828,32.46909827883606,270.7512077294686,1194.9202898550725,248,1177,295,1217,51.42993568204546,22.436494043671075,0.8355196770938446,0.0,0.0,0.0,0.0,0.0,0.0,1.0,0.0,0.0,0.0,0.0,0.0,0.0,0.0,0.0,0.0,0.0
223,Quartz,1.0,691,29.661566469288122,269.9493487698987,687.9565846599131,256,671,287,703,31.887766007508365,28.443294893812627,0.9032679738562092,0.0,0.0,0.0,0.0,0.0,0.0,1.0,0.0,0.0,0.0,0.0,0.0,0.0,0.0,0.0,0.0,0.0
224,Quartz,1.0,1011,35.878199226372125,279.5252225519288,2164.172106824926,249,2148,311,2185,62.00591130025535,22.69902554859451,0.8075079872204473,0.0,0.0,0.0,0.0,0.0,0.0,1.0,0.0,0.0,0.0,0.0,0.0,0.0,0.0,0.0,0.0,0.0
225,Quartz,1.0,396,22.45446191105733,275.3358585858586,3604.330808080808,264,3587,287,3620,31.43478697245274,18.25452550217186,0.7857142857142857,0.0,0.0,0.0,0.0,0.0,0.0,1.0,0.0,0.0,0.0,0.0,0.0,0.0,0.0,0.0,0.0,0.0
227,Quartz,1.0,2060,51.21399674068052,271.8412621359223,591.2611650485437,238,557,297,626,64.17504503151062,49.145703625969034,0.7299787384833452,0.0,0.0,0.0,0.0,0.0,0.0,1.0,0.0,0.0,0.0,0.0,0.0,0.0,0.0,0.0,0.0,0.0
228,Quartz,1.0,1063,36.78931415579092,276.8579492003763,1325.2869238005644,262,1297,300,1356,49.89797728108003,32.056021161739274,0.7560455192034139,0.0,0.0,0.0,0.0,0.0,0.0,1.0,0.0,0.0,0.0,0.0,0.0,0.0,0.0,0.0,0.0,0.0
229,Quartz,1.0,157,14.138550439257221,274.68152866242036,2058.707006369427,266,2050,283,2067,20.03354009677816,11.696472110829333,0.8051282051282052,0.0,0.0,0.0,0.0,0.0,0.0,1.0,0.0,0.0,0.0,0.0,0.0,0.0,0.0,0.0,0.0,0.0
230,Quartz,1.0,120,12.360774464742066,278.8833333333333,3259.425,274,3250,285,3272,24.37635385646817,8.026140306511273,0.6779661016949152,0.0,0.0,0.0,0.0,0.0,0.0,1.0,0.0,0.0,0.0,0.0,0.0,0.0,0.0,0.0,0.0,0.0
231,Quartz,1.0,8234,102.39069494514298,266.76159825115377,1413.8541413650717,205,1362,329,1475,132.46385507858227,81.4102598459327,0.9000874508089199,0.0,0.0,0.0,0.0,0.0,0.0,1.0,0.0,0.0,0.0,0.0,0.0,0.0,0.0,0.0,0.0,0.0
232,Quartz,1.0,538,26.17255958188877,280.1208178438662,1512.6245353159852,269,1495,292,1533,39.77875859337023,18.407042849138165,0.8276923076923077,0.0,0.0,0.0,0.0,0.0,0.0,1.0,0.0,0.0,0.0,0.0,0.0,0.0,0.0,0.0,0.0,0.0
233,Quartz,1.0,1905,49.24958205630262,273.7002624671916,3554.1963254593174,244,3532,303,3578,57.67626519329336,43.573777010793314,0.8746556473829201,0.0,0.0,0.0,0.0,0.0,0.0,1.0,0.0,0.0,0.0,0.0,0.0,0.0,0.0,0.0,0.0,0.0
234,Quartz,0.9849916620344636,5397,82.8955597299136,283.15008337965537,1951.6498054474707,244,1907,322,2000,95.89981779206603,75.06745540104194,0.9040201005025126,0.0,0.0,0.0,0.0,0.0,0.0,0.9849916620344636,0.0,0.0,0.0,0.0,0.0,0.0,0.0,0.0,0.0,0.01500833796553641
235,Quartz,1.0,6155,88.52564260057606,280.6648253452478,2681.335662063363,223,2633,336,2722,113.46122659613357,74.4751693989248,0.8450027457440966,0.0,0.0,0.0,0.0,0.0,0.0,1.0,0.0,0.0,0.0,0.0,0.0,0.0,0.0,0.0,0.0,0.0
236,Quartz,1.0,3025,62.06085419025319,280.5920661157025,934.7404958677686,238,905,323,968,87.67160437747347,46.03934351900341,0.8601080466306511,0.0,0.0,0.0,0.0,0.0,0.0,1.0,0.0,0.0,0.0,0.0,0.0,0.0,0.0,0.0,0.0,0.0
237,Quartz,1.0,4579,76.3555097903374,281.8873116400961,2777.034942127102,245,2725,323,2821,90.85469603400215,69.52957337198032,0.9172676282051282,0.0,0.0,0.0,0.0,0.0,0.0,1.0,0.0,0.0,0.0,0.0,0.0,0.0,0.0,0.0,0.0,0.0
238,Quartz,1.0,220,16.73656774376801,283.52272727272725,4511.254545454545,276,4501,294,4522,21.33758835652212,16.109528543829924,0.7746478873239436,0.0,0.0,0.0,0.0,0.0,0.0,1.0,0.0,0.0,0.0,0.0,0.0,0.0,0.0,0.0,0.0,0.0
239,Quartz,1.0,4452,75.28919214044566,280.7634770889488,3134.4216082659477,227,3092,330,3170,100.94270280107699,62.521526044973804,0.8310621616576442,0.0,0.0,0.0,0.0,0.0,0.0,1.0,0.0,0.0,0.0,0.0,0.0,0.0,0.0,0.0,0.0,0.0
240,Quartz,1.0,342,20.867389014906145,291.5964912280702,3602.625730994152,281,3587,304,3622,34.415314364632344,13.723353619803744,0.7990654205607477,0.0,0.0,0.0,0.0,0.0,0.0,1.0,0.0,0.0,0.0,0.0,0.0,0.0,0.0,0.0,0.0,0.0
241,Quartz,1.0,756,31.025297674958463,288.9378306878307,739.5039682539683,275,721,309,758,36.012046598840804,29.37733955609234,0.8620296465222349,0.0,0.0,0.0,0.0,0.0,0.0,1.0,0.0,0.0,0.0,0.0,0.0,0.0,0.0,0.0,0.0,0.0
242,Quartz,1.0,1046,36.493952427669164,288.4130019120459,4687.330783938814,267,4670,316,4701,46.835076088667876,30.37345056934185,0.9111498257839721,0.0,0.0,0.0,0.0,0.0,0.0,1.0,0.0,0.0,0.0,0.0,0.0,0.0,0.0,0.0,0.0,0.0
243,Quartz,1.0,5803,85.957018783216,293.9464070308461,3450.051352748578,250,3397,339,3506,100.51981122589491,78.52618329662604,0.8371321407963069,0.0,0.0,0.0,0.0,0.0,0.0,1.0,0.0,0.0,0.0,0.0,0.0,0.0,0.0,0.0,0.0,0.0
244,Quartz,1.0,4176,72.91809335695798,293.2852011494253,806.5646551724138,256,759,328,851,94.0348657021725,58.01303727777336,0.904875406283857,0.0,0.0,0.0,0.0,0.0,0.0,1.0,0.0,0.0,0.0,0.0,0.0,0.0,0.0,0.0,0.0,0.0
245,Quartz,1.0,1132,37.96455142155909,279.1121908127208,1269.219964664311,256,1245,299,1299,63.60058482970169,25.267137395281207,0.8460388639760837,0.0,0.0,0.0,0.0,0.0,0.0,1.0,0.0,0.0,0.0,0.0,0.0,0.0,0.0,0.0,0.0,0.0
246,Quartz,1.0,863,33.14823867276277,292.89107763615294,649.4333719582851,269,628,313,671,54.716145826443444,24.56067344725241,0.7301184433164128,0.0,0.0,0.0,0.0,0.0,0.0,1.0,0.0,0.0,0.0,0.0,0.0,0.0,0.0,0.0,0.0,0.0
247,Quartz,1.0,1586,44.937266471715525,320.65069356872635,1296.468474148802,298,1266,346,1327,65.98873727400198,32.78886756439828,0.8850446428571429,0.0,0.0,0.0,0.0,0.0,0.0,1.0,0.0,0.0,0.0,0.0,0.0,0.0,0.0,0.0,0.0,0.0
248,Quartz,1.0,248,17.769732893161912,299.2459677419355,1244.907258064516,292,1232,309,1259,24.659145534057867,14.862215128050872,0.8211920529801324,0.0,0.0,0.0,0.0,0.0,0.0,1.0,0.0,0.0,0.0,0.0,0.0,0.0,0.0,0.0,0.0,0.0
249,Quartz,1.0,303,19.64157789116634,296.8646864686469,887.5412541254126,289,875,304,901,27.738800928014577,14.755916997491827,0.9044776119402985,0.0,0.0,0.0,0.0,0.0,0.0,1.0,0.0,0.0,0.0,0.0,0.0,0.0,0.0,0.0,0.0,0.0
250,Quartz,1.0,1604,45.19155042433487,304.5997506234414,3893.728802992519,278,3865,326,3920,54.207508716848544,39.82405889111647,0.8518321826872013,0.0,0.0,0.0,0.0,0.0,0.0,1.0,0.0,0.0,0.0,0.0,0.0,0.0,0.0,0.0,0.0,0.0
251,Quartz,1.0,10187,113.88806452924337,303.65249828212427,4570.561990772553,235,4520,380,4622,139.46582042373623,95.35881140265856,0.9263435482404292,0.0,0.0,0.0,0.0,0.0,0.0,1.0,0.0,0.0,0.0,0.0,0.0,0.0,0.0,0.0,0.0,0.0
252,Quartz,1.0,893,33.71947380147709,299.71668533034716,3266.5162374020156,283,3248,320,3293,40.99967631764675,33.39270690722351,0.7724913494809689,0.0,0.0,0.0,0.0,0.0,0.0,1.0,0.0,0.0,0.0,0.0,0.0,0.0,0.0,0.0,0.0,0.0
253,Quartz,1.0,605,27.754457742221764,313.4661157024793,881.7619834710744,303,862,327,902,41.52365529109834,19.57663715048774,0.8667621776504298,0.0,0.0,0.0,0.0,0.0,0.0,1.0,0.0,0.0,0.0,0.0,0.0,0.0,0.0,0.0,0.0,0.0
254,Orthoclase,1.0,917,34.16958680642984,301.8702290076336,2432.1624863685934,283,2413,320,2451,37.36444035557848,32.065985707064755,0.8894277400581959,0.0,0.0,0.0,0.0,0.0,0.0,0.0,0.0,1.0,0.0,0.0,0.0,0.0,0.0,0.0,0.0,0.0
255,Quartz,1.0,370,21.70480664627101,306.22972972972974,2319.6945945945945,294,2310,322,2333,28.452530559523883,17.746807200897624,0.9002433090024331,0.0,0.0,0.0,0.0,0.0,0.0,1.0,0.0,0.0,0.0,0.0,0.0,0.0,0.0,0.0,0.0,0.0
256,Quartz,1.0,126,12.666024736934256,307.35714285714283,2814.531746031746,302,2805,316,2821,15.74920942846095,12.583715887125093,0.7974683544303798,0.0,0.0,0.0,0.0,0.0,0.0,1.0,0.0,0.0,0.0,0.0,0.0,0.0,0.0,0.0,0.0,0.0
257,Quartz,1.0,349,21.079862454783044,303.4297994269341,318.6017191977077,287,305,318,332,37.07124641349965,14.084062346826746,0.7331932773109243,0.0,0.0,0.0,0.0,0.0,0.0,1.0,0.0,0.0,0.0,0.0,0.0,0.0,0.0,0.0,0.0,0.0
258,Quartz,1.0,2184,52.732866086546025,301.2275641025641,1026.401098901099,275,994,333,1064,76.2657097588359,39.29245607939806,0.8403232012312428,0.0,0.0,0.0,0.0,0.0,0.0,1.0,0.0,0.0,0.0,0.0,0.0,0.0,0.0,0.0,0.0,0.0
259,Quartz,1.0,7578,98.2273346375797,304.19134336236476,2964.2330430192665,258,2908,357,3030,129.9397730915744,78.67527191353057,0.8802416076199326,0.0,0.0,0.0,0.0,0.0,0.0,1.0,0.0,0.0,0.0,0.0,0.0,0.0,0.0,0.0,0.0,0.0
260,Quartz,1.0,340,20.806283791440396,319.00588235294117,1187.6882352941177,308,1177,333,1199,28.54895094305,16.218052291213294,0.8585858585858586,0.0,0.0,0.0,0.0,0.0,0.0,1.0,0.0,0.0,0.0,0.0,0.0,0.0,0.0,0.0,0.0,0.0
261,Quartz,1.0,3814,69.68597867304376,317.0298898793917,1577.3786051389618,287,1535,347,1622,84.91248023035511,58.068448304336435,0.916826923076923,0.0,0.0,0.0,0.0,0.0,0.0,1.0,0.0,0.0,0.0,0.0,0.0,0.0,0.0,0.0,0.0,0.0
262,Quartz,1.0,2178,52.66038101298911,323.62764003673095,1502.0858585858587,294,1475,363,1525,69.9855472507857,42.448725865775444,0.8718975180144115,0.0,0.0,0.0,0.0,0.0,0.0,1.0,0.0,0.0,0.0,0.0,0.0,0.0,0.0,0.0,0.0,0.0
263,Quartz,1.0,244,17.625846048215095,315.01229508196724,3288.565573770492,300,3281,330,3297,30.555184525203703,12.495821173090194,0.7416413373860182,0.0,0.0,0.0,0.0,0.0,0.0,1.0,0.0,0.0,0.0,0.0,0.0,0.0,0.0,0.0,0.0,0.0
264,Quartz,1.0,3908,70.53949348290655,321.5079324462641,2481.958034800409,278,2438,356,2528,82.14312389472991,64.0323215027038,0.8678658671996446,0.0,0.0,0.0,0.0,0.0,0.0,1.0,0.0,0.0,0.0,0.0,0.0,0.0,0.0,0.0,0.0,0.0
265,Rutile,1.0,253,17.94796937867892,322.35573122529644,677.699604743083,314,666,332,689,21.136072983323412,16.214333966301204,0.8322368421052632,0.0,0.0,1.0,0.0,0.0,0.0,0.0,0.0,0.0,0.0,0.0,0.0,0.0,0.0,0.0,0.0,0.0
266,Quartz,1.0,3022,62.03007257927127,325.32097948378555,3783.2200529450697,291,3747,357,3824,68.48355692405131,59.98967587563943,0.839911061700945,0.0,0.0,0.0,0.0,0.0,0.0,1.0,0.0,0.0,0.0,0.0,0.0,0.0,0.0,0.0,0.0,0.0
267,Quartz,1.0,822,32.35124272377035,312.5778588807786,137.00608272506082,298,115,331,157,39.93521172375575,28.581909711205096,0.7888675623800384,0.0,0.0,0.0,0.0,0.0,0.0,1.0,0.0,0.0,0.0,0.0,0.0,0.0,0.0,0.0,0.0,0.0
268,Quartz,1.0,873,33.33973788969849,323.02520045819017,1368.5303550973654,300,1351,343,1391,40.4194068881926,31.8877132046912,0.7063106796116505,0.0,0.0,0.0,0.0,0.0,0.0,1.0,0.0,0.0,0.0,0.0,0.0,0.0,0.0,0.0,0.0,0.0
269,Quartz,1.0,112,11.941642642883693,327.4732142857143,131.77678571428572,326,118,330,147,32.5363602708994,4.3921375851784035,0.9911504424778761,0.0,0.0,0.0,0.0,0.0,0.0,1.0,0.0,0.0,0.0,0.0,0.0,0.0,0.0,0.0,0.0,0.0
270,Quartz,1.0,3325,65.06551687525749,323.05864661654135,3998.2763909774435,298,3953,351,4045,98.1678386737976,45.56137013412157,0.8964680506875169,0.0,0.0,0.0,0.0,0.0,0.0,1.0,0.0,0.0,0.0,0.0,0.0,0.0,0.0,0.0,0.0,0.0
271,Quartz,1.0,1277,40.3227838650409,324.6938136256852,4196.663273296789,303,4172,353,4230,70.30686457082345,24.586132942776313,0.8868055555555555,0.0,0.0,0.0,0.0,0.0,0.0,1.0,0.0,0.0,0.0,0.0,0.0,0.0,0.0,0.0,0.0,0.0
272,Quartz,1.0,1547,44.38132012125481,333.14221073044604,1110.8700711053652,307,1084,361,1138,60.665501250886564,35.54860253433263,0.819385593220339,0.0,0.0,0.0,0.0,0.0,0.0,1.0,0.0,0.0,0.0,0.0,0.0,0.0,0.0,0.0,0.0,0.0
273,Quartz,1.0,847,32.839517267930155,328.06729634002363,3528.9232585596224,305,3514,347,3551,43.99525855854451,26.209315549636163,0.8625254582484725,0.0,0.0,0.0,0.0,0.0,0.0,1.0,0.0,0.0,0.0,0.0,0.0,0.0,0.0,0.0,0.0,0.0
274,Quartz,1.0,775,31.412746571571088,346.48387096774195,129.20774193548388,330,116,376,151,51.95095340548751,28.65737358629369,0.6956912028725314,0.0,0.0,0.0,0.0,0.0,0.0,1.0,0.0,0.0,0.0,0.0,0.0,0.0,0.0,0.0,0.0,0.0
275,Quartz,1.0,482,24.77299861870477,323.51659751037346,919.9896265560166,309,905,336,938,35.893376051632806,19.531644897092004,0.8128161888701517,0.0,0.0,0.0,0.0,0.0,0.0,1.0,0.0,0.0,0.0,0.0,0.0,0.0,0.0,0.0,0.0,0.0
276,Quartz,1.0,1797,47.833162783670154,330.1380077907624,3336.4045631608237,311,3303,355,3368,63.53329627048766,38.01783565424422,0.8782991202346041,0.0,0.0,0.0,0.0,0.0,0.0,1.0,0.0,0.0,0.0,0.0,0.0,0.0,0.0,0.0,0.0,0.0
277,Quartz,1.0,3707,68.70152103362231,330.87725923927707,452.39978419206903,290,418,366,494,73.21270423006438,68.05036266272143,0.9072442486539403,0.0,0.0,0.0,0.0,0.0,0.0,1.0,0.0,0.0,0.0,0.0,0.0,0.0,0.0,0.0,0.0,0.0
278,Quartz,1.0,2558,57.06966580796269,327.8483189992181,2553.9792806880373,292,2525,364,2579,66.77064462802957,50.15773724586598,0.9112931955824723,0.0,0.0,0.0,0.0,0.0,0.0,1.0,0.0,0.0,0.0,0.0,0.0,0.0,0.0,0.0,0.0,0.0
279,Quartz,1.0,162,14.361922094451577,333.30864197530866,3280.41975308642,326,3275,343,3289,16.84959028822103,13.301625913570541,0.84375,0.0,0.0,0.0,0.0,0.0,0.0,1.0,0.0,0.0,0.0,0.0,0.0,0.0,0.0,0.0,0.0,0.0
280,Quartz,1.0,11829,122.72387939872273,334.2045819595908,1786.3335869473328,270,1712,394,1861,145.80488363056685,109.47890626394027,0.8407249466950959,0.0,0.0,0.0,0.0,0.0,0.0,1.0,0.0,0.0,0.0,0.0,0.0,0.0,0.0,0.0,0.0,0.0
281,Quartz,1.0,384,22.111625566165472,339.3854166666667,917.0859375,330,903,350,932,29.50572467292187,17.249414811874594,0.8707482993197279,0.0,0.0,0.0,0.0,0.0,0.0,1.0,0.0,0.0,0.0,0.0,0.0,0.0,0.0,0.0,0.0,0.0
282,Quartz,1.0,129,12.815923738491737,331.6821705426357,1630.108527131783,326,1622,339,1639,16.33944664989211,12.91087340792864,0.7288135593220338,0.0,0.0,0.0,0.0,0.0,0.0,1.0,0.0,0.0,0.0,0.0,0.0,0.0,0.0,0.0,0.0,0.0
283,Quartz,1.0,1072,36.94472617243352,336.38526119402985,1981.8171641791046,324,1953,351,2014,60.66319417709077,24.430987707855497,0.859663191659984,0.0,0.0,0.0,0.0,0.0,0.0,1.0,0.0,0.0,0.0,0.0,0.0,0.0,0.0,0.0,0.0,0.0
284,Quartz,1.0,268,18.47236308621676,333.55970149253733,1338.705223880597,325,1328,342,1353,26.425963865448477,13.995103042360356,0.8701298701298701,0.0,0.0,0.0,0.0,0.0,0.0,1.0,0.0,0.0,0.0,0.0,0.0,0.0,0.0,0.0,0.0,0.0
285,Quartz,1.0,4441,75.19612236125515,341.717405989642,3609.9936951137133,311,3567,378,3658,96.8754587277147,60.6157844549654,0.8899799599198397,0.0,0.0,0.0,0.0,0.0,0.0,1.0,0.0,0.0,0.0,0.0,0.0,0.0,0.0,0.0,0.0,0.0
286,Quartz,1.0,454,24.04268606686374,348.7621145374449,1343.3149779735684,335,1328,362,1359,30.00762785985927,23.611972202153222,0.7287319422150883,0.0,0.0,0.0,0.0,0.0,0.0,1.0,0.0,0.0,0.0,0.0,0.0,0.0,0.0,0.0,0.0,0.0
287,Quartz,1.0,2724,58.89231290973876,344.3968428781204,2182.913362701909,316,2147,377,2224,73.6422957132748,49.596187709958286,0.8719590268886044,0.0,0.0,0.0,0.0,0.0,0.0,1.0,0.0,0.0,0.0,0.0,0.0,0.0,0.0,0.0,0.0,0.0
288,Quartz,1.0,2551,56.991526375588506,348.7306938455508,307.52254018032147,327,258,374,359,99.82592419390163,35.87717638616925,0.8342053629823414,0.0,0.0,0.0,0.0,0.0,0.0,1.0,0.0,0.0,0.0,0.0,0.0,0.0,0.0,0.0,0.0,0.0
289,Quartz,1.0,2354,54.74674317533942,344.1767204757859,2286.790144435004,309,2254,379,2317,80.9059066335027,38.99162560662316,0.8913290420295342,0.0,0.0,0.0,0.0,0.0,0.0,1.0,0.0,0.0,0.0,0.0,0.0,0.0,0.0,0.0,0.0,0.0
290,Quartz,1.0,2552,57.00269570962531,338.9263322884012,4319.279780564263,304,4287,375,4363,80.90061719248556,47.75363001438737,0.7960074859638179,0.0,0.0,0.0,0.0,0.0,0.0,1.0,0.0,0.0,0.0,0.0,0.0,0.0,0.0,0.0,0.0,0.0
291,Rutile,0.9853454291695743,2866,60.407818494057345,339.1081646894627,700.5572226099093,303,652,372,733,79.89639488828034,52.98508574781963,0.7426794506348795,0.0,0.0,0.9853454291695743,0.0,0.0,0.0,0.01465457083042568,0.0,0.0,0.0,0.0,0.0,0.0,0.0,0.0,0.0,0.0
292,Quartz,1.0,153,13.957279475043833,362.98039215686276,710.8888888888889,357,703,369,719,16.30830086192481,12.410424939883919,0.9272727272727272,0.0,0.0,0.0,0.0,0.0,0.0,1.0,0.0,0.0,0.0,0.0,0.0,0.0,0.0,0.0,0.0,0.0
293,Quartz,1.0,463,24.279825147895533,344.8272138228942,1945.9697624190064,331,1934,361,1961,29.13094884105952,21.518218759284114,0.8654205607476636,0.0,0.0,0.0,0.0,0.0,0.0,1.0,0.0,0.0,0.0,0.0,0.0,0.0,0.0,0.0,0.0,0.0
294,Quartz,1.0,512,25.532305945691693,338.490234375,1269.552734375,316,1251,356,1287,50.10204948159737,14.789814645077746,0.8244766505636071,0.0,0.0,0.0,0.0,0.0,0.0,1.0,0.0,0.0,0.0,0.0,0.0,0.0,0.0,0.0,0.0,0.0
295,Quartz,1.0,4859,78.65539363494506,343.5221238938053,3702.896274953694,289,3661,389,3740,97.51823610442965,68.45958685483521,0.8701647564469914,0.0,0.0,0.0,0.0,0.0,0.0,1.0,0.0,0.0,0.0,0.0,0.0,0.0,0.0,0.0,0.0,0.0
296,Quartz,1.0,1688,46.35977083110911,348.23637440758296,606.4401658767772,318,584,374,630,53.94816375711092,40.54334548261249,0.9021913415285944,0.0,0.0,0.0,0.0,0.0,0.0,1.0,0.0,0.0,0.0,0.0,0.0,0.0,0.0,0.0,0.0,0.0
297,Quartz,1.0,483,24.798683434954437,349.8840579710145,1061.7184265010353,336,1046,362,1077,28.76932560617622,22.936983783704708,0.8158783783783784,0.0,0.0,0.0,0.0,0.0,0.0,1.0,0.0,0.0,0.0,0.0,0.0,0.0,0.0,0.0,0.0,0.0
298,Orthoclase,1.0,1271,40.22794378735249,336.4618410700236,1211.1243115656962,315,1187,355,1237,49.24137073345379,34.66465656270371,0.8957011980267794,0.0,0.0,0.0,0.0,0.0,0.0,0.0,0.0,1.0,0.0,0.0,0.0,0.0,0.0,0.0,0.0,0.0
299,Quartz,1.0,3989,71.26677026460905,353.64702933065934,4077.6588117322635,321,4023,389,4125,98.46440720561206,56.58779952336512,0.8472812234494478,0.0,0.0,0.0,0.0,0.0,0.0,1.0,0.0,0.0,0.0,0.0,0.0,0.0,0.0,0.0,0.0,0.0
301,Orthoclase,1.0,737,30.632948674096244,364.989145183175,1201.629579375848,354,1184,379,1221,38.38334900904578,25.740911417621277,0.9042944785276074,0.0,0.0,0.0,0.0,0.0,0.0,0.0,0.0,1.0,0.0,0.0,0.0,0.0,0.0,0.0,0.0,0.0
302,Quartz,1.0,3474,66.50739942600339,348.45768566493956,2748.493667242372,313,2708,392,2792,84.49633957853018,56.881141304989846,0.8512619456015682,0.0,0.0,0.0,0.0,0.0,0.0,1.0,0.0,0.0,0.0,0.0,0.0,0.0,0.0,0.0,0.0,0.0
303,Quartz,1.0,291,19.248706645328987,357.13058419243987,229.48453608247422,347,219,370,239,22.48234311013757,18.377846709648107,0.8660714285714286,0.0,0.0,0.0,0.0,0.0,0.0,1.0,0.0,0.0,0.0,0.0,0.0,0.0,0.0,0.0,0.0,0.0
304,Orthoclase,0.5930735930735931,231,17.14987856615383,357.8831168831169,660.5151515151515,351,652,369,670,19.73502032629586,15.936134809657888,0.9094488188976378,0.0,0.0,0.4069264069264069,0.0,0.0,0.0,0.0,0.0,0.5930735930735931,0.0,0.0,0.0,0.0,0.0,0.0,0.0,0.0
305,Quartz,1.0,2390,55.16377898510071,366.8907949790795,860.776150627615,332,831,399,895,68.72781582962205,51.384906250485216,0.760904170646291,0.0,0.0,0.0,0.0,0.0,0.0,1.0,0.0,0.0,0.0,0.0,0.0,0.0,0.0,0.0,0.0,0.0
306,Quartz,1.0,493,25.05408341078227,358.1967545638945,2239.1724137931033,349,2221,376,2257,32.574152081102596,22.261491776438593,0.8285714285714286,0.0,0.0,0.0,0.0,0.0,0.0,1.0,0.0,0.0,0.0,0.0,0.0,0.0,0.0,0.0,0.0,0.0
307,Quartz,1.0,176,14.96964127403822,360.0113636363636,2670.056818181818,353,2663,370,2681,18.629139331944167,14.678109663311584,0.7426160337552743,0.0,0.0,0.0,0.0,0.0,0.0,1.0,0.0,0.0,0.0,0.0,0.0,0.0,0.0,0.0,0.0,0.0
308,Quartz,1.0,3768,69.26446855756632,350.51539278131634,4257.720276008493,301,4228,396,4299,90.9350936605167,56.93202773353253,0.8511407273548679,0.0,0.0,0.0,0.0,0.0,0.0,1.0,0.0,0.0,0.0,0.0,0.0,0.0,0.0,0.0,0.0,0.0
309,Quartz,1.0,797,31.85548488335917,357.45796737766625,4202.882057716437,340,4182,372,4227,46.0843637893239,25.165562755244395,0.7707930367504836,0.0,0.0,0.0,0.0,0.0,0.0,1.0,0.0,0.0,0.0,0.0,0.0,0.0,0.0,0.0,0.0,0.0
310,Quartz,1.0,128,12.766152972845846,365.515625,1847.5234375,357,1843,377,1854,19.457253525945898,10.04502811915257,0.8,0.0,0.0,0.0,0.0,0.0,0.0,1.0,0.0,0.0,0.0,0.0,0.0,0.0,0.0,0.0,0.0,0.0
311,Orthoclase,1.0,106,11.617374563210365,362.42452830188677,3067.801886792453,356,3063,369,3074,13.102594500928088,11.01196066008266,0.8983050847457628,0.0,0.0,0.0,0.0,0.0,0.0,0.0,0.0,1.0,0.0,0.0,0.0,0.0,0.0,0.0,0.0,0.0
312,Quartz,1.0,3172,63.55089170027385,362.5923707440101,2612.0709331651956,330,2576,392,2660,79.97805072609604,53.51159782208998,0.8917627213944335,0.0,0.0,0.0,0.0,0.0,0.0,1.0,0.0,0.0,0.0,0.0,0.0,0.0,0.0,0.0,0.0,0.0
313,Quartz,1.0,2968,61.473367963484506,373.8635444743935,182.2793126684636,343,148,414,215,70.08975819541115,60.23219538687037,0.8122605363984674,0.0,0.0,0.0,0.0,0.0,0.0,1.0,0.0,0.0,0.0,0.0,0.0,0.0,0.0,0.0,0.0,0.0
314,Orthoclase,1.0,756,31.025297674958463,367.4325396825397,3859.132275132275,353,3837,393,3878,44.842678238649,25.123998669361008,0.8390677025527192,0.0,0.0,0.0,0.0,0.0,0.0,0.0,0.0,1.0,0.0,0.0,0.0,0.0,0.0,0.0,0.0,0.0
315,Quartz,1.0,4347,74.39605030486331,368.0253048079135,3213.35817805383,323,3174,407,3270,84.19905650198386,74.04500978442663,0.83644410236675,0.0,0.0,0.0,0.0,0.0,0.0,1.0,0.0,0.0,0.0,0.0,0.0,0.0,0.0,0.0,0.0,0.0
316,Quartz,1.0,902,33.88896677904354,370.38359201773835,1095.79933481153,355,1073,383,1127,53.72791037703963,23.508983360146665,0.8477443609022557,0.0,0.0,0.0,0.0,0.0,0.0,1.0,0.0,0.0,0.0,0.0,0.0,0.0,0.0,0.0,0.0,0.0
317,Quartz,1.0,138,13.255453865237978,372.4130434782609,4408.065217391304,367,4395,381,4419,22.324792757046644,11.532943914571177,0.6388888888888888,0.0,0.0,0.0,0.0,0.0,0.0,1.0,0.0,0.0,0.0,0.0,0.0,0.0,0.0,0.0,0.0,0.0
319,Chromite,1.0,889,33.64386950500135,376.13048368953883,3913.1293588301464,356,3901,396,3929,40.638795751655394,29.212958486776277,0.9407407407407408,0.0,0.0,0.0,0.0,0.0,0.0,0.0,1.0,0.0,0.0,0.0,0.0,0.0,0.0,0.0,0.0,0.0
321,Orthoclase,1.0,535,26.099485750361293,378.7158878504673,2185.091588785047,368,2160,392,2211,53.31859930603267,13.522992642005786,0.8756137479541735,0.0,0.0,0.0,0.0,0.0,0.0,0.0,0.0,1.0,0.0,0.0,0.0,0.0,0.0,0.0,0.0,0.0
322,Quartz,1.0,603,27.70854462932514,379.3532338308458,2811.14096185738,360,2797,398,2825,40.52439081106608,19.887162699469457,0.8626609442060086,0.0,0.0,0.0,0.0,0.0,0.0,1.0,0.0,0.0,0.0,0.0,0.0,0.0,0.0,0.0,0.0,0.0
323,Quartz,1.0,3808,69.63114379608811,395.27521008403363,3524.4711134453783,352,3498,449,3554,101.29425616572108,52.80537975741261,0.8642759872900591,0.0,0.0,0.0,0.0,0.0,0.0,1.0,0.0,0.0,0.0,0.0,0.0,0.0,0.0,0.0,0.0,0.0
324,Quartz,1.0,6399,90.26328072234195,364.5989998437256,4667.8146585403965,302,4622,439,4701,141.77498595300003,62.63321809360105,0.9158437097466724,0.0,0.0,0.0,0.0,0.0,0.0,1.0,0.0,0.0,0.0,0.0,0.0,0.0,0.0,0.0,0.0,0.0
325,Quartz,1.0,609,27.846056861676377,378.3990147783251,823.7241379310345,363,809,393,840,29.860906033615624,27.99031689325906,0.8481894150417827,0.0,0.0,0.0,0.0,0.0,0.0,1.0,0.0,0.0,0.0,0.0,0.0,0.0,0.0,0.0,0.0,0.0
326,Quartz,1.0,681,29.44615645486938,377.488986784141,2308.9471365638765,360,2291,392,2325,38.18701161255582,24.040880479449605,0.8960526315789473,0.0,0.0,0.0,0.0,0.0,0.0,1.0,0.0,0.0,0.0,0.0,0.0,0.0,0.0,0.0,0.0,0.0
328,Quartz,1.0,127,12.716187407449045,390.18110236220474,4419.393700787402,384,4412,398,4426,15.187510389925698,11.50299987459162,0.8410596026490066,0.0,0.0,0.0,0.0,0.0,0.0,1.0,0.0,0.0,0.0,0.0,0.0,0.0,0.0,0.0,0.0,0.0
329,Quartz,1.0,949,34.76067214473376,389.14963119072706,548.5279241306639,376,519,403,576,57.42042100116577,22.29630409481271,0.804919423240034,0.0,0.0,0.0,0.0,0.0,0.0,1.0,0.0,0.0,0.0,0.0,0.0,0.0,0.0,0.0,0.0,0.0
330,Quartz,1.0,9653,110.862894267327,390.0367761317725,2376.640008287579,330,2312,456,2442,115.55182952750681,110.05601197820931,0.8922266383214715,0.0,0.0,0.0,0.0,0.0,0.0,1.0,0.0,0.0,0.0,0.0,0.0,0.0,0.0,0.0,0.0,0.0
331,Quartz,1.0,2719,58.838238604965966,393.54174328797353,1157.2567120264803,358,1129,438,1190,71.33007426483478,56.58941178085501,0.7696009057458251,0.0,0.0,0.0,0.0,0.0,0.0,1.0,0.0,0.0,0.0,0.0,0.0,0.0,0.0,0.0,0.0,0.0
332,Quartz,1.0,133,13.013103375051497,418.7593984962406,1168.3533834586467,413,1157,427,1180,24.05119858326913,12.419929195177104,0.5635593220338984,0.0,0.0,0.0,0.0,0.0,0.0,1.0,0.0,0.0,0.0,0.0,0.0,0.0,0.0,0.0,0.0,0.0
333,Quartz,1.0,1025,36.12575996921783,393.6419512195122,1496.3131707317073,377,1475,410,1520,47.234834413960215,29.47245545012065,0.8591785414920369,0.0,0.0,0.0,0.0,0.0,0.0,1.0,0.0,0.0,0.0,0.0,0.0,0.0,0.0,0.0,0.0,0.0
334,Quartz,1.0,2658,58.17448504203593,388.49661399548535,3356.17870579383,353,3323,420,3388,64.89598883781495,55.74352280702762,0.8574193548387097,0.0,0.0,0.0,0.0,0.0,0.0,1.0,0.0,0.0,0.0,0.0,0.0,0.0,0.0,0.0,0.0,0.0
335,Quartz,1.0,136,13.159049284959082,391.1764705882353,4476.007352941177,385,4469,399,4484,15.144606337518379,14.06374142100994,0.7727272727272727,0.0,0.0,0.0,0.0,0.0,0.0,1.0,0.0,0.0,0.0,0.0,0.0,0.0,0.0,0.0,0.0,0.0
336,Quartz,1.0,240,17.480774889473267,392.35833333333335,915.6208333333333,385,905,401,929,24.35441079753243,13.991948368596855,0.8421052631578947,0.0,0.0,0.0,0.0,0.0,0.0,1.0,0.0,0.0,0.0,0.0,0.0,0.0,0.0,0.0,0.0,0.0
337,Quartz,1.0,3438,66.16190410500207,393.9543339150669,4156.2102966841185,363,4113,422,4215,91.56607584871134,51.931327377554425,0.8556495769039323,0.0,0.0,0.0,0.0,0.0,0.0,1.0,0.0,0.0,0.0,0.0,0.0,0.0,0.0,0.0,0.0,0.0
338,Quartz,1.0,293,19.314740138231286,390.3310580204778,242.09897610921502,375,235,403,254,28.137639542298352,14.88709873321903,0.8138888888888889,0.0,0.0,0.0,0.0,0.0,0.0,1.0,0.0,0.0,0.0,0.0,0.0,0.0,0.0,0.0,0.0,0.0
339,Orthoclase,1.0,952,34.815571898044055,386.40861344537814,3136.5231092436975,365,3118,409,3156,44.42142699178611,28.960239911254032,0.8798521256931608,0.0,0.0,0.0,0.0,0.0,0.0,0.0,0.0,1.0,0.0,0.0,0.0,0.0,0.0,0.0,0.0,0.0
340,Quartz,1.0,1695,46.45579649867281,393.10914454277287,2083.968731563422,371,2057,417,2113,56.180772776641874,39.62036008616644,0.9069020866773676,0.0,0.0,0.0,0.0,0.0,0.0,1.0,0.0,0.0,0.0,0.0,0.0,0.0,0.0,0.0,0.0,0.0
341,Quartz,1.0,667,29.14190756176324,399.87556221889054,3830.6836581709144,387,3808,420,3859,55.28774966740903,20.748958392233295,0.7345814977973568,0.0,0.0,0.0,0.0,0.0,0.0,1.0,0.0,0.0,0.0,0.0,0.0,0.0,0.0,0.0,0.0,0.0
342,Quartz,1.0,1333,41.197430904511165,396.9609902475619,4348.3278319579895,377,4318,416,4374,55.34799907279028,32.843005675043955,0.8916387959866221,0.0,0.0,0.0,0.0,0.0,0.0,1.0,0.0,0.0,0.0,0.0,0.0,0.0,0.0,0.0,0.0,0.0
343,Quartz,1.0,757,31.045810270703488,394.1241743725231,642.1875825627477,379,618,409,663,45.52614721830843,23.15024966811857,0.8505617977528089,0.0,0.0,0.0,0.0,0.0,0.0,1.0,0.0,0.0,0.0,0.0,0.0,0.0,0.0,0.0,0.0,0.0
344,Quartz,1.0,127,12.716187407449045,395.7716535433071,697.4094488188977,389,689,401,705,14.941829151879942,11.484870914253559,0.9202898550724637,0.0,0.0,0.0,0.0,0.0,0.0,1.0,0.0,0.0,0.0,0.0,0.0,0.0,0.0,0.0,0.0,0.0
345,Quartz,1.0,3018,61.98900665449255,395.62127236580517,1287.0944333996024,361,1253,430,1328,76.89660801565054,53.53932629282943,0.8740225890529973,0.0,0.0,0.0,0.0,0.0,0.0,1.0,0.0,0.0,0.0,0.0,0.0,0.0,0.0,0.0,0.0,0.0
346,Quartz,1.0,186,15.389040103942165,396.90860215053766,1626.725806451613,386,1618,408,1633,20.738981838121568,12.97967796637775,0.8230088495575221,0.0,0.0,0.0,0.0,0.0,0.0,1.0,0.0,0.0,0.0,0.0,0.0,0.0,0.0,0.0,0.0,0.0
347,Quartz,1.0,348,21.049640414216977,396.3965517241379,1639.4022988505747,383,1632,413,1651,28.281718162183804,17.759692331943953,0.8877551020408163,0.0,0.0,0.0,0.0,0.0,0.0,1.0,0.0,0.0,0.0,0.0,0.0,0.0,0.0,0.0,0.0,0.0
348,Quartz,1.0,6564,91.4196060571342,401.5164533820841,349.6742839731871,345,271,453,398,118.02466435930369,86.00394835257516,0.8601755995282401,0.0,0.0,0.0,0.0,0.0,0.0,1.0,0.0,0.0,0.0,0.0,0.0,0.0,0.0,0.0,0.0,0.0
349,Quartz,1.0,228,17.03815178355966,404.4605263157895,688.8201754385965,398,677,411,704,26.777754341120865,11.438120665742941,0.8669201520912547,0.0,0.0,0.0,0.0,0.0,0.0,1.0,0.0,0.0,0.0,0.0,0.0,0.0,0.0,0.0,0.0,0.0
350,Quartz,1.0,836,32.625576767294035,404.7643540669856,1108.6028708133972,387,1091,426,1126,43.16927742125771,26.792963281430044,0.8334995014955134,0.0,0.0,0.0,0.0,0.0,0.0,1.0,0.0,0.0,0.0,0.0,0.0,0.0,0.0,0.0,0.0,0.0
351,Orthoclase,1.0,858,33.05207299675423,399.64568764568764,3107.5,384,3086,416,3129,44.25998962310072,25.217847401144837,0.9176470588235294,0.0,0.0,0.0,0.0,0.0,0.0,0.0,0.0,1.0,0.0,0.0,0.0,0.0,0.0,0.0,0.0,0.0
352,Quartz,1.0,983,35.37788111906457,399.38351983723294,2207.5513733468974,378,2190,419,2228,44.05161556912041,31.054533574900397,0.8488773747841105,0.0,0.0,0.0,0.0,0.0,0.0,1.0,0.0,0.0,0.0,0.0,0.0,0.0,0.0,0.0,0.0,0.0
353,Orthoclase,1.0,819,32.29215364663835,407.9145299145299,2258.5860805860807,388,2235,430,2278,49.651664984435534,24.068594413653,0.7562326869806094,0.0,0.0,0.0,0.0,0.0,0.0,0.0,0.0,1.0,0.0,0.0,0.0,0.0,0.0,0.0,0.0,0.0
354,Quartz,1.0,288,19.149229459268767,410.61805555555554,245.85416666666666,401,237,424,256,22.407134679489207,17.23759906796975,0.9,0.0,0.0,0.0,0.0,0.0,0.0,1.0,0.0,0.0,0.0,0.0,0.0,0.0,0.0,0.0,0.0,0.0
355,Quartz,1.0,1318,40.96498163017951,406.57587253414266,1224.9506828528072,380,1199,427,1258,52.89638117635289,37.42845011829956,0.790167865707434,0.0,0.0,0.0,0.0,0.0,0.0,1.0,0.0,0.0,0.0,0.0,0.0,0.0,0.0,0.0,0.0,0.0
356,Quartz,1.0,443,23.74963406702674,403.96839729119637,1553.2031602708803,392,1537,418,1567,28.150042383792094,22.946800069653904,0.7924865831842576,0.0,0.0,0.0,0.0,0.0,0.0,1.0,0.0,0.0,0.0,0.0,0.0,0.0,0.0,0.0,0.0,0.0
357,Quartz,1.0,347,21.019374919894773,412.06340057636885,194.46974063400577,404,180,422,208,29.16890358662488,16.161678308729215,0.8943298969072165,0.0,0.0,0.0,0.0,0.0,0.0,1.0,0.0,0.0,0.0,0.0,0.0,0.0,0.0,0.0,0.0,0.0
358,Quartz,1.0,161,14.317526556719258,410.9378881987578,932.8260869565217,405,925,419,940,17.50727299588529,12.404393937037144,0.9252873563218391,0.0,0.0,0.0,0.0,0.0,0.0,1.0,0.0,0.0,0.0,0.0,0.0,0.0,0.0,0.0,0.0,0.0
359,Quartz,1.0,903,33.90774703361832,415.90808416389814,2289.9368770764117,392,2272,440,2305,44.797315911835646,28.625515949163656,0.8361111111111111,0.0,0.0,0.0,0.0,0.0,0.0,1.0,0.0,0.0,0.0,0.0,0.0,0.0,0.0,0.0,0.0,0.0
360,Quartz,1.0,265,18.36868202552426,410.50943396226415,3177.747169811321,400,3168,420,3190,20.6398964144705,18.28342664502123,0.828125,0.0,0.0,0.0,0.0,0.0,0.0,1.0,0.0,0.0,0.0,0.0,0.0,0.0,0.0,0.0,0.0,0.0
361,Quartz,1.0,1909,49.301260540674065,417.3808276584599,1070.7134625458355,392,1033,444,1102,65.20156419946714,42.29694778260983,0.8693078324225865,0.0,0.0,0.0,0.0,0.0,0.0,1.0,0.0,0.0,0.0,0.0,0.0,0.0,0.0,0.0,0.0,0.0
362,Quartz,1.0,631,28.34456125481373,411.38193343898575,1351.093502377179,398,1334,427,1366,34.81631935476025,24.061855164655633,0.8912429378531074,0.0,0.0,0.0,0.0,0.0,0.0,1.0,0.0,0.0,0.0,0.0,0.0,0.0,0.0,0.0,0.0,0.0
363,Quartz,1.0,441,23.695962509005764,421.8458049886621,1540.1768707482993,409,1525,437,1556,32.69545927040334,19.68790292621488,0.7931654676258992,0.0,0.0,0.0,0.0,0.0,0.0,1.0,0.0,0.0,0.0,0.0,0.0,0.0,0.0,0.0,0.0,0.0
364,Quartz,1.0,2171,52.57568878883127,420.0234914785813,794.0746199907877,385,769,450,825,59.54134663181664,49.65355375058087,0.8232840348881304,0.0,0.0,0.0,0.0,0.0,0.0,1.0,0.0,0.0,0.0,0.0,0.0,0.0,0.0,0.0,0.0,0.0
365,Quartz,1.0,700,29.854106607209232,421.99,1379.3057142857142,405,1363,437,1400,36.90849291700623,26.020495210573223,0.8610086100861009,0.0,0.0,0.0,0.0,0.0,0.0,1.0,0.0,0.0,0.0,0.0,0.0,0.0,0.0,0.0,0.0,0.0
366,Quartz,1.0,828,32.46909827883606,413.82729468599035,1864.1920289855072,396,1844,431,1888,46.37320404757208,24.43950957217526,0.8598130841121495,0.0,0.0,0.0,0.0,0.0,0.0,1.0,0.0,0.0,0.0,0.0,0.0,0.0,0.0,0.0,0.0,0.0
367,Quartz,1.0,9190,108.17149077329084,416.87508161044616,1963.4280739934711,374,1893,465,2038,139.16318449465507,87.58164670576535,0.8903313311373765,0.0,0.0,0.0,0.0,0.0,0.0,1.0,0.0,0.0,0.0,0.0,0.0,0.0,0.0,0.0,0.0,0.0
368,Quartz,1.0,3636,68.04042169664332,419.5497799779978,2459.4744224422443,386,2421,448,2511,82.65620037884594,61.058208645941846,0.8449918661399024,0.0,0.0,0.0,0.0,0.0,0.0,1.0,0.0,0.0,0.0,0.0,0.0,0.0,0.0,0.0,0.0,0.0
369,Quartz,1.0,2782,59.51598452057416,423.0862688713156,3698.416247304098,390,3662,461,3735,87.24370720657261,41.825483881402214,0.9070753179002282,0.0,0.0,0.0,0.0,0.0,0.0,1.0,0.0,0.0,0.0,0.0,0.0,0.0,0.0,0.0,0.0,0.0
370,Quartz,1.0,2056,51.164250253233405,423.0783073929961,2147.033560311284,393,2121,458,2176,69.21713819859653,39.69984725160364,0.8693446088794926,0.0,0.0,0.0,0.0,0.0,0.0,1.0,0.0,0.0,0.0,0.0,0.0,0.0,0.0,0.0,0.0,0.0
371,Quartz,1.0,2378,55.02511824049283,426.7821698906644,3995.1122792262404,403,3962,457,4041,74.98069964860102,45.74965940729002,0.8265554396941258,0.0,0.0,0.0,0.0,0.0,0.0,1.0,0.0,0.0,0.0,0.0,0.0,0.0,0.0,0.0,0.0,0.0
372,Orthoclase,1.0,3138,63.20937977372457,429.6032504780115,2780.6354365838115,385,2752,474,2814,87.73322881590585,48.714798645045526,0.8492557510148849,0.0,0.0,0.0,0.0,0.0,0.0,0.0,0.0,1.0,0.0,0.0,0.0,0.0,0.0,0.0,0.0,0.0
373,Quartz,1.0,1520,43.992318738587166,426.0131578947368,2650.25,398,2627,462,2674,63.37617865743676,33.79745160531105,0.8319649698960043,0.0,0.0,0.0,0.0,0.0,0.0,1.0,0.0,0.0,0.0,0.0,0.0,0.0,0.0,0.0,0.0,0.0
374,Chromite,1.0,2378,55.02511824049283,428.44869638351554,3918.1694701429774,396,3895,464,3945,67.78427307265655,45.5227383287137,0.91146032962821,0.0,0.0,0.0,0.0,0.0,0.0,0.0,1.0,0.0,0.0,0.0,0.0,0.0,0.0,0.0,0.0,0.0
375,Quartz,1.0,985,35.413852537730705,432.82842639593906,623.4659898477157,414,602,456,643,39.67276884951565,33.338536963576836,0.8849955076370171,0.0,0.0,0.0,0.0,0.0,0.0,1.0,0.0,0.0,0.0,0.0,0.0,0.0,0.0,0.0,0.0,0.0
376,Quartz,1.0,976,35.25169209643019,420.7735655737705,1428.7418032786886,404,1402,436,1452,47.9954597014804,27.107097597169435,0.8840579710144928,0.0,0.0,0.0,0.0,0.0,0.0,1.0,0.0,0.0,0.0,0.0,0.0,0.0,0.0,0.0,0.0,0.0
377,Quartz,1.0,787,31.655007845624887,430.858958068615,2196.2376111817025,419,2170,443,2223,52.57131369685741,20.253188279703018,0.8444206008583691,0.0,0.0,0.0,0.0,0.0,0.0,1.0,0.0,0.0,0.0,0.0,0.0,0.0,0.0,0.0,0.0,0.0
378,Quartz,1.0,4311,74.08735166918363,426.9345859429367,2969.103224309905,371,2940,483,3007,103.7025039488057,59.16544294563342,0.8200494578657028,0.0,0.0,0.0,0.0,0.0,0.0,1.0,0.0,0.0,0.0,0.0,0.0,0.0,0.0,0.0,0.0,0.0
379,Orthoclase,1.0,687,29.575590733458846,435.89082969432314,4432.890829694323,421,4418,450,4448,32.61046691889932,27.761538052244926,0.9359673024523161,0.0,0.0,0.0,0.0,0.0,0.0,0.0,0.0,1.0,0.0,0.0,0.0,0.0,0.0,0.0,0.0,0.0
380,Unknown,1.0,235,17.297725082009,433.5744680851064,1028.0893617021277,419,1021,446,1037,27.696647812091335,12.983068007397227,0.7389937106918238,0.0,0.0,0.0,0.0,0.0,0.0,0.0,0.0,0.0,0.0,0.0,0.0,0.0,0.0,0.0,0.0,1.0
381,Quartz,1.0,813,32.173649930800316,440.6691266912669,4335.664206642066,423,4312,458,4355,42.094177875056815,27.716948548864806,0.8228744939271255,0.0,0.0,0.0,0.0,0.0,0.0,1.0,0.0,0.0,0.0,0.0,0.0,0.0,0.0,0.0,0.0,0.0
382,Quartz,1.0,3187,63.70097667281848,427.82711013492315,4527.8531534358335,388,4493,469,4558,88.74226881519921,49.1314994627205,0.8681558158539907,0.0,0.0,0.0,0.0,0.0,0.0,1.0,0.0,0.0,0.0,0.0,0.0,0.0,0.0,0.0,0.0,0.0
383,Quartz,1.0,108,11.726460285670077,440.1759259259259,3408.5555555555557,435,3402,447,3416,16.17605620383459,9.027420881704389,0.84375,0.0,0.0,0.0,0.0,0.0,0.0,1.0,0.0,0.0,0.0,0.0,0.0,0.0,0.0,0.0,0.0,0.0
384,Quartz,1.0,1206,39.1857996084118,439.67661691542287,3766.0696517412935,424,3738,457,3797,60.00811955025564,27.96552806923963,0.8386648122392212,0.0,0.0,0.0,0.0,0.0,0.0,1.0,0.0,0.0,0.0,0.0,0.0,0.0,0.0,0.0,0.0,0.0
385,Quartz,1.0,3798,69.53965624666365,441.24460242232755,560.3878357030015,403,521,472,606,86.16305332155726,66.5517002029368,0.7917448405253283,0.0,0.0,0.0,0.0,0.0,0.0,1.0,0.0,0.0,0.0,0.0,0.0,0.0,0.0,0.0,0.0,0.0
386,Orthoclase,1.0,658,28.944630252185586,440.1063829787234,1305.4908814589667,428,1290,456,1326,39.61367522870431,22.443915484983112,0.8867924528301887,0.0,0.0,0.0,0.0,0.0,0.0,0.0,0.0,1.0,0.0,0.0,0.0,0.0,0.0,0.0,0.0,0.0
387,Quartz,1.0,754,30.984231743425763,443.61007957559684,1350.5941644562333,426,1333,464,1366,36.042894273348644,27.872217228348582,0.8696655132641292,0.0,0.0,0.0,0.0,0.0,0.0,1.0,0.0,0.0,0.0,0.0,0.0,0.0,0.0,0.0,0.0,0.0
388,Quartz,1.0,921,34.24403043891132,443.67535287730726,1496.401737242128,428,1474,459,1523,47.26110527408884,26.635919141696633,0.8282374100719424,0.0,0.0,0.0,0.0,0.0,0.0,1.0,0.0,0.0,0.0,0.0,0.0,0.0,0.0,0.0,0.0,0.0
389,Quartz,1.0,1238,39.702273944726784,438.14458804523423,4302.610662358643,418,4276,460,4329,52.425596033769295,32.98027444447966,0.8336700336700337,0.0,0.0,0.0,0.0,0.0,0.0,1.0,0.0,0.0,0.0,0.0,0.0,0.0,0.0,0.0,0.0,0.0
390,Orthoclase,1.0,1590,44.99389820996741,435.11572327044024,4577.246540880503,404,4559,460,4598,61.1014784694594,39.933323666970644,0.8112244897959183,0.0,0.0,0.0,0.0,0.0,0.0,0.0,0.0,1.0,0.0,0.0,0.0,0.0,0.0,0.0,0.0,0.0
391,Quartz,1.0,228,17.03815178355966,443.4429824561403,2730.9868421052633,433,2723,456,2742,23.069151950455247,14.066438972130598,0.8113879003558719,0.0,0.0,0.0,0.0,0.0,0.0,1.0,0.0,0.0,0.0,0.0,0.0,0.0,0.0,0.0,0.0,0.0
392,Quartz,1.0,160,14.27299292922217,446.51875,1881.075,440,1873,453,1892,19.9008908932641,11.43935822738313,0.8247422680412371,0.0,0.0,0.0,0.0,0.0,0.0,1.0,0.0,0.0,0.0,0.0,0.0,0.0,0.0,0.0,0.0,0.0
393,Quartz,1.0,4761,77.85816252959037,441.62108800672127,3848.2356647763077,401,3802,482,3892,87.06541305746185,72.16158145901127,0.9011925042589438,0.0,0.0,0.0,0.0,0.0,0.0,1.0,0.0,0.0,0.0,0.0,0.0,0.0,0.0,0.0,0.0,0.0
394,Orthoclase,1.0,2164,52.49085991681687,451.21626617375233,4470.123382624769,424,4446,487,4498,62.24459983578067,48.85525556791257,0.85062893081761,0.0,0.0,0.0,0.0,0.0,0.0,0.0,0.0,1.0,0.0,0.0,0.0,0.0,0.0,0.0,0.0,0.0
395,Quartz,1.0,1483,43.45358724941183,449.9865138233311,2618.373567093729,425,2588,472,2648,58.72580234027867,34.85967276494757,0.8252643294379521,0.0,0.0,0.0,0.0,0.0,0.0,1.0,0.0,0.0,0.0,0.0,0.0,0.0,0.0,0.0,0.0,0.0
396,Quartz,1.0,648,28.723844188903154,448.0154320987654,1457.6003086419753,437,1441,466,1475,33.97950432850175,26.37514434278067,0.9050279329608939,0.0,0.0,0.0,0.0,0.0,0.0,1.0,0.0,0.0,0.0,0.0,0.0,0.0,0.0,0.0,0.0,0.0
397,Orthoclase,1.0,547,26.390567083147985,464.49725776965266,2820.2961608775136,442,2807,481,2846,49.26407304617836,20.69890531627088,0.6367869615832363,0.0,0.0,0.0,0.0,0.0,0.0,0.0,0.0,1.0,0.0,0.0,0.0,0.0,0.0,0.0,0.0,0.0
398,Quartz,1.0,2544,56.913279661307996,458.685927672956,2862.3364779874214,426,2828,500,2895,84.66788481990754,41.12234901650426,0.8574317492416582,0.0,0.0,0.0,0.0,0.0,0.0,1.0,0.0,0.0,0.0,0.0,0.0,0.0,0.0,0.0,0.0,0.0
399,Quartz,1.0,1501,43.71650210901461,448.64090606262494,1221.0899400399733,424,1192,472,1248,53.03134732854119,37.907026065999325,0.8726744186046511,0.0,0.0,0.0,0.0,0.0,0.0,1.0,0.0,0.0,0.0,0.0,0.0,0.0,0.0,0.0,0.0,0.0
400,Quartz,1.0,2094,51.63490686227129,452.707258834766,3131.5644699140403,419,3105,484,3164,59.68505999036933,46.98736833263943,0.8696013289036545,0.0,0.0,0.0,0.0,0.0,0.0,1.0,0.0,0.0,0.0,0.0,0.0,0.0,0.0,0.0,0.0,0.0
401,Quartz,1.0,1614,45.332202959955,454.31226765799255,154.4467162329616,431,131,481,185,56.59102913352468,37.725263982041206,0.856687898089172,0.0,0.0,0.0,0.0,0.0,0.0,1.0,0.0,0.0,0.0,0.0,0.0,0.0,0.0,0.0,0.0,0.0
402,Quartz,1.0,2336,54.53702940664572,450.228595890411,423.9289383561644,414,396,480,449,63.37476131839231,49.28638140457924,0.9001926782273603,0.0,0.0,0.0,0.0,0.0,0.0,1.0,0.0,0.0,0.0,0.0,0.0,0.0,0.0,0.0,0.0,0.0
403,Quartz,1.0,1583,44.89474578740548,449.65634870499053,2691.188881869867,426,2668,474,2718,48.58637088656191,44.8586982995936,0.8456196581196581,0.0,0.0,0.0,0.0,0.0,0.0,1.0,0.0,0.0,0.0,0.0,0.0,0.0,0.0,0.0,0.0,0.0
404,Quartz,1.0,2378,55.02511824049283,466.02481076534906,3636.7956265769553,438,3597,500,3671,67.10909646160454,50.55600555955048,0.8052827632915679,0.0,0.0,0.0,0.0,0.0,0.0,1.0,0.0,0.0,0.0,0.0,0.0,0.0,0.0,0.0,0.0,0.0
405,Quartz,1.0,1608,45.247863904654565,461.40485074626866,778.9284825870647,441,742,480,817,75.0107339104575,28.569526328752524,0.8758169934640523,0.0,0.0,0.0,0.0,0.0,0.0,1.0,0.0,0.0,0.0,0.0,0.0,0.0,0.0,0.0,0.0,0.0
406,Quartz,1.0,2947,61.255505371635984,472.75771971496437,2042.9633525619274,431,2006,512,2078,83.96670704451637,47.49777129707086,0.8343714609286523,0.0,0.0,0.0,0.0,0.0,0.0,1.0,0.0,0.0,0.0,0.0,0.0,0.0,0.0,0.0,0.0,0.0
407,Quartz,1.0,456,24.095585330081406,464.6622807017544,3720.8004385964914,443,3711,492,3733,50.910316392776416,12.298640856004235,0.8113879003558719,0.0,0.0,0.0,0.0,0.0,0.0,1.0,0.0,0.0,0.0,0.0,0.0,0.0,0.0,0.0,0.0,0.0
408,Quartz,1.0,3083,62.65299287678528,450.51994810249755,1616.752513785274,401,1589,499,1651,97.322650470247,45.13126139235205,0.7886927602967511,0.0,0.0,0.0,0.0,0.0,0.0,1.0,0.0,0.0,0.0,0.0,0.0,0.0,0.0,0.0,0.0,0.0
409,Quartz,1.0,2358,54.793237233124984,463.2892281594572,1116.2722646310433,425,1093,504,1143,79.9088279723236,38.93358463823389,0.8798507462686567,0.0,0.0,0.0,0.0,0.0,0.0,1.0,0.0,0.0,0.0,0.0,0.0,0.0,0.0,0.0,0.0,0.0
410,Quartz,1.0,3508,66.83206059168721,465.9033637400228,675.2140820980616,428,642,514,715,87.13443178294125,56.509925751839695,0.8627643876045253,0.0,0.0,0.0,0.0,0.0,0.0,1.0,0.0,0.0,0.0,0.0,0.0,0.0,0.0,0.0,0.0,0.0
411,Orthoclase,1.0,1154,38.33168969174693,469.8474870017331,4433.101386481802,449,4416,493,4453,45.5988819395954,34.006383289360826,0.8541820873427091,0.0,0.0,0.0,0.0,0.0,0.0,0.0,0.0,1.0,0.0,0.0,0.0,0.0,0.0,0.0,0.0,0.0
412,Quartz,1.0,333,20.590987552733093,468.14714714714717,2187.03003003003,460,2171,478,2204,33.21819888499619,14.500222878736356,0.7780373831775701,0.0,0.0,0.0,0.0,0.0,0.0,1.0,0.0,0.0,0.0,0.0,0.0,0.0,0.0,0.0,0.0,0.0
413,Quartz,1.0,558,26.654599339742866,475.3673835125448,1256.0913978494623,456,1239,500,1274,49.5831010012898,15.933912713697906,0.8017241379310345,0.0,0.0,0.0,0.0,0.0,0.0,1.0,0.0,0.0,0.0,0.0,0.0,0.0,0.0,0.0,0.0,0.0
414,Orthoclase,1.0,812,32.15385684991696,466.3423645320197,3583.060344827586,442,3561,489,3606,60.85732952689846,17.79158321423949,0.8647497337593184,0.0,0.0,0.0,0.0,0.0,0.0,0.0,0.0,1.0,0.0,0.0,0.0,0.0,0.0,0.0,0.0,0.0
415,Quartz,1.0,201,15.99753570059363,471.7313432835821,2972.1194029850744,466,2959,479,2992,29.87829022871823,10.698693886306398,0.7472118959107806,0.0,0.0,0.0,0.0,0.0,0.0,1.0,0.0,0.0,0.0,0.0,0.0,0.0,0.0,0.0,0.0,0.0
416,Quartz,1.0,1856,48.61206223797199,477.6212284482759,1915.0140086206898,446,1884,510,1942,67.69501075168903,37.59781262175735,0.836412798557909,0.0,0.0,0.0,0.0,0.0,0.0,1.0,0.0,0.0,0.0,0.0,0.0,0.0,0.0,0.0,0.0,0.0
417,Quartz,1.0,1297,40.63731892634535,472.8951426368543,3759.319969159599,458,3727,488,3791,64.91918689451929,26.179141798178538,0.8841172460804363,0.0,0.0,0.0,0.0,0.0,0.0,1.0,0.0,0.0,0.0,0.0,0.0,0.0,0.0,0.0,0.0,0.0
418,Quartz,1.0,347,21.019374919894773,476.0979827089337,378.68011527377524,465,370,490,391,27.11574140222532,18.937952022405465,0.8107476635514018,0.0,0.0,0.0,0.0,0.0,0.0,1.0,0.0,0.0,0.0,0.0,0.0,0.0,0.0,0.0,0.0,0.0
419,Quartz,1.0,838,32.66457926390705,477.6372315035799,1158.5286396181384,462,1142,503,1183,44.65036089226941,26.969394713482806,0.7935606060606061,0.0,0.0,0.0,0.0,0.0,0.0,1.0,0.0,0.0,0.0,0.0,0.0,0.0,0.0,0.0,0.0,0.0
420,Quartz,1.0,1419,42.505610382385946,478.892177589852,2136.990838618746,457,2111,502,2170,57.848826387388165,32.86015275054328,0.9072890025575447,0.0,0.0,0.0,0.0,0.0,0.0,1.0,0.0,0.0,0.0,0.0,0.0,0.0,0.0,0.0,0.0,0.0
421,Quartz,1.0,234,17.26088217525478,474.0940170940171,2214.3504273504273,467,2201,484,2226,24.334570407121557,14.532465444672834,0.7452229299363057,0.0,0.0,0.0,0.0,0.0,0.0,1.0,0.0,0.0,0.0,0.0,0.0,0.0,0.0,0.0,0.0,0.0
422,Quartz,1.0,9959,112.60636139231872,478.94969374435186,2540.5209358369316,424,2471,526,2615,139.6041210771386,95.8895455323614,0.906765000455249,0.0,0.0,0.0,0.0,0.0,0.0,1.0,0.0,0.0,0.0,0.0,0.0,0.0,0.0,0.0,0.0,0.0
423,Quartz,1.0,1574,44.76694141230944,471.4479034307497,1012.2287166454892,449,991,498,1040,50.853086790398116,46.22661770959046,0.8350132625994695,0.0,0.0,0.0,0.0,0.0,0.0,1.0,0.0,0.0,0.0,0.0,0.0,0.0,0.0,0.0,0.0,0.0
424,Quartz,1.0,602,27.685559519911603,473.86544850498336,2334.9833887043187,456,2322,500,2348,41.07745285790471,21.271929049085376,0.7900262467191601,0.0,0.0,0.0,0.0,0.0,0.0,1.0,0.0,0.0,0.0,0.0,0.0,0.0,0.0,0.0,0.0,0.0
425,Quartz,1.0,402,22.623931952327283,477.62935323383084,3469.5671641791046,459,3460,494,3480,34.552639769892316,15.799869900494517,0.8682505399568035,0.0,0.0,0.0,0.0,0.0,0.0,1.0,0.0,0.0,0.0,0.0,0.0,0.0,0.0,0.0,0.0,0.0
426,Quartz,1.0,1028,36.17858830838687,478.08365758754866,3974.3239299610896,450,3957,503,3993,61.09770913931463,24.231432871868414,0.7919876733436055,0.0,0.0,0.0,0.0,0.0,0.0,1.0,0.0,0.0,0.0,0.0,0.0,0.0,0.0,0.0,0.0,0.0
427,Quartz,1.0,11475,120.87358593107095,476.6252723311547,938.8659694989107,395,871,548,1013,167.14824807512042,92.63155884392118,0.8414607318325145,0.0,0.0,0.0,0.0,0.0,0.0,1.0,0.0,0.0,0.0,0.0,0.0,0.0,0.0,0.0,0.0,0.0
428,Quartz,1.0,639,28.523675588636344,476.31768388106417,1545.7652582159624,455,1530,496,1567,46.34238761734096,20.072388158258274,0.8119440914866582,0.0,0.0,0.0,0.0,0.0,0.0,1.0,0.0,0.0,0.0,0.0,0.0,0.0,0.0,0.0,0.0,0.0
429,Orthoclase,1.0,1263,40.1011414426137,483.8780680918448,2090.841646872526,460,2073,514,2113,52.965793003821595,33.138160794277375,0.88881069669247,0.0,0.0,0.0,0.0,0.0,0.0,0.0,0.0,1.0,0.0,0.0,0.0,0.0,0.0,0.0,0.0,0.0
430,Orthoclase,1.0,453,24.016192740836935,479.0309050772627,2365.0419426048566,463,2349,492,2381,33.41388968873784,19.293667067642154,0.7905759162303665,0.0,0.0,0.0,0.0,0.0,0.0,0.0,0.0,1.0,0.0,0.0,0.0,0.0,0.0,0.0,0.0,0.0
431,Quartz,1.0,558,26.654599339742866,480.32437275985666,3501.8405017921145,465,3489,500,3514,35.50441623986418,20.82522498407842,0.8732394366197183,0.0,0.0,0.0,0.0,0.0,0.0,1.0,0.0,0.0,0.0,0.0,0.0,0.0,0.0,0.0,0.0,0.0
432,Quartz,1.0,464,24.306031118985995,487.4439655172414,400.0538793103448,472,387,506,415,34.70791600943776,18.116150674773937,0.8285714285714286,0.0,0.0,0.0,0.0,0.0,0.0,1.0,0.0,0.0,0.0,0.0,0.0,0.0,0.0,0.0,0.0,0.0
434,Quartz,1.0,4961,79.47667193227923,482.52771618625275,3416.8607135658135,440,3370,532,3463,92.77536002193304,72.48999731821598,0.8361705713804146,0.0,0.0,0.0,0.0,0.0,0.0,1.0,0.0,0.0,0.0,0.0,0.0,0.0,0.0,0.0,0.0,0.0
435,Quartz,1.0,189,15.512648837479231,481.015873015873,3690.3386243386244,474,3680,488,3702,20.180318275283362,12.510130357837966,0.863013698630137,0.0,0.0,0.0,0.0,0.0,0.0,1.0,0.0,0.0,0.0,0.0,0.0,0.0,0.0,0.0,0.0,0.0
436,Quartz,1.0,523,25.805121233904135,486.0516252390057,3119.3269598470365,468,3105,505,3134,39.04384018333089,18.458506727598913,0.8133748055987559,0.0,0.0,0.0,0.0,0.0,0.0,1.0,0.0,0.0,0.0,0.0,0.0,0.0,0.0,0.0,0.0,0.0
437,Quartz,1.0,1108,37.55994429663814,483.67599277978337,1358.1416967509026,449,1338,510,1372,57.856679880853115,28.521776617868383,0.8413059984813971,0.0,0.0,0.0,0.0,0.0,0.0,1.0,0.0,0.0,0.0,0.0,0.0,0.0,0.0,0.0,0.0,0.0
439,Quartz,1.0,2673,58.33840332985717,493.4597830153386,4540.686494575383,460,4515,530,4565,69.99696488415597,49.86199856644664,0.9418604651162791,0.0,0.0,0.0,0.0,0.0,0.0,1.0,0.0,0.0,0.0,0.0,0.0,0.0,0.0,0.0,0.0,0.0
440,Chromite,1.0,2194,52.85345363501752,491.65132178669097,4663.643573381951,458,4637,520,4694,56.11936768100892,54.27438529939387,0.8171322160148976,0.0,0.0,0.0,0.0,0.0,0.0,0.0,1.0,0.0,0.0,0.0,0.0,0.0,0.0,0.0,0.0,0.0
441,Quartz,1.0,365,21.557653718072718,492.15890410958906,459.68219178082194,479,449,508,476,28.219519390856124,19.991650290204323,0.7464212678936605,0.0,0.0,0.0,0.0,0.0,0.0,1.0,0.0,0.0,0.0,0.0,0.0,0.0,0.0,0.0,0.0,0.0
442,Quartz,1.0,3639,68.0684853900192,492.75652651827426,3052.2390766694148,453,3021,538,3083,85.91246625895481,56.22758478948346,0.8888617489008305,0.0,0.0,0.0,0.0,0.0,0.0,1.0,0.0,0.0,0.0,0.0,0.0,0.0,0.0,0.0,0.0,0.0
443,Quartz,1.0,1358,41.581958849365805,495.9337260677467,2260.715022091311,481,2231,513,2295,61.23555002027896,29.530863640050885,0.8578648136449779,0.0,0.0,0.0,0.0,0.0,0.0,1.0,0.0,0.0,0.0,0.0,0.0,0.0,0.0,0.0,0.0,0.0
444,Quartz,1.0,460,24.201036973199617,494.9630434782609,4328.376086956522,480,4315,511,4341,31.37277002900477,21.69760643259476,0.7744107744107744,0.0,0.0,0.0,0.0,0.0,0.0,1.0,0.0,0.0,0.0,0.0,0.0,0.0,0.0,0.0,0.0,0.0
445,Quartz,1.0,327,20.404639941160397,489.71253822629967,95.09785932721712,467,91,509,104,41.25158397404605,11.607216401397125,0.8650793650793651,0.0,0.0,0.0,0.0,0.0,0.0,1.0,0.0,0.0,0.0,0.0,0.0,0.0,0.0,0.0,0.0,0.0
446,Quartz,1.0,1765,47.40535620009159,497.29518413597737,1855.4798866855524,474,1829,519,1883,54.94984218814501,42.91548199183341,0.8914141414141414,0.0,0.0,0.0,0.0,0.0,0.0,1.0,0.0,0.0,0.0,0.0,0.0,0.0,0.0,0.0,0.0,0.0
447,Quartz,1.0,429,23.371344948277684,496.15617715617714,704.5850815850816,482,691,510,718,27.37188430322628,22.862082127575817,0.7900552486187845,0.0,0.0,0.0,0.0,0.0,0.0,1.0,0.0,0.0,0.0,0.0,0.0,0.0,0.0,0.0,0.0,0.0
448,Quartz,1.0,3148,63.310015691249774,494.3659466327827,4209.08290978399,454,4176,534,4249,86.51719888639539,48.40750532139662,0.8579994548923412,0.0,0.0,0.0,0.0,0.0,0.0,1.0,0.0,0.0,0.0,0.0,0.0,0.0,0.0,0.0,0.0,0.0
449,Quartz,1.0,1307,40.79367702192164,498.3389441469013,3808.99311400153,476,3789,521,3840,46.62527744136088,37.9292591594069,0.8678618857901726,0.0,0.0,0.0,0.0,0.0,0.0,1.0,0.0,0.0,0.0,0.0,0.0,0.0,0.0,0.0,0.0,0.0
450,Quartz,1.0,1967,50.04460195159979,518.9298423995933,4587.729537366548,472,4564,571,4615,105.23535234250707,26.880158905014774,0.7805555555555556,0.0,0.0,0.0,0.0,0.0,0.0,1.0,0.0,0.0,0.0,0.0,0.0,0.0,0.0,0.0,0.0,0.0
451,Quartz,1.0,379,21.967197988242077,497.3430079155673,3732.9920844327175,490,3717,505,3750,33.91180884903977,14.912239150852939,0.8692660550458715,0.0,0.0,0.0,0.0,0.0,0.0,1.0,0.0,0.0,0.0,0.0,0.0,0.0,0.0,0.0,0.0,0.0
452,Quartz,1.0,1031,36.23133961947795,505.5004849660524,2818.070805043647,483,2800,527,2838,41.009447583580176,34.09536870334347,0.8895599654874892,0.0,0.0,0.0,0.0,0.0,0.0,1.0,0.0,0.0,0.0,0.0,0.0,0.0,0.0,0.0,0.0,0.0
453,Quartz,1.0,613,27.93735565372383,503.56606851549753,3298.7879282218596,489,3283,520,3316,34.137829190075806,24.58129506957616,0.8466850828729282,0.0,0.0,0.0,0.0,0.0,0.0,1.0,0.0,0.0,0.0,0.0,0.0,0.0,0.0,0.0,0.0,0.0
454,Quartz,1.0,331,20.529059630371258,511.18731117824774,3733.912386706949,504,3721,522,3748,26.25102551350691,17.304455709853805,0.8642297650130548,0.0,0.0,0.0,0.0,0.0,0.0,1.0,0.0,0.0,0.0,0.0,0.0,0.0,0.0,0.0,0.0,0.0
455,Quartz,1.0,2704,58.67571668896666,505.67788461538464,185.71967455621302,478,152,535,230,69.66309458131997,51.55866140485646,0.8647265749920051,0.0,0.0,0.0,0.0,0.0,0.0,1.0,0.0,0.0,0.0,0.0,0.0,0.0,0.0,0.0,0.0,0.0
456,Quartz,1.0,505,25.357168021907675,505.38613861386136,386.7009900990099,489,372,521,404,30.79077904383118,22.423486722026485,0.8501683501683501,0.0,0.0,0.0,0.0,0.0,0.0,1.0,0.0,0.0,0.0,0.0,0.0,0.0,0.0,0.0,0.0,0.0
457,Quartz,1.0,105,11.562445770562215,507.3142857142857,1614.5904761904762,500,1607,514,1623,17.03968157745951,12.808284593696296,0.6287425149700598,0.0,0.0,0.0,0.0,0.0,0.0,1.0,0.0,0.0,0.0,0.0,0.0,0.0,0.0,0.0,0.0,0.0
458,Quartz,1.0,258,18.12445316531431,509.20542635658916,4401.976744186047,500,4392,517,4416,22.537758355467286,16.233318635954518,0.8376623376623377,0.0,0.0,0.0,0.0,0.0,0.0,1.0,0.0,0.0,0.0,0.0,0.0,0.0,0.0,0.0,0.0,0.0
459,Quartz,1.0,4656,76.99482658131595,505.55713058419246,4284.728307560137,461,4244,548,4330,84.67624611361622,74.38551745989946,0.8493250638453119,0.0,0.0,0.0,0.0,0.0,0.0,1.0,0.0,0.0,0.0,0.0,0.0,0.0,0.0,0.0,0.0,0.0
460,Quartz,1.0,3965,71.05205693626976,513.069104665826,1408.661790668348,469,1363,556,1442,90.3606793864765,59.40668340646033,0.8647764449291166,0.0,0.0,0.0,0.0,0.0,0.0,1.0,0.0,0.0,0.0,0.0,0.0,0.0,0.0,0.0,0.0,0.0
461,Quartz,1.0,498,25.180812005932435,511.86546184738955,2916.612449799197,499,2901,528,2931,35.645318327054326,18.524803637214212,0.8892857142857142,0.0,0.0,0.0,0.0,0.0,0.0,1.0,0.0,0.0,0.0,0.0,0.0,0.0,0.0,0.0,0.0,0.0
462,Quartz,1.0,3363,65.4362635619146,509.48379423134105,3563.013380909902,466,3523,547,3604,74.57520204283963,68.99193370422242,0.7946597353497165,0.0,0.0,0.0,0.0,0.0,0.0,1.0,0.0,0.0,0.0,0.0,0.0,0.0,0.0,0.0,0.0,0.0
463,Quartz,1.0,464,24.306031118985995,507.63793103448273,1458.4094827586207,488,1448,528,1472,45.83710816514048,15.381579473977508,0.7644151565074135,0.0,0.0,0.0,0.0,0.0,0.0,1.0,0.0,0.0,0.0,0.0,0.0,0.0,0.0,0.0,0.0,0.0
464,Quartz,1.0,427,23.31680264534386,510.27400468384076,4365.4941451990635,499,4350,521,4382,33.11483286790816,17.58259055411831,0.8643724696356275,0.0,0.0,0.0,0.0,0.0,0.0,1.0,0.0,0.0,0.0,0.0,0.0,0.0,0.0,0.0,0.0,0.0
466,Quartz,1.0,301,19.576646877473273,516.0199335548173,2408.8538205980067,504,2396,527,2426,30.519550306997246,14.310608458057995,0.7432098765432099,0.0,0.0,0.0,0.0,0.0,0.0,1.0,0.0,0.0,0.0,0.0,0.0,0.0,0.0,0.0,0.0,0.0
467,Quartz,1.0,4762,77.86633876091032,512.5921881562368,506.2902141957161,470,468,565,554,98.71787685519722,64.71534506328543,0.8966296366032762,0.0,0.0,0.0,0.0,0.0,0.0,1.0,0.0,0.0,0.0,0.0,0.0,0.0,0.0,0.0,0.0,0.0
468,Quartz,0.9792935444579781,2463,55.99990177386658,514.882257409663,778.1741778319123,482,751,550,813,66.37382989795361,56.501365629978416,0.7861474624960102,0.0,0.0,0.0,0.0,0.0,0.0,0.9792935444579781,0.0,0.0,0.0,0.0,0.0,0.0,0.0,0.0,0.0,0.020706455542021926
469,Quartz,1.0,2125,52.01570947860099,512.9275294117647,2164.1223529411764,483,2130,543,2200,76.15268557525992,39.105729765498666,0.8705448586644817,0.0,0.0,0.0,0.0,0.0,0.0,1.0,0.0,0.0,0.0,0.0,0.0,0.0,0.0,0.0,0.0,0.0
470,Quartz,1.0,3276,64.5843072932767,515.748778998779,2677.2344322344325,477,2639,553,2712,73.789937748292,63.036306872304074,0.8278999241849886,0.0,0.0,0.0,0.0,0.0,0.0,1.0,0.0,0.0,0.0,0.0,0.0,0.0,0.0,0.0,0.0,0.0
471,Quartz,1.0,1357,41.56664603026825,520.3647752394988,3683.8769344141488,493,3664,557,3706,65.7304501967493,27.608196642281875,0.8643312101910828,0.0,0.0,0.0,0.0,0.0,0.0,1.0,0.0,0.0,0.0,0.0,0.0,0.0,0.0,0.0,0.0,0.0
472,Quartz,1.0,1471,43.27742333255787,520.7056424201223,1978.3167912984363,504,1947,542,2016,65.23788880081376,31.681206204686692,0.7942764578833693,0.0,0.0,0.0,0.0,0.0,0.0,1.0,0.0,0.0,0.0,0.0,0.0,0.0,0.0,0.0,0.0,0.0
473,Quartz,1.0,2899,60.75460015659091,521.4905139703346,3160.7212832011037,491,3115,547,3201,78.9931379683699,50.070803740521775,0.870309216451516,0.0,0.0,0.0,0.0,0.0,0.0,1.0,0.0,0.0,0.0,0.0,0.0,0.0,0.0,0.0,0.0,0.0
474,Quartz,0.9606879606879607,2849,60.228394158822454,532.059319059319,4050.944892944893,498,4021,568,4090,75.7930424737409,52.01150643701405,0.8633333333333333,0.0,0.0,0.0,0.0,0.0,0.0,0.9606879606879607,0.0,0.03931203931203931,0.0,0.0,0.0,0.0,0.0,0.0,0.0,0.0
475,Quartz,1.0,2252,53.54750652218632,532.158081705151,3272.602575488455,498,3246,563,3304,69.19370091637069,44.00005225894464,0.8608562691131498,0.0,0.0,0.0,0.0,0.0,0.0,1.0,0.0,0.0,0.0,0.0,0.0,0.0,0.0,0.0,0.0,0.0
476,Quartz,1.0,611,27.891743614073043,536.8428805237315,4365.864157119477,519,4357,558,4377,41.29688487738947,20.11452012716004,0.8958944281524927,0.0,0.0,0.0,0.0,0.0,0.0,1.0,0.0,0.0,0.0,0.0,0.0,0.0,0.0,0.0,0.0,0.0
477,Orthoclase,1.0,383,22.082815618339236,530.5953002610966,4150.339425587467,518,4140,544,4161,25.473034111848357,20.23949526822634,0.8530066815144766,0.0,0.0,0.0,0.0,0.0,0.0,0.0,0.0,1.0,0.0,0.0,0.0,0.0,0.0,0.0,0.0,0.0
478,Quartz,1.0,4610,76.61353862881612,537.8750542299349,3446.4616052060737,496,3393,578,3494,100.74222323749166,63.25961093762852,0.8339363241678727,0.0,0.0,0.0,0.0,0.0,0.0,1.0,0.0,0.0,0.0,0.0,0.0,0.0,0.0,0.0,0.0,0.0
479,Quartz,1.0,106,11.617374563210365,534.3867924528302,148.4811320754717,528,144,543,154,13.829234787735206,10.090814283130154,0.9298245614035088,0.0,0.0,0.0,0.0,0.0,0.0,1.0,0.0,0.0,0.0,0.0,0.0,0.0,0.0,0.0,0.0,0.0
480,Quartz,1.0,1118,37.72905791315113,531.5232558139535,1759.3729874776386,513,1740,560,1786,51.518631596339944,30.429312822990507,0.8482549317147192,0.0,0.0,0.0,0.0,0.0,0.0,1.0,0.0,0.0,0.0,0.0,0.0,0.0,0.0,0.0,0.0,0.0
481,Orthoclase,1.0,256,18.0540666735282,532.34765625,4125.6484375,525,4111,543,4140,25.216019806896913,17.27508229054373,0.7191011235955056,0.0,0.0,0.0,0.0,0.0,0.0,0.0,0.0,1.0,0.0,0.0,0.0,0.0,0.0,0.0,0.0,0.0
482,Quartz,1.0,100,11.283791670955125,536.88,158.58,531,152,544,168,14.358374043860904,11.868626492420322,0.7633587786259542,0.0,0.0,0.0,0.0,0.0,0.0,1.0,0.0,0.0,0.0,0.0,0.0,0.0,0.0,0.0,0.0,0.0
483,Quartz,1.0,1843,48.44151608844324,539.6972327726533,694.3483450895279,514,657,561,732,65.4330030722313,41.97642247180393,0.7773091522564319,0.0,0.0,0.0,0.0,0.0,0.0,1.0,0.0,0.0,0.0,0.0,0.0,0.0,0.0,0.0,0.0,0.0
484,Quartz,1.0,5837,86.20846375280762,541.8637998972075,1527.6864827822512,487,1482,593,1576,90.89243890723588,86.64887132459096,0.8649970361588619,0.0,0.0,0.0,0.0,0.0,0.0,1.0,0.0,0.0,0.0,0.0,0.0,0.0,0.0,0.0,0.0,0.0
485,Quartz,1.0,159,14.228319915326999,539.7295597484276,546.3899371069182,534,535,547,556,22.34661658619273,11.510751636211557,0.7794117647058824,0.0,0.0,0.0,0.0,0.0,0.0,1.0,0.0,0.0,0.0,0.0,0.0,0.0,0.0,0.0,0.0,0.0
486,Quartz,1.0,1741,47.081950335387745,542.5525560022975,2774.0269959793222,512,2750,575,2800,60.67753136677475,41.192601093429914,0.7380245866892751,0.0,0.0,0.0,0.0,0.0,0.0,1.0,0.0,0.0,0.0,0.0,0.0,0.0,0.0,0.0,0.0,0.0
487,Quartz,1.0,975,35.233628199729644,540.4502564102564,4396.847179487179,522,4378,562,4419,43.54025003887774,36.513735185403114,0.7420091324200914,0.0,0.0,0.0,0.0,0.0,0.0,1.0,0.0,0.0,0.0,0.0,0.0,0.0,0.0,0.0,0.0,0.0
489,Quartz,1.0,5722,85.3550038074781,558.0141558895491,3761.7976232086685,508,3703,617,3819,131.39601049611764,61.80782247155023,0.8753250726633012,0.0,0.0,0.0,0.0,0.0,0.0,1.0,0.0,0.0,0.0,0.0,0.0,0.0,0.0,0.0,0.0,0.0
490,Quartz,1.0,1153,38.31507790778511,542.0450997398092,1670.8699045967041,522,1643,562,1697,54.57516054654865,29.41740657722966,0.8748103186646434,0.0,0.0,0.0,0.0,0.0,0.0,1.0,0.0,0.0,0.0,0.0,0.0,0.0,0.0,0.0,0.0,0.0
491,Quartz,1.0,2659,58.18542729456232,546.834148176006,2193.7799924783753,519,2147,573,2232,82.82026819951675,43.46907847142997,0.8473550031867432,0.0,0.0,0.0,0.0,0.0,0.0,1.0,0.0,0.0,0.0,0.0,0.0,0.0,0.0,0.0,0.0,0.0
492,Quartz,1.0,2004,50.51308788471822,536.9461077844311,2885.0374251497005,505,2857,571,2918,62.41759117273358,46.88099537551445,0.8070881997583568,0.0,0.0,0.0,0.0,0.0,0.0,1.0,0.0,0.0,0.0,0.0,0.0,0.0,0.0,0.0,0.0,0.0
493,Quartz,1.0,111,11.888212206450685,547.7207207207207,1234.4324324324325,541,1228,556,1243,19.30244662172348,7.676157018456355,0.8740157480314961,0.0,0.0,0.0,0.0,0.0,0.0,1.0,0.0,0.0,0.0,0.0,0.0,0.0,0.0,0.0,0.0,0.0
494,Quartz,1.0,1422,42.55051859394197,549.4662447257384,2853.200421940928,525,2830,577,2872,53.66431639849896,37.95864265065785,0.8893058161350844,0.0,0.0,0.0,0.0,0.0,0.0,1.0,0.0,0.0,0.0,0.0,0.0,0.0,0.0,0.0,0.0,0.0
495,Quartz,1.0,4448,75.25536190187384,535.2169514388489,2979.636915467626,489,2934,583,3025,95.58288251451197,65.51335617744893,0.8417865253595761,0.0,0.0,0.0,0.0,0.0,0.0,1.0,0.0,0.0,0.0,0.0,0.0,0.0,0.0,0.0,0.0,0.0
496,Quartz,1.0,101,11.340070282773887,547.2178217821782,311.73267326732673,541,306,554,320,14.095034219607225,10.58215040627173,0.7952755905511811,0.0,0.0,0.0,0.0,0.0,0.0,1.0,0.0,0.0,0.0,0.0,0.0,0.0,0.0,0.0,0.0,0.0
497,Quartz,1.0,2093,51.62257613806866,526.3397037744863,436.7849976110846,496,407,551,466,61.021066253206456,45.995670667724774,0.9092093831450913,0.0,0.0,0.0,0.0,0.0,0.0,1.0,0.0,0.0,0.0,0.0,0.0,0.0,0.0,0.0,0.0,0.0
498,Quartz,1.0,1128,37.89741688375691,550.9193262411347,1606.961879432624,517,1591,577,1622,54.130243753114506,28.71581165383075,0.818577648766328,0.0,0.0,0.0,0.0,0.0,0.0,1.0,0.0,0.0,0.0,0.0,0.0,0.0,0.0,0.0,0.0,0.0
499,Quartz,1.0,893,33.71947380147709,548.9440089585667,1717.6237402015677,526,1692,567,1734,44.389307249406265,31.73609985562196,0.7319672131147541,0.0,0.0,0.0,0.0,0.0,0.0,1.0,0.0,0.0,0.0,0.0,0.0,0.0,0.0,0.0,0.0,0.0
500,Quartz,1.0,121,12.412170838050638,549.5206611570248,2250.793388429752,545,2237,554,2265,23.72797829062287,7.766998165382232,0.7202380952380952,0.0,0.0,0.0,0.0,0.0,0.0,1.0,0.0,0.0,0.0,0.0,0.0,0.0,0.0,0.0,0.0,0.0
501,Quartz,1.0,473,24.54062559633988,548.2389006342495,2556.2811839323467,540,2537,559,2574,37.023483764390825,18.809519691264224,0.7754098360655738,0.0,0.0,0.0,0.0,0.0,0.0,1.0,0.0,0.0,0.0,0.0,0.0,0.0,0.0,0.0,0.0,0.0
502,Quartz,1.0,2464,56.01126885036118,562.336038961039,424.4963474025974,525,391,589,466,77.96349499660805,48.527574022981725,0.7366218236173393,0.0,0.0,0.0,0.0,0.0,0.0,1.0,0.0,0.0,0.0,0.0,0.0,0.0,0.0,0.0,0.0,0.0
503,Quartz,1.0,1501,43.71650210901461,555.8247834776815,2117.4250499666887,524,2099,588,2135,60.65235091649912,33.994939894605515,0.8752186588921282,0.0,0.0,0.0,0.0,0.0,0.0,1.0,0.0,0.0,0.0,0.0,0.0,0.0,0.0,0.0,0.0,0.0
504,Quartz,1.0,1466,43.203809699860365,549.1909959072306,1797.6527967257844,515,1783,589,1815,71.61946633237031,28.065075042306955,0.8189944134078212,0.0,0.0,0.0,0.0,0.0,0.0,1.0,0.0,0.0,0.0,0.0,0.0,0.0,0.0,0.0,0.0,0.0
505,Quartz,1.0,1647,45.79329132284349,552.7006678809958,216.46994535519124,527,191,586,239,57.88776220828635,37.90363882161995,0.8723516949152542,0.0,0.0,0.0,0.0,0.0,0.0,1.0,0.0,0.0,0.0,0.0,0.0,0.0,0.0,0.0,0.0,0.0
506,Quartz,1.0,7392,97.01436344522558,554.0882034632035,2373.3244047619046,500,2324,605,2426,111.72228165450589,88.55337437094306,0.9020134228187919,0.0,0.0,0.0,0.0,0.0,0.0,1.0,0.0,0.0,0.0,0.0,0.0,0.0,0.0,0.0,0.0,0.0
507,Quartz,1.0,1993,50.37426339567835,556.7305569493226,1337.960863020572,520,1309,595,1366,82.78229918240292,33.143852784156216,0.8318030050083473,0.0,0.0,0.0,0.0,0.0,0.0,1.0,0.0,0.0,0.0,0.0,0.0,0.0,0.0,0.0,0.0,0.0
508,Quartz,1.0,279,18.847647942942654,563.1290322580645,606.426523297491,554,597,574,617,22.48845270170441,16.544364836596188,0.8773584905660378,0.0,0.0,0.0,0.0,0.0,0.0,1.0,0.0,0.0,0.0,0.0,0.0,0.0,0.0,0.0,0.0,0.0
509,Quartz,1.0,16568,145.2412915708621,586.318686624819,3902.8133148237566,504,3825,684,3991,186.900309847875,126.22410316451663,0.8079192470863608,0.0,0.0,0.0,0.0,0.0,0.0,1.0,0.0,0.0,0.0,0.0,0.0,0.0,0.0,0.0,0.0,0.0
510,Quartz,1.0,515,25.60699837034026,564.7864077669902,2522.273786407767,551,2506,579,2536,29.258474194891974,24.22966106307439,0.8684654300168634,0.0,0.0,0.0,0.0,0.0,0.0,1.0,0.0,0.0,0.0,0.0,0.0,0.0,0.0,0.0,0.0,0.0
511,Quartz,1.0,4210,73.21433249941596,564.9698337292161,4663.732541567696,523,4628,606,4693,85.35844922462995,66.71071154297432,0.8902516388242757,0.0,0.0,0.0,0.0,0.0,0.0,1.0,0.0,0.0,0.0,0.0,0.0,0.0,0.0,0.0,0.0,0.0
512,Quartz,1.0,1635,45.626161964841955,569.6501529051988,131.69418960244647,540,97,596,157,52.73166921639945,44.50535068686763,0.823262839879154,0.0,0.0,0.0,0.0,0.0,0.0,1.0,0.0,0.0,0.0,0.0,0.0,0.0,0.0,0.0,0.0,0.0
513,Quartz,1.0,815,32.21319960760119,566.7779141104295,3635.9484662576688,548,3618,587,3656,41.548962152576074,28.361350612587717,0.7951219512195122,0.0,0.0,0.0,0.0,0.0,0.0,1.0,0.0,0.0,0.0,0.0,0.0,0.0,0.0,0.0,0.0,0.0
514,Quartz,1.0,1007,35.80715321759479,574.4975173783515,337.80734856007945,554,317,599,357,49.71220392216967,28.406112348635467,0.8173701298701299,0.0,0.0,0.0,0.0,0.0,0.0,1.0,0.0,0.0,0.0,0.0,0.0,0.0,0.0,0.0,0.0,0.0
515,Quartz,1.0,1065,36.823906842470535,570.7323943661971,2055.6967136150233,553,2033,596,2082,46.927636581969395,36.13592050077596,0.7825128581925055,0.0,0.0,0.0,0.0,0.0,0.0,1.0,0.0,0.0,0.0,0.0,0.0,0.0,0.0,0.0,0.0,0.0
516,Quartz,1.0,292,19.281751659604673,571.6506849315068,2567.0376712328766,563,2552,581,2578,23.285204578851502,17.118109853347786,0.8488372093023255,0.0,0.0,0.0,0.0,0.0,0.0,1.0,0.0,0.0,0.0,0.0,0.0,0.0,0.0,0.0,0.0,0.0
517,Quartz,1.0,2609,57.63576990215399,576.3277117669605,1999.8217707934075,551,1963,602,2040,76.47923610891927,45.61282378469826,0.8722835172183216,0.0,0.0,0.0,0.0,0.0,0.0,1.0,0.0,0.0,0.0,0.0,0.0,0.0,0.0,0.0,0.0,0.0
518,Quartz,1.0,1108,37.55994429663814,575.0974729241877,2738.1137184115523,553,2717,597,2759,43.9966097176961,34.36516664498573,0.8237918215613383,0.0,0.0,0.0,0.0,0.0,0.0,1.0,0.0,0.0,0.0,0.0,0.0,0.0,0.0,0.0,0.0,0.0
519,Quartz,1.0,367,21.616635097022034,577.1471389645776,2584.6294277929155,566,2571,590,2601,29.578255662027487,18.436136138847772,0.7758985200845666,0.0,0.0,0.0,0.0,0.0,0.0,1.0,0.0,0.0,0.0,0.0,0.0,0.0,0.0,0.0,0.0,0.0
520,Quartz,1.0,1193,38.97402695217738,578.859178541492,4467.9547359597655,555,4447,598,4492,41.91801730850517,38.582881199378775,0.8619942196531792,0.0,0.0,0.0,0.0,0.0,0.0,1.0,0.0,0.0,0.0,0.0,0.0,0.0,0.0,0.0,0.0,0.0
521,Quartz,1.0,2002,50.487875460944046,568.3871128871128,4538.452047952048,535,4520,605,4562,73.51139020316924,37.26673917833273,0.8704347826086957,0.0,0.0,0.0,0.0,0.0,0.0,1.0,0.0,0.0,0.0,0.0,0.0,0.0,0.0,0.0,0.0,0.0
523,Quartz,0.9772554965883244,2638,57.9552061424283,594.147460197119,4564.731614859742,551,4538,636,4596,90.05063842413784,41.24174752405871,0.8267000940144156,0.0,0.0,0.0,0.0,0.0,0.0,0.9772554965883244,0.0,0.022744503411675512,0.0,0.0,0.0,0.0,0.0,0.0,0.0,0.0
524,Quartz,1.0,232,17.186959427966244,580.9741379310345,1634.853448275862,569,1624,591,1644,20.864244897018015,16.164605223985316,0.7837837837837838,0.0,0.0,0.0,0.0,0.0,0.0,1.0,0.0,0.0,0.0,0.0,0.0,0.0,0.0,0.0,0.0,0.0
525,Quartz,1.0,1817,48.098609676203644,585.1541001651074,4079.545954870666,560,4051,610,4112,61.99567769913362,40.898858096527434,0.8807561803199224,0.0,0.0,0.0,0.0,0.0,0.0,1.0,0.0,0.0,0.0,0.0,0.0,0.0,0.0,0.0,0.0,0.0
526,Quartz,1.0,117,12.205286835384658,588.7094017094017,3688.3333333333335,584,3682,597,3696,13.638512013148182,11.844743638481757,0.8297872340425532,0.0,0.0,0.0,0.0,0.0,0.0,1.0,0.0,0.0,0.0,0.0,0.0,0.0,0.0,0.0,0.0,0.0
527,Quartz,1.0,144,13.540550005146152,581.7916666666666,97.41666666666667,575,91,588,106,15.181517867842338,12.580600749899977,0.9171974522292994,0.0,0.0,0.0,0.0,0.0,0.0,1.0,0.0,0.0,0.0,0.0,0.0,0.0,0.0,0.0,0.0,0.0
528,Quartz,1.0,6117,88.25194782635107,580.127676965833,1896.0554193231976,527,1834,625,1963,144.07851741936136,55.93653194102919,0.91121704156115,0.0,0.0,0.0,0.0,0.0,0.0,1.0,0.0,0.0,0.0,0.0,0.0,0.0,0.0,0.0,0.0,0.0
529,Quartz,1.0,305,19.706294962377495,594.0983606557377,101.84262295081967,585,91,603,118,25.628507992758298,17.314609828482535,0.800524934383202,0.0,0.0,0.0,0.0,0.0,0.0,1.0,0.0,0.0,0.0,0.0,0.0,0.0,0.0,0.0,0.0,0.0
530,Quartz,1.0,390,22.283703068536735,578.4538461538461,4282.179487179487,564,4273,590,4297,29.359795044293996,18.264062491085753,0.9027777777777778,0.0,0.0,0.0,0.0,0.0,0.0,1.0,0.0,0.0,0.0,0.0,0.0,0.0,0.0,0.0,0.0,0.0
531,Quartz,1.0,1614,45.332202959955,591.1313506815366,243.59851301115242,569,220,619,269,49.561693688096575,43.53733610211828,0.9170454545454545,0.0,0.0,0.0,0.0,0.0,0.0,1.0,0.0,0.0,0.0,0.0,0.0,0.0,0.0,0.0,0.0,0.0
532,Chromite,1.0,2022,50.73943593945935,586.4169139465876,852.5197823936696,562,817,612,884,68.69906750110277,40.81190049948969,0.8425,0.0,0.0,0.0,0.0,0.0,0.0,0.0,1.0,0.0,0.0,0.0,0.0,0.0,0.0,0.0,0.0,0.0
533,Quartz,1.0,248,17.769732893161912,585.1370967741935,1199.9112903225807,573,1192,594,1212,22.31892438422508,16.25265064021263,0.8184818481848185,0.0,0.0,0.0,0.0,0.0,0.0,1.0,0.0,0.0,0.0,0.0,0.0,0.0,0.0,0.0,0.0,0.0
534,Quartz,1.0,840,32.703535245865034,593.6952380952381,1772.865476190476,576,1755,619,1789,42.15624952195193,27.78469521831122,0.8536585365853658,0.0,0.0,0.0,0.0,0.0,0.0,1.0,0.0,0.0,0.0,0.0,0.0,0.0,0.0,0.0,0.0,0.0
535,Quartz,1.0,134,13.061933202803933,592.0895522388059,4285.977611940299,589,4274,596,4299,25.62165693502957,7.114649902952947,0.8701298701298701,0.0,0.0,0.0,0.0,0.0,0.0,1.0,0.0,0.0,0.0,0.0,0.0,0.0,0.0,0.0,0.0,0.0
536,Orthoclase,1.0,138,13.255453865237978,591.1449275362319,2495.2028985507245,583,2489,601,2502,16.281944938212764,11.328649638654781,0.8625,0.0,0.0,0.0,0.0,0.0,0.0,0.0,0.0,1.0,0.0,0.0,0.0,0.0,0.0,0.0,0.0,0.0
537,Quartz,1.0,317,20.090219901261573,585.8611987381704,2090.6813880126183,569,2082,600,2101,33.82859158794979,13.33255461034088,0.8191214470284238,0.0,0.0,0.0,0.0,0.0,0.0,1.0,0.0,0.0,0.0,0.0,0.0,0.0,0.0,0.0,0.0,0.0
538,Quartz,1.0,323,20.279456919490165,592.9504643962848,2778.520123839009,585,2765,603,2793,26.951175486059412,16.803826521338344,0.8054862842892768,0.0,0.0,0.0,0.0,0.0,0.0,1.0,0.0,0.0,0.0,0.0,0.0,0.0,0.0,0.0,0.0,0.0
539,Quartz,1.0,659,28.96661630188228,587.1881638846737,3315.987860394537,568,3304,607,3327,39.35125035274803,22.472841577075865,0.9052197802197802,0.0,0.0,0.0,0.0,0.0,0.0,1.0,0.0,0.0,0.0,0.0,0.0,0.0,0.0,0.0,0.0,0.0
540,Quartz,1.0,162,14.361922094451577,590.5802469135803,2066.4814814814813,584,2058,599,2075,16.923965530872643,14.449204567811574,0.801980198019802,0.0,0.0,0.0,0.0,0.0,0.0,1.0,0.0,0.0,0.0,0.0,0.0,0.0,0.0,0.0,0.0,0.0
541,Quartz,1.0,2915,60.92202617200941,590.0826758147513,3220.316638078902,557,3181,621,3258,76.3571510777848,52.79706695366804,0.8054711246200608,0.0,0.0,0.0,0.0,0.0,0.0,1.0,0.0,0.0,0.0,0.0,0.0,0.0,0.0,0.0,0.0,0.0
542,Quartz,1.0,5618,84.57576344510373,595.3543965824136,950.8243147027412,556,902,646,1018,103.25437844413952,78.35077375928317,0.818115625455075,0.0,0.0,0.0,0.0,0.0,0.0,1.0,0.0,0.0,0.0,0.0,0.0,0.0,0.0,0.0,0.0,0.0
543,Quartz,1.0,1234,39.63808267566925,585.9222042139384,1227.4157212317666,549,1216,622,1248,67.8702073360629,25.646989544452897,0.8315363881401617,0.0,0.0,0.0,0.0,0.0,0.0,1.0,0.0,0.0,0.0,0.0,0.0,0.0,0.0,0.0,0.0,0.0
544,Quartz,1.0,1198,39.05561386782603,590.3939899833055,2444.235392320534,565,2426,620,2462,55.451608380119914,29.46556821571066,0.8262068965517242,0.0,0.0,0.0,0.0,0.0,0.0,1.0,0.0,0.0,0.0,0.0,0.0,0.0,0.0,0.0,0.0,0.0
545,Quartz,1.0,4338,74.31899585611431,590.9967727063163,4228.612033195021,545,4198,632,4271,87.69594499380601,67.91478505455636,0.8988810609200166,0.0,0.0,0.0,0.0,0.0,0.0,1.0,0.0,0.0,0.0,0.0,0.0,0.0,0.0,0.0,0.0,0.0
546,Quartz,1.0,1338,41.274623085567335,597.3542600896861,1284.3647234678624,571,1258,621,1308,51.58459539480264,35.856288323059026,0.8896276595744681,0.0,0.0,0.0,0.0,0.0,0.0,1.0,0.0,0.0,0.0,0.0,0.0,0.0,0.0,0.0,0.0,0.0
547,Quartz,1.0,469,24.436639426909572,601.8251599147121,4171.6567164179105,589,4161,616,4187,30.01836047490511,22.011311757235614,0.8114186851211073,0.0,0.0,0.0,0.0,0.0,0.0,1.0,0.0,0.0,0.0,0.0,0.0,0.0,0.0,0.0,0.0,0.0
548,Quartz,1.0,332,20.56004690782767,602.093373493976,4290.22891566265,595,4279,613,4307,28.943371569457295,16.027151069757462,0.8997289972899729,0.0,0.0,0.0,0.0,0.0,0.0,1.0,0.0,0.0,0.0,0.0,0.0,0.0,0.0,0.0,0.0,0.0
549,Quartz,1.0,3113,62.95708619973261,602.7237391583682,1379.7712817218116,567,1346,652,1414,73.31140057885676,58.93878764021943,0.8411240205349906,0.0,0.0,0.0,0.0,0.0,0.0,1.0,0.0,0.0,0.0,0.0,0.0,0.0,0.0,0.0,0.0,0.0
550,Quartz,1.0,158,14.183506197980657,603.7594936708861,2063.253164556962,597,2052,612,2072,22.091544647712116,10.39656842661562,0.8102564102564103,0.0,0.0,0.0,0.0,0.0,0.0,1.0,0.0,0.0,0.0,0.0,0.0,0.0,0.0,0.0,0.0,0.0
551,Quartz,1.0,329,20.466944330257718,602.5683890577508,1205.1854103343464,593,1194,618,1215,25.99825147755699,17.661485251922976,0.8820375335120644,0.0,0.0,0.0,0.0,0.0,0.0,1.0,0.0,0.0,0.0,0.0,0.0,0.0,0.0,0.0,0.0,0.0
552,Quartz,1.0,1428,42.64019312669459,599.8452380952381,297.8095238095238,576,274,623,323,45.09794165328081,42.472092089783885,0.8439716312056738,0.0,0.0,0.0,0.0,0.0,0.0,1.0,0.0,0.0,0.0,0.0,0.0,0.0,0.0,0.0,0.0,0.0
553,Orthoclase,1.0,5830,86.15675565970436,603.3785591766724,1117.2984562607205,559,1074,655,1162,92.64963511670035,83.25899814700483,0.8818635607321131,0.0,0.0,0.0,0.0,0.0,0.0,0.0,0.0,1.0,0.0,0.0,0.0,0.0,0.0,0.0,0.0,0.0
554,Quartz,1.0,2364,54.86290444147051,613.2906091370559,2305.2673434856174,581,2275,647,2346,73.5736167068862,45.945325600829214,0.7924907810928595,0.0,0.0,0.0,0.0,0.0,0.0,1.0,0.0,0.0,0.0,0.0,0.0,0.0,0.0,0.0,0.0,0.0
555,Quartz,1.0,2125,52.01570947860099,602.5336470588235,1838.2856470588235,574,1809,630,1870,68.6292125285615,40.8611052075467,0.8810116086235489,0.0,0.0,0.0,0.0,0.0,0.0,1.0,0.0,0.0,0.0,0.0,0.0,0.0,0.0,0.0,0.0,0.0
556,Quartz,1.0,784,31.594616678674353,608.9323979591836,657.9464285714286,590,641,631,675,40.34392945689291,27.782378622664755,0.8394004282655246,0.0,0.0,0.0,0.0,0.0,0.0,1.0,0.0,0.0,0.0,0.0,0.0,0.0,0.0,0.0,0.0,0.0
557,Quartz,1.0,1179,38.7446696107059,606.5759117896522,2219.181509754029,588,2196,628,2242,48.845109803514035,34.154402225576916,0.8326271186440678,0.0,0.0,0.0,0.0,0.0,0.0,1.0,0.0,0.0,0.0,0.0,0.0,0.0,0.0,0.0,0.0,0.0
558,Quartz,1.0,182,15.222667215103916,606.0604395604396,1322.1813186813188,598,1314,617,1333,24.36674508513005,10.311964126249231,0.8310502283105022,0.0,0.0,0.0,0.0,0.0,0.0,1.0,0.0,0.0,0.0,0.0,0.0,0.0,0.0,0.0,0.0,0.0
559,Quartz,1.0,147,13.680870333281758,607.5442176870748,1619.748299319728,597,1613,619,1628,23.79117155022569,10.811142378038925,0.6621621621621622,0.0,0.0,0.0,0.0,0.0,0.0,1.0,0.0,0.0,0.0,0.0,0.0,0.0,0.0,0.0,0.0,0.0
560,Quartz,1.0,427,23.31680264534386,611.231850117096,2037.887587822014,593,2023,633,2049,38.49806581812411,20.627240307270654,0.6988543371522095,0.0,0.0,0.0,0.0,0.0,0.0,1.0,0.0,0.0,0.0,0.0,0.0,0.0,0.0,0.0,0.0,0.0
561,Quartz,1.0,395,22.42609239636699,610.8860759493671,731.5974683544304,598,717,623,748,32.982805872260755,16.461929098573798,0.844017094017094,0.0,0.0,0.0,0.0,0.0,0.0,1.0,0.0,0.0,0.0,0.0,0.0,0.0,0.0,0.0,0.0,0.0
562,Quartz,1.0,564,26.797520467958073,607.8741134751773,3098.781914893617,597,3073,620,3123,49.88377988575262,17.735997266106263,0.7121212121212122,0.0,0.0,0.0,0.0,0.0,0.0,1.0,0.0,0.0,0.0,0.0,0.0,0.0,0.0,0.0,0.0,0.0
563,Quartz,1.0,4627,76.75467004351981,607.6928895612708,1699.0700237735034,572,1653,648,1742,92.57140612492728,64.98591376287855,0.9353143319183344,0.0,0.0,0.0,0.0,0.0,0.0,1.0,0.0,0.0,0.0,0.0,0.0,0.0,0.0,0.0,0.0,0.0
564,Orthoclase,1.0,572,26.986904594423443,623.3146853146853,1799.729020979021,608,1787,641,1814,31.96731577055941,24.841369860660905,0.844903988183161,0.0,0.0,0.0,0.0,0.0,0.0,0.0,0.0,1.0,0.0,0.0,0.0,0.0,0.0,0.0,0.0,0.0
565,Quartz,1.0,160,14.27299292922217,614.775,3297.45,609,3287,622,3307,21.162332877097,10.28132614009202,0.8465608465608465,0.0,0.0,0.0,0.0,0.0,0.0,1.0,0.0,0.0,0.0,0.0,0.0,0.0,0.0,0.0,0.0,0.0
566,Quartz,1.0,1685,46.318556031883695,622.8504451038576,614.5572700296736,592,593,659,641,73.51839054531459,30.44825842932702,0.8972310969116081,0.0,0.0,0.0,0.0,0.0,0.0,1.0,0.0,0.0,0.0,0.0,0.0,0.0,0.0,0.0,0.0,0.0
567,Quartz,1.0,1888,49.02934081200753,610.9168432203389,3641.2748940677966,574,3613,642,3663,68.58245810097146,40.36811067130742,0.8324514991181657,0.0,0.0,0.0,0.0,0.0,0.0,1.0,0.0,0.0,0.0,0.0,0.0,0.0,0.0,0.0,0.0,0.0
568,Quartz,1.0,145,13.58748446131949,618.0068965517241,3068.503448275862,612,3061,625,3077,14.925572746851158,12.81535108694508,0.90625,0.0,0.0,0.0,0.0,0.0,0.0,1.0,0.0,0.0,0.0,0.0,0.0,0.0,0.0,0.0,0.0,0.0
569,Quartz,1.0,892,33.70058862844632,619.9103139013453,772.0582959641256,604,750,637,794,43.29517042397235,29.125364370999048,0.8336448598130841,0.0,0.0,0.0,0.0,0.0,0.0,1.0,0.0,0.0,0.0,0.0,0.0,0.0,0.0,0.0,0.0,0.0
570,Quartz,1.0,743,30.757389059187485,621.6890982503364,692.2395693135935,597,673,650,704,47.86630179389637,25.385632960858988,0.7597137014314929,0.0,0.0,0.0,0.0,0.0,0.0,1.0,0.0,0.0,0.0,0.0,0.0,0.0,0.0,0.0,0.0,0.0
571,Chromite,1.0,2022,50.73943593945935,629.337784371909,1468.8728981206725,594,1451,672,1489,76.36655627630377,35.057276112681,0.9515294117647058,0.0,0.0,0.0,0.0,0.0,0.0,0.0,1.0,0.0,0.0,0.0,0.0,0.0,0.0,0.0,0.0,0.0
572,Quartz,1.0,326,20.37341629633241,621.7515337423313,3126.0858895705524,611,3114,636,3139,29.67194365969924,15.469463962638862,0.8295165394402035,0.0,0.0,0.0,0.0,0.0,0.0,1.0,0.0,0.0,0.0,0.0,0.0,0.0,0.0,0.0,0.0,0.0
573,Quartz,1.0,851,32.91696906717907,621.4112808460635,4599.21151586369,599,4580,647,4616,45.57155875678903,30.5382765775099,0.738074588031223,0.0,0.0,0.0,0.0,0.0,0.0,1.0,0.0,0.0,0.0,0.0,0.0,0.0,0.0,0.0,0.0,0.0
574,Quartz,1.0,433,23.480049464818542,620.4341801385681,2774.621247113164,607,2764,637,2788,32.332262564300045,18.007739923949664,0.8608349900596421,0.0,0.0,0.0,0.0,0.0,0.0,1.0,0.0,0.0,0.0,0.0,0.0,0.0,0.0,0.0,0.0,0.0
575,Quartz,1.0,416,23.014509567006368,621.6514423076923,4293.204326923077,609,4276,636,4308,32.253654565270395,18.880532600195696,0.7938931297709924,0.0,0.0,0.0,0.0,0.0,0.0,1.0,0.0,0.0,0.0,0.0,0.0,0.0,0.0,0.0,0.0,0.0
576,Quartz,1.0,121,12.412170838050638,627.7933884297521,3085.909090909091,622,3077,636,3096,16.91524702869412,11.464699664063907,0.7076023391812866,0.0,0.0,0.0,0.0,0.0,0.0,1.0,0.0,0.0,0.0,0.0,0.0,0.0,0.0,0.0,0.0,0.0
577,Quartz,1.0,861,33.109805919349256,636.177700348432,2792.1660859465737,607,2776,667,2811,61.02252812053437,24.334800580061554,0.6921221864951769,0.0,0.0,0.0,0.0,0.0,0.0,1.0,0.0,0.0,0.0,0.0,0.0,0.0,0.0,0.0,0.0,0.0
578,Quartz,1.0,460,24.201036973199617,626.6521739130435,441.7782608695652,612,429,644,455,33.34182887584955,19.438197082412223,0.7796610169491526,0.0,0.0,0.0,0.0,0.0,0.0,1.0,0.0,0.0,0.0,0.0,0.0,0.0,0.0,0.0,0.0,0.0
579,Quartz,1.0,790,31.71528401797434,632.6658227848101,1508.0683544303797,613,1490,653,1526,46.5836327345232,22.818431773810794,0.8719646799116998,0.0,0.0,0.0,0.0,0.0,0.0,1.0,0.0,0.0,0.0,0.0,0.0,0.0,0.0,0.0,0.0,0.0
580,Quartz,1.0,2056,51.164250253233405,624.647373540856,388.9353112840467,592,365,656,415,62.51947167851205,43.51714226046493,0.8943018703784255,0.0,0.0,0.0,0.0,0.0,0.0,1.0,0.0,0.0,0.0,0.0,0.0,0.0,0.0,0.0,0.0,0.0
581,Quartz,1.0,735,30.591356056578213,631.5183673469388,3269.2517006802723,615,3247,647,3292,45.33723406331559,21.5143798184003,0.906288532675709,0.0,0.0,0.0,0.0,0.0,0.0,1.0,0.0,0.0,0.0,0.0,0.0,0.0,0.0,0.0,0.0,0.0
582,Orthoclase,1.0,163,14.406180819073164,630.5950920245399,3141.429447852761,620,3133,641,3151,23.390641747484437,10.732248805586952,0.7688679245283019,0.0,0.0,0.0,0.0,0.0,0.0,0.0,0.0,1.0,0.0,0.0,0.0,0.0,0.0,0.0,0.0,0.0
583,Quartz,1.0,340,20.806283791440396,632.464705882353,519.714705882353,621,510,645,532,23.306420165103546,19.958936664814512,0.8395061728395061,0.0,0.0,0.0,0.0,0.0,0.0,1.0,0.0,0.0,0.0,0.0,0.0,0.0,0.0,0.0,0.0,0.0
584,Quartz,1.0,932,34.44792091974742,631.4763948497854,2017.0944206008583,608,1995,655,2043,61.63795573101449,20.207754534439363,0.8550458715596331,0.0,0.0,0.0,0.0,0.0,0.0,1.0,0.0,0.0,0.0,0.0,0.0,0.0,0.0,0.0,0.0,0.0
585,Quartz,1.0,109,11.780624362746345,627.4770642201835,2070.97247706422,618,2068,640,2076,22.967075627159105,6.881517671678206,0.7956204379562044,0.0,0.0,0.0,0.0,0.0,0.0,1.0,0.0,0.0,0.0,0.0,0.0,0.0,0.0,0.0,0.0,0.0
586,Quartz,1.0,1002,35.71814698195629,629.2694610778443,1420.9271457085829,613,1397,650,1450,57.4477264217524,25.119377271972926,0.7660550458715596,0.0,0.0,0.0,0.0,0.0,0.0,1.0,0.0,0.0,0.0,0.0,0.0,0.0,0.0,0.0,0.0,0.0
587,Quartz,1.0,406,22.736210219877808,634.7955665024631,2321.618226600985,620,2308,649,2334,32.40480083094679,17.365729856979016,0.8405797101449275,0.0,0.0,0.0,0.0,0.0,0.0,1.0,0.0,0.0,0.0,0.0,0.0,0.0,0.0,0.0,0.0,0.0
588,Quartz,1.0,628,28.277100878514442,635.3503184713376,1308.7961783439491,623,1293,648,1330,37.5687478467373,23.07283746974999,0.8820224719101124,0.0,0.0,0.0,0.0,0.0,0.0,1.0,0.0,0.0,0.0,0.0,0.0,0.0,0.0,0.0,0.0,0.0
590,Quartz,1.0,658,28.944630252185586,631.5759878419453,1248.001519756839,608,1238,651,1261,43.84602984833944,20.799779122361723,0.8590078328981723,0.0,0.0,0.0,0.0,0.0,0.0,1.0,0.0,0.0,0.0,0.0,0.0,0.0,0.0,0.0,0.0,0.0
591,Quartz,1.0,290,19.21560480373171,630.7586206896551,3378.213793103448,622,3368,645,3394,26.520406348592132,16.46556553940456,0.830945558739255,0.0,0.0,0.0,0.0,0.0,0.0,1.0,0.0,0.0,0.0,0.0,0.0,0.0,0.0,0.0,0.0,0.0
592,Quartz,1.0,318,20.12188299403865,638.6446540880503,301.54088050314465,631,290,650,316,25.807943037504856,17.035770327721686,0.8502673796791443,0.0,0.0,0.0,0.0,0.0,0.0,1.0,0.0,0.0,0.0,0.0,0.0,0.0,0.0,0.0,0.0,0.0
593,Quartz,1.0,134,13.061933202803933,641.276119402985,3365.6567164179105,634,3359,649,3372,15.897950913719866,11.166337873215031,0.9054054054054054,0.0,0.0,0.0,0.0,0.0,0.0,1.0,0.0,0.0,0.0,0.0,0.0,0.0,0.0,0.0,0.0,0.0
594,Quartz,0.9798478305572692,4863,78.68776211106207,639.7898416615258,4499.647748303516,596,4457,683,4538,87.04263110050134,74.36822580000828,0.856161971830986,0.0,0.0,0.0,0.0,0.0,0.0,0.9798478305572692,0.0,0.020152169442730825,0.0,0.0,0.0,0.0,0.0,0.0,0.0,0.0
595,Quartz,1.0,4919,79.13953070717734,646.435860947347,3763.4242732262655,604,3723,702,3803,93.48342523083791,71.6839392090717,0.9211610486891386,0.0,0.0,0.0,0.0,0.0,0.0,1.0,0.0,0.0,0.0,0.0,0.0,0.0,0.0,0.0,0.0,0.0
596,Quartz,1.0,278,18.81384047546846,642.2985611510792,4456.161870503597,631,4447,654,4465,23.387944224209104,15.720363699767606,0.8714733542319749,0.0,0.0,0.0,0.0,0.0,0.0,1.0,0.0,0.0,0.0,0.0,0.0,0.0,0.0,0.0,0.0,0.0
597,Quartz,1.0,1837,48.36259963730748,641.5895481763745,127.21121393576483,621,96,667,156,59.73381340514366,42.14073618997248,0.8878685355244079,0.0,0.0,0.0,0.0,0.0,0.0,1.0,0.0,0.0,0.0,0.0,0.0,0.0,0.0,0.0,0.0,0.0
598,Quartz,1.0,2493,56.33991644495722,648.2077817890092,1569.4223826714801,619,1535,683,1609,80.75762459791697,41.15926104994846,0.861139896373057,0.0,0.0,0.0,0.0,0.0,0.0,1.0,0.0,0.0,0.0,0.0,0.0,0.0,0.0,0.0,0.0,0.0
599,Quartz,1.0,256,18.0540666735282,642.4609375,2234.97265625,635,2221,652,2247,25.00379160678496,14.43386740729403,0.8504983388704319,0.0,0.0,0.0,0.0,0.0,0.0,1.0,0.0,0.0,0.0,0.0,0.0,0.0,0.0,0.0,0.0,0.0
600,Quartz,1.0,142,13.446189622059965,644.0492957746479,158.79577464788733,635,153,655,168,17.83747241903394,13.74998293040888,0.743455497382199,0.0,0.0,0.0,0.0,0.0,0.0,1.0,0.0,0.0,0.0,0.0,0.0,0.0,0.0,0.0,0.0,0.0
601,Quartz,1.0,3764,69.22769421541608,642.4396918172157,2562.595111583422,601,2529,677,2599,76.5684665937224,64.9030015924517,0.9209689258624908,0.0,0.0,0.0,0.0,0.0,0.0,1.0,0.0,0.0,0.0,0.0,0.0,0.0,0.0,0.0,0.0,0.0
602,Quartz,1.0,1569,44.695781072596446,651.5194391332059,486.19630337794774,620,467,694,511,77.96802361354177,27.76979245957412,0.8159126365054602,0.0,0.0,0.0,0.0,0.0,0.0,1.0,0.0,0.0,0.0,0.0,0.0,0.0,0.0,0.0,0.0,0.0
603,Quartz,1.0,1263,40.1011414426137,644.4481393507522,1044.2897862232778,621,1023,665,1067,47.27960789673321,36.7417999871631,0.8627049180327869,0.0,0.0,0.0,0.0,0.0,0.0,1.0,0.0,0.0,0.0,0.0,0.0,0.0,0.0,0.0,0.0,0.0
604,Quartz,1.0,10397,115.0559496358684,648.3966528806386,2155.575454458017,583,2099,710,2212,123.79327020727779,110.41506740693816,0.9248354385340687,0.0,0.0,0.0,0.0,0.0,0.0,1.0,0.0,0.0,0.0,0.0,0.0,0.0,0.0,0.0,0.0,0.0
605,Quartz,1.0,362,21.468877828012552,650.4696132596686,1645.5027624309391,640,1632,664,1659,26.890678007759064,18.898193932039813,0.8557919621749409,0.0,0.0,0.0,0.0,0.0,0.0,1.0,0.0,0.0,0.0,0.0,0.0,0.0,0.0,0.0,0.0,0.0
606,Quartz,1.0,887,33.60600357347016,651.792559188275,655.6719278466742,639,630,666,677,48.80926368499242,24.32035502181816,0.9041794087665648,0.0,0.0,0.0,0.0,0.0,0.0,1.0,0.0,0.0,0.0,0.0,0.0,0.0,0.0,0.0,0.0,0.0
607,Quartz,1.0,389,22.255115881567058,652.2596401028278,685.2493573264782,640,676,665,699,23.766141759260694,21.91750986280184,0.8800904977375565,0.0,0.0,0.0,0.0,0.0,0.0,1.0,0.0,0.0,0.0,0.0,0.0,0.0,0.0,0.0,0.0,0.0
608,Orthoclase,1.0,1889,49.04232355837886,650.4589730015881,2484.4187400741134,608,2463,692,2506,75.56382809302026,35.464006946708636,0.7923657718120806,0.0,0.0,0.0,0.0,0.0,0.0,0.0,0.0,1.0,0.0,0.0,0.0,0.0,0.0,0.0,0.0,0.0
609,Quartz,1.0,435,23.534213434057992,653.5701149425288,1872.8,643,1859,664,1890,31.399810297052504,18.82307010745432,0.8365384615384616,0.0,0.0,0.0,0.0,0.0,0.0,1.0,0.0,0.0,0.0,0.0,0.0,0.0,0.0,0.0,0.0,0.0
610,Quartz,1.0,1555,44.495926690689096,651.652733118971,4050.2295819935694,623,4027,676,4077,53.69344150367081,40.663227814290146,0.8369214208826695,0.0,0.0,0.0,0.0,0.0,0.0,1.0,0.0,0.0,0.0,0.0,0.0,0.0,0.0,0.0,0.0,0.0
611,Quartz,1.0,3756,69.15408686422857,670.1017039403621,4660.854366347178,631,4624,710,4693,82.31729268592237,63.86622077025079,0.8818971589575018,0.0,0.0,0.0,0.0,0.0,0.0,1.0,0.0,0.0,0.0,0.0,0.0,0.0,0.0,0.0,0.0,0.0
612,Quartz,1.0,1563,44.610238829455504,647.5476647472809,2408.2501599488164,621,2383,675,2435,61.75585887433696,35.66319396742445,0.8485342019543974,0.0,0.0,0.0,0.0,0.0,0.0,1.0,0.0,0.0,0.0,0.0,0.0,0.0,0.0,0.0,0.0,0.0
613,Quartz,1.0,390,22.283703068536735,656.625641025641,3125.0794871794874,643,3115,669,3138,23.55046854416292,21.98265575178182,0.8609271523178808,0.0,0.0,0.0,0.0,0.0,0.0,1.0,0.0,0.0,0.0,0.0,0.0,0.0,0.0,0.0,0.0,0.0
614,Quartz,1.0,5334,82.41031326003656,646.424446944132,2743.101424821897,563,2661,723,2808,224.56848066408838,34.15739041355516,0.7817675509306756,0.0,0.0,0.0,0.0,0.0,0.0,1.0,0.0,0.0,0.0,0.0,0.0,0.0,0.0,0.0,0.0,0.0
615,Orthoclase,1.0,276,18.746042631630413,656.3659420289855,1091.2427536231885,648,1076,665,1108,30.27988668851708,13.74032747341147,0.75,0.0,0.0,0.0,0.0,0.0,0.0,0.0,0.0,1.0,0.0,0.0,0.0,0.0,0.0,0.0,0.0,0.0
616,Quartz,1.0,111,11.888212206450685,660.3513513513514,2640.3063063063064,655,2634,667,2648,15.083980896592676,9.903446884102388,0.8604651162790697,0.0,0.0,0.0,0.0,0.0,0.0,1.0,0.0,0.0,0.0,0.0,0.0,0.0,0.0,0.0,0.0,0.0
617,Quartz,1.0,1566,44.653030435293694,669.066411238825,3511.892720306513,642,3491,699,3535,60.2315392311864,34.14885824695086,0.889267461669506,0.0,0.0,0.0,0.0,0.0,0.0,1.0,0.0,0.0,0.0,0.0,0.0,0.0,0.0,0.0,0.0,0.0
619,Quartz,1.0,445,23.803184606416586,662.7123595505618,2374.0921348314605,650,2356,677,2396,45.599595148985365,13.667290757621915,0.8018018018018018,0.0,0.0,0.0,0.0,0.0,0.0,1.0,0.0,0.0,0.0,0.0,0.0,0.0,0.0,0.0,0.0,0.0
620,Quartz,1.0,3034,62.15310755486393,662.7854317732366,3219.4901120632826,624,3187,697,3251,70.00313521133775,58.943803524587715,0.8771321191095692,0.0,0.0,0.0,0.0,0.0,0.0,1.0,0.0,0.0,0.0,0.0,0.0,0.0,0.0,0.0,0.0,0.0
621,Quartz,1.0,158,14.183506197980657,663.4367088607595,4102.012658227848,654,4094,671,4111,18.377226389767806,11.691531417775503,0.8633879781420765,0.0,0.0,0.0,0.0,0.0,0.0,1.0,0.0,0.0,0.0,0.0,0.0,0.0,0.0,0.0,0.0,0.0
622,Quartz,1.0,2545,56.92446434838882,657.9296660117878,1954.2911591355598,624,1925,695,1989,75.69517861472006,47.89574144668695,0.8306135770234987,0.0,0.0,0.0,0.0,0.0,0.0,1.0,0.0,0.0,0.0,0.0,0.0,0.0,0.0,0.0,0.0,0.0
623,Quartz,1.0,2027,50.802131423574885,672.3848051307351,1275.6867291563888,643,1243,704,1311,63.129892653644596,44.242117395237436,0.8813043478260869,0.0,0.0,0.0,0.0,0.0,0.0,1.0,0.0,0.0,0.0,0.0,0.0,0.0,0.0,0.0,0.0,0.0
624,Quartz,1.0,374,21.821814538001895,673.2673796791444,301.74598930481284,661,287,688,317,30.907277268978415,20.287699144284044,0.7711340206185567,0.0,0.0,0.0,0.0,0.0,0.0,1.0,0.0,0.0,0.0,0.0,0.0,0.0,0.0,0.0,0.0,0.0
625,Quartz,1.0,5476,83.50005836506793,671.0547845142439,4393.792549306063,625,4348,716,4435,92.23642042994034,79.89460607920621,0.8698967434471803,0.0,0.0,0.0,0.0,0.0,0.0,1.0,0.0,0.0,0.0,0.0,0.0,0.0,0.0,0.0,0.0,0.0
626,Quartz,1.0,535,26.099485750361293,678.6635514018692,3385.452336448598,662,3376,697,3397,35.81884151368052,19.595929787135507,0.9021922428330523,0.0,0.0,0.0,0.0,0.0,0.0,1.0,0.0,0.0,0.0,0.0,0.0,0.0,0.0,0.0,0.0,0.0
627,Quartz,1.0,505,25.357168021907675,676.4376237623762,1530.348514851485,665,1516,694,1545,29.419611805039555,23.535555465116605,0.9181818181818182,0.0,0.0,0.0,0.0,0.0,0.0,1.0,0.0,0.0,0.0,0.0,0.0,0.0,0.0,0.0,0.0,0.0
628,Quartz,1.0,512,25.532305945691693,676.40234375,1206.330078125,664,1195,690,1220,27.28431194303847,25.08015667428509,0.924187725631769,0.0,0.0,0.0,0.0,0.0,0.0,1.0,0.0,0.0,0.0,0.0,0.0,0.0,0.0,0.0,0.0,0.0
629,Quartz,1.0,1600,45.1351666838205,668.54875,3284.02,632,3260,701,3309,75.32989834334339,31.69198622020323,0.7673860911270983,0.0,0.0,0.0,0.0,0.0,0.0,1.0,0.0,0.0,0.0,0.0,0.0,0.0,0.0,0.0,0.0,0.0
630,Quartz,1.0,115,12.100518486599809,680.2434782608696,287.60869565217394,674,279,686,300,22.461598297463194,7.665275643749886,0.8041958041958042,0.0,0.0,0.0,0.0,0.0,0.0,1.0,0.0,0.0,0.0,0.0,0.0,0.0,0.0,0.0,0.0,0.0
631,Quartz,1.0,1699,46.510579296597044,684.0,1632.313713949382,658,1610,712,1664,51.360503481519586,45.68290474536338,0.8928008407777194,0.0,0.0,0.0,0.0,0.0,0.0,1.0,0.0,0.0,0.0,0.0,0.0,0.0,0.0,0.0,0.0,0.0
632,Quartz,1.0,1259,40.03758967297569,683.912629070691,3150.2231930103258,666,3124,702,3184,56.89886997207093,31.334086726261425,0.8664831383344804,0.0,0.0,0.0,0.0,0.0,0.0,1.0,0.0,0.0,0.0,0.0,0.0,0.0,0.0,0.0,0.0,0.0
633,Quartz,1.0,673,29.2726871606753,684.2823179791976,656.852897473997,672,633,696,679,45.11506017593831,20.558676882549243,0.8329207920792079,0.0,0.0,0.0,0.0,0.0,0.0,1.0,0.0,0.0,0.0,0.0,0.0,0.0,0.0,0.0,0.0,0.0
634,Quartz,1.0,373,21.792621462004423,675.7908847184987,2232.2922252010726,662,2219,686,2243,25.438852758297312,20.767572598241074,0.9075425790754258,0.0,0.0,0.0,0.0,0.0,0.0,1.0,0.0,0.0,0.0,0.0,0.0,0.0,0.0,0.0,0.0,0.0
635,Quartz,1.0,6114,88.23030418462119,697.2065750736016,2977.0507033038925,651,2941,761,3025,114.27382393897068,73.05074978420346,0.9098214285714286,0.0,0.0,0.0,0.0,0.0,0.0,1.0,0.0,0.0,0.0,0.0,0.0,0.0,0.0,0.0,0.0,0.0
636,Quartz,1.0,436,23.56124872549269,694.9495412844037,2229.4243119266057,685,2218,709,2243,25.102790421777843,23.642445372663467,0.919831223628692,0.0,0.0,0.0,0.0,0.0,0.0,1.0,0.0,0.0,0.0,0.0,0.0,0.0,0.0,0.0,0.0,0.0
637,Quartz,1.0,7270,96.21045416286441,699.7570839064649,718.6211829436038,624,665,769,765,152.07313755408794,65.86002124319378,0.8414351851851852,0.0,0.0,0.0,0.0,0.0,0.0,1.0,0.0,0.0,0.0,0.0,0.0,0.0,0.0,0.0,0.0,0.0
638,Quartz,1.0,374,21.821814538001895,684.8475935828877,2379.187165775401,673,2367,700,2393,28.458809369462887,18.113969775700447,0.8423423423423423,0.0,0.0,0.0,0.0,0.0,0.0,1.0,0.0,0.0,0.0,0.0,0.0,0.0,0.0,0.0,0.0,0.0
639,Quartz,1.0,10423,115.19972124434416,690.4550513287921,4264.340688861173,636,4182,745,4331,138.31918862441714,100.52742201501181,0.9218183426196161,0.0,0.0,0.0,0.0,0.0,0.0,1.0,0.0,0.0,0.0,0.0,0.0,0.0,0.0,0.0,0.0,0.0
640,Quartz,1.0,167,14.581872443920643,685.1676646706587,338.7185628742515,677,331,696,345,19.725802292540518,12.27146302637592,0.8067632850241546,0.0,0.0,0.0,0.0,0.0,0.0,1.0,0.0,0.0,0.0,0.0,0.0,0.0,0.0,0.0,0.0,0.0
641,Quartz,1.0,143,13.493452297211721,691.1468531468531,328.68531468531467,684,319,697,336,15.99010436274304,12.30650301374094,0.8719512195121951,0.0,0.0,0.0,0.0,0.0,0.0,1.0,0.0,0.0,0.0,0.0,0.0,0.0,0.0,0.0,0.0,0.0
642,Quartz,1.0,4942,79.32433315245187,682.2282476730069,3576.875151760421,635,3527,732,3632,110.45161988960065,61.632172334193534,0.848412017167382,0.0,0.0,0.0,0.0,0.0,0.0,1.0,0.0,0.0,0.0,0.0,0.0,0.0,0.0,0.0,0.0,0.0
643,Quartz,1.0,342,20.867389014906145,693.6081871345029,2397.7865497076023,684,2388,706,2413,23.687408228398272,20.085834214304505,0.8702290076335878,0.0,0.0,0.0,0.0,0.0,0.0,1.0,0.0,0.0,0.0,0.0,0.0,0.0,0.0,0.0,0.0,0.0
644,Quartz,1.0,650,28.76813695875796,689.8046153846154,2010.3676923076923,671,1986,704,2036,51.72236229102672,22.354456738583437,0.6659836065573771,0.0,0.0,0.0,0.0,0.0,0.0,1.0,0.0,0.0,0.0,0.0,0.0,0.0,0.0,0.0,0.0,0.0
645,Quartz,1.0,595,27.524126309792685,689.4336134453781,1081.2067226890756,672,1069,705,1093,37.03613863999769,22.082817840818368,0.8610709117221418,0.0,0.0,0.0,0.0,0.0,0.0,1.0,0.0,0.0,0.0,0.0,0.0,0.0,0.0,0.0,0.0,0.0
646,Quartz,1.0,273,18.643883600599406,696.5457875457876,2430.1172161172162,687,2421,709,2444,24.015882459133998,16.809058611051007,0.7936046511627907,0.0,0.0,0.0,0.0,0.0,0.0,1.0,0.0,0.0,0.0,0.0,0.0,0.0,0.0,0.0,0.0,0.0
647,Quartz,1.0,2039,50.952285834052596,696.7846983815596,1032.7229033840117,667,1000,724,1061,56.290028078720624,50.53379662746676,0.8585263157894737,0.0,0.0,0.0,0.0,0.0,0.0,1.0,0.0,0.0,0.0,0.0,0.0,0.0,0.0,0.0,0.0,0.0
648,Quartz,1.0,185,15.347615963921077,698.0324324324324,3052.583783783784,690,3041,707,3067,25.026075885582706,11.241280194331878,0.8149779735682819,0.0,0.0,0.0,0.0,0.0,0.0,1.0,0.0,0.0,0.0,0.0,0.0,0.0,0.0,0.0,0.0,0.0
649,Quartz,1.0,428,23.34408972623798,703.0350467289719,1576.6238317757009,684,1562,719,1594,36.82294386973344,21.174667674366308,0.7217537942664418,0.0,0.0,0.0,0.0,0.0,0.0,1.0,0.0,0.0,0.0,0.0,0.0,0.0,0.0,0.0,0.0,0.0
650,Quartz,1.0,1531,44.1512145131879,696.310254735467,2349.431090790333,668,2331,727,2372,58.01776716832512,34.68505197910506,0.8895990703079605,0.0,0.0,0.0,0.0,0.0,0.0,1.0,0.0,0.0,0.0,0.0,0.0,0.0,0.0,0.0,0.0,0.0
651,Quartz,1.0,363,21.498510523728477,700.694214876033,2731.0798898071625,683,2717,715,2743,29.992468522553633,20.123302538654727,0.6927480916030534,0.0,0.0,0.0,0.0,0.0,0.0,1.0,0.0,0.0,0.0,0.0,0.0,0.0,0.0,0.0,0.0,0.0
652,Quartz,1.0,239,17.44431859350499,704.1799163179917,101.67782426778243,699,81,708,128,48.30935354361112,7.7725558276752125,0.8074324324324325,0.0,0.0,0.0,0.0,0.0,0.0,1.0,0.0,0.0,0.0,0.0,0.0,0.0,0.0,0.0,0.0,0.0
653,Quartz,1.0,1729,46.91941147166166,691.8912666281087,3722.198958935801,649,3698,730,3748,86.24592625759762,27.61569880576011,0.7848388561053109,0.0,0.0,0.0,0.0,0.0,0.0,1.0,0.0,0.0,0.0,0.0,0.0,0.0,0.0,0.0,0.0,0.0
654,Quartz,1.0,2776,59.45177016864016,699.6120317002882,1368.403818443804,659,1332,732,1400,73.83249036839533,53.986865820094856,0.8298953662182361,0.0,0.0,0.0,0.0,0.0,0.0,1.0,0.0,0.0,0.0,0.0,0.0,0.0,0.0,0.0,0.0,0.0
655,Quartz,1.0,1124,37.83016320718592,708.2731316725979,3188.9395017793595,690,3166,728,3214,44.92894531016438,35.33503565096793,0.8356877323420074,0.0,0.0,0.0,0.0,0.0,0.0,1.0,0.0,0.0,0.0,0.0,0.0,0.0,0.0,0.0,0.0,0.0
656,Quartz,1.0,3072,62.54112152357375,714.5283203125,3347.5511067708335,684,3307,748,3384,72.91995486120067,56.6229353704526,0.8719841044564292,0.0,0.0,0.0,0.0,0.0,0.0,1.0,0.0,0.0,0.0,0.0,0.0,0.0,0.0,0.0,0.0,0.0
657,Quartz,1.0,358,21.349935761383176,713.0698324022346,2205.9916201117317,701,2189,724,2222,27.03448947361339,19.583547453637653,0.7816593886462883,0.0,0.0,0.0,0.0,0.0,0.0,1.0,0.0,0.0,0.0,0.0,0.0,0.0,0.0,0.0,0.0,0.0
658,Quartz,1.0,1471,43.27742333255787,706.5989123045547,2577.796736913664,674,2549,735,2605,66.69417620377767,31.859170196212105,0.8405714285714285,0.0,0.0,0.0,0.0,0.0,0.0,1.0,0.0,0.0,0.0,0.0,0.0,0.0,0.0,0.0,0.0,0.0
659,Quartz,1.0,2263,53.678124871642765,716.7154220061865,1250.505965532479,688,1223,748,1281,64.01289678722536,47.13680275848543,0.9062875450540648,0.0,0.0,0.0,0.0,0.0,0.0,1.0,0.0,0.0,0.0,0.0,0.0,0.0,0.0,0.0,0.0,0.0
660,Quartz,1.0,962,34.997949111844065,719.4054054054054,1516.871101871102,699,1496,737,1546,51.77688384088138,26.102647461348212,0.7814784727863525,0.0,0.0,0.0,0.0,0.0,0.0,1.0,0.0,0.0,0.0,0.0,0.0,0.0,0.0,0.0,0.0,0.0
661,Quartz,1.0,2311,54.24441526906674,713.9727390739939,3423.59498052791,686,3392,746,3448,58.844199956263964,52.57704249341427,0.9105594956658787,0.0,0.0,0.0,0.0,0.0,0.0,1.0,0.0,0.0,0.0,0.0,0.0,0.0,0.0,0.0,0.0,0.0
662,Orthoclase,1.0,2224,53.21357672146274,722.3853417266187,523.3525179856115,692,495,753,557,64.84017448030231,50.75288449378994,0.8446638815039879,0.0,0.0,0.0,0.0,0.0,0.0,0.0,0.0,1.0,0.0,0.0,0.0,0.0,0.0,0.0,0.0,0.0
663,Quartz,1.0,438,23.615226456547084,716.7237442922375,994.4794520547945,696,985,741,1003,47.17265194634194,13.938443266411685,0.7487179487179487,0.0,0.0,0.0,0.0,0.0,0.0,1.0,0.0,0.0,0.0,0.0,0.0,0.0,0.0,0.0,0.0,0.0
665,Quartz,1.0,2381,55.059816164008595,731.9529609407812,3465.895002099958,693,3438,767,3493,69.63823154487518,46.56101114808087,0.8658181818181818,0.0,0.0,0.0,0.0,0.0,0.0,1.0,0.0,0.0,0.0,0.0,0.0,0.0,0.0,0.0,0.0,0.0
666,Quartz,1.0,1082,37.116642997494345,712.6469500924214,3782.8012939001846,685,3767,742,3800,54.056843207867985,26.928409298298366,0.8704746580852776,0.0,0.0,0.0,0.0,0.0,0.0,1.0,0.0,0.0,0.0,0.0,0.0,0.0,0.0,0.0,0.0,0.0
667,Orthoclase,1.0,5020,79.94787373389312,720.45,384.703187250996,677,341,761,430,88.8892014554556,72.9367661297699,0.915056507473569,0.0,0.0,0.0,0.0,0.0,0.0,0.0,0.0,1.0,0.0,0.0,0.0,0.0,0.0,0.0,0.0,0.0
668,Quartz,1.0,602,27.685559519911603,717.0332225913621,2317.8255813953488,697,2302,733,2336,40.64804429763268,22.69989518654802,0.7757731958762887,0.0,0.0,0.0,0.0,0.0,0.0,1.0,0.0,0.0,0.0,0.0,0.0,0.0,0.0,0.0,0.0,0.0
670,Orthoclase,1.0,1081,37.09948716436268,722.4255319148937,590.2035152636448,704,572,742,608,40.73050060291883,35.37876412422966,0.9068791946308725,0.0,0.0,0.0,0.0,0.0,0.0,0.0,0.0,1.0,0.0,0.0,0.0,0.0,0.0,0.0,0.0,0.0
671,Quartz,1.0,840,32.703535245865034,724.2785714285715,454.1595238095238,699,435,746,471,41.80048391481705,30.327486882148577,0.8416833667334669,0.0,0.0,0.0,0.0,0.0,0.0,1.0,0.0,0.0,0.0,0.0,0.0,0.0,0.0,0.0,0.0,0.0
672,Orthoclase,1.0,168,14.625465582862905,729.4047619047619,638.0952380952381,721,632,742,645,20.75784161467603,11.826638622809796,0.8615384615384616,0.0,0.0,0.0,0.0,0.0,0.0,0.0,0.0,1.0,0.0,0.0,0.0,0.0,0.0,0.0,0.0,0.0
673,Quartz,1.0,229,17.075475271404667,723.5851528384279,2707.480349344978,710,2693,734,2717,30.26597551762295,14.205189056443665,0.6918429003021148,0.0,0.0,0.0,0.0,0.0,0.0,1.0,0.0,0.0,0.0,0.0,0.0,0.0,0.0,0.0,0.0,0.0
674,Quartz,1.0,5580,84.2892440328077,722.8197132616488,2900.301254480287,675,2851,772,2942,98.02191582355591,84.20640282715644,0.7680660701995871,0.0,0.0,0.0,0.0,0.0,0.0,1.0,0.0,0.0,0.0,0.0,0.0,0.0,0.0,0.0,0.0,0.0
675,Quartz,1.0,1132,37.96455142155909,728.1360424028269,2249.701413427562,710,2232,750,2271,41.02193658764147,36.61007952681436,0.8795648795648796,0.0,0.0,0.0,0.0,0.0,0.0,1.0,0.0,0.0,0.0,0.0,0.0,0.0,0.0,0.0,0.0,0.0
676,Quartz,1.0,129,12.815923738491737,734.5658914728682,3853.68992248062,724,3849,746,3860,19.261372668808047,9.318451980391737,0.7771084337349398,0.0,0.0,0.0,0.0,0.0,0.0,1.0,0.0,0.0,0.0,0.0,0.0,0.0,0.0,0.0,0.0,0.0
677,Quartz,1.0,6562,91.40567757285177,735.5812252362085,177.52743066138373,700,93,775,241,144.51748703408728,61.73371338406448,0.8943709963200218,0.0,0.0,0.0,0.0,0.0,0.0,1.0,0.0,0.0,0.0,0.0,0.0,0.0,0.0,0.0,0.0,0.0
678,Quartz,1.0,279,18.847647942942654,734.6917562724014,1191.1254480286739,725,1180,747,1201,21.908056152965855,18.999712299910765,0.7971428571428572,0.0,0.0,0.0,0.0,0.0,0.0,1.0,0.0,0.0,0.0,0.0,0.0,0.0,0.0,0.0,0.0,0.0
679,Quartz,1.0,1439,42.804108504603846,737.1153578874219,3639.8700486448924,710,3618,768,3664,56.97185513947287,36.7422677158805,0.7924008810572687,0.0,0.0,0.0,0.0,0.0,0.0,1.0,0.0,0.0,0.0,0.0,0.0,0.0,0.0,0.0,0.0,0.0
680,Quartz,1.0,190,15.553633450087505,739.1789473684211,1204.3526315789475,728,1199,751,1214,22.432473766076313,12.45995998102553,0.7851239669421488,0.0,0.0,0.0,0.0,0.0,0.0,1.0,0.0,0.0,0.0,0.0,0.0,0.0,0.0,0.0,0.0,0.0
681,Quartz,1.0,949,34.76067214473376,741.2307692307693,1607.200210748156,727,1582,757,1633,49.15018332138981,25.512182051855145,0.876269621421976,0.0,0.0,0.0,0.0,0.0,0.0,1.0,0.0,0.0,0.0,0.0,0.0,0.0,0.0,0.0,0.0,0.0
682,Quartz,1.0,1005,35.77157729900708,740.61592039801,3818.6935323383086,716,3805,768,3835,50.71908233040096,26.547661311976924,0.8473861720067454,0.0,0.0,0.0,0.0,0.0,0.0,1.0,0.0,0.0,0.0,0.0,0.0,0.0,0.0,0.0,0.0,0.0
683,Quartz,0.9508094645080947,1606,45.21971593060566,742.7160647571607,4650.0161892901615,716,4623,771,4671,53.35980012377524,39.826216774051986,0.9058093626621545,0.0,0.0,0.0,0.0,0.0,0.0,0.9508094645080947,0.0,0.04919053549190536,0.0,0.0,0.0,0.0,0.0,0.0,0.0,0.0
684,Quartz,1.0,3495,66.70811201682591,714.5645207439198,2656.6011444921314,667,2620,745,2692,81.34969645597062,62.17090778807549,0.8934049079754601,0.0,0.0,0.0,0.0,0.0,0.0,1.0,0.0,0.0,0.0,0.0,0.0,0.0,0.0,0.0,0.0,0.0
685,Quartz,1.0,2592,57.44768837780631,767.3001543209876,2660.113040123457,744,2625,802,2690,64.56919369060749,55.481343422898675,0.907563025210084,0.0,0.0,0.0,0.0,0.0,0.0,1.0,0.0,0.0,0.0,0.0,0.0,0.0,0.0,0.0,0.0,0.0
686,Quartz,1.0,12501,126.16167226513078,737.4164466842652,4064.391568674506,660,3996,798,4127,144.8614641097311,116.1681542641922,0.9058039272516484,0.0,0.0,0.0,0.0,0.0,0.0,1.0,0.0,0.0,0.0,0.0,0.0,0.0,0.0,0.0,0.0,0.0
687,Quartz,1.0,172,14.798554040663838,745.4127906976744,3210.3546511627906,737,3203,755,3218,18.97745582790858,12.059974045471334,0.8911917098445595,0.0,0.0,0.0,0.0,0.0,0.0,1.0,0.0,0.0,0.0,0.0,0.0,0.0,0.0,0.0,0.0,0.0
688,Quartz,1.0,1116,37.69529588588531,752.260752688172,3935.4112903225805,729,3912,776,3957,47.332352283847506,35.155938640317004,0.7994269340974212,0.0,0.0,0.0,0.0,0.0,0.0,1.0,0.0,0.0,0.0,0.0,0.0,0.0,0.0,0.0,0.0,0.0
689,Orthoclase,1.0,261,18.229523339239496,758.6436781609195,2954.6015325670496,744,2945,775,2964,33.081594740154394,12.979567591785115,0.7131147540983607,0.0,0.0,0.0,0.0,0.0,0.0,0.0,0.0,1.0,0.0,0.0,0.0,0.0,0.0,0.0,0.0,0.0
690,Quartz,1.0,1127,37.88061465864207,753.1091393078971,1331.8775510204082,731,1313,776,1352,44.379889925747996,34.1323204028624,0.8397913561847988,0.0,0.0,0.0,0.0,0.0,0.0,1.0,0.0,0.0,0.0,0.0,0.0,0.0,0.0,0.0,0.0,0.0
691,Quartz,1.0,2741,59.07579531516339,749.0514410798978,2391.7468077344033,725,2349,778,2433,78.8529934220786,46.236490503325214,0.8983939691904294,0.0,0.0,0.0,0.0,0.0,0.0,1.0,0.0,0.0,0.0,0.0,0.0,0.0,0.0,0.0,0.0,0.0
692,Quartz,1.0,5559,84.13048573010124,757.7208130958805,3061.270192480662,702,3020,808,3106,104.13152872070997,70.2057762559772,0.8920089858793325,0.0,0.0,0.0,0.0,0.0,0.0,1.0,0.0,0.0,0.0,0.0,0.0,0.0,0.0,0.0,0.0,0.0
693,Quartz,1.0,912,34.07630356711932,753.8508771929825,2509.8179824561403,730,2497,773,2526,42.26853540737358,28.938424196405922,0.9129129129129129,0.0,0.0,0.0,0.0,0.0,0.0,1.0,0.0,0.0,0.0,0.0,0.0,0.0,0.0,0.0,0.0,0.0
694,Quartz,1.0,505,25.357168021907675,755.2950495049505,2585.6039603960394,742,2570,770,2605,34.888651238725686,19.455875067409675,0.8444816053511706,0.0,0.0,0.0,0.0,0.0,0.0,1.0,0.0,0.0,0.0,0.0,0.0,0.0,0.0,0.0,0.0,0.0
695,Quartz,1.0,563,26.77375326109316,751.8845470692718,3867.1225577264654,736,3853,774,3886,37.35168759173247,24.509829926802464,0.701120797011208,0.0,0.0,0.0,0.0,0.0,0.0,1.0,0.0,0.0,0.0,0.0,0.0,0.0,0.0,0.0,0.0,0.0
696,Quartz,1.0,433,23.480049464818542,766.6859122401847,3874.473441108545,755,3861,780,3891,34.124914552951516,17.748233996198433,0.8231939163498099,0.0,0.0,0.0,0.0,0.0,0.0,1.0,0.0,0.0,0.0,0.0,0.0,0.0,0.0,0.0,0.0,0.0
697,Quartz,1.0,307,19.77080019204319,760.42996742671,2482.013029315961,750,2469,771,2496,28.013918945555265,17.42099158063249,0.7713567839195979,0.0,0.0,0.0,0.0,0.0,0.0,1.0,0.0,0.0,0.0,0.0,0.0,0.0,0.0,0.0,0.0,0.0
698,Quartz,1.0,2660,58.196367489694175,768.5511278195489,3552.507894736842,733,3527,815,3581,85.75996420617655,43.09500785734814,0.8232745280099041,0.0,0.0,0.0,0.0,0.0,0.0,1.0,0.0,0.0,0.0,0.0,0.0,0.0,0.0,0.0,0.0,0.0
699,Quartz,1.0,5719,85.33262539228707,766.0519321559714,4578.421752054555,726,4516,809,4634,108.56285832925757,69.60271943607344,0.8990724728816224,0.0,0.0,0.0,0.0,0.0,0.0,1.0,0.0,0.0,0.0,0.0,0.0,0.0,0.0,0.0,0.0,0.0
700,Quartz,1.0,262,18.26441241104166,765.4312977099237,932.8167938931298,758,922,774,944,20.219642972864303,16.689006920205095,0.9290780141843972,0.0,0.0,0.0,0.0,0.0,0.0,1.0,0.0,0.0,0.0,0.0,0.0,0.0,0.0,0.0,0.0,0.0
701,Quartz,1.0,7939,100.53978687888919,741.0066759037662,1860.6878700088173,667,1805,807,1909,152.03706902285813,74.50979628420897,0.8718427410498573,0.0,0.0,0.0,0.0,0.0,0.0,1.0,0.0,0.0,0.0,0.0,0.0,0.0,0.0,0.0,0.0,0.0
702,Quartz,1.0,1907,49.275428073330374,770.092815941269,657.8584163607761,744,632,799,688,58.21019690072003,44.7259743278543,0.8349387040280211,0.0,0.0,0.0,0.0,0.0,0.0,1.0,0.0,0.0,0.0,0.0,0.0,0.0,0.0,0.0,0.0,0.0
703,Quartz,1.0,1245,39.81435963562993,763.1815261044177,2324.269076305221,741,2301,787,2348,53.400991524412646,31.02088054844879,0.8804809052333805,0.0,0.0,0.0,0.0,0.0,0.0,1.0,0.0,0.0,0.0,0.0,0.0,0.0,0.0,0.0,0.0,0.0
704,Quartz,1.0,3185,63.68098578054122,764.0373626373627,4168.680690737833,732,4136,796,4206,69.30220788794959,63.433055339565676,0.828133125325013,0.0,0.0,0.0,0.0,0.0,0.0,1.0,0.0,0.0,0.0,0.0,0.0,0.0,0.0,0.0,0.0,0.0
705,Quartz,1.0,2026,50.78959851813597,781.3795656465943,98.97828232971372,749,79,822,127,73.00215407764063,37.09188823449866,0.8717728055077453,0.0,0.0,0.0,0.0,0.0,0.0,1.0,0.0,0.0,0.0,0.0,0.0,0.0,0.0,0.0,0.0,0.0
706,Unknown,1.0,190,15.553633450087505,769.3894736842105,2203.7842105263157,761,2194,778,2212,16.41988512322308,15.62098892445131,0.8796296296296297,0.0,0.0,0.0,0.0,0.0,0.0,0.0,0.0,0.0,0.0,0.0,0.0,0.0,0.0,0.0,0.0,1.0
707,Quartz,1.0,4312,74.09594399761718,772.3399814471243,3223.2293599257887,724,3180,823,3260,105.21286026106556,57.44644074415099,0.8103739898515316,0.0,0.0,0.0,0.0,0.0,0.0,1.0,0.0,0.0,0.0,0.0,0.0,0.0,0.0,0.0,0.0,0.0
708,Quartz,1.0,739,30.67448489476694,771.9918809201624,4440.5466847090665,755,4425,789,4459,34.56462618761695,29.354910519312007,0.8192904656319291,0.0,0.0,0.0,0.0,0.0,0.0,1.0,0.0,0.0,0.0,0.0,0.0,0.0,0.0,0.0,0.0,0.0
709,Quartz,1.0,249,17.805522925178455,767.7269076305221,2542.128514056225,754,2535,781,2550,25.755940385303255,13.165966910518545,0.8586206896551725,0.0,0.0,0.0,0.0,0.0,0.0,1.0,0.0,0.0,0.0,0.0,0.0,0.0,0.0,0.0,0.0,0.0
710,Quartz,1.0,5108,80.6455677300818,772.582223962412,827.8439702427564,726,777,820,881,99.50627144871855,75.32552909751347,0.7575263235948391,0.0,0.0,0.0,0.0,0.0,0.0,1.0,0.0,0.0,0.0,0.0,0.0,0.0,0.0,0.0,0.0,0.0
711,Quartz,1.0,213,16.46815177937675,777.6478873239437,2531.2676056338028,767,2525,789,2540,22.78167227662138,12.460911732081462,0.8838174273858921,0.0,0.0,0.0,0.0,0.0,0.0,1.0,0.0,0.0,0.0,0.0,0.0,0.0,0.0,0.0,0.0,0.0
712,Quartz,1.0,691,29.661566469288122,771.4876989869754,1030.7163531114327,756,1013,791,1048,39.48208520376625,24.250913106230854,0.8962386511024644,0.0,0.0,0.0,0.0,0.0,0.0,1.0,0.0,0.0,0.0,0.0,0.0,0.0,0.0,0.0,0.0,0.0
713,Quartz,1.0,278,18.81384047546846,772.7194244604317,3656.4676258992804,761,3642,781,3668,25.377303702946552,17.030979267558124,0.8152492668621701,0.0,0.0,0.0,0.0,0.0,0.0,1.0,0.0,0.0,0.0,0.0,0.0,0.0,0.0,0.0,0.0,0.0
714,Quartz,1.0,1063,36.78931415579092,773.0141110065852,4323.007525870179,749,4305,796,4340,46.20543266417563,30.571728279099894,0.8517628205128205,0.0,0.0,0.0,0.0,0.0,0.0,1.0,0.0,0.0,0.0,0.0,0.0,0.0,0.0,0.0,0.0,0.0
715,Quartz,1.0,2641,57.98815083830114,778.4093146535404,4265.003407800075,745,4235,815,4300,72.91026981472336,51.50891094691605,0.844849648112604,0.0,0.0,0.0,0.0,0.0,0.0,1.0,0.0,0.0,0.0,0.0,0.0,0.0,0.0,0.0,0.0,0.0
716,Quartz,1.0,2076,51.41250134811764,773.3477842003854,3408.066473988439,744,3380,798,3445,67.29856167334242,48.21847103036356,0.7772369898914264,0.0,0.0,0.0,0.0,0.0,0.0,1.0,0.0,0.0,0.0,0.0,0.0,0.0,0.0,0.0,0.0,0.0
717,Quartz,1.0,302,19.60913925979463,784.3311258278146,1733.771523178808,777,1718,793,1750,30.273828083057666,14.431563881346287,0.8296703296703297,0.0,0.0,0.0,0.0,0.0,0.0,1.0,0.0,0.0,0.0,0.0,0.0,0.0,0.0,0.0,0.0,0.0
718,Quartz,1.0,2540,56.86851891536576,781.5452755905512,2106.1338582677167,737,2078,815,2154,91.55754478897853,43.42163329330991,0.7586618876941458,0.0,0.0,0.0,0.0,0.0,0.0,1.0,0.0,0.0,0.0,0.0,0.0,0.0,0.0,0.0,0.0,0.0
719,Quartz,1.0,1721,46.810738687711556,777.979081929111,1957.6600813480534,747,1937,812,1977,69.90039405103005,34.3622589958776,0.8133270321361059,0.0,0.0,0.0,0.0,0.0,0.0,1.0,0.0,0.0,0.0,0.0,0.0,0.0,0.0,0.0,0.0,0.0
720,Quartz,1.0,4532,75.96263302927142,802.8387025595763,1639.931597528685,754,1604,858,1677,106.60358540893145,55.7982431071757,0.8678667177326694,0.0,0.0,0.0,0.0,0.0,0.0,1.0,0.0,0.0,0.0,0.0,0.0,0.0,0.0,0.0,0.0,0.0
721,Quartz,1.0,454,24.04268606686374,785.6299559471365,2617.54845814978,770,2601,802,2638,42.23922251827275,15.586005040295419,0.8269581056466302,0.0,0.0,0.0,0.0,0.0,0.0,1.0,0.0,0.0,0.0,0.0,0.0,0.0,0.0,0.0,0.0,0.0
722,Quartz,1.0,3250,64.32750982580687,785.7467692307692,494.4710769230769,756,453,814,540,81.58841991177354,51.94781878858659,0.8887065901011758,0.0,0.0,0.0,0.0,0.0,0.0,1.0,0.0,0.0,0.0,0.0,0.0,0.0,0.0,0.0,0.0,0.0
723,Quartz,1.0,274,18.677998695187732,791.5401459854014,782.2335766423357,773,774,809,792,39.25971137399384,10.659754287103404,0.6748768472906403,0.0,0.0,0.0,0.0,0.0,0.0,1.0,0.0,0.0,0.0,0.0,0.0,0.0,0.0,0.0,0.0,0.0
724,Quartz,1.0,1243,39.7823673768393,787.7514078841513,3014.572003218021,758,2994,813,3038,58.47112215276127,30.261475149042166,0.8019354838709677,0.0,0.0,0.0,0.0,0.0,0.0,1.0,0.0,0.0,0.0,0.0,0.0,0.0,0.0,0.0,0.0,0.0
725,Quartz,1.0,857,33.032806266468405,792.3827304550758,2988.8669778296385,770,2970,810,3002,42.65513841824392,28.224282267215823,0.8798767967145791,0.0,0.0,0.0,0.0,0.0,0.0,1.0,0.0,0.0,0.0,0.0,0.0,0.0,0.0,0.0,0.0,0.0
726,Quartz,1.0,2069,51.325750048655415,799.669888835186,3748.2508458192365,769,3711,835,3778,67.78790512888729,44.689058113806986,0.798533384793516,0.0,0.0,0.0,0.0,0.0,0.0,1.0,0.0,0.0,0.0,0.0,0.0,0.0,0.0,0.0,0.0,0.0
727,Quartz,1.0,563,26.77375326109316,795.3250444049734,3359.266429840142,780,3343,812,3374,30.797508509182073,24.28994930499986,0.8661538461538462,0.0,0.0,0.0,0.0,0.0,0.0,1.0,0.0,0.0,0.0,0.0,0.0,0.0,0.0,0.0,0.0,0.0
728,Quartz,1.0,2369,54.9208929413716,802.0498100464331,2261.933727311102,768,2239,836,2289,69.52859043191451,46.847086615779894,0.8503230437903805,0.0,0.0,0.0,0.0,0.0,0.0,1.0,0.0,0.0,0.0,0.0,0.0,0.0,0.0,0.0,0.0,0.0
729,Quartz,1.0,3630,67.98425955608137,802.032782369146,1263.9950413223141,756,1235,847,1299,84.28104131052328,58.69092413152786,0.8541176470588235,0.0,0.0,0.0,0.0,0.0,0.0,1.0,0.0,0.0,0.0,0.0,0.0,0.0,0.0,0.0,0.0,0.0
730,Quartz,1.0,293,19.314740138231286,793.5494880546075,1564.0546075085324,778,1556,807,1574,31.149037549473164,15.776123030119459,0.7043269230769231,0.0,0.0,0.0,0.0,0.0,0.0,1.0,0.0,0.0,0.0,0.0,0.0,0.0,0.0,0.0,0.0,0.0
732,Quartz,1.0,146,13.63425735166143,801.9383561643835,2607.4520547945203,797,2595,813,2619,25.925826428784767,9.0735487636928,0.7227722772277227,0.0,0.0,0.0,0.0,0.0,0.0,1.0,0.0,0.0,0.0,0.0,0.0,0.0,0.0,0.0,0.0,0.0
734,Quartz,1.0,3010,61.90679308163878,801.6275747508306,3129.5558139534883,767,3095,836,3163,66.25536274557479,61.08609779324941,0.8641975308641975,0.0,0.0,0.0,0.0,0.0,0.0,1.0,0.0,0.0,0.0,0.0,0.0,0.0,0.0,0.0,0.0,0.0
735,Quartz,1.0,266,18.403307281560924,804.5639097744361,1197.3684210526317,793,1186,817,1210,25.21013813619278,15.960989694780427,0.7755102040816326,0.0,0.0,0.0,0.0,0.0,0.0,1.0,0.0,0.0,0.0,0.0,0.0,0.0,0.0,0.0,0.0,0.0
736,Orthoclase,1.0,1495,43.62903986313552,808.8882943143813,180.26220735785952,788,159,832,208,48.451381806269644,42.065676007394586,0.8717201166180758,0.0,0.0,0.0,0.0,0.0,0.0,0.0,0.0,1.0,0.0,0.0,0.0,0.0,0.0,0.0,0.0,0.0
737,Quartz,1.0,148,13.727325035155395,807.1891891891892,2789.2702702702704,798,2782,817,2797,16.452587384311244,13.119126945394445,0.8,0.0,0.0,0.0,0.0,0.0,0.0,1.0,0.0,0.0,0.0,0.0,0.0,0.0,0.0,0.0,0.0,0.0
738,Quartz,1.0,477,24.64417299969047,802.7924528301887,2955.64570230608,790,2940,817,2973,29.326136898405323,22.580050222051494,0.8353765323992994,0.0,0.0,0.0,0.0,0.0,0.0,1.0,0.0,0.0,0.0,0.0,0.0,0.0,0.0,0.0,0.0,0.0
739,Quartz,1.0,1405,42.295408265589586,804.9202846975089,1062.4035587188612,782,1039,829,1086,44.738615218486785,41.89214399625484,0.8710477371357719,0.0,0.0,0.0,0.0,0.0,0.0,1.0,0.0,0.0,0.0,0.0,0.0,0.0,0.0,0.0,0.0,0.0
740,Quartz,1.0,480,24.721548929484133,803.1270833333333,2305.3,791,2291,817,2323,32.59285514408135,20.902329793091305,0.8013355592654424,0.0,0.0,0.0,0.0,0.0,0.0,1.0,0.0,0.0,0.0,0.0,0.0,0.0,0.0,0.0,0.0,0.0
741,Quartz,1.0,572,26.986904594423443,811.8723776223776,2728.346153846154,800,2707,827,2750,38.071845085928054,20.63248675734749,0.8067700987306065,0.0,0.0,0.0,0.0,0.0,0.0,1.0,0.0,0.0,0.0,0.0,0.0,0.0,0.0,0.0,0.0,0.0
742,Quartz,1.0,10510,115.67950386808616,807.7105613701237,2038.697716460514,727,1993,898,2094,151.83042046945192,91.23927092330521,0.8814895579971483,0.0,0.0,0.0,0.0,0.0,0.0,1.0,0.0,0.0,0.0,0.0,0.0,0.0,0.0,0.0,0.0,0.0
743,Quartz,1.0,810,32.11423409074988,809.8753086419753,612.9234567901235,794,595,824,632,34.32954833553621,32.152473895842235,0.8785249457700651,0.0,0.0,0.0,0.0,0.0,0.0,1.0,0.0,0.0,0.0,0.0,0.0,0.0,0.0,0.0,0.0,0.0
744,Quartz,1.0,595,27.524126309792685,822.0,2309.9142857142856,810,2293,838,2324,30.387941611727488,26.88872166432419,0.8814814814814815,0.0,0.0,0.0,0.0,0.0,0.0,1.0,0.0,0.0,0.0,0.0,0.0,0.0,0.0,0.0,0.0,0.0
745,Orthoclase,1.0,1134,37.99807421080277,810.0864197530864,2400.906525573192,784,2381,835,2419,49.39105635114457,33.41529169946707,0.8235294117647058,0.0,0.0,0.0,0.0,0.0,0.0,0.0,0.0,1.0,0.0,0.0,0.0,0.0,0.0,0.0,0.0,0.0
746,Quartz,1.0,3400,65.79524642479541,810.7144117647059,3894.295,781,3855,842,3943,87.1056449174103,51.412139391482555,0.8933263268523384,0.0,0.0,0.0,0.0,0.0,0.0,1.0,0.0,0.0,0.0,0.0,0.0,0.0,0.0,0.0,0.0,0.0
747,Quartz,1.0,2546,56.93564683830091,815.9351924587588,2547.9454045561665,773,2517,849,2576,72.73395128808207,50.143438558835136,0.8416528925619835,0.0,0.0,0.0,0.0,0.0,0.0,1.0,0.0,0.0,0.0,0.0,0.0,0.0,0.0,0.0,0.0,0.0
748,Quartz,1.0,1338,41.274623085567335,814.6539611360239,3297.493273542601,795,3268,835,3320,52.997945814064224,35.2234476417185,0.8571428571428571,0.0,0.0,0.0,0.0,0.0,0.0,1.0,0.0,0.0,0.0,0.0,0.0,0.0,0.0,0.0,0.0,0.0
750,Quartz,1.0,530,25.977239243415305,807.833962264151,2514.3320754716983,790,2504,829,2528,40.5266486434061,20.13249469955321,0.7737226277372263,0.0,0.0,0.0,0.0,0.0,0.0,1.0,0.0,0.0,0.0,0.0,0.0,0.0,0.0,0.0,0.0,0.0
751,Quartz,1.0,1016,35.96680938658481,825.6053149606299,2820.107283464567,802,2790,849,2845,65.61031673547873,21.31677830038012,0.8273615635179153,0.0,0.0,0.0,0.0,0.0,0.0,1.0,0.0,0.0,0.0,0.0,0.0,0.0,0.0,0.0,0.0,0.0
752,Quartz,1.0,1052,36.59846992787254,819.1948669201521,1380.2461977186313,803,1349,835,1410,53.10909716840838,28.73701440257749,0.835583796664019,0.0,0.0,0.0,0.0,0.0,0.0,1.0,0.0,0.0,0.0,0.0,0.0,0.0,0.0,0.0,0.0,0.0
753,Quartz,1.0,407,22.764193258431348,821.8796068796069,2967.862407862408,811,2953,835,2982,27.70830982644782,19.77936673591781,0.8828633405639913,0.0,0.0,0.0,0.0,0.0,0.0,1.0,0.0,0.0,0.0,0.0,0.0,0.0,0.0,0.0,0.0,0.0
754,Quartz,1.0,2637,57.94422041469386,823.8210087220326,3427.7064846416383,800,3394,856,3460,65.34885543566044,54.24863163569577,0.9058742700103057,0.0,0.0,0.0,0.0,0.0,0.0,1.0,0.0,0.0,0.0,0.0,0.0,0.0,0.0,0.0,0.0,0.0
755,Quartz,1.0,2620,57.75714334353913,817.8038167938931,3601.187022900763,786,3571,849,3639,70.6688677891031,49.40472934656567,0.890248046211349,0.0,0.0,0.0,0.0,0.0,0.0,1.0,0.0,0.0,0.0,0.0,0.0,0.0,0.0,0.0,0.0,0.0
756,Quartz,1.0,2695,58.577987103188036,812.2615955473099,3498.661224489796,772,3465,849,3533,83.08016680527817,43.89373162145831,0.8547415160164922,0.0,0.0,0.0,0.0,0.0,0.0,1.0,0.0,0.0,0.0,0.0,0.0,0.0,0.0,0.0,0.0,0.0
757,Quartz,1.0,1053,36.61586050615398,822.2108262108262,3826.8556505223173,805,3806,844,3849,40.436009499262674,35.08949983149604,0.8574918566775245,0.0,0.0,0.0,0.0,0.0,0.0,1.0,0.0,0.0,0.0,0.0,0.0,0.0,0.0,0.0,0.0,0.0
758,Quartz,1.0,1631,45.57031596843553,825.4855916615574,1026.6400980993255,794,1007,854,1051,60.78981210484084,36.20192480679908,0.8680149015433741,0.0,0.0,0.0,0.0,0.0,0.0,1.0,0.0,0.0,0.0,0.0,0.0,0.0,0.0,0.0,0.0,0.0
759,Orthoclase,1.0,260,18.19456736586892,821.7730769230769,1933.1846153846154,814,1921,830,1947,23.599828403099753,15.032849393335507,0.8637873754152824,0.0,0.0,0.0,0.0,0.0,0.0,0.0,0.0,1.0,0.0,0.0,0.0,0.0,0.0,0.0,0.0,0.0
760,Quartz,1.0,561,26.726155439876237,828.6238859180036,1424.4171122994653,815,1404,841,1440,36.73873812396709,23.20179257795334,0.8002853067047075,0.0,0.0,0.0,0.0,0.0,0.0,1.0,0.0,0.0,0.0,0.0,0.0,0.0,0.0,0.0,0.0,0.0
761,Quartz,1.0,174,14.884343478431232,825.8850574712644,4016.0632183908046,819,4004,834,4027,26.012130038053225,10.191926534333064,0.7372881355932204,0.0,0.0,0.0,0.0,0.0,0.0,1.0,0.0,0.0,0.0,0.0,0.0,0.0,0.0,0.0,0.0,0.0
762,Quartz,1.0,1607,45.23379210711176,826.4548848786559,128.67454884878657,807,101,847,156,53.1304326910218,39.068683527825705,0.9353899883585565,0.0,0.0,0.0,0.0,0.0,0.0,1.0,0.0,0.0,0.0,0.0,0.0,0.0,0.0,0.0,0.0,0.0
763,Quartz,1.0,2180,52.68455378498194,818.1967889908257,4665.369724770642,784,4635,844,4693,62.627296121121724,50.5959926584273,0.8282674772036475,0.0,0.0,0.0,0.0,0.0,0.0,1.0,0.0,0.0,0.0,0.0,0.0,0.0,0.0,0.0,0.0,0.0
764,Quartz,1.0,955,34.870385217575105,832.6324607329843,1175.1884816753927,813,1153,855,1198,54.40240007837296,24.404164287313407,0.8148464163822525,0.0,0.0,0.0,0.0,0.0,0.0,1.0,0.0,0.0,0.0,0.0,0.0,0.0,0.0,0.0,0.0,0.0
765,Orthoclase,1.0,295,19.38054864282415,836.0474576271187,1929.3389830508474,826,1918,851,1941,25.990381754140813,18.955658625740654,0.6797235023041475,0.0,0.0,0.0,0.0,0.0,0.0,0.0,0.0,1.0,0.0,0.0,0.0,0.0,0.0,0.0,0.0,0.0
766,Quartz,1.0,4743,77.71084326320798,830.561880666245,1484.1159603626397,781,1448,871,1526,81.82513204782768,76.4595520864923,0.9292711598746082,0.0,0.0,0.0,0.0,0.0,0.0,1.0,0.0,0.0,0.0,0.0,0.0,0.0,0.0,0.0,0.0,0.0
767,Quartz,1.0,108,11.726460285670077,831.8888888888889,316.3425925925926,827,310,838,325,15.572699068992565,9.043559490642055,0.9,0.0,0.0,0.0,0.0,0.0,0.0,1.0,0.0,0.0,0.0,0.0,0.0,0.0,0.0,0.0,0.0,0.0
768,Quartz,1.0,3040,62.21453380035002,830.1565789473684,2449.9315789473685,797,2416,862,2488,77.28727446632689,51.735150724870856,0.9031491384432561,0.0,0.0,0.0,0.0,0.0,0.0,1.0,0.0,0.0,0.0,0.0,0.0,0.0,0.0,0.0,0.0,0.0
769,Quartz,1.0,4631,76.78783973825894,834.2267328870654,1773.7739149211834,784,1731,880,1815,97.94240634629885,62.45430984008668,0.8898923904688701,0.0,0.0,0.0,0.0,0.0,0.0,1.0,0.0,0.0,0.0,0.0,0.0,0.0,0.0,0.0,0.0,0.0
770,Quartz,1.0,1882,48.95137202562944,833.5844845908608,2209.2816153028693,810,2183,863,2238,58.82611339121483,44.50059469430857,0.8741291221551324,0.0,0.0,0.0,0.0,0.0,0.0,1.0,0.0,0.0,0.0,0.0,0.0,0.0,0.0,0.0,0.0,0.0
771,Quartz,1.0,1848,48.50718172261279,844.7997835497836,1110.142857142857,824,1073,869,1148,79.44202990993747,36.27498800860099,0.7931330472103004,0.0,0.0,0.0,0.0,0.0,0.0,1.0,0.0,0.0,0.0,0.0,0.0,0.0,0.0,0.0,0.0,0.0
772,Quartz,1.0,793,31.775445850136926,836.1021437578814,2357.889029003783,817,2343,856,2374,37.97603665895071,27.948771858766104,0.842720510095643,0.0,0.0,0.0,0.0,0.0,0.0,1.0,0.0,0.0,0.0,0.0,0.0,0.0,0.0,0.0,0.0,0.0
773,Quartz,1.0,1143,38.14856222234714,834.7821522309712,2764.944006999125,813,2743,857,2789,49.162277245129246,31.80381042483346,0.883307573415765,0.0,0.0,0.0,0.0,0.0,0.0,1.0,0.0,0.0,0.0,0.0,0.0,0.0,0.0,0.0,0.0,0.0
774,Quartz,1.0,201,15.99753570059363,834.6865671641791,3390.582089552239,826,3383,842,3402,20.58130217780588,13.02977802538193,0.9178082191780822,0.0,0.0,0.0,0.0,0.0,0.0,1.0,0.0,0.0,0.0,0.0,0.0,0.0,0.0,0.0,0.0,0.0
775,Quartz,1.0,2146,52.272096409094395,834.3984156570364,2651.547064305685,798,2625,868,2676,63.74257682982303,44.53580852613194,0.8845836768342952,0.0,0.0,0.0,0.0,0.0,0.0,1.0,0.0,0.0,0.0,0.0,0.0,0.0,0.0,0.0,0.0,0.0
776,Quartz,1.0,1319,40.9805192683753,833.6944655041698,3218.4435178165277,802,3195,866,3248,69.67977943802099,27.71608554567789,0.8285175879396985,0.0,0.0,0.0,0.0,0.0,0.0,1.0,0.0,0.0,0.0,0.0,0.0,0.0,0.0,0.0,0.0,0.0
778,Quartz,1.0,1065,36.823906842470535,840.5136150234741,4137.668544600939,819,4112,864,4166,54.157637224391706,28.596708221204405,0.8399053627760252,0.0,0.0,0.0,0.0,0.0,0.0,1.0,0.0,0.0,0.0,0.0,0.0,0.0,0.0,0.0,0.0,0.0
780,Quartz,1.0,886,33.5870545989873,836.0507900677201,617.1907449209932,824,598,849,638,42.43826178195856,27.818427013245707,0.9385593220338984,0.0,0.0,0.0,0.0,0.0,0.0,1.0,0.0,0.0,0.0,0.0,0.0,0.0,0.0,0.0,0.0,0.0
781,Quartz,1.0,417,23.04215463350949,860.6019184652279,3398.5707434052756,847,3387,881,3410,37.203131024454,16.2754232824748,0.7897727272727273,0.0,0.0,0.0,0.0,0.0,0.0,1.0,0.0,0.0,0.0,0.0,0.0,0.0,0.0,0.0,0.0,0.0
782,Quartz,1.0,829,32.48869930584249,857.9674306393244,620.2002412545236,846,599,872,645,47.53052036587672,23.4412860356191,0.8572905894519132,0.0,0.0,0.0,0.0,0.0,0.0,1.0,0.0,0.0,0.0,0.0,0.0,0.0,0.0,0.0,0.0,0.0
783,Quartz,1.0,773,31.372187811504013,847.4372574385511,1830.0543337645536,829,1814,866,1848,37.86226899477359,27.129118627209138,0.8627232142857143,0.0,0.0,0.0,0.0,0.0,0.0,1.0,0.0,0.0,0.0,0.0,0.0,0.0,0.0,0.0,0.0,0.0
784,Quartz,1.0,740,30.695231927842155,846.0878378378378,2387.7364864864867,823,2373,869,2404,50.96571488110158,19.50431197694639,0.8991494532199271,0.0,0.0,0.0,0.0,0.0,0.0,1.0,0.0,0.0,0.0,0.0,0.0,0.0,0.0,0.0,0.0,0.0
785,Quartz,1.0,2203,52.96174767746589,859.3014071720381,965.8874262369496,825,926,893,1000,94.35666122436254,31.711525135916197,0.8522243713733075,0.0,0.0,0.0,0.0,0.0,0.0,1.0,0.0,0.0,0.0,0.0,0.0,0.0,0.0,0.0,0.0,0.0
786,Orthoclase,1.0,335,20.65272978291924,850.8537313432836,1914.8119402985074,837,1903,862,1926,22.63825584401157,20.203989625835455,0.8746736292428199,0.0,0.0,0.0,0.0,0.0,0.0,0.0,0.0,1.0,0.0,0.0,0.0,0.0,0.0,0.0,0.0,0.0
787,Quartz,1.0,769,31.29091257699814,854.7815344603381,2162.101430429129,842,2143,871,2180,38.68463878344045,25.988611510554726,0.9366626065773447,0.0,0.0,0.0,0.0,0.0,0.0,1.0,0.0,0.0,0.0,0.0,0.0,0.0,0.0,0.0,0.0,0.0
788,Quartz,1.0,753,30.96367835360614,849.3266932270916,3354.6454183266933,833,3340,868,3373,37.18690886028425,28.088579320334265,0.844170403587444,0.0,0.0,0.0,0.0,0.0,0.0,1.0,0.0,0.0,0.0,0.0,0.0,0.0,0.0,0.0,0.0,0.0
789,Quartz,1.0,281,18.91508160359296,854.067615658363,1065.1814946619218,844,1052,869,1077,30.667298907597548,13.191655905383914,0.8074712643678161,0.0,0.0,0.0,0.0,0.0,0.0,1.0,0.0,0.0,0.0,0.0,0.0,0.0,0.0,0.0,0.0,0.0
790,Quartz,1.0,441,23.695962509005764,852.0657596371882,1721.8095238095239,841,1706,863,1738,32.66724669825584,18.99592840428326,0.8681102362204725,0.0,0.0,0.0,0.0,0.0,0.0,1.0,0.0,0.0,0.0,0.0,0.0,0.0,0.0,0.0,0.0,0.0
791,Quartz,1.0,880,33.47313548753602,856.5761363636364,2926.3818181818183,835,2908,874,2946,43.81188963392769,27.734165317854682,0.8551992225461613,0.0,0.0,0.0,0.0,0.0,0.0,1.0,0.0,0.0,0.0,0.0,0.0,0.0,0.0,0.0,0.0,0.0
792,Quartz,1.0,1095,37.338951531678056,855.3735159817352,3161.263926940639,840,3137,873,3192,50.955075830521494,29.905050409937147,0.8568075117370892,0.0,0.0,0.0,0.0,0.0,0.0,1.0,0.0,0.0,0.0,0.0,0.0,0.0,0.0,0.0,0.0,0.0
793,Quartz,1.0,396,22.45446191105733,861.8535353535353,4191.482323232323,849,4173,875,4207,35.346158391476905,16.07928112306577,0.7346938775510204,0.0,0.0,0.0,0.0,0.0,0.0,1.0,0.0,0.0,0.0,0.0,0.0,0.0,0.0,0.0,0.0,0.0
794,Quartz,1.0,855,32.99423905394037,862.1169590643275,765.1076023391813,840,743,882,783,42.85331742053869,28.56978015194284,0.8104265402843602,0.0,0.0,0.0,0.0,0.0,0.0,1.0,0.0,0.0,0.0,0.0,0.0,0.0,0.0,0.0,0.0,0.0
795,Quartz,1.0,1639,45.68193968978257,858.8346552776082,2871.48322147651,839,2847,881,2898,51.53191050879037,43.05035735863235,0.8835579514824797,0.0,0.0,0.0,0.0,0.0,0.0,1.0,0.0,0.0,0.0,0.0,0.0,0.0,0.0,0.0,0.0,0.0
796,Quartz,1.0,5225,81.56394191823507,855.5663157894737,3081.74985645933,817,3037,895,3138,96.5953088836631,71.4959439673522,0.9395792123718756,0.0,0.0,0.0,0.0,0.0,0.0,1.0,0.0,0.0,0.0,0.0,0.0,0.0,0.0,0.0,0.0,0.0
797,Quartz,1.0,763,31.1686023528956,866.035386631717,1423.9633027522937,848,1410,888,1440,42.15726434913557,24.611317053137554,0.8640996602491506,0.0,0.0,0.0,0.0,0.0,0.0,1.0,0.0,0.0,0.0,0.0,0.0,0.0,0.0,0.0,0.0,0.0
798,Orthoclase,1.0,307,19.77080019204319,858.4951140065147,2283.687296416938,850,2271,872,2296,24.018113739856187,19.162985598431526,0.8342391304347826,0.0,0.0,0.0,0.0,0.0,0.0,0.0,0.0,1.0,0.0,0.0,0.0,0.0,0.0,0.0,0.0,0.0
799,Quartz,1.0,1340,41.30545956583848,866.8843283582089,3718.584328358209,838,3693,897,3746,70.33056898452881,26.643577500523506,0.7952522255192879,0.0,0.0,0.0,0.0,0.0,0.0,1.0,0.0,0.0,0.0,0.0,0.0,0.0,0.0,0.0,0.0,0.0
800,Quartz,1.0,3063,62.449441354777576,862.92458374143,4641.567744041789,839,4599,893,4679,79.61174193572545,50.879705304490756,0.9107939339875112,0.0,0.0,0.0,0.0,0.0,0.0,1.0,0.0,0.0,0.0,0.0,0.0,0.0,0.0,0.0,0.0,0.0
801,Quartz,1.0,1019,36.01987085047822,865.7144259077527,2497.3385672227673,840,2479,891,2521,48.49412555609999,31.917818577378302,0.8191318327974276,0.0,0.0,0.0,0.0,0.0,0.0,1.0,0.0,0.0,0.0,0.0,0.0,0.0,0.0,0.0,0.0,0.0
803,Orthoclase,1.0,4947,79.36445065522,865.1910248635537,4479.382656155246,828,4426,907,4544,114.68688101385884,65.80669467962841,0.8021728555213232,0.0,0.0,0.0,0.0,0.0,0.0,0.0,0.0,1.0,0.0,0.0,0.0,0.0,0.0,0.0,0.0,0.0
804,Quartz,1.0,200,15.957691216057308,865.11,3311.475,855,3305,878,3320,22.793248000557806,12.365445628244348,0.8064516129032258,0.0,0.0,0.0,0.0,0.0,0.0,1.0,0.0,0.0,0.0,0.0,0.0,0.0,0.0,0.0,0.0,0.0
805,Quartz,1.0,852,32.9363035587535,863.8028169014085,4097.510563380281,845,4075,883,4114,37.57859493454489,31.45687806744904,0.8344760039177277,0.0,0.0,0.0,0.0,0.0,0.0,1.0,0.0,0.0,0.0,0.0,0.0,0.0,0.0,0.0,0.0,0.0
806,Quartz,1.0,1083,37.13379090462191,864.2714681440443,2251.8753462603877,839,2231,884,2273,43.45174857184335,34.46607372997898,0.9002493765586035,0.0,0.0,0.0,0.0,0.0,0.0,1.0,0.0,0.0,0.0,0.0,0.0,0.0,0.0,0.0,0.0,0.0
807,Quartz,1.0,413,22.93137440223813,861.0266343825666,1680.6900726392253,846,1669,875,1695,28.244104702815857,20.42610955980041,0.8343434343434344,0.0,0.0,0.0,0.0,0.0,0.0,1.0,0.0,0.0,0.0,0.0,0.0,0.0,0.0,0.0,0.0,0.0
808,Quartz,1.0,211,16.39065416446578,867.696682464455,1717.2464454976302,862,1706,876,1728,20.662362541275645,13.578881280043017,0.9134199134199135,0.0,0.0,0.0,0.0,0.0,0.0,1.0,0.0,0.0,0.0,0.0,0.0,0.0,0.0,0.0,0.0,0.0
809,Orthoclase,1.0,380,21.996159369293583,866.3526315789474,1381.4684210526316,856,1369,879,1396,25.448223603352005,19.695130482971603,0.8899297423887588,0.0,0.0,0.0,0.0,0.0,0.0,0.0,0.0,1.0,0.0,0.0,0.0,0.0,0.0,0.0,0.0,0.0
810,Quartz,1.0,2271,53.77292075100212,868.229854689564,2570.214002642008,852,2523,890,2613,93.26182686320789,33.21732507898229,0.8395563770794824,0.0,0.0,0.0,0.0,0.0,0.0,1.0,0.0,0.0,0.0,0.0,0.0,0.0,0.0,0.0,0.0,0.0
811,Quartz,1.0,1023,36.09049811604256,871.4662756598241,4029.08211143695,854,4008,891,4054,45.993804743338565,30.91017573128533,0.788135593220339,0.0,0.0,0.0,0.0,0.0,0.0,1.0,0.0,0.0,0.0,0.0,0.0,0.0,0.0,0.0,0.0,0.0
812,Quartz,1.0,11368,120.3087159957637,873.8332160450387,423.8665552427868,797,362,946,484,144.91127486949478,103.6151843585985,0.8983720562667931,0.0,0.0,0.0,0.0,0.0,0.0,1.0,0.0,0.0,0.0,0.0,0.0,0.0,0.0,0.0,0.0,0.0
813,Quartz,1.0,4327,74.2247095654072,865.936907788306,2718.9008550959093,816,2686,909,2765,89.07748070054774,70.58317413525438,0.8885010266940452,0.0,0.0,0.0,0.0,0.0,0.0,1.0,0.0,0.0,0.0,0.0,0.0,0.0,0.0,0.0,0.0,0.0
814,Quartz,1.0,2425,55.566229816164146,871.7459793814432,1304.6853608247422,840,1278,902,1332,60.85629014033006,52.359710399619594,0.8713618397412863,0.0,0.0,0.0,0.0,0.0,0.0,1.0,0.0,0.0,0.0,0.0,0.0,0.0,0.0,0.0,0.0,0.0
815,Quartz,1.0,418,23.06976657227589,871.7057416267943,3912.7607655502393,861,3899,882,3930,29.729048933414255,18.9556830111384,0.8744769874476988,0.0,0.0,0.0,0.0,0.0,0.0,1.0,0.0,0.0,0.0,0.0,0.0,0.0,0.0,0.0,0.0,0.0
816,Quartz,1.0,3799,69.54881041720903,870.4143195577784,3969.2953408791786,823,3941,915,4001,87.77399610150326,55.98062454599943,0.9290780141843972,0.0,0.0,0.0,0.0,0.0,0.0,1.0,0.0,0.0,0.0,0.0,0.0,0.0,0.0,0.0,0.0,0.0
817,Quartz,1.0,3041,62.22476561257286,870.2232818151924,3521.3821111476486,846,3469,895,3571,103.06124191373232,39.208466101711856,0.8384339674662256,0.0,0.0,0.0,0.0,0.0,0.0,1.0,0.0,0.0,0.0,0.0,0.0,0.0,0.0,0.0,0.0,0.0
818,Quartz,1.0,185,15.347615963921077,871.6972972972973,285.13513513513516,864,276,878,296,18.91037463904131,13.2498453966255,0.8809523809523809,0.0,0.0,0.0,0.0,0.0,0.0,1.0,0.0,0.0,0.0,0.0,0.0,0.0,0.0,0.0,0.0,0.0
819,Quartz,1.0,836,32.625576767294035,876.3528708133971,2829.3803827751194,862,2808,892,2851,45.55795048129586,24.226863719766435,0.8912579957356077,0.0,0.0,0.0,0.0,0.0,0.0,1.0,0.0,0.0,0.0,0.0,0.0,0.0,0.0,0.0,0.0,0.0
820,Quartz,1.0,107,11.67204486311899,881.3271028037383,285.6355140186916,878,279,887,295,15.85798320220898,9.285447681307053,0.9469026548672567,0.0,0.0,0.0,0.0,0.0,0.0,1.0,0.0,0.0,0.0,0.0,0.0,0.0,0.0,0.0,0.0,0.0
821,Orthoclase,1.0,763,31.1686023528956,882.3591087811271,1352.3656618610746,862,1330,901,1373,53.33289032466366,20.17402324811372,0.8257575757575758,0.0,0.0,0.0,0.0,0.0,0.0,0.0,0.0,1.0,0.0,0.0,0.0,0.0,0.0,0.0,0.0,0.0
822,Quartz,1.0,239,17.44431859350499,878.5397489539749,2404.7322175732215,870,2392,890,2417,24.29232881789849,15.939966970524228,0.7091988130563798,0.0,0.0,0.0,0.0,0.0,0.0,1.0,0.0,0.0,0.0,0.0,0.0,0.0,0.0,0.0,0.0,0.0
823,Quartz,1.0,181,15.180789096653193,878.1049723756906,3749.1160220994475,868,3744,892,3756,23.444416251074912,10.7518845104876,0.8264840182648402,0.0,0.0,0.0,0.0,0.0,0.0,1.0,0.0,0.0,0.0,0.0,0.0,0.0,0.0,0.0,0.0,0.0
824,Quartz,1.0,1065,36.823906842470535,874.4488262910799,562.9474178403756,853,544,899,586,51.18529887811332,28.079860597280685,0.8326817826426895,0.0,0.0,0.0,0.0,0.0,0.0,1.0,0.0,0.0,0.0,0.0,0.0,0.0,0.0,0.0,0.0,0.0
825,Quartz,1.0,246,17.697935698969246,885.7357723577236,1026.719512195122,878,1014,895,1039,27.058424878552326,12.050130538714605,0.8631578947368421,0.0,0.0,0.0,0.0,0.0,0.0,1.0,0.0,0.0,0.0,0.0,0.0,0.0,0.0,0.0,0.0,0.0
826,Quartz,1.0,1345,41.382450237616354,873.5078066914498,1232.5881040892193,849,1215,899,1254,53.50137975247204,34.49901483949987,0.8550540368722187,0.0,0.0,0.0,0.0,0.0,0.0,1.0,0.0,0.0,0.0,0.0,0.0,0.0,0.0,0.0,0.0,0.0
827,Quartz,1.0,2866,60.407818494057345,880.6653872993719,3805.047452896022,851,3764,924,3841,69.3572523357828,64.3355498990806,0.8005586592178771,0.0,0.0,0.0,0.0,0.0,0.0,1.0,0.0,0.0,0.0,0.0,0.0,0.0,0.0,0.0,0.0,0.0
828,Quartz,1.0,561,26.726155439876237,887.4527629233512,1065.2976827094474,873,1052,902,1082,33.579259114693016,23.303610177185554,0.8142235123367199,0.0,0.0,0.0,0.0,0.0,0.0,1.0,0.0,0.0,0.0,0.0,0.0,0.0,0.0,0.0,0.0,0.0
829,Quartz,1.0,7657,98.73801291314881,886.2541465325845,4307.6959644769495,814,4257,958,4364,131.6053797974863,82.14965623410629,0.8199828657100021,0.0,0.0,0.0,0.0,0.0,0.0,1.0,0.0,0.0,0.0,0.0,0.0,0.0,0.0,0.0,0.0,0.0
830,Quartz,1.0,4376,74.64379577540971,880.7657678244973,159.7890767824497,837,121,921,203,92.55021655900374,64.28283404369209,0.8626059530849596,0.0,0.0,0.0,0.0,0.0,0.0,1.0,0.0,0.0,0.0,0.0,0.0,0.0,0.0,0.0,0.0,0.0
831,Quartz,1.0,296,19.413369239820483,889.8412162162163,782.2635135135135,880,774,904,794,23.90877672446309,17.18238479750116,0.8409090909090909,0.0,0.0,0.0,0.0,0.0,0.0,1.0,0.0,0.0,0.0,0.0,0.0,0.0,0.0,0.0,0.0,0.0
832,Quartz,1.0,1474,43.32153147038583,891.3337856173677,1553.4464043419268,867,1532,921,1574,54.41420905567408,38.5904375234498,0.8852852852852853,0.0,0.0,0.0,0.0,0.0,0.0,1.0,0.0,0.0,0.0,0.0,0.0,0.0,0.0,0.0,0.0,0.0
833,Quartz,1.0,2057,51.17669140849406,877.3952357802625,1849.3981526494895,841,1820,912,1877,78.36842227625186,36.288039151813436,0.8251103088648215,0.0,0.0,0.0,0.0,0.0,0.0,1.0,0.0,0.0,0.0,0.0,0.0,0.0,0.0,0.0,0.0,0.0
834,Quartz,1.0,157,14.138550439257221,886.7707006369427,2524.082802547771,880,2517,895,2533,16.865203731434683,12.440531258036643,0.8920454545454546,0.0,0.0,0.0,0.0,0.0,0.0,1.0,0.0,0.0,0.0,0.0,0.0,0.0,0.0,0.0,0.0,0.0
835,Quartz,1.0,1105,37.50906153094682,892.1529411764706,579.7529411764706,871,556,913,610,53.71531954427,28.001349470253892,0.8513097072419107,0.0,0.0,0.0,0.0,0.0,0.0,1.0,0.0,0.0,0.0,0.0,0.0,0.0,0.0,0.0,0.0,0.0
836,Quartz,1.0,152,13.911592676604096,884.7631578947369,3017.8947368421054,876,3008,897,3025,25.124071386909065,10.648495444336053,0.7342995169082126,0.0,0.0,0.0,0.0,0.0,0.0,1.0,0.0,0.0,0.0,0.0,0.0,0.0,0.0,0.0,0.0,0.0
837,Orthoclase,1.0,220,16.73656774376801,888.3909090909091,1704.340909090909,882,1688,896,1720,34.88306146085172,8.340172024570796,0.8661417322834646,0.0,0.0,0.0,0.0,0.0,0.0,0.0,0.0,1.0,0.0,0.0,0.0,0.0,0.0,0.0,0.0,0.0
838,Quartz,1.0,194,15.716503163191918,890.3659793814433,4030.237113402062,884,4022,899,4042,18.617152619512026,14.138061492595414,0.8660714285714286,0.0,0.0,0.0,0.0,0.0,0.0,1.0,0.0,0.0,0.0,0.0,0.0,0.0,0.0,0.0,0.0,0.0
839,Quartz,1.0,142,13.446189622059965,888.5774647887324,290.99295774647885,881,282,894,299,17.44849906863839,11.941859304142795,0.8987341772151899,0.0,0.0,0.0,0.0,0.0,0.0,1.0,0.0,0.0,0.0,0.0,0.0,0.0,0.0,0.0,0.0,0.0
840,Quartz,1.0,1623,45.45841815445374,895.0443622920518,655.1799137399877,873,632,919,689,48.689298789739134,44.80138225167493,0.8610079575596817,0.0,0.0,0.0,0.0,0.0,0.0,1.0,0.0,0.0,0.0,0.0,0.0,0.0,0.0,0.0,0.0,0.0
841,Quartz,1.0,241,17.517155313611116,903.6970954356847,292.8755186721992,894,284,923,300,29.618920195710036,12.891161361949075,0.7724358974358975,0.0,0.0,0.0,0.0,0.0,0.0,1.0,0.0,0.0,0.0,0.0,0.0,0.0,0.0,0.0,0.0,0.0
842,Orthoclase,1.0,297,19.44613444328572,889.1077441077441,1384.3468013468014,878,1376,904,1399,29.502364799893808,14.306366027589078,0.8319327731092437,0.0,0.0,0.0,0.0,0.0,0.0,0.0,0.0,1.0,0.0,0.0,0.0,0.0,0.0,0.0,0.0,0.0
843,Quartz,1.0,3348,65.29016768069542,893.1373954599761,2131.2443249701314,857,2099,927,2175,71.76468580374126,61.69582148634907,0.8714211348256117,0.0,0.0,0.0,0.0,0.0,0.0,1.0,0.0,0.0,0.0,0.0,0.0,0.0,0.0,0.0,0.0,0.0
844,Orthoclase,1.0,464,24.306031118985995,900.6573275862069,1361.739224137931,888,1344,912,1377,37.08033848710504,16.66750673250651,0.8854961832061069,0.0,0.0,0.0,0.0,0.0,0.0,0.0,0.0,1.0,0.0,0.0,0.0,0.0,0.0,0.0,0.0,0.0
845,Quartz,1.0,159,14.228319915326999,892.6100628930818,1885.0188679245282,884,1876,898,1896,19.864660385558935,11.496273474538278,0.828125,0.0,0.0,0.0,0.0,0.0,0.0,1.0,0.0,0.0,0.0,0.0,0.0,0.0,0.0,0.0,0.0,0.0
846,Quartz,1.0,1698,46.49688964823676,897.6266195524146,2642.6843345111897,871,2617,921,2669,52.986279434635414,44.30468245567111,0.8650025471217524,0.0,0.0,0.0,0.0,0.0,0.0,1.0,0.0,0.0,0.0,0.0,0.0,0.0,0.0,0.0,0.0,0.0
847,Quartz,1.0,2474,56.12481299456411,886.2275666936135,1197.1790622473727,839,1171,925,1220,80.37110649791241,42.68181126832146,0.8810541310541311,0.0,0.0,0.0,0.0,0.0,0.0,1.0,0.0,0.0,0.0,0.0,0.0,0.0,0.0,0.0,0.0,0.0
848,Quartz,1.0,236,17.334489682638438,903.1694915254237,1890.906779661017,898,1877,911,1905,29.34207155908156,10.691518360866658,0.9402390438247012,0.0,0.0,0.0,0.0,0.0,0.0,1.0,0.0,0.0,0.0,0.0,0.0,0.0,0.0,0.0,0.0,0.0
849,Quartz,1.0,2341,54.59536403601515,899.6706535668518,1948.4327210593763,871,1917,932,1981,67.83054408980472,46.66918079019289,0.8436036036036036,0.0,0.0,0.0,0.0,0.0,0.0,1.0,0.0,0.0,0.0,0.0,0.0,0.0,0.0,0.0,0.0,0.0
850,Quartz,1.0,435,23.534213434057992,901.4965517241379,3555.1632183908046,891,3530,912,3575,46.41359921008722,16.74609906802936,0.6765163297045101,0.0,0.0,0.0,0.0,0.0,0.0,1.0,0.0,0.0,0.0,0.0,0.0,0.0,0.0,0.0,0.0,0.0
851,Quartz,1.0,384,22.111625566165472,906.8203125,4665.3203125,894,4653,921,4679,33.96649139177276,15.754446760865967,0.8222698072805139,0.0,0.0,0.0,0.0,0.0,0.0,1.0,0.0,0.0,0.0,0.0,0.0,0.0,0.0,0.0,0.0,0.0
852,Quartz,1.0,402,22.623931952327283,899.7985074626865,1395.2562189054727,884,1378,914,1412,42.241117983982306,13.128448223054868,0.8340248962655602,0.0,0.0,0.0,0.0,0.0,0.0,1.0,0.0,0.0,0.0,0.0,0.0,0.0,0.0,0.0,0.0,0.0
853,Quartz,1.0,895,33.757212452126,906.345251396648,2216.0156424581005,884,2202,933,2230,46.25032107472451,25.89972184700703,0.849146110056926,0.0,0.0,0.0,0.0,0.0,0.0,1.0,0.0,0.0,0.0,0.0,0.0,0.0,0.0,0.0,0.0,0.0
854,Rutile,1.0,120,12.360774464742066,904.575,2046.2666666666667,899,2038,910,2055,16.92633361016755,9.536148038186132,0.8888888888888888,0.0,0.0,1.0,0.0,0.0,0.0,0.0,0.0,0.0,0.0,0.0,0.0,0.0,0.0,0.0,0.0,0.0
855,Quartz,0.9914516867653793,6551,91.3290329389294,919.9682491222715,708.879255075561,863,661,978,757,125.37657941540999,68.03656208713245,0.894700901393062,0.0,0.0,0.0,0.0,0.0,0.0,0.9914516867653793,0.0,0.008548313234620668,0.0,0.0,0.0,0.0,0.0,0.0,0.0,0.0
856,Orthoclase,1.0,546,26.366433043273013,905.9633699633699,2244.543956043956,894,2231,923,2264,31.09480771055934,24.99974582022663,0.8598425196850393,0.0,0.0,0.0,0.0,0.0,0.0,0.0,0.0,1.0,0.0,0.0,0.0,0.0,0.0,0.0,0.0,0.0
857,Quartz,1.0,1131,37.94777892176918,900.7462422634836,2917.890362511052,882,2896,921,2945,53.56362017267229,28.378096021083195,0.8660030627871363,0.0,0.0,0.0,0.0,0.0,0.0,1.0,0.0,0.0,0.0,0.0,0.0,0.0,0.0,0.0,0.0,0.0
858,Quartz,1.0,240,17.480774889473267,905.1708333333333,3587.7708333333335,898,3576,915,3601,24.402661394905206,14.468456308698386,0.7430340557275542,0.0,0.0,0.0,0.0,0.0,0.0,1.0,0.0,0.0,0.0,0.0,0.0,0.0,0.0,0.0,0.0,0.0
859,Quartz,1.0,860,33.090572803628525,900.5011627906977,3649.670930232558,876,3634,922,3669,49.15857094195181,23.585765563871274,0.8704453441295547,0.0,0.0,0.0,0.0,0.0,0.0,1.0,0.0,0.0,0.0,0.0,0.0,0.0,0.0,0.0,0.0,0.0
860,Quartz,1.0,1109,37.57688990737918,904.0847610459874,1255.234445446348,876,1227,926,1282,64.93488262867811,24.314209616235146,0.8160412067696836,0.0,0.0,0.0,0.0,0.0,0.0,1.0,0.0,0.0,0.0,0.0,0.0,0.0,0.0,0.0,0.0,0.0
861,Quartz,1.0,636,28.456639830653998,905.2672955974842,3367.385220125786,891,3350,921,3390,40.78775945360366,22.9242330368992,0.8020176544766708,0.0,0.0,0.0,0.0,0.0,0.0,1.0,0.0,0.0,0.0,0.0,0.0,0.0,0.0,0.0,0.0,0.0
862,Quartz,1.0,1192,38.95768906550174,913.1988255033557,3113.4848993288592,886,3096,942,3133,54.063462291608026,30.313947639137368,0.8215024121295658,0.0,0.0,0.0,0.0,0.0,0.0,1.0,0.0,0.0,0.0,0.0,0.0,0.0,0.0,0.0,0.0,0.0
863,Quartz,1.0,522,25.780439141949365,907.6206896551724,3450.818007662835,894,3437,922,3466,30.14251848904586,23.285971422836216,0.8599670510708401,0.0,0.0,0.0,0.0,0.0,0.0,1.0,0.0,0.0,0.0,0.0,0.0,0.0,0.0,0.0,0.0,0.0
864,Orthoclase,1.0,231,17.14987856615383,911.8528138528138,2961.3203463203463,900,2954,923,2970,21.180855139644954,14.511292579162411,0.8716981132075472,0.0,0.0,0.0,0.0,0.0,0.0,0.0,0.0,1.0,0.0,0.0,0.0,0.0,0.0,0.0,0.0,0.0
865,Quartz,1.0,1491,43.57063416109671,912.271629778672,2492.4077800134137,895,2466,932,2526,60.7013105434634,33.12635752695044,0.9147239263803681,0.0,0.0,0.0,0.0,0.0,0.0,1.0,0.0,0.0,0.0,0.0,0.0,0.0,0.0,0.0,0.0,0.0
866,Quartz,1.0,2680,58.41474111806228,922.8100746268657,100.79029850746268,889,79,957,127,70.73848400787557,50.113285287783775,0.9143636983964517,0.0,0.0,0.0,0.0,0.0,0.0,1.0,0.0,0.0,0.0,0.0,0.0,0.0,0.0,0.0,0.0,0.0
867,Quartz,1.0,279,18.847647942942654,911.2688172043011,331.7562724014337,896,320,925,345,35.994927604394825,10.988774140193765,0.8205882352941176,0.0,0.0,0.0,0.0,0.0,0.0,1.0,0.0,0.0,0.0,0.0,0.0,0.0,0.0,0.0,0.0,0.0
868,Quartz,1.0,956,34.88863718700998,915.7803347280335,3061.0219665271966,897,3047,937,3081,38.50572657801308,32.805148841359454,0.9157088122605364,0.0,0.0,0.0,0.0,0.0,0.0,1.0,0.0,0.0,0.0,0.0,0.0,0.0,0.0,0.0,0.0,0.0
869,Quartz,1.0,2768,59.36604298609543,910.0968208092486,1628.7893786127167,870,1597,943,1663,74.06801549253947,54.66080327654378,0.7944890929965557,0.0,0.0,0.0,0.0,0.0,0.0,1.0,0.0,0.0,0.0,0.0,0.0,0.0,0.0,0.0,0.0,0.0
870,Quartz,1.0,1139,38.08175207961617,925.7884108867428,3033.0746268656717,898,3014,952,3052,55.78101986831345,28.809611781554903,0.8615733736762481,0.0,0.0,0.0,0.0,0.0,0.0,1.0,0.0,0.0,0.0,0.0,0.0,0.0,0.0,0.0,0.0,0.0
871,Quartz,1.0,104,11.507254783503184,916.1634615384615,3428.8173076923076,911,3423,922,3436,12.24175961836507,11.324959428693374,0.9043478260869565,0.0,0.0,0.0,0.0,0.0,0.0,1.0,0.0,0.0,0.0,0.0,0.0,0.0,0.0,0.0,0.0,0.0
872,Quartz,1.0,673,29.2726871606753,916.3640416047548,4167.322436849926,894,4153,937,4189,41.35345201949358,24.894391386713167,0.8021454112038141,0.0,0.0,0.0,0.0,0.0,0.0,1.0,0.0,0.0,0.0,0.0,0.0,0.0,0.0,0.0,0.0,0.0
873,Quartz,1.0,1992,50.36162401186487,916.8192771084338,4113.4241967871485,893,4077,946,4147,67.71337628153688,47.83827996254721,0.7494356659142212,0.0,0.0,0.0,0.0,0.0,0.0,1.0,0.0,0.0,0.0,0.0,0.0,0.0,0.0,0.0,0.0,0.0
874,Quartz,1.0,1075,36.99638510165959,917.5274418604652,1049.099534883721,900,1028,935,1073,45.69678494163041,31.58229969636273,0.8746948738812043,0.0,0.0,0.0,0.0,0.0,0.0,1.0,0.0,0.0,0.0,0.0,0.0,0.0,0.0,0.0,0.0,0.0
875,Quartz,1.0,1000,35.682482323055424,922.36,2728.357,904,2702,936,2753,49.70319677138166,27.584768382303217,0.8665511265164645,0.0,0.0,0.0,0.0,0.0,0.0,1.0,0.0,0.0,0.0,0.0,0.0,0.0,0.0,0.0,0.0,0.0
876,Quartz,1.0,1678,46.2222452512381,915.0095351609058,2866.1168057210966,885,2843,942,2892,60.670502323471815,36.95379749312541,0.8500506585612969,0.0,0.0,0.0,0.0,0.0,0.0,1.0,0.0,0.0,0.0,0.0,0.0,0.0,0.0,0.0,0.0,0.0
877,Quartz,1.0,3958,70.98930988579741,924.6649823143001,3177.3122789287518,883,3143,970,3217,83.37689620729317,64.51759230362408,0.8723826316949526,0.0,0.0,0.0,0.0,0.0,0.0,1.0,0.0,0.0,0.0,0.0,0.0,0.0,0.0,0.0,0.0,0.0
878,Quartz,1.0,419,23.09734550211416,917.1599045346062,505.4940334128878,904,492,931,518,30.964823396592074,18.38533730207268,0.8784067085953878,0.0,0.0,0.0,0.0,0.0,0.0,1.0,0.0,0.0,0.0,0.0,0.0,0.0,0.0,0.0,0.0,0.0
879,Quartz,1.0,6079,87.97740160089438,918.2293140319132,1125.6400723803258,869,1082,976,1173,106.62579216586649,76.59389514594687,0.9167546373096064,0.0,0.0,0.0,0.0,0.0,0.0,1.0,0.0,0.0,0.0,0.0,0.0,0.0,0.0,0.0,0.0,0.0
880,Quartz,1.0,6318,89.69017473300383,920.3744855967078,3891.748179803735,870,3834,975,3946,106.30309012237589,79.70848773818409,0.8584239130434783,0.0,0.0,0.0,0.0,0.0,0.0,1.0,0.0,0.0,0.0,0.0,0.0,0.0,0.0,0.0,0.0,0.0
881,Quartz,1.0,978,35.28779214899948,924.6482617586912,813.4100204498977,907,798,947,836,39.45990039878552,33.965901406915116,0.8956043956043956,0.0,0.0,0.0,0.0,0.0,0.0,1.0,0.0,0.0,0.0,0.0,0.0,0.0,0.0,0.0,0.0,0.0
882,Quartz,1.0,3586,67.57097755264677,924.9592861126604,956.9300055772449,899,899,952,1009,104.04932979723004,46.68572934236931,0.8491593653800615,0.0,0.0,0.0,0.0,0.0,0.0,1.0,0.0,0.0,0.0,0.0,0.0,0.0,0.0,0.0,0.0,0.0
883,Quartz,1.0,269,18.5067943613625,922.4646840148699,3415.6654275092937,910,3403,935,3426,22.29183158896979,18.014845110302847,0.7309782608695652,0.0,0.0,0.0,0.0,0.0,0.0,1.0,0.0,0.0,0.0,0.0,0.0,0.0,0.0,0.0,0.0,0.0
884,Quartz,1.0,1301,40.69993424688112,923.0945426594927,3483.999231360492,907,3461,946,3507,47.69006442875536,36.35200976461065,0.8917066483893078,0.0,0.0,0.0,0.0,0.0,0.0,1.0,0.0,0.0,0.0,0.0,0.0,0.0,0.0,0.0,0.0,0.0
885,Quartz,1.0,234,17.26088217525478,926.1196581196581,521.3333333333334,914,512,936,531,21.542378493598026,16.080069485569968,0.8327402135231317,0.0,0.0,0.0,0.0,0.0,0.0,1.0,0.0,0.0,0.0,0.0,0.0,0.0,0.0,0.0,0.0,0.0
886,Quartz,1.0,938,34.558626896356614,925.0170575692964,3779.630063965885,902,3763,947,3798,41.3570577328954,29.81329088542119,0.8725581395348837,0.0,0.0,0.0,0.0,0.0,0.0,1.0,0.0,0.0,0.0,0.0,0.0,0.0,0.0,0.0,0.0,0.0
887,Quartz,1.0,591,27.431452220735256,923.2385786802031,4505.675126903553,908,4486,939,4522,34.75386966225564,22.672066847753293,0.8577648766328012,0.0,0.0,0.0,0.0,0.0,0.0,1.0,0.0,0.0,0.0,0.0,0.0,0.0,0.0,0.0,0.0,0.0
888,Quartz,1.0,1482,43.4389342099632,925.4284750337382,3614.57624831309,902,3581,945,3648,59.3319604401368,35.49119000503076,0.8125,0.0,0.0,0.0,0.0,0.0,0.0,1.0,0.0,0.0,0.0,0.0,0.0,0.0,0.0,0.0,0.0,0.0
889,Quartz,1.0,414,22.959119571977435,927.1086956521739,2192.9323671497586,909,2182,944,2206,36.699633188611706,15.702712624174358,0.8117647058823529,0.0,0.0,0.0,0.0,0.0,0.0,1.0,0.0,0.0,0.0,0.0,0.0,0.0,0.0,0.0,0.0,0.0
890,Quartz,1.0,3452,66.29647734552555,932.933661645423,1882.0599652375436,901,1843,966,1922,86.44786774586619,52.770571665109195,0.8858095971259944,0.0,0.0,0.0,0.0,0.0,0.0,1.0,0.0,0.0,0.0,0.0,0.0,0.0,0.0,0.0,0.0,0.0
891,Quartz,1.0,347,21.019374919894773,929.6311239193084,2177.9394812680116,916,2163,942,2189,24.917657397908073,22.05047255033912,0.8422330097087378,0.0,0.0,0.0,0.0,0.0,0.0,1.0,0.0,0.0,0.0,0.0,0.0,0.0,0.0,0.0,0.0,0.0
892,Quartz,1.0,173,14.841510746523857,927.9884393063584,2138.184971098266,922,2126,935,2149,22.848109147224065,10.65504331402052,0.8564356435643564,0.0,0.0,0.0,0.0,0.0,0.0,1.0,0.0,0.0,0.0,0.0,0.0,0.0,0.0,0.0,0.0,0.0
893,Quartz,1.0,1042,36.424107478619696,926.985604606526,1405.0499040307102,910,1389,950,1429,45.08172421157184,32.466991491351784,0.8734283319362951,0.0,0.0,0.0,0.0,0.0,0.0,1.0,0.0,0.0,0.0,0.0,0.0,0.0,0.0,0.0,0.0,0.0
894,Quartz,1.0,208,16.273715780512877,924.9759615384615,1587.8365384615386,915,1580,934,1595,20.565283066743845,13.964848277524705,0.8851063829787233,0.0,0.0,0.0,0.0,0.0,0.0,1.0,0.0,0.0,0.0,0.0,0.0,0.0,0.0,0.0,0.0,0.0
895,Quartz,1.0,9498,109.96921931110803,924.2995367445778,2324.332806906717,861,2265,993,2379,122.01338239568118,102.13388743452346,0.8970532678503966,0.0,0.0,0.0,0.0,0.0,0.0,1.0,0.0,0.0,0.0,0.0,0.0,0.0,0.0,0.0,0.0,0.0
896,Quartz,1.0,416,23.014509567006368,926.8413461538462,2686.997596153846,912,2668,941,2703,38.00263604893781,16.672544714796345,0.7536231884057971,0.0,0.0,0.0,0.0,0.0,0.0,1.0,0.0,0.0,0.0,0.0,0.0,0.0,0.0,0.0,0.0,0.0
897,Quartz,1.0,101,11.340070282773887,932.7425742574258,3428.227722772277,926,3423,940,3433,13.17531215960231,10.235172811250195,0.9351851851851852,0.0,0.0,0.0,0.0,0.0,0.0,1.0,0.0,0.0,0.0,0.0,0.0,0.0,0.0,0.0,0.0,0.0
898,Quartz,1.0,227,17.000746355818674,935.7180616740088,3437.1057268722466,921,3431,953,3445,30.320908725697365,10.692444980720568,0.7418300653594772,0.0,0.0,0.0,0.0,0.0,0.0,1.0,0.0,0.0,0.0,0.0,0.0,0.0,0.0,0.0,0.0,0.0
899,Quartz,1.0,3255,64.37697350849102,945.2835637480799,257.34285714285716,906,218,989,302,107.20470129251986,43.36655503457354,0.8078927773641102,0.0,0.0,0.0,0.0,0.0,0.0,1.0,0.0,0.0,0.0,0.0,0.0,0.0,0.0,0.0,0.0,0.0
900,Quartz,1.0,156,14.093451279891855,937.9807692307693,1585.423076923077,933,1574,946,1596,20.42486650130436,11.562810889324341,0.7536231884057971,0.0,0.0,0.0,0.0,0.0,0.0,1.0,0.0,0.0,0.0,0.0,0.0,0.0,0.0,0.0,0.0,0.0
901,Orthoclase,1.0,568,26.89237924411993,933.3327464788732,2969.762323943662,917,2957,948,2984,29.160299234593882,25.56987461694036,0.9265905383360522,0.0,0.0,0.0,0.0,0.0,0.0,0.0,0.0,1.0,0.0,0.0,0.0,0.0,0.0,0.0,0.0,0.0
902,Quartz,1.0,570,26.939683377854365,937.1070175438597,1809.157894736842,926,1786,949,1832,42.1424210076295,18.246533094256943,0.8394698085419735,0.0,0.0,0.0,0.0,0.0,0.0,1.0,0.0,0.0,0.0,0.0,0.0,0.0,0.0,0.0,0.0,0.0
903,Quartz,1.0,955,34.870385217575105,934.6513089005235,4590.830366492147,910,4573,957,4609,46.39373286215785,29.724689001128795,0.7918739635157546,0.0,0.0,0.0,0.0,0.0,0.0,1.0,0.0,0.0,0.0,0.0,0.0,0.0,0.0,0.0,0.0,0.0
904,Quartz,1.0,1474,43.32153147038583,931.5210312075984,582.5359565807327,904,551,955,614,69.51329912284083,29.955615205359564,0.8481012658227848,0.0,0.0,0.0,0.0,0.0,0.0,1.0,0.0,0.0,0.0,0.0,0.0,0.0,0.0,0.0,0.0,0.0
905,Quartz,1.0,1103,37.47510130530516,942.751586582049,1426.1033544877607,918,1406,968,1440,50.78382203304653,29.280294366720938,0.8989405052974735,0.0,0.0,0.0,0.0,0.0,0.0,1.0,0.0,0.0,0.0,0.0,0.0,0.0,0.0,0.0,0.0,0.0
906,Quartz,1.0,164,14.450303987687134,936.3719512195122,3403.5853658536585,926,3398,946,3412,21.22783788055351,10.625553954257807,0.8282828282828283,0.0,0.0,0.0,0.0,0.0,0.0,1.0,0.0,0.0,0.0,0.0,0.0,0.0,0.0,0.0,0.0,0.0
907,Quartz,1.0,245,17.66192765414112,932.1020408163265,3748.938775510204,914,3743,947,3756,33.14037406717734,10.778817744865266,0.768025078369906,0.0,0.0,0.0,0.0,0.0,0.0,1.0,0.0,0.0,0.0,0.0,0.0,0.0,0.0,0.0,0.0,0.0
908,Quartz,1.0,885,33.568094927931476,928.0067796610169,878.7966101694915,895,868,959,892,62.832463538589735,19.707285545474356,0.8104395604395604,0.0,0.0,0.0,0.0,0.0,0.0,1.0,0.0,0.0,0.0,0.0,0.0,0.0,0.0,0.0,0.0,0.0
909,Quartz,1.0,335,20.65272978291924,939.355223880597,154.62686567164178,927,142,955,169,33.26539097374225,14.297374333791717,0.8131067961165048,0.0,0.0,0.0,0.0,0.0,0.0,1.0,0.0,0.0,0.0,0.0,0.0,0.0,0.0,0.0,0.0,0.0
910,Quartz,1.0,370,21.70480664627101,935.0162162162162,1944.6459459459459,926,1931,943,1960,29.306913340382668,17.009467412725172,0.8872901678657075,0.0,0.0,0.0,0.0,0.0,0.0,1.0,0.0,0.0,0.0,0.0,0.0,0.0,0.0,0.0,0.0,0.0
911,Quartz,1.0,181,15.180789096653193,943.0055248618785,2680.5911602209944,936,2672,951,2690,17.374094275641994,14.221479904141741,0.8660287081339713,0.0,0.0,0.0,0.0,0.0,0.0,1.0,0.0,0.0,0.0,0.0,0.0,0.0,0.0,0.0,0.0,0.0
912,Quartz,1.0,928,34.37391885593249,943.3081896551724,2052.884698275862,925,2035,970,2070,45.19662752336614,28.116102388426455,0.8482632541133455,0.0,0.0,0.0,0.0,0.0,0.0,1.0,0.0,0.0,0.0,0.0,0.0,0.0,0.0,0.0,0.0,0.0
913,Quartz,1.0,949,34.76067214473376,941.9336143308747,4640.7692307692305,925,4616,958,4659,44.11032645888229,30.162107391643925,0.8572719060523939,0.0,0.0,0.0,0.0,0.0,0.0,1.0,0.0,0.0,0.0,0.0,0.0,0.0,0.0,0.0,0.0,0.0
914,Quartz,1.0,577,27.104597715372734,945.367417677643,4667.247833622184,928,4657,963,4679,34.12866928042684,23.561147090676542,0.8959627329192547,0.0,0.0,0.0,0.0,0.0,0.0,1.0,0.0,0.0,0.0,0.0,0.0,0.0,0.0,0.0,0.0,0.0
915,Quartz,1.0,370,21.70480664627101,950.4702702702702,1945.9756756756756,943,1933,961,1959,26.207980017288257,19.211885730413343,0.9068627450980392,0.0,0.0,0.0,0.0,0.0,0.0,1.0,0.0,0.0,0.0,0.0,0.0,0.0,0.0,0.0,0.0,0.0
916,Orthoclase,1.0,475,24.592453796829673,948.7978947368421,2107.9178947368423,935,2091,960,2122,30.41976341091055,21.53574164001431,0.8928571428571429,0.0,0.0,0.0,0.0,0.0,0.0,0.0,0.0,1.0,0.0,0.0,0.0,0.0,0.0,0.0,0.0,0.0
917,Quartz,1.0,880,33.47313548753602,943.9431818181819,1552.340909090909,920,1535,964,1570,47.70428485657723,28.25322273214667,0.775330396475771,0.0,0.0,0.0,0.0,0.0,0.0,1.0,0.0,0.0,0.0,0.0,0.0,0.0,0.0,0.0,0.0,0.0
918,Quartz,1.0,429,23.371344948277684,950.8344988344988,2703.195804195804,938,2691,967,2716,31.44525109816615,18.21958733012661,0.8755102040816326,0.0,0.0,0.0,0.0,0.0,0.0,1.0,0.0,0.0,0.0,0.0,0.0,0.0,0.0,0.0,0.0,0.0
919,Quartz,1.0,312,19.931149940667517,947.7852564102565,3422.230769230769,935,3410,961,3434,24.165725800956245,18.381068684752872,0.7628361858190709,0.0,0.0,0.0,0.0,0.0,0.0,1.0,0.0,0.0,0.0,0.0,0.0,0.0,0.0,0.0,0.0,0.0
920,Orthoclase,1.0,292,19.281751659604673,949.5102739726027,3974.082191780822,942,3960,957,3990,29.755550574750988,12.903388442570916,0.8957055214723927,0.0,0.0,0.0,0.0,0.0,0.0,0.0,0.0,1.0,0.0,0.0,0.0,0.0,0.0,0.0,0.0,0.0
921,Quartz,1.0,3571,67.4295069998978,960.8571828619434,382.7594511341361,917,353,1005,418,86.39102393667507,59.70628874378486,0.855739276300024,0.0,0.0,0.0,0.0,0.0,0.0,1.0,0.0,0.0,0.0,0.0,0.0,0.0,0.0,0.0,0.0,0.0
922,Quartz,1.0,2073,51.37534015688842,950.8972503617945,618.4891461649783,920,590,980,658,67.07105478337128,42.15193566853284,0.8783898305084745,0.0,0.0,0.0,0.0,0.0,0.0,1.0,0.0,0.0,0.0,0.0,0.0,0.0,0.0,0.0,0.0,0.0
923,Quartz,1.0,3301,64.83026868038395,948.6949409269919,3309.1323841260223,901,3284,992,3339,88.96777078023366,49.62038262681203,0.866859243697479,0.0,0.0,0.0,0.0,0.0,0.0,1.0,0.0,0.0,0.0,0.0,0.0,0.0,0.0,0.0,0.0,0.0
924,Quartz,1.0,2248,53.499929874389984,952.0475978647687,2761.2215302491104,928,2723,976,2795,75.44333664692955,40.990420738697495,0.8662813102119461,0.0,0.0,0.0,0.0,0.0,0.0,1.0,0.0,0.0,0.0,0.0,0.0,0.0,0.0,0.0,0.0,0.0
925,Quartz,1.0,3248,64.30771369983393,952.5588054187192,3231.7019704433496,913,3196,988,3270,79.44142720287259,55.45083400209843,0.8498168498168498,0.0,0.0,0.0,0.0,0.0,0.0,1.0,0.0,0.0,0.0,0.0,0.0,0.0,0.0,0.0,0.0,0.0
926,Quartz,1.0,820,32.31186201200472,945.3487804878049,2599.7048780487803,923,2587,970,2615,45.2392863836148,24.100981197608593,0.8506224066390041,0.0,0.0,0.0,0.0,0.0,0.0,1.0,0.0,0.0,0.0,0.0,0.0,0.0,0.0,0.0,0.0,0.0
927,Unknown,1.0,185,15.347615963921077,955.6432432432432,1497.2972972972973,947,1487,962,1508,24.10574053597595,11.705530868158549,0.7676348547717843,0.0,0.0,0.0,0.0,0.0,0.0,0.0,0.0,0.0,0.0,0.0,0.0,0.0,0.0,0.0,0.0,1.0
928,Quartz,1.0,807,32.05470811910906,952.54770755886,1039.9392812887236,940,1014,968,1066,51.91065464519749,21.171253793456927,0.8868131868131868,0.0,0.0,0.0,0.0,0.0,0.0,1.0,0.0,0.0,0.0,0.0,0.0,0.0,0.0,0.0,0.0,0.0
929,Quartz,1.0,625,28.209479177387816,955.0416,1815.568,944,1791,967,1841,50.30277289825435,19.004161801738295,0.702247191011236,0.0,0.0,0.0,0.0,0.0,0.0,1.0,0.0,0.0,0.0,0.0,0.0,0.0,0.0,0.0,0.0,0.0
930,Quartz,1.0,579,27.151532118863187,958.9412780656304,2016.979274611399,942,2004,977,2034,34.57200158149729,23.729978894783322,0.829512893982808,0.0,0.0,0.0,0.0,0.0,0.0,1.0,0.0,0.0,0.0,0.0,0.0,0.0,0.0,0.0,0.0,0.0
931,Quartz,1.0,1602,45.16336735304101,964.7646691635456,2636.7478152309614,940,2611,990,2666,57.17041889665359,37.158520744035606,0.8608275120902741,0.0,0.0,0.0,0.0,0.0,0.0,1.0,0.0,0.0,0.0,0.0,0.0,0.0,0.0,0.0,0.0,0.0
932,Quartz,1.0,519,25.70625067405882,962.344894026975,332.73217726396916,941,319,985,349,46.770137715485404,16.541663689471864,0.7746268656716417,0.0,0.0,0.0,0.0,0.0,0.0,1.0,0.0,0.0,0.0,0.0,0.0,0.0,0.0,0.0,0.0,0.0
933,Quartz,1.0,217,16.622063085174787,964.7880184331797,3009.5115207373274,955,3001,975,3019,20.79687968234833,14.011319708783297,0.857707509881423,0.0,0.0,0.0,0.0,0.0,0.0,1.0,0.0,0.0,0.0,0.0,0.0,0.0,0.0,0.0,0.0,0.0
934,Quartz,1.0,1237,39.686235861283144,960.9725141471301,753.4810024252223,938,729,984,779,55.30881164953582,32.81223298265732,0.8001293661060802,0.0,0.0,0.0,0.0,0.0,0.0,1.0,0.0,0.0,0.0,0.0,0.0,0.0,0.0,0.0,0.0,0.0
935,Quartz,1.0,277,18.77997214831907,965.6353790613719,2451.5415162454874,959,2435,975,2468,30.443090937472085,14.186048327408166,0.8368580060422961,0.0,0.0,0.0,0.0,0.0,0.0,1.0,0.0,0.0,0.0,0.0,0.0,0.0,0.0,0.0,0.0,0.0
936,Quartz,1.0,786,31.634890266315733,960.3422391857506,3817.7862595419847,937,3806,983,3831,45.96980868064538,22.24862252153618,0.9128919860627178,0.0,0.0,0.0,0.0,0.0,0.0,1.0,0.0,0.0,0.0,0.0,0.0,0.0,0.0,0.0,0.0,0.0
937,Quartz,1.0,512,25.532305945691693,970.7890625,4119.05078125,957,4107,989,4134,31.639468058810987,21.517513497784876,0.8966725043782837,0.0,0.0,0.0,0.0,0.0,0.0,1.0,0.0,0.0,0.0,0.0,0.0,0.0,0.0,0.0,0.0,0.0
938,Quartz,0.9936636543055989,9627,110.71349103503788,981.875246701984,2539.016516048613,918,2488,1049,2593,128.79459118382192,97.6072919357831,0.9132909591120387,0.0,0.0,0.0,0.0,0.0,0.0,0.9936636543055989,0.0,0.0063363456944011635,0.0,0.0,0.0,0.0,0.0,0.0,0.0,0.0
939,Quartz,1.0,292,19.281751659604673,967.5445205479452,2693.2671232876714,956,2682,979,2704,24.32455324301212,17.260858588022888,0.7934782608695652,0.0,0.0,0.0,0.0,0.0,0.0,1.0,0.0,0.0,0.0,0.0,0.0,0.0,0.0,0.0,0.0,0.0
940,Quartz,1.0,667,29.14190756176324,967.7796101949026,1403.655172413793,948,1388,985,1422,39.45900984866332,24.48451155062706,0.8124238733252132,0.0,0.0,0.0,0.0,0.0,0.0,1.0,0.0,0.0,0.0,0.0,0.0,0.0,0.0,0.0,0.0,0.0
941,Quartz,1.0,619,28.07374713484229,974.8982229402262,1030.97253634895,960,1012,989,1060,49.37480637856907,18.237682105174024,0.8387533875338753,0.0,0.0,0.0,0.0,0.0,0.0,1.0,0.0,0.0,0.0,0.0,0.0,0.0,0.0,0.0,0.0,0.0
942,Quartz,0.946775844421699,977,35.269746741453275,986.0010235414534,4078.5834186284546,960,4063,1021,4094,61.12165462633106,24.975632848468546,0.7480857580398163,0.0,0.0,0.0,0.0,0.0,0.0,0.946775844421699,0.0,0.05322415557830092,0.0,0.0,0.0,0.0,0.0,0.0,0.0,0.0
943,Quartz,1.0,328,20.435815879801165,975.3262195121952,1540.2439024390244,966,1529,985,1554,25.890568651822804,16.89420544652241,0.8586387434554974,0.0,0.0,0.0,0.0,0.0,0.0,1.0,0.0,0.0,0.0,0.0,0.0,0.0,0.0,0.0,0.0,0.0
944,Quartz,1.0,367,21.616635097022034,974.1307901907356,230.77384196185287,959,219,988,242,26.35855134228668,21.728661132721854,0.7808510638297872,0.0,0.0,0.0,0.0,0.0,0.0,1.0,0.0,0.0,0.0,0.0,0.0,0.0,0.0,0.0,0.0,0.0
945,Unknown,1.0,131,12.914889870235298,976.8931297709923,2840.007633587786,971,2834,984,2847,13.289814739490868,12.713768127563293,0.9225352112676056,0.0,0.0,0.0,0.0,0.0,0.0,0.0,0.0,0.0,0.0,0.0,0.0,0.0,0.0,0.0,0.0,1.0
946,Quartz,1.0,1176,38.69534474078957,975.2925170068028,890.9982993197278,961,864,993,926,60.1109456339939,27.635116561086598,0.8132780082987552,0.0,0.0,0.0,0.0,0.0,0.0,1.0,0.0,0.0,0.0,0.0,0.0,0.0,0.0,0.0,0.0,0.0
947,Quartz,1.0,1076,37.013588722725,981.5315985130112,1936.8763940520446,960,1914,999,1970,59.692472965547104,25.54909821018691,0.8302469135802469,0.0,0.0,0.0,0.0,0.0,0.0,1.0,0.0,0.0,0.0,0.0,0.0,0.0,0.0,0.0,0.0,0.0
948,Quartz,1.0,5331,82.38713499681339,976.0403301444381,3655.944100543988,930,3613,1026,3698,95.9744652721241,75.05027063013725,0.8638794360719494,0.0,0.0,0.0,0.0,0.0,0.0,1.0,0.0,0.0,0.0,0.0,0.0,0.0,0.0,0.0,0.0,0.0
949,Quartz,1.0,115,12.100518486599809,1011.2869565217392,3628.9304347826087,1003,3623,1022,3635,18.860677245057957,8.969121328849791,0.7931034482758621,0.0,0.0,0.0,0.0,0.0,0.0,1.0,0.0,0.0,0.0,0.0,0.0,0.0,0.0,0.0,0.0,0.0
950,Quartz,1.0,261,18.229523339239496,975.1915708812261,3982.367816091954,966,3971,989,3991,25.292699588826427,14.265502084507489,0.903114186851211,0.0,0.0,0.0,0.0,0.0,0.0,1.0,0.0,0.0,0.0,0.0,0.0,0.0,0.0,0.0,0.0,0.0
951,Quartz,1.0,1337,41.25919620291836,979.8017950635751,2116.962602842184,964,2084,998,2146,57.77783399747062,30.293649738014633,0.9003367003367003,0.0,0.0,0.0,0.0,0.0,0.0,1.0,0.0,0.0,0.0,0.0,0.0,0.0,0.0,0.0,0.0,0.0
952,Quartz,1.0,2205,52.985782962423364,980.7151927437642,2962.1714285714284,949,2935,1008,2998,71.5608069396435,41.15216337410457,0.9011033919084593,0.0,0.0,0.0,0.0,0.0,0.0,1.0,0.0,0.0,0.0,0.0,0.0,0.0,0.0,0.0,0.0,0.0
953,Quartz,1.0,300,19.544100476116796,976.21,3998.57,966,3989,990,4014,29.67983797656568,14.632494126138456,0.8241758241758241,0.0,0.0,0.0,0.0,0.0,0.0,1.0,0.0,0.0,0.0,0.0,0.0,0.0,0.0,0.0,0.0,0.0
954,Orthoclase,1.0,175,14.927053303604616,979.6685714285715,2041.6514285714286,970,2034,991,2051,22.86036640731422,15.084119733398524,0.6972111553784861,0.0,0.0,0.0,0.0,0.0,0.0,0.0,0.0,1.0,0.0,0.0,0.0,0.0,0.0,0.0,0.0,0.0
955,Quartz,1.0,4688,77.25896055292515,978.8843856655291,3053.778156996587,934,3004,1017,3093,90.00908501116751,70.16731473252919,0.9266653488831785,0.0,0.0,0.0,0.0,0.0,0.0,1.0,0.0,0.0,0.0,0.0,0.0,0.0,0.0,0.0,0.0,0.0
956,Quartz,1.0,2712,58.762450981232575,979.4111356932153,513.8982300884956,938,483,1009,548,66.41306900718318,56.35912911327625,0.8273337400854179,0.0,0.0,0.0,0.0,0.0,0.0,1.0,0.0,0.0,0.0,0.0,0.0,0.0,0.0,0.0,0.0,0.0
957,Quartz,1.0,1681,46.26354585091602,969.7656157049375,4044.7828673408685,942,4021,998,4075,65.72709360656442,35.899000156568356,0.813649564375605,0.0,0.0,0.0,0.0,0.0,0.0,1.0,0.0,0.0,0.0,0.0,0.0,0.0,0.0,0.0,0.0,0.0
958,Quartz,1.0,2295,54.05631096520737,984.2453159041395,964.5930283224401,953,935,1014,996,56.44788585856081,53.45402784256678,0.8647324792765637,0.0,0.0,0.0,0.0,0.0,0.0,1.0,0.0,0.0,0.0,0.0,0.0,0.0,0.0,0.0,0.0,0.0
959,Quartz,1.0,1267,40.16459265546523,985.9423835832675,2909.813733228098,962,2888,1013,2934,54.404833580616895,30.615443327136703,0.8531986531986532,0.0,0.0,0.0,0.0,0.0,0.0,1.0,0.0,0.0,0.0,0.0,0.0,0.0,0.0,0.0,0.0,0.0
960,Quartz,1.0,421,23.152404806704283,987.0902612826603,1306.2897862232778,973,1295,1001,1318,26.16809336528123,20.901514507447327,0.9314159292035398,0.0,0.0,0.0,0.0,0.0,0.0,1.0,0.0,0.0,0.0,0.0,0.0,0.0,0.0,0.0,0.0,0.0
961,Quartz,1.0,1128,37.89741688375691,985.8918439716313,1502.473404255319,972,1479,1001,1535,58.46734905407532,26.50963380639537,0.9045709703287891,0.0,0.0,0.0,0.0,0.0,0.0,1.0,0.0,0.0,0.0,0.0,0.0,0.0,0.0,0.0,0.0,0.0
962,Quartz,1.0,733,30.549706811864404,989.0095497953615,3962.6766712141884,965,3951,1011,3975,45.411119777771106,21.554411134739485,0.8757467144563919,0.0,0.0,0.0,0.0,0.0,0.0,1.0,0.0,0.0,0.0,0.0,0.0,0.0,0.0,0.0,0.0,0.0
963,Quartz,0.9843619683069225,4796,78.14382161469862,989.0266889074229,4546.645329441201,957,4494,1021,4599,110.03977017732203,58.58994128847811,0.8735883424408014,0.0,0.0,0.0,0.0,0.0,0.0,0.9843619683069225,0.0,0.0,0.0,0.0,0.0,0.0,0.0,0.0,0.0,0.015638031693077564
964,Quartz,1.0,5439,83.2174854451548,990.7359808788381,3364.0330943188087,937,3327,1046,3403,105.41746806899302,67.5286866441232,0.9119718309859155,0.0,0.0,0.0,0.0,0.0,0.0,1.0,0.0,0.0,0.0,0.0,0.0,0.0,0.0,0.0,0.0,0.0
965,Quartz,1.0,1529,44.12236693447059,1002.4669718770439,3548.3799869195554,971,3531,1044,3564,76.5471932539617,28.325112570126493,0.8220430107526882,0.0,0.0,0.0,0.0,0.0,0.0,1.0,0.0,0.0,0.0,0.0,0.0,0.0,0.0,0.0,0.0,0.0
966,Quartz,1.0,2224,53.21357672146274,987.1196043165468,1251.4914568345323,954,1222,1015,1286,70.66021560442069,42.31261179950311,0.8888888888888888,0.0,0.0,0.0,0.0,0.0,0.0,1.0,0.0,0.0,0.0,0.0,0.0,0.0,0.0,0.0,0.0,0.0
967,Quartz,1.0,181,15.180789096653193,990.0220994475138,2752.486187845304,981,2744,998,2761,18.26667969094897,13.9024772057342,0.8080357142857143,0.0,0.0,0.0,0.0,0.0,0.0,1.0,0.0,0.0,0.0,0.0,0.0,0.0,0.0,0.0,0.0,0.0
968,Quartz,1.0,1668,46.08430926701898,988.1702637889688,3926.7302158273383,956,3907,1018,3950,61.08506688215438,36.035329676275765,0.8834745762711864,0.0,0.0,0.0,0.0,0.0,0.0,1.0,0.0,0.0,0.0,0.0,0.0,0.0,0.0,0.0,0.0,0.0
969,Quartz,1.0,6449,90.6152405724173,983.3219103737014,4403.621181578539,929,4347,1032,4456,112.40308665145962,78.71800673253938,0.8596374300186617,0.0,0.0,0.0,0.0,0.0,0.0,1.0,0.0,0.0,0.0,0.0,0.0,0.0,0.0,0.0,0.0,0.0
970,Quartz,1.0,775,31.412746571571088,985.9303225806451,4650.1212903225805,965,4629,1006,4674,51.70331986310453,21.373772963625722,0.7900101936799184,0.0,0.0,0.0,0.0,0.0,0.0,1.0,0.0,0.0,0.0,0.0,0.0,0.0,0.0,0.0,0.0,0.0
971,Quartz,1.0,502,25.281737508665255,988.8665338645418,1902.1215139442231,976,1881,1002,1922,47.077658637706094,14.54439168507509,0.8283828382838284,0.0,0.0,0.0,0.0,0.0,0.0,1.0,0.0,0.0,0.0,0.0,0.0,0.0,0.0,0.0,0.0,0.0
972,Quartz,1.0,456,24.095585330081406,992.0592105263158,3198.5416666666665,981,3184,1007,3212,28.698697771814693,21.978917263277477,0.8769230769230769,0.0,0.0,0.0,0.0,0.0,0.0,1.0,0.0,0.0,0.0,0.0,0.0,0.0,0.0,0.0,0.0,0.0
973,Quartz,1.0,176,14.96964127403822,993.9261363636364,1026.0681818181818,985,1019,1005,1033,20.18754397373066,12.136778598745707,0.8756218905472637,0.0,0.0,0.0,0.0,0.0,0.0,1.0,0.0,0.0,0.0,0.0,0.0,0.0,0.0,0.0,0.0,0.0
974,Quartz,1.0,285,19.04923279949934,998.0175438596491,196.44561403508771,987,186,1013,206,28.898550602807912,14.132472759280024,0.8689024390243902,0.0,0.0,0.0,0.0,0.0,0.0,1.0,0.0,0.0,0.0,0.0,0.0,0.0,0.0,0.0,0.0,0.0
975,Quartz,1.0,4645,76.90382100581759,989.2114101184069,808.3853606027988,951,765,1029,851,86.28327537030026,70.27585325713865,0.9007174713980997,0.0,0.0,0.0,0.0,0.0,0.0,1.0,0.0,0.0,0.0,0.0,0.0,0.0,0.0,0.0,0.0,0.0
976,Quartz,1.0,165,14.494292838262302,995.5090909090909,580.2,985,573,1007,590,19.698358561075253,13.012348999052499,0.8208955223880597,0.0,0.0,0.0,0.0,0.0,0.0,1.0,0.0,0.0,0.0,0.0,0.0,0.0,0.0,0.0,0.0,0.0
977,Quartz,1.0,237,17.371176474327626,995.620253164557,2171.5400843881857,986,2162,1005,2182,19.50890575847612,16.057056364804225,0.8681318681318682,0.0,0.0,0.0,0.0,0.0,0.0,1.0,0.0,0.0,0.0,0.0,0.0,0.0,0.0,0.0,0.0,0.0
978,Quartz,1.0,1877,48.886303045616984,997.8295151838039,1367.6473095364945,977,1338,1021,1401,61.64815149596737,39.948228939061515,0.8722118959107806,0.0,0.0,0.0,0.0,0.0,0.0,1.0,0.0,0.0,0.0,0.0,0.0,0.0,0.0,0.0,0.0,0.0
979,Quartz,1.0,904,33.92651689225682,997.5254424778761,2725.849557522124,973,2712,1030,2743,51.230424960548106,24.615095624990964,0.7833622183708839,0.0,0.0,0.0,0.0,0.0,0.0,1.0,0.0,0.0,0.0,0.0,0.0,0.0,0.0,0.0,0.0,0.0
980,Quartz,1.0,5279,81.98433726424166,1009.369009282061,3132.7168024247017,970,3082,1051,3186,109.54149438933476,66.35830414471317,0.8542071197411003,0.0,0.0,0.0,0.0,0.0,0.0,1.0,0.0,0.0,0.0,0.0,0.0,0.0,0.0,0.0,0.0,0.0
981,Quartz,1.0,3118,63.007625732797116,999.3749198203977,2241.0590121872997,967,2207,1029,2286,81.01666544577499,51.418209207787946,0.87880496054115,0.0,0.0,0.0,0.0,0.0,0.0,1.0,0.0,0.0,0.0,0.0,0.0,0.0,0.0,0.0,0.0,0.0
982,Quartz,1.0,11879,122.98297667526592,978.9970536240425,1694.812442124758,906,1637,1057,1761,156.4330182681956,100.08722344140087,0.8826720166443751,0.0,0.0,0.0,0.0,0.0,0.0,1.0,0.0,0.0,0.0,0.0,0.0,0.0,0.0,0.0,0.0,0.0
983,Quartz,1.0,2611,57.65785680463253,1005.0248946763692,94.20451934124857,958,69,1043,122,80.02829066044553,46.591972605101795,0.8384714193962749,0.0,0.0,0.0,0.0,0.0,0.0,1.0,0.0,0.0,0.0,0.0,0.0,0.0,0.0,0.0,0.0,0.0
984,Quartz,1.0,668,29.163744887841286,1003.1826347305389,3511.634730538922,981,3499,1024,3524,42.183638376859975,21.635059753112664,0.8487928843710292,0.0,0.0,0.0,0.0,0.0,0.0,1.0,0.0,0.0,0.0,0.0,0.0,0.0,0.0,0.0,0.0,0.0
985,Quartz,1.0,932,34.44792091974742,1012.3830472103004,3842.75321888412,994,3827,1046,3867,54.14706724899768,27.400708787436557,0.7766666666666666,0.0,0.0,0.0,0.0,0.0,0.0,1.0,0.0,0.0,0.0,0.0,0.0,0.0,0.0,0.0,0.0,0.0
986,Quartz,1.0,675,29.316150714175198,1004.7155555555555,714.4518518518519,989,700,1023,733,36.17993296037174,25.078795943782183,0.8555133079847909,0.0,0.0,0.0,0.0,0.0,0.0,1.0,0.0,0.0,0.0,0.0,0.0,0.0,0.0,0.0,0.0,0.0
987,Quartz,1.0,703,29.918011296689148,1006.1877667140825,2453.3556187766712,985,2433,1023,2474,35.23572978164805,32.33586707101419,0.7166156982670744,0.0,0.0,0.0,0.0,0.0,0.0,1.0,0.0,0.0,0.0,0.0,0.0,0.0,0.0,0.0,0.0,0.0
989,Quartz,1.0,395,22.42609239636699,1001.8607594936709,2616.9037974683542,989,2606,1017,2632,30.01715982496542,18.383824277562027,0.8531317494600432,0.0,0.0,0.0,0.0,0.0,0.0,1.0,0.0,0.0,0.0,0.0,0.0,0.0,0.0,0.0,0.0,0.0
990,Quartz,1.0,1253,39.94207242436425,1007.0654429369513,2777.469273743017,982,2749,1031,2799,53.41623631868724,35.979259904427664,0.8099547511312217,0.0,0.0,0.0,0.0,0.0,0.0,1.0,0.0,0.0,0.0,0.0,0.0,0.0,0.0,0.0,0.0,0.0
991,Quartz,1.0,610,27.868909599918855,1014.0590163934427,731.5016393442623,995,716,1029,747,37.343200937629234,22.63234447423608,0.8591549295774648,0.0,0.0,0.0,0.0,0.0,0.0,1.0,0.0,0.0,0.0,0.0,0.0,0.0,0.0,0.0,0.0,0.0
992,Quartz,1.0,379,21.967197988242077,1016.2374670184696,2597.9841688654355,1002,2586,1031,2611,27.738576732453225,19.646148989164985,0.8185745140388769,0.0,0.0,0.0,0.0,0.0,0.0,1.0,0.0,0.0,0.0,0.0,0.0,0.0,0.0,0.0,0.0,0.0
993,Quartz,1.0,1289,40.511797950271536,1018.8727695888285,2044.367726920093,997,2022,1045,2075,52.60306631388058,35.50434422628392,0.7831105710814095,0.0,0.0,0.0,0.0,0.0,0.0,1.0,0.0,0.0,0.0,0.0,0.0,0.0,0.0,0.0,0.0,0.0
994,Quartz,1.0,1020,36.03754064347158,1012.843137254902,2194.6127450980393,990,2178,1031,2216,42.94615532476739,32.77210791101042,0.8869565217391304,0.0,0.0,0.0,0.0,0.0,0.0,1.0,0.0,0.0,0.0,0.0,0.0,0.0,0.0,0.0,0.0,0.0
995,Quartz,1.0,290,19.21560480373171,1015.1448275862069,4063.1758620689657,1003,4052,1027,4074,21.174150240104154,19.54192904046519,0.7712765957446809,0.0,0.0,0.0,0.0,0.0,0.0,1.0,0.0,0.0,0.0,0.0,0.0,0.0,0.0,0.0,0.0,0.0
996,Quartz,1.0,168,14.625465582862905,1011.9464285714286,256.3809523809524,999,251,1025,264,29.259141015566847,9.013824877001994,0.7088607594936709,0.0,0.0,0.0,0.0,0.0,0.0,1.0,0.0,0.0,0.0,0.0,0.0,0.0,0.0,0.0,0.0,0.0
997,Quartz,1.0,3854,70.05044757465377,1020.0604566683965,425.062532433835,974,371,1054,461,90.7023970015323,60.48269175012602,0.8743194192377496,0.0,0.0,0.0,0.0,0.0,0.0,1.0,0.0,0.0,0.0,0.0,0.0,0.0,0.0,0.0,0.0,0.0
998,Quartz,1.0,845,32.80072278626208,1017.7431952662722,608.5952662721894,998,588,1035,625,43.530110723075886,26.09259944219542,0.868448098663926,0.0,0.0,0.0,0.0,0.0,0.0,1.0,0.0,0.0,0.0,0.0,0.0,0.0,0.0,0.0,0.0,0.0
1000,Quartz,1.0,718,30.23550881198871,1017.5877437325905,1464.1114206128134,1002,1443,1032,1484,42.05757373612763,23.316347176490297,0.8537455410225921,0.0,0.0,0.0,0.0,0.0,0.0,1.0,0.0,0.0,0.0,0.0,0.0,0.0,0.0,0.0,0.0,0.0
1002,Quartz,1.0,137,13.207339536360731,1023.8686131386861,3467.6277372262775,1018,3458,1033,3477,19.92067894907596,10.509714497798829,0.7740112994350282,0.0,0.0,0.0,0.0,0.0,0.0,1.0,0.0,0.0,0.0,0.0,0.0,0.0,0.0,0.0,0.0,0.0
1003,Quartz,1.0,1723,46.837930521946475,1017.9535693557748,3246.4567614625653,986,3225,1046,3270,59.28169644620672,39.59041953196224,0.8504442250740375,0.0,0.0,0.0,0.0,0.0,0.0,1.0,0.0,0.0,0.0,0.0,0.0,0.0,0.0,0.0,0.0,0.0
1004,Quartz,1.0,1203,39.137030703879425,1025.7381546134663,567.1313383208645,1001,549,1048,590,48.67696498085851,33.185636602928916,0.8531914893617021,0.0,0.0,0.0,0.0,0.0,0.0,1.0,0.0,0.0,0.0,0.0,0.0,0.0,0.0,0.0,0.0,0.0
1005,Quartz,1.0,679,29.40288507740653,1024.8512518409425,1318.8954344624449,1007,1306,1043,1334,37.513110384439344,23.442761536697432,0.9314128943758574,0.0,0.0,0.0,0.0,0.0,0.0,1.0,0.0,0.0,0.0,0.0,0.0,0.0,0.0,0.0,0.0,0.0
1006,Chromite,1.0,2777,59.4624773763215,1028.7266834713719,1080.6967951026288,999,1045,1069,1122,75.46117602869509,54.06662280556185,0.8075021808665309,0.0,0.0,0.0,0.0,0.0,0.0,0.0,1.0,0.0,0.0,0.0,0.0,0.0,0.0,0.0,0.0,0.0
1007,Quartz,1.0,473,24.54062559633988,1029.3911205073996,1900.3213530655391,1016,1887,1046,1917,34.571522658274766,18.615947039589372,0.8356890459363958,0.0,0.0,0.0,0.0,0.0,0.0,1.0,0.0,0.0,0.0,0.0,0.0,0.0,0.0,0.0,0.0,0.0
1008,Quartz,1.0,150,13.81976597885342,1026.6733333333334,2085.9,1019,2076,1034,2096,20.59121356848745,10.54013975235436,0.7894736842105263,0.0,0.0,0.0,0.0,0.0,0.0,1.0,0.0,0.0,0.0,0.0,0.0,0.0,0.0,0.0,0.0,0.0
1009,Quartz,1.0,693,29.70446102021492,1024.5425685425685,2808.4256854256855,994,2798,1048,2822,51.90662170114737,18.715250264448752,0.8105263157894737,0.0,0.0,0.0,0.0,0.0,0.0,1.0,0.0,0.0,0.0,0.0,0.0,0.0,0.0,0.0,0.0,0.0
1010,Quartz,1.0,203,16.07692842495848,1029.92118226601,144.20689655172413,1018,136,1041,152,22.860599298034636,12.875984275062,0.796078431372549,0.0,0.0,0.0,0.0,0.0,0.0,1.0,0.0,0.0,0.0,0.0,0.0,0.0,0.0,0.0,0.0,0.0
1011,Quartz,1.0,1810,48.0058702240741,1027.5911602209944,2902.0011049723757,996,2876,1057,2933,59.17292095675568,42.615450740674795,0.8602661596958175,0.0,0.0,0.0,0.0,0.0,0.0,1.0,0.0,0.0,0.0,0.0,0.0,0.0,0.0,0.0,0.0,0.0
1012,Quartz,1.0,1113,37.64459607022283,1033.9128481581313,3953.765498652291,1010,3936,1062,3971,52.32121236193964,28.883345835246278,0.8502673796791443,0.0,0.0,0.0,0.0,0.0,0.0,1.0,0.0,0.0,0.0,0.0,0.0,0.0,0.0,0.0,0.0,0.0
1013,Orthoclase,1.0,483,24.798683434954437,1030.2815734989647,1012.2215320910973,1017,1001,1043,1024,27.181230169771815,23.128335985909764,0.9235181644359465,0.0,0.0,0.0,0.0,0.0,0.0,0.0,0.0,1.0,0.0,0.0,0.0,0.0,0.0,0.0,0.0,0.0
1015,Quartz,1.0,419,23.09734550211416,1033.5560859188545,3488.267303102625,1019,3476,1048,3503,31.337054691588104,18.403155334091576,0.838,0.0,0.0,0.0,0.0,0.0,0.0,1.0,0.0,0.0,0.0,0.0,0.0,0.0,0.0,0.0,0.0,0.0
1016,Quartz,1.0,1081,37.09948716436268,1031.831637372803,2147.0175763182237,1010,2125,1055,2176,59.27507021129076,25.863767949514433,0.843871975019516,0.0,0.0,0.0,0.0,0.0,0.0,1.0,0.0,0.0,0.0,0.0,0.0,0.0,0.0,0.0,0.0,0.0
1017,Quartz,1.0,1573,44.752718396410415,1036.3172282263192,3754.79847425302,1021,3723,1056,3786,64.18163930466108,32.555075631489004,0.9045428407130535,0.0,0.0,0.0,0.0,0.0,0.0,1.0,0.0,0.0,0.0,0.0,0.0,0.0,0.0,0.0,0.0,0.0
1018,Quartz,1.0,1645,45.76547881416016,1031.4522796352583,4460.958662613982,1000,4435,1061,4491,72.03923383249757,30.28660307286943,0.8806209850107066,0.0,0.0,0.0,0.0,0.0,0.0,1.0,0.0,0.0,0.0,0.0,0.0,0.0,0.0,0.0,0.0,0.0
1019,Quartz,1.0,187,15.430353037616328,1038.5508021390374,4009.336898395722,1033,3999,1048,4019,19.11407935059519,13.40456522726408,0.8779342723004695,0.0,0.0,0.0,0.0,0.0,0.0,1.0,0.0,0.0,0.0,0.0,0.0,0.0,0.0,0.0,0.0,0.0
1020,Quartz,1.0,561,26.726155439876237,1043.7326203208556,3032.6898395721923,1026,3020,1068,3053,45.71666800410881,17.60636621729655,0.8025751072961373,0.0,0.0,0.0,0.0,0.0,0.0,1.0,0.0,0.0,0.0,0.0,0.0,0.0,0.0,0.0,0.0,0.0
1021,Quartz,1.0,14639,136.524553452403,1050.096181433158,1565.757702028827,967,1504,1135,1631,164.91946113284274,117.26584285094144,0.9113490630641847,0.0,0.0,0.0,0.0,0.0,0.0,1.0,0.0,0.0,0.0,0.0,0.0,0.0,0.0,0.0,0.0,0.0
1022,Quartz,1.0,1666,46.056672497356786,1039.1830732292917,173.70348139255702,1007,152,1065,198,54.61195289779577,41.06896641736182,0.8880597014925373,0.0,0.0,0.0,0.0,0.0,0.0,1.0,0.0,0.0,0.0,0.0,0.0,0.0,0.0,0.0,0.0,0.0
1023,Quartz,1.0,1152,38.298458918537534,1036.7239583333333,876.1675347222222,1015,856,1068,896,52.754519052389014,31.88260940899097,0.8464364437913299,0.0,0.0,0.0,0.0,0.0,0.0,1.0,0.0,0.0,0.0,0.0,0.0,0.0,0.0,0.0,0.0,0.0
1024,Quartz,1.0,2910,60.86975501165849,1047.7123711340207,4214.628865979382,1018,4174,1072,4259,80.08124702584938,49.39373700846454,0.8725637181409296,0.0,0.0,0.0,0.0,0.0,0.0,1.0,0.0,0.0,0.0,0.0,0.0,0.0,0.0,0.0,0.0,0.0
1025,Quartz,1.0,836,32.625576767294035,1049.5418660287082,899.7607655502393,1029,887,1068,916,39.389617333984475,28.427906202333013,0.9018338727076591,0.0,0.0,0.0,0.0,0.0,0.0,1.0,0.0,0.0,0.0,0.0,0.0,0.0,0.0,0.0,0.0,0.0
1026,Chromite,1.0,908,34.00149271163735,1049.092511013216,2247.4526431718064,1031,2230,1069,2264,37.06319352254434,32.44210971773174,0.908908908908909,0.0,0.0,0.0,0.0,0.0,0.0,0.0,1.0,0.0,0.0,0.0,0.0,0.0,0.0,0.0,0.0,0.0
1027,Quartz,1.0,1218,39.38027127239512,1050.508210180624,621.1609195402299,1034,587,1069,650,57.42785405120095,28.111388309962322,0.8601694915254238,0.0,0.0,0.0,0.0,0.0,0.0,1.0,0.0,0.0,0.0,0.0,0.0,0.0,0.0,0.0,0.0,0.0
1028,Quartz,1.0,748,30.860706075232656,1049.5120320855615,4507.6831550802135,1031,4488,1065,4531,48.49695068383156,20.938892205214092,0.8548571428571429,0.0,0.0,0.0,0.0,0.0,0.0,1.0,0.0,0.0,0.0,0.0,0.0,0.0,0.0,0.0,0.0,0.0
1029,Quartz,1.0,317,20.090219901261573,1052.5615141955836,2202.914826498423,1045,2188,1060,2220,31.976839936906302,13.746891124673521,0.8342105263157895,0.0,0.0,0.0,0.0,0.0,0.0,1.0,0.0,0.0,0.0,0.0,0.0,0.0,0.0,0.0,0.0,0.0
1030,Quartz,1.0,2996,61.762655998803574,1053.4592790387183,1357.5090120160214,1024,1313,1084,1388,70.72447839942294,57.86699476268048,0.9065052950075643,0.0,0.0,0.0,0.0,0.0,0.0,1.0,0.0,0.0,0.0,0.0,0.0,0.0,0.0,0.0,0.0,0.0
1031,Quartz,1.0,1069,36.89299490854448,1052.8203928905518,2092.9232927970065,1038,2067,1070,2121,54.00000234685295,25.61160825156426,0.8975650713685979,0.0,0.0,0.0,0.0,0.0,0.0,1.0,0.0,0.0,0.0,0.0,0.0,0.0,0.0,0.0,0.0,0.0
1032,Quartz,1.0,364,21.528102431092233,1051.293956043956,126.13736263736264,1042,110,1063,143,31.24824229811321,17.683892041539014,0.7054263565891473,0.0,0.0,0.0,0.0,0.0,0.0,1.0,0.0,0.0,0.0,0.0,0.0,0.0,0.0,0.0,0.0,0.0
1033,Quartz,1.0,505,25.357168021907675,1054.9425742574258,4081.4752475247524,1040,4064,1068,4095,32.85153466297532,20.91929908408269,0.8844133099824869,0.0,0.0,0.0,0.0,0.0,0.0,1.0,0.0,0.0,0.0,0.0,0.0,0.0,0.0,0.0,0.0,0.0
1034,Quartz,1.0,570,26.939683377854365,1053.9140350877192,4556.980701754386,1039,4541,1068,4577,31.88758002222297,26.357564379248473,0.7894736842105263,0.0,0.0,0.0,0.0,0.0,0.0,1.0,0.0,0.0,0.0,0.0,0.0,0.0,0.0,0.0,0.0,0.0
1035,Quartz,1.0,558,26.654599339742866,1056.363799283154,3522.0555555555557,1038,3505,1077,3534,38.99520733986221,23.711883478382944,0.7322834645669292,0.0,0.0,0.0,0.0,0.0,0.0,1.0,0.0,0.0,0.0,0.0,0.0,0.0,0.0,0.0,0.0,0.0
1036,Quartz,1.0,1007,35.80715321759479,1058.411122144985,957.1797418073486,1043,925,1071,987,56.12896771961876,24.768279643751324,0.8167072181670721,0.0,0.0,0.0,0.0,0.0,0.0,1.0,0.0,0.0,0.0,0.0,0.0,0.0,0.0,0.0,0.0,0.0
1037,Quartz,1.0,2469,56.06806966492709,1055.5597407857433,3449.8967193195626,1021,3425,1087,3485,64.90371640357974,55.61639531590505,0.7985122897800776,0.0,0.0,0.0,0.0,0.0,0.0,1.0,0.0,0.0,0.0,0.0,0.0,0.0,0.0,0.0,0.0,0.0
1038,Quartz,1.0,318,20.12188299403865,1065.0471698113208,135.42767295597486,1056,123,1076,150,23.716856524898805,18.30373288771424,0.8153846153846154,0.0,0.0,0.0,0.0,0.0,0.0,1.0,0.0,0.0,0.0,0.0,0.0,0.0,0.0,0.0,0.0,0.0
1039,Quartz,1.0,710,30.066594033278285,1059.8422535211268,741.5338028169014,1049,718,1074,764,43.907764152254586,21.669384956033255,0.8841843088418431,0.0,0.0,0.0,0.0,0.0,0.0,1.0,0.0,0.0,0.0,0.0,0.0,0.0,0.0,0.0,0.0,0.0
1040,Quartz,1.0,781,31.534109856442154,1057.5966709346992,3801.478873239437,1038,3778,1073,3826,50.69306084858314,22.529038067628946,0.7589893100097181,0.0,0.0,0.0,0.0,0.0,0.0,1.0,0.0,0.0,0.0,0.0,0.0,0.0,0.0,0.0,0.0,0.0
1041,Quartz,1.0,1773,47.51266897171157,1063.087986463621,3584.593344613649,1042,3556,1084,3616,60.87199795567437,38.75110951008695,0.8900602409638554,0.0,0.0,0.0,0.0,0.0,0.0,1.0,0.0,0.0,0.0,0.0,0.0,0.0,0.0,0.0,0.0,0.0
1042,Quartz,1.0,419,23.09734550211416,1060.1837708830549,1931.0859188544152,1046,1917,1073,1945,26.721080806020165,22.25258206603706,0.7965779467680608,0.0,0.0,0.0,0.0,0.0,0.0,1.0,0.0,0.0,0.0,0.0,0.0,0.0,0.0,0.0,0.0,0.0
1043,Quartz,1.0,1288,40.49608047229867,1060.738354037267,2832.2492236024846,1034,2814,1085,2850,51.479662771664664,32.50729347075001,0.9102473498233216,0.0,0.0,0.0,0.0,0.0,0.0,1.0,0.0,0.0,0.0,0.0,0.0,0.0,0.0,0.0,0.0,0.0
1044,Quartz,1.0,803,31.975167777860612,1062.6724782067247,4033.3574097135743,1040,4019,1080,4051,38.0059214434468,28.868559448572306,0.8699891657638137,0.0,0.0,0.0,0.0,0.0,0.0,1.0,0.0,0.0,0.0,0.0,0.0,0.0,0.0,0.0,0.0,0.0
1046,Quartz,1.0,709,30.045412914740087,1062.9125528913964,3287.0042313117065,1047,3264,1078,3306,44.55594550199366,24.857715359604473,0.755863539445629,0.0,0.0,0.0,0.0,0.0,0.0,1.0,0.0,0.0,0.0,0.0,0.0,0.0,0.0,0.0,0.0,0.0
1047,Quartz,1.0,213,16.46815177937675,1064.7699530516431,4475.948356807512,1054,4466,1074,4490,24.496742426410815,14.537518407070616,0.7052980132450332,0.0,0.0,0.0,0.0,0.0,0.0,1.0,0.0,0.0,0.0,0.0,0.0,0.0,0.0,0.0,0.0,0.0
1048,Quartz,1.0,2485,56.24944682987451,1039.1625754527163,234.9979879275654,975,207,1095,264,134.1388941797722,26.7615468288678,0.7625038355323719,0.0,0.0,0.0,0.0,0.0,0.0,1.0,0.0,0.0,0.0,0.0,0.0,0.0,0.0,0.0,0.0,0.0
1049,Quartz,1.0,8324,102.94875409821867,1063.8879144641999,1256.687409899087,1005,1192,1122,1305,112.91757105469071,106.14438940329806,0.843962283280949,0.0,0.0,0.0,0.0,0.0,0.0,1.0,0.0,0.0,0.0,0.0,0.0,0.0,0.0,0.0,0.0,0.0
1050,Quartz,1.0,750,30.90193616185517,1066.9426666666666,2976.9746666666665,1053,2954,1088,2995,42.52164289751577,25.402080421504667,0.8214676889375685,0.0,0.0,0.0,0.0,0.0,0.0,1.0,0.0,0.0,0.0,0.0,0.0,0.0,0.0,0.0,0.0,0.0
1051,Quartz,1.0,1031,36.23133961947795,1060.9476236663434,3207.4451988360815,1038,3186,1088,3233,49.48812234462419,29.686392712311765,0.7967542503863988,0.0,0.0,0.0,0.0,0.0,0.0,1.0,0.0,0.0,0.0,0.0,0.0,0.0,0.0,0.0,0.0,0.0
1052,Orthoclase,1.0,2996,61.762655998803574,1077.4395861148198,1437.0767690253672,1034,1405,1116,1466,84.65269189281672,50.30992103243869,0.837573385518591,0.0,0.0,0.0,0.0,0.0,0.0,0.0,0.0,1.0,0.0,0.0,0.0,0.0,0.0,0.0,0.0,0.0
1053,Quartz,1.0,2120,51.95447848683061,1067.4844339622641,547.638679245283,1040,521,1097,577,60.88819401662472,45.15415123458405,0.916162489196197,0.0,0.0,0.0,0.0,0.0,0.0,1.0,0.0,0.0,0.0,0.0,0.0,0.0,0.0,0.0,0.0,0.0
1054,Quartz,1.0,599,27.616489409343153,1072.7896494156928,714.5459098497496,1058,696,1089,739,39.975322899279305,22.501860237997814,0.7719072164948454,0.0,0.0,0.0,0.0,0.0,0.0,1.0,0.0,0.0,0.0,0.0,0.0,0.0,0.0,0.0,0.0,0.0
1055,Quartz,1.0,114,12.047792665040703,1069.1666666666667,1868.5438596491229,1063,1863,1077,1876,13.317668986610474,12.049149906824937,0.8571428571428571,0.0,0.0,0.0,0.0,0.0,0.0,1.0,0.0,0.0,0.0,0.0,0.0,0.0,0.0,0.0,0.0,0.0
1056,Quartz,1.0,1039,36.371635747926355,1064.2175168431183,2505.1491819056787,1041,2481,1085,2526,48.231030440723984,30.962738495909754,0.8035576179427688,0.0,0.0,0.0,0.0,0.0,0.0,1.0,0.0,0.0,0.0,0.0,0.0,0.0,0.0,0.0,0.0,0.0
1057,Quartz,1.0,880,33.47313548753602,1070.278409090909,4150.065909090909,1055,4131,1087,4167,35.63686469827247,32.32329026391475,0.9233997901364114,0.0,0.0,0.0,0.0,0.0,0.0,1.0,0.0,0.0,0.0,0.0,0.0,0.0,0.0,0.0,0.0,0.0
1058,Quartz,1.0,119,12.309163489997376,1073.8235294117646,1901.9831932773109,1069,1892,1080,1913,18.94879738717957,11.623069750003912,0.6363636363636364,0.0,0.0,0.0,0.0,0.0,0.0,1.0,0.0,0.0,0.0,0.0,0.0,0.0,0.0,0.0,0.0,0.0
1059,Orthoclase,1.0,2684,58.45831795449795,1076.6993293591654,3704.1128912071536,1047,3672,1113,3735,67.63183866669823,54.10987596818555,0.8748370273794003,0.0,0.0,0.0,0.0,0.0,0.0,0.0,0.0,1.0,0.0,0.0,0.0,0.0,0.0,0.0,0.0,0.0
1060,Quartz,1.0,505,25.357168021907675,1069.8613861386139,4280.041584158415,1053,4268,1083,4296,31.331703550175742,22.447676379042033,0.8603066439522998,0.0,0.0,0.0,0.0,0.0,0.0,1.0,0.0,0.0,0.0,0.0,0.0,0.0,0.0,0.0,0.0,0.0
1061,Quartz,0.9945993031358885,11480,120.89991717763775,1069.926306620209,2376.7076655052265,982,2312,1153,2425,160.92230838390446,105.4335679842788,0.803190372909816,0.0,0.0,0.0,0.0,0.0,0.0,0.9945993031358885,0.0,0.0054006968641114985,0.0,0.0,0.0,0.0,0.0,0.0,0.0,0.0
1062,Quartz,1.0,418,23.06976657227589,1069.7177033492824,73.63157894736842,1052,68,1090,81,39.197053526791606,14.058343083304052,0.9435665914221218,0.0,0.0,0.0,0.0,0.0,0.0,1.0,0.0,0.0,0.0,0.0,0.0,0.0,0.0,0.0,0.0,0.0
1063,Quartz,1.0,299,19.511499785403828,1076.5886287625417,2245.725752508361,1069,2232,1087,2260,29.050794838087125,14.0759945511964,0.7994652406417112,0.0,0.0,0.0,0.0,0.0,0.0,1.0,0.0,0.0,0.0,0.0,0.0,0.0,0.0,0.0,0.0,0.0
1064,Quartz,1.0,648,28.723844188903154,1081.138888888889,2209.614197530864,1066,2196,1098,2225,33.660717863805495,24.847570035398878,0.9152542372881356,0.0,0.0,0.0,0.0,0.0,0.0,1.0,0.0,0.0,0.0,0.0,0.0,0.0,0.0,0.0,0.0,0.0
1065,Quartz,1.0,1758,47.311257853120075,1076.0654152445961,1160.3976109215016,1052,1125,1105,1189,61.960080035900226,40.506549328331616,0.8451923076923077,0.0,0.0,0.0,0.0,0.0,0.0,1.0,0.0,0.0,0.0,0.0,0.0,0.0,0.0,0.0,0.0,0.0
1066,Quartz,1.0,745,30.798757455905527,1082.8389261744967,3973.938255033557,1066,3959,1109,3990,41.52457491864721,26.711508816893115,0.8352017937219731,0.0,0.0,0.0,0.0,0.0,0.0,1.0,0.0,0.0,0.0,0.0,0.0,0.0,0.0,0.0,0.0,0.0
1067,Quartz,1.0,10355,114.82332291713479,1085.3460164171897,2738.928150651859,1026,2671,1135,2808,132.384089623678,106.20571274942252,0.8759834193384655,0.0,0.0,0.0,0.0,0.0,0.0,1.0,0.0,0.0,0.0,0.0,0.0,0.0,0.0,0.0,0.0,0.0
1068,Quartz,1.0,3153,63.36027370955691,1078.1611163970822,3388.3393593403107,1040,3349,1111,3420,74.22418368703694,57.92147800288589,0.8674002751031636,0.0,0.0,0.0,0.0,0.0,0.0,1.0,0.0,0.0,0.0,0.0,0.0,0.0,0.0,0.0,0.0,0.0
1070,Quartz,1.0,177,15.012108426804138,1083.0056497175142,4073.9491525423728,1076,4061,1091,4086,21.187255676589736,13.518207521041496,0.7051792828685259,0.0,0.0,0.0,0.0,0.0,0.0,1.0,0.0,0.0,0.0,0.0,0.0,0.0,0.0,0.0,0.0,0.0
1071,Quartz,1.0,498,25.180812005932435,1085.6586345381527,2297.9859437751006,1064,2286,1104,2312,41.09957457612883,16.615951747814382,0.8272425249169435,0.0,0.0,0.0,0.0,0.0,0.0,1.0,0.0,0.0,0.0,0.0,0.0,0.0,0.0,0.0,0.0,0.0
1072,Chromite,1.0,847,32.839517267930155,1089.224321133412,2123.815820543093,1072,2108,1106,2145,35.817213961659704,31.679793236800737,0.9117330462863293,0.0,0.0,0.0,0.0,0.0,0.0,0.0,1.0,0.0,0.0,0.0,0.0,0.0,0.0,0.0,0.0,0.0
1073,Quartz,1.0,2131,52.089091658720946,1084.1633036133271,3649.0323791647115,1046,3628,1124,3672,77.2938478526,37.023225992255085,0.8722881702824397,0.0,0.0,0.0,0.0,0.0,0.0,1.0,0.0,0.0,0.0,0.0,0.0,0.0,0.0,0.0,0.0,0.0
1074,Quartz,1.0,1690,46.38722701997205,1086.8656804733728,4662.416568047337,1057,4640,1121,4679,61.75282535346976,37.09927986074395,0.8857442348008385,0.0,0.0,0.0,0.0,0.0,0.0,1.0,0.0,0.0,0.0,0.0,0.0,0.0,0.0,0.0,0.0,0.0
1075,Quartz,1.0,4603,76.55535007049446,1089.2737345209646,833.6528351075385,1039,802,1142,873,99.77514229145842,61.91146095230729,0.8418068763716167,0.0,0.0,0.0,0.0,0.0,0.0,1.0,0.0,0.0,0.0,0.0,0.0,0.0,0.0,0.0,0.0,0.0
1076,Quartz,1.0,1132,37.96455142155909,1090.8109540636042,273.51148409893995,1064,257,1117,291,48.97657771414573,30.632439555099364,0.8595292331055429,0.0,0.0,0.0,0.0,0.0,0.0,1.0,0.0,0.0,0.0,0.0,0.0,0.0,0.0,0.0,0.0,0.0
1077,Quartz,1.0,3479,66.55524304015148,1095.7953434895085,1002.773498131647,1059,968,1134,1035,77.06932962306853,61.10340365830669,0.91988365943945,0.0,0.0,0.0,0.0,0.0,0.0,1.0,0.0,0.0,0.0,0.0,0.0,0.0,0.0,0.0,0.0,0.0
1078,Quartz,1.0,122,12.463355264843006,1090.3524590163934,1982.704918032787,1083,1972,1099,1992,23.560875413497513,9.570929881448494,0.6703296703296703,0.0,0.0,0.0,0.0,0.0,0.0,1.0,0.0,0.0,0.0,0.0,0.0,0.0,0.0,0.0,0.0,0.0
1079,Quartz,1.0,961,34.97975417996089,1078.0738813735693,2861.907388137357,1053,2840,1094,2879,46.281955544238606,30.582951107752958,0.8681120144534779,0.0,0.0,0.0,0.0,0.0,0.0,1.0,0.0,0.0,0.0,0.0,0.0,0.0,0.0,0.0,0.0,0.0
1080,Quartz,1.0,656,28.900607975374268,1079.3323170731708,774.0030487804878,1059,762,1096,789,37.630251319511586,23.946118577142887,0.8723404255319149,0.0,0.0,0.0,0.0,0.0,0.0,1.0,0.0,0.0,0.0,0.0,0.0,0.0,0.0,0.0,0.0,0.0
1081,Quartz,1.0,122,12.463355264843006,1096.032786885246,1996.844262295082,1088,1990,1104,2008,20.76604906756288,9.607307893049068,0.7261904761904762,0.0,0.0,0.0,0.0,0.0,0.0,1.0,0.0,0.0,0.0,0.0,0.0,0.0,0.0,0.0,0.0,0.0
1082,Quartz,1.0,684,29.51094455619561,1102.970760233918,2860.3055555555557,1094,2841,1117,2883,40.30948260381621,23.002684316104837,0.8871595330739299,0.0,0.0,0.0,0.0,0.0,0.0,1.0,0.0,0.0,0.0,0.0,0.0,0.0,0.0,0.0,0.0,0.0
1083,Quartz,1.0,3071,62.530941476053954,1112.4405731032236,4540.553891240638,1074,4505,1154,4577,96.60776392042563,43.04148361627008,0.8684954751131222,0.0,0.0,0.0,0.0,0.0,0.0,1.0,0.0,0.0,0.0,0.0,0.0,0.0,0.0,0.0,0.0,0.0
1084,Quartz,1.0,481,24.747287144606645,1101.4428274428274,780.5821205821206,1087,764,1116,795,29.249311128374085,24.3607999824662,0.7924217462932455,0.0,0.0,0.0,0.0,0.0,0.0,1.0,0.0,0.0,0.0,0.0,0.0,0.0,0.0,0.0,0.0,0.0
1085,Quartz,1.0,645,28.65727667372076,1097.8248062015505,2096.280620155039,1084,2077,1115,2113,37.95671807132802,23.332681457961456,0.8475689881734559,0.0,0.0,0.0,0.0,0.0,0.0,1.0,0.0,0.0,0.0,0.0,0.0,0.0,0.0,0.0,0.0,0.0
1086,Quartz,1.0,1125,37.8469878303024,1090.0533333333333,3236.0764444444444,1064,3220,1117,3256,52.44203203618816,28.73155520947171,0.8640552995391705,0.0,0.0,0.0,0.0,0.0,0.0,1.0,0.0,0.0,0.0,0.0,0.0,0.0,0.0,0.0,0.0,0.0
1087,Quartz,1.0,2781,59.50528694081298,1102.7259978425027,3055.849694354549,1071,3027,1135,3088,68.29474036941387,59.34224448332872,0.8404351767905711,0.0,0.0,0.0,0.0,0.0,0.0,1.0,0.0,0.0,0.0,0.0,0.0,0.0,0.0,0.0,0.0,0.0
1088,Quartz,1.0,1908,49.28834599938094,1095.2688679245282,393.5660377358491,1061,366,1130,425,79.33139710725689,32.60196195901028,0.8420123565754634,0.0,0.0,0.0,0.0,0.0,0.0,1.0,0.0,0.0,0.0,0.0,0.0,0.0,0.0,0.0,0.0,0.0
1089,Quartz,1.0,1098,37.390065794529015,1095.8551912568305,3147.2304189435336,1077,3124,1118,3169,43.89723682909687,36.14835682832104,0.8330804248861912,0.0,0.0,0.0,0.0,0.0,0.0,1.0,0.0,0.0,0.0,0.0,0.0,0.0,0.0,0.0,0.0,0.0
1090,Quartz,1.0,1608,45.247863904654565,1096.9502487562188,3300.253109452736,1074,3271,1125,3328,51.60752132574085,46.229872370165594,0.8100755667506297,0.0,0.0,0.0,0.0,0.0,0.0,1.0,0.0,0.0,0.0,0.0,0.0,0.0,0.0,0.0,0.0,0.0
1092,Quartz,1.0,1332,41.18197510546619,1097.7762762762763,4102.370870870871,1073,4078,1118,4126,55.16813969477734,32.49001275199784,0.9018280297901151,0.0,0.0,0.0,0.0,0.0,0.0,1.0,0.0,0.0,0.0,0.0,0.0,0.0,0.0,0.0,0.0,0.0
1093,Quartz,1.0,5495,83.64479241602383,1104.1790718835305,2935.6378525932664,1055,2889,1149,2981,95.60025838897111,74.94914896514749,0.8803268183274592,0.0,0.0,0.0,0.0,0.0,0.0,1.0,0.0,0.0,0.0,0.0,0.0,0.0,0.0,0.0,0.0,0.0
1094,Quartz,1.0,1484,43.46823534935576,1104.9177897574125,3480.033692722372,1088,3451,1124,3512,56.745878564932575,35.41033992867985,0.8258208124652198,0.0,0.0,0.0,0.0,0.0,0.0,1.0,0.0,0.0,0.0,0.0,0.0,0.0,0.0,0.0,0.0,0.0
1095,Quartz,1.0,721,30.29860907292697,1107.2787794729543,1060.3356449375867,1091,1042,1131,1077,38.576624630424355,29.36657631874309,0.763771186440678,0.0,0.0,0.0,0.0,0.0,0.0,1.0,0.0,0.0,0.0,0.0,0.0,0.0,0.0,0.0,0.0,0.0
1096,Quartz,1.0,1497,43.65821341361255,1107.2792251169005,470.93854375417504,1079,444,1137,503,72.2486521295912,28.04324459254254,0.8424310635903207,0.0,0.0,0.0,0.0,0.0,0.0,1.0,0.0,0.0,0.0,0.0,0.0,0.0,0.0,0.0,0.0,0.0
1097,Quartz,1.0,772,31.35188875547286,1104.6943005181347,939.529792746114,1089,915,1120,962,41.91072222131094,25.327135481103035,0.8616071428571429,0.0,0.0,0.0,0.0,0.0,0.0,1.0,0.0,0.0,0.0,0.0,0.0,0.0,0.0,0.0,0.0,0.0
1098,Quartz,1.0,253,17.94796937867892,1106.9841897233202,578.7193675889328,1095,570,1117,589,20.936245488405945,16.80951368237103,0.8547297297297297,0.0,0.0,0.0,0.0,0.0,0.0,1.0,0.0,0.0,0.0,0.0,0.0,0.0,0.0,0.0,0.0,0.0
1099,Quartz,1.0,8330,102.98585052153479,1108.7869147659064,2583.354861944778,1051,2529,1167,2644,110.35896150305213,99.1708014221966,0.9142794424322248,0.0,0.0,0.0,0.0,0.0,0.0,1.0,0.0,0.0,0.0,0.0,0.0,0.0,0.0,0.0,0.0,0.0
1100,Quartz,1.0,575,27.05758189903005,1108.8017391304347,302.0086956521739,1095,281,1124,328,48.960001712887184,16.290603323993754,0.782312925170068,0.0,0.0,0.0,0.0,0.0,0.0,1.0,0.0,0.0,0.0,0.0,0.0,0.0,0.0,0.0,0.0,0.0
1101,Quartz,1.0,2255,53.58316128577887,1108.9645232815965,3945.10155210643,1072,3923,1150,3970,82.47223838693652,37.11766164263966,0.8423608516996638,0.0,0.0,0.0,0.0,0.0,0.0,1.0,0.0,0.0,0.0,0.0,0.0,0.0,0.0,0.0,0.0,0.0
1102,Quartz,1.0,1787,47.69988539233334,1102.6966983771683,1100.052042529379,1069,1076,1136,1119,67.78585897385166,35.91725167460695,0.8327120223671948,0.0,0.0,0.0,0.0,0.0,0.0,1.0,0.0,0.0,0.0,0.0,0.0,0.0,0.0,0.0,0.0,0.0
1103,Quartz,1.0,2350,54.700209598571305,1107.8097872340425,3113.4570212765957,1063,3088,1146,3154,75.44395685608605,48.08866887075604,0.6962962962962963,0.0,0.0,0.0,0.0,0.0,0.0,1.0,0.0,0.0,0.0,0.0,0.0,0.0,0.0,0.0,0.0,0.0
1104,Quartz,1.0,9513,110.05602113953422,1112.8249763481551,4426.8318091033325,1054,4371,1178,4497,128.0786579496612,101.21946192359218,0.8929878907350042,0.0,0.0,0.0,0.0,0.0,0.0,1.0,0.0,0.0,0.0,0.0,0.0,0.0,0.0,0.0,0.0,0.0
1105,Quartz,1.0,1084,37.150930896720695,1120.9354243542437,97.16420664206642,1097,78,1144,118,55.20265789233162,26.97255964424873,0.8562401263823065,0.0,0.0,0.0,0.0,0.0,0.0,1.0,0.0,0.0,0.0,0.0,0.0,0.0,0.0,0.0,0.0,0.0
1106,Quartz,1.0,1039,36.371635747926355,1114.1231953801732,2257.9037536092396,1095,2235,1134,2278,41.35120125916702,33.3660669189324,0.8910806174957119,0.0,0.0,0.0,0.0,0.0,0.0,1.0,0.0,0.0,0.0,0.0,0.0,0.0,0.0,0.0,0.0,0.0
1107,Quartz,1.0,1134,37.99807421080277,1104.2813051146384,3004.5943562610228,1072,2989,1138,3021,64.27342818099069,26.02314212654147,0.7431192660550459,0.0,0.0,0.0,0.0,0.0,0.0,1.0,0.0,0.0,0.0,0.0,0.0,0.0,0.0,0.0,0.0,0.0
1108,Orthoclase,1.0,698,29.811427376513585,1119.442693409742,3690.352435530086,1104,3677,1135,3710,34.59199849450591,27.226127745994745,0.8869123252858958,0.0,0.0,0.0,0.0,0.0,0.0,0.0,0.0,1.0,0.0,0.0,0.0,0.0,0.0,0.0,0.0,0.0
1109,Quartz,1.0,568,26.89237924411993,1117.1725352112676,2215.975352112676,1101,2195,1132,2234,36.363463666606606,26.51974740697972,0.6835138387484958,0.0,0.0,0.0,0.0,0.0,0.0,1.0,0.0,0.0,0.0,0.0,0.0,0.0,0.0,0.0,0.0,0.0
1110,Quartz,1.0,1945,49.7639519583191,1115.2452442159383,2490.389203084833,1092,2457,1140,2531,77.74255484849964,34.43250814619116,0.8369191049913941,0.0,0.0,0.0,0.0,0.0,0.0,1.0,0.0,0.0,0.0,0.0,0.0,0.0,0.0,0.0,0.0,0.0
1111,Quartz,1.0,2749,59.16194307556981,1117.9348854128775,4029.966897053474,1089,3999,1152,4068,66.01966873147884,56.05515880251284,0.8983660130718955,0.0,0.0,0.0,0.0,0.0,0.0,1.0,0.0,0.0,0.0,0.0,0.0,0.0,0.0,0.0,0.0,0.0
1112,Quartz,1.0,1129,37.91421166272614,1128.1355181576616,2016.7670504871567,1109,1994,1148,2043,52.670996269065554,28.832400852428783,0.8724884080370943,0.0,0.0,0.0,0.0,0.0,0.0,1.0,0.0,0.0,0.0,0.0,0.0,0.0,0.0,0.0,0.0,0.0
1113,Quartz,1.0,955,34.870385217575105,1120.6052356020944,2134.2031413612567,1107,2112,1138,2160,48.63830905280418,27.333253680124002,0.8384547848990342,0.0,0.0,0.0,0.0,0.0,0.0,1.0,0.0,0.0,0.0,0.0,0.0,0.0,0.0,0.0,0.0,0.0
1114,Quartz,1.0,541,26.245429958408437,1124.6136783733825,3203.6506469500923,1112,3190,1140,3223,34.190635690178624,23.655214791791522,0.7967599410898379,0.0,0.0,0.0,0.0,0.0,0.0,1.0,0.0,0.0,0.0,0.0,0.0,0.0,0.0,0.0,0.0,0.0
1115,Quartz,1.0,337,20.71428798138497,1123.940652818991,721.540059347181,1109,711,1141,732,32.38226536873196,14.325012040283356,0.8663239074550129,0.0,0.0,0.0,0.0,0.0,0.0,1.0,0.0,0.0,0.0,0.0,0.0,0.0,0.0,0.0,0.0,0.0
1116,Quartz,1.0,301,19.576646877473273,1126.0863787375415,1383.9036544850499,1116,1371,1138,1402,34.48192481664962,16.686021490624633,0.6764044943820224,0.0,0.0,0.0,0.0,0.0,0.0,1.0,0.0,0.0,0.0,0.0,0.0,0.0,0.0,0.0,0.0,0.0
1117,Quartz,1.0,669,29.185565874723483,1123.5216741405081,1939.2496263079222,1113,1917,1139,1956,41.682538306682986,22.45435910064625,0.9102040816326531,0.0,0.0,0.0,0.0,0.0,0.0,1.0,0.0,0.0,0.0,0.0,0.0,0.0,0.0,0.0,0.0,0.0
1118,Quartz,1.0,511,25.507359866510456,1130.6223091976517,1966.1898238747553,1115,1955,1146,1982,34.8875649048955,20.305467032870762,0.9092526690391459,0.0,0.0,0.0,0.0,0.0,0.0,1.0,0.0,0.0,0.0,0.0,0.0,0.0,0.0,0.0,0.0,0.0
1119,Quartz,1.0,508,25.43237481489809,1125.5610236220473,75.89370078740157,1101,68,1142,89,38.47563391148489,19.582637943280808,0.8668941979522184,0.0,0.0,0.0,0.0,0.0,0.0,1.0,0.0,0.0,0.0,0.0,0.0,0.0,0.0,0.0,0.0,0.0
1120,Quartz,1.0,1540,44.28079605079555,1126.225974025974,670.4675324675325,1095,640,1150,693,50.09038241571662,44.22763085892838,0.8541320022185247,0.0,0.0,0.0,0.0,0.0,0.0,1.0,0.0,0.0,0.0,0.0,0.0,0.0,0.0,0.0,0.0,0.0
1121,Quartz,1.0,4044,71.75639845274425,1127.0054401582593,4159.968100890208,1089,4124,1167,4197,89.73484721820071,58.31247459647361,0.9266727772685609,0.0,0.0,0.0,0.0,0.0,0.0,1.0,0.0,0.0,0.0,0.0,0.0,0.0,0.0,0.0,0.0,0.0
1122,Quartz,1.0,598,27.59342761875783,1126.2692307692307,2296.705685618729,1108,2282,1142,2313,34.94894924324988,24.36563381229848,0.8530670470756063,0.0,0.0,0.0,0.0,0.0,0.0,1.0,0.0,0.0,0.0,0.0,0.0,0.0,0.0,0.0,0.0,0.0
1123,Quartz,1.0,927,34.355393433484295,1127.8953613807982,1458.3247033441207,1107,1444,1152,1475,44.48579981302317,28.446309135060037,0.8820171265461465,0.0,0.0,0.0,0.0,0.0,0.0,1.0,0.0,0.0,0.0,0.0,0.0,0.0,0.0,0.0,0.0,0.0
1124,Quartz,1.0,945,34.68733731168665,1134.3121693121693,1429.2137566137567,1118,1407,1151,1447,40.8099565887609,32.19305247796084,0.9051724137931034,0.0,0.0,0.0,0.0,0.0,0.0,1.0,0.0,0.0,0.0,0.0,0.0,0.0,0.0,0.0,0.0,0.0
1125,Quartz,1.0,10094,113.36701444669315,1127.4759262928471,1750.1970477511393,1052,1692,1189,1826,125.76453334115855,110.77385700418792,0.8872286191438868,0.0,0.0,0.0,0.0,0.0,0.0,1.0,0.0,0.0,0.0,0.0,0.0,0.0,0.0,0.0,0.0,0.0
1127,Quartz,1.0,3037,62.18382826234397,1147.6934474810669,2180.994402370761,1101,2159,1190,2211,90.95843874689385,46.906130708907746,0.8672187321530554,0.0,0.0,0.0,0.0,0.0,0.0,1.0,0.0,0.0,0.0,0.0,0.0,0.0,0.0,0.0,0.0,0.0
1128,Quartz,1.0,1390,42.06902622098444,1142.8906474820144,4097.428776978417,1120,4073,1167,4124,51.61545800845044,37.562773214494584,0.8870453095086152,0.0,0.0,0.0,0.0,0.0,0.0,1.0,0.0,0.0,0.0,0.0,0.0,0.0,0.0,0.0,0.0,0.0
1129,Quartz,1.0,470,24.462677409178383,1129.2106382978723,964.2489361702128,1114,952,1143,976,29.450333475832604,21.864132377013163,0.8362989323843416,0.0,0.0,0.0,0.0,0.0,0.0,1.0,0.0,0.0,0.0,0.0,0.0,0.0,0.0,0.0,0.0,0.0
1130,Quartz,1.0,389,22.255115881567058,1140.8740359897172,1324.3521850899742,1129,1307,1154,1337,27.549149144090844,20.777157647063227,0.8155136268343816,0.0,0.0,0.0,0.0,0.0,0.0,1.0,0.0,0.0,0.0,0.0,0.0,0.0,0.0,0.0,0.0,0.0
1131,Quartz,1.0,115,12.100518486599809,1146.2956521739131,938.008695652174,1140,931,1154,945,13.724546153425878,13.034156422209557,0.777027027027027,0.0,0.0,0.0,0.0,0.0,0.0,1.0,0.0,0.0,0.0,0.0,0.0,0.0,0.0,0.0,0.0,0.0
1132,Quartz,1.0,190,15.553633450087505,1149.3578947368421,969.4947368421052,1144,959,1158,978,20.020757721075938,13.136667399195302,0.9090909090909091,0.0,0.0,0.0,0.0,0.0,0.0,1.0,0.0,0.0,0.0,0.0,0.0,0.0,0.0,0.0,0.0,0.0
1133,Quartz,1.0,3541,67.14567169898005,1143.9776899181022,1859.2623552668738,1103,1824,1180,1898,71.74224136058125,65.93475986677127,0.8994157988315976,0.0,0.0,0.0,0.0,0.0,0.0,1.0,0.0,0.0,0.0,0.0,0.0,0.0,0.0,0.0,0.0,0.0
1134,Quartz,1.0,725,30.38253889873249,1146.2662068965517,2226.2427586206895,1131,2210,1167,2248,43.73187426050422,24.67187832983514,0.7906215921483097,0.0,0.0,0.0,0.0,0.0,0.0,1.0,0.0,0.0,0.0,0.0,0.0,0.0,0.0,0.0,0.0,0.0
1135,Quartz,1.0,862,33.12902786925252,1145.0429234338746,3314.267981438515,1126,3296,1170,3334,41.090297076724205,30.76179989749545,0.8147448015122873,0.0,0.0,0.0,0.0,0.0,0.0,1.0,0.0,0.0,0.0,0.0,0.0,0.0,0.0,0.0,0.0,0.0
1136,Quartz,1.0,1030,36.21376438700094,1147.304854368932,1131.0009708737864,1131,1103,1162,1165,53.723203856544586,27.957601125725155,0.8003108003108003,0.0,0.0,0.0,0.0,0.0,0.0,1.0,0.0,0.0,0.0,0.0,0.0,0.0,0.0,0.0,0.0,0.0
1137,Orthoclase,1.0,1841,48.415224897313394,1149.8196632265074,2082.2802824551873,1125,2058,1178,2109,57.486142953743155,42.33853361483402,0.8941233608547838,0.0,0.0,0.0,0.0,0.0,0.0,0.0,0.0,1.0,0.0,0.0,0.0,0.0,0.0,0.0,0.0,0.0
1138,Quartz,1.0,458,24.148368712786887,1146.1681222707423,4613.0502183406115,1137,4593,1157,4637,39.313978011947476,17.921145317713385,0.8106194690265487,0.0,0.0,0.0,0.0,0.0,0.0,1.0,0.0,0.0,0.0,0.0,0.0,0.0,0.0,0.0,0.0,0.0
1139,Quartz,1.0,1129,37.91421166272614,1152.0124003542958,1286.8804251550043,1123,1264,1180,1305,57.99063278325188,29.384015734079092,0.786759581881533,0.0,0.0,0.0,0.0,0.0,0.0,1.0,0.0,0.0,0.0,0.0,0.0,0.0,0.0,0.0,0.0,0.0
1141,Quartz,1.0,276,18.746042631630413,1154.8840579710145,4274.945652173913,1143,4263,1169,4288,32.723576699649215,12.782720436620405,0.7419354838709677,0.0,0.0,0.0,0.0,0.0,0.0,1.0,0.0,0.0,0.0,0.0,0.0,0.0,0.0,0.0,0.0,0.0
1142,Orthoclase,1.0,752,30.943111311580196,1153.6409574468084,2283.1728723404253,1138,2261,1165,2305,41.31266357651897,24.490547474142197,0.8774795799299884,0.0,0.0,0.0,0.0,0.0,0.0,0.0,0.0,1.0,0.0,0.0,0.0,0.0,0.0,0.0,0.0,0.0
1143,Quartz,1.0,137,13.207339536360731,1153.7007299270074,4261.2773722627735,1146,4255,1163,4271,20.374427773765422,9.282258968112663,0.8353658536585366,0.0,0.0,0.0,0.0,0.0,0.0,1.0,0.0,0.0,0.0,0.0,0.0,0.0,0.0,0.0,0.0,0.0
1144,Quartz,1.0,539,26.196872229566885,1152.7643784786642,1056.795918367347,1136,1045,1168,1071,31.83663082345368,23.379709535205784,0.873581847649919,0.0,0.0,0.0,0.0,0.0,0.0,1.0,0.0,0.0,0.0,0.0,0.0,0.0,0.0,0.0,0.0,0.0
1145,Quartz,1.0,770,31.311251163856024,1155.9584415584416,2634.2506493506494,1142,2616,1173,2655,38.6934434831723,25.986763340691187,0.9005847953216374,0.0,0.0,0.0,0.0,0.0,0.0,1.0,0.0,0.0,0.0,0.0,0.0,0.0,0.0,0.0,0.0,0.0
1146,Quartz,1.0,2559,57.080819852007046,1147.7831184056272,2868.9023055881203,1115,2832,1179,2902,79.03650743821161,46.913155249886785,0.7962041070317362,0.0,0.0,0.0,0.0,0.0,0.0,1.0,0.0,0.0,0.0,0.0,0.0,0.0,0.0,0.0,0.0,0.0
1147,Quartz,1.0,633,28.38944578214513,1159.5308056872038,2124.5750394944707,1142,2109,1178,2141,39.72576746478954,21.504431755592435,0.8731034482758621,0.0,0.0,0.0,0.0,0.0,0.0,1.0,0.0,0.0,0.0,0.0,0.0,0.0,0.0,0.0,0.0,0.0
1148,Quartz,1.0,680,29.42452872043851,1165.6147058823528,3200.3029411764705,1146,3186,1186,3216,46.47875919957071,20.832642456280663,0.8353808353808354,0.0,0.0,0.0,0.0,0.0,0.0,1.0,0.0,0.0,0.0,0.0,0.0,0.0,0.0,0.0,0.0,0.0
1149,Quartz,1.0,12686,127.0917655259784,1149.760208103421,3570.7595774869937,1080,3510,1212,3642,140.31074373954408,119.40720700021433,0.9364434930242859,0.0,0.0,0.0,0.0,0.0,0.0,1.0,0.0,0.0,0.0,0.0,0.0,0.0,0.0,0.0,0.0,0.0
1150,Quartz,1.0,1135,38.014824519842385,1156.292511013216,3666.506607929515,1133,3645,1179,3684,44.71692214316898,34.60452264225554,0.8578987150415722,0.0,0.0,0.0,0.0,0.0,0.0,1.0,0.0,0.0,0.0,0.0,0.0,0.0,0.0,0.0,0.0,0.0
1151,Quartz,1.0,345,20.958712816717327,1165.286956521739,591.4405797101449,1152,583,1183,602,31.21243881577205,15.274999448158114,0.8823529411764706,0.0,0.0,0.0,0.0,0.0,0.0,1.0,0.0,0.0,0.0,0.0,0.0,0.0,0.0,0.0,0.0,0.0
1152,Quartz,1.0,695,29.747293718772774,1161.0776978417266,191.80863309352517,1143,175,1179,208,41.73221447985011,22.274452932431622,0.852760736196319,0.0,0.0,0.0,0.0,0.0,0.0,1.0,0.0,0.0,0.0,0.0,0.0,0.0,0.0,0.0,0.0,0.0
1153,Orthoclase,1.0,5920,86.81922658508404,1174.7515202702702,260.2418918918919,1126,206,1221,318,113.49502503181871,71.87249286905008,0.8287834243315134,0.0,0.0,0.0,0.0,0.0,0.0,0.0,0.0,1.0,0.0,0.0,0.0,0.0,0.0,0.0,0.0,0.0
1154,Quartz,1.0,191,15.594510349620345,1166.6230366492146,441.6020942408377,1159,432,1174,454,21.43683421356737,12.268837070868377,0.834061135371179,0.0,0.0,0.0,0.0,0.0,0.0,1.0,0.0,0.0,0.0,0.0,0.0,0.0,0.0,0.0,0.0,0.0
1155,Quartz,1.0,1005,35.77157729900708,1166.265671641791,1951.6905472636815,1143,1934,1189,1970,46.88448172071862,29.44075448178196,0.8340248962655602,0.0,0.0,0.0,0.0,0.0,0.0,1.0,0.0,0.0,0.0,0.0,0.0,0.0,0.0,0.0,0.0,0.0
1156,Quartz,1.0,6360,89.98779641993482,1166.6369496855345,3776.5224842767298,1119,3713,1219,3838,116.28821782508325,83.18718807999674,0.8038422649140546,0.0,0.0,0.0,0.0,0.0,0.0,1.0,0.0,0.0,0.0,0.0,0.0,0.0,0.0,0.0,0.0,0.0
1157,Quartz,1.0,1084,37.150930896720695,1167.7232472324724,1014.1761992619926,1146,994,1189,1036,39.373393485843366,36.389432460427145,0.8863450531479967,0.0,0.0,0.0,0.0,0.0,0.0,1.0,0.0,0.0,0.0,0.0,0.0,0.0,0.0,0.0,0.0,0.0
1158,Quartz,1.0,1938,49.67432171350451,1167.8070175438597,2702.159442724458,1142,2675,1197,2728,58.763274083765445,43.3306921499411,0.8980537534754403,0.0,0.0,0.0,0.0,0.0,0.0,1.0,0.0,0.0,0.0,0.0,0.0,0.0,0.0,0.0,0.0,0.0
1159,Quartz,1.0,308,19.802974013476614,1173.1461038961038,1211.2175324675325,1164,1202,1188,1225,24.432026986590852,17.769176219693755,0.8392370572207084,0.0,0.0,0.0,0.0,0.0,0.0,1.0,0.0,0.0,0.0,0.0,0.0,0.0,0.0,0.0,0.0,0.0
1160,Quartz,1.0,223,16.85029431422316,1180.0941704035874,804.219730941704,1173,790,1186,817,27.47215121403084,12.004059869518994,0.7585034013605442,0.0,0.0,0.0,0.0,0.0,0.0,1.0,0.0,0.0,0.0,0.0,0.0,0.0,0.0,0.0,0.0,0.0
1161,Quartz,1.0,1675,46.1809077155419,1177.0388059701493,1464.2423880597014,1153,1439,1210,1490,56.662499558030525,40.94808511463909,0.836245631552671,0.0,0.0,0.0,0.0,0.0,0.0,1.0,0.0,0.0,0.0,0.0,0.0,0.0,0.0,0.0,0.0,0.0
1162,Quartz,1.0,247,17.733870630789692,1175.7368421052631,2240.7894736842104,1164,2233,1188,2250,23.07289591201652,14.933401687252431,0.7942122186495176,0.0,0.0,0.0,0.0,0.0,0.0,1.0,0.0,0.0,0.0,0.0,0.0,0.0,0.0,0.0,0.0,0.0
1163,Quartz,1.0,456,24.095585330081406,1173.4144736842106,2598.0504385964914,1162,2588,1189,2613,29.38440679870572,21.123171398467875,0.9047619047619048,0.0,0.0,0.0,0.0,0.0,0.0,1.0,0.0,0.0,0.0,0.0,0.0,0.0,0.0,0.0,0.0,0.0
1164,Quartz,1.0,338,20.7449985808745,1177.9615384615386,3497.698224852071,1166,3481,1191,3513,36.68088863880667,13.062061361303464,0.786046511627907,0.0,0.0,0.0,0.0,0.0,0.0,1.0,0.0,0.0,0.0,0.0,0.0,0.0,0.0,0.0,0.0,0.0
1165,Quartz,1.0,306,19.738573927438622,1181.3921568627452,2582.0653594771243,1167,2573,1196,2591,27.320102047778455,15.169566967371393,0.8571428571428571,0.0,0.0,0.0,0.0,0.0,0.0,1.0,0.0,0.0,0.0,0.0,0.0,0.0,0.0,0.0,0.0,0.0
1166,Quartz,1.0,302,19.60913925979463,1180.182119205298,1147.205298013245,1170,1135,1192,1163,30.98085895822364,14.81322633559585,0.7365853658536585,0.0,0.0,0.0,0.0,0.0,0.0,1.0,0.0,0.0,0.0,0.0,0.0,0.0,0.0,0.0,0.0,0.0
1167,Quartz,1.0,2666,58.261965520088175,1179.15903975994,680.8495873968492,1155,643,1205,720,75.54184113174405,46.37600753097333,0.891042780748663,0.0,0.0,0.0,0.0,0.0,0.0,1.0,0.0,0.0,0.0,0.0,0.0,0.0,0.0,0.0,0.0,0.0
1168,Quartz,1.0,1807,47.966069855017714,1181.7249584947426,2026.9252905368014,1149,2006,1222,2048,70.73624348241694,35.03020381402709,0.8836185819070904,0.0,0.0,0.0,0.0,0.0,0.0,1.0,0.0,0.0,0.0,0.0,0.0,0.0,0.0,0.0,0.0,0.0
1169,Quartz,1.0,648,28.723844188903154,1182.304012345679,2538.706790123457,1172,2518,1196,2558,37.90087151865549,22.991205610925455,0.8780487804878049,0.0,0.0,0.0,0.0,0.0,0.0,1.0,0.0,0.0,0.0,0.0,0.0,0.0,0.0,0.0,0.0,0.0
1170,Quartz,1.0,578,27.128075067297424,1189.5363321799307,1415.5034602076125,1175,1394,1203,1432,41.6240077471965,21.0174233849224,0.7961432506887053,0.0,0.0,0.0,0.0,0.0,0.0,1.0,0.0,0.0,0.0,0.0,0.0,0.0,0.0,0.0,0.0,0.0
1171,Quartz,1.0,5319,82.29435666220576,1182.4510246286895,3038.080654258319,1143,2992,1225,3085,89.48852713882266,77.47977209630288,0.8791735537190083,0.0,0.0,0.0,0.0,0.0,0.0,1.0,0.0,0.0,0.0,0.0,0.0,0.0,0.0,0.0,0.0,0.0
1172,Quartz,1.0,125,12.6156626101008,1185.144,4431.896,1178,4427,1192,4440,14.724013766946715,11.467283313442795,0.9191176470588235,0.0,0.0,0.0,0.0,0.0,0.0,1.0,0.0,0.0,0.0,0.0,0.0,0.0,0.0,0.0,0.0,0.0
1173,Quartz,1.0,172,14.798554040663838,1187.9244186046512,4421.28488372093,1180,4411,1198,4429,16.546610691112356,15.711977779906967,0.8390243902439024,0.0,0.0,0.0,0.0,0.0,0.0,1.0,0.0,0.0,0.0,0.0,0.0,0.0,0.0,0.0,0.0,0.0
1175,Quartz,1.0,632,28.367012395961314,1188.745253164557,557.378164556962,1175,539,1206,577,35.418091048496095,27.613140366869448,0.7417840375586855,0.0,0.0,0.0,0.0,0.0,0.0,1.0,0.0,0.0,0.0,0.0,0.0,0.0,0.0,0.0,0.0,0.0
1176,Quartz,1.0,124,12.565098628628435,1190.8145161290322,1991.1774193548388,1183,1985,1200,1998,18.51586653711964,10.095297305711574,0.7848101265822784,0.0,0.0,0.0,0.0,0.0,0.0,1.0,0.0,0.0,0.0,0.0,0.0,0.0,0.0,0.0,0.0,0.0
1177,Quartz,1.0,342,20.867389014906145,1192.657894736842,77.46783625730994,1180,68,1209,87,25.426824225644413,17.768731873619704,0.926829268292683,0.0,0.0,0.0,0.0,0.0,0.0,1.0,0.0,0.0,0.0,0.0,0.0,0.0,0.0,0.0,0.0,0.0
1178,Orthoclase,1.0,842,32.74244487919323,1188.8479809976247,2464.0166270783848,1165,2446,1213,2486,46.55058498414678,29.168101095247604,0.8042024832855779,0.0,0.0,0.0,0.0,0.0,0.0,0.0,0.0,1.0,0.0,0.0,0.0,0.0,0.0,0.0,0.0,0.0
1180,Quartz,1.0,102,11.396070970426017,1191.2843137254902,1880.637254901961,1182,1877,1202,1886,18.95078619570702,7.269219956346792,0.864406779661017,0.0,0.0,0.0,0.0,0.0,0.0,1.0,0.0,0.0,0.0,0.0,0.0,0.0,0.0,0.0,0.0,0.0
1181,Quartz,1.0,310,19.867165345562018,1191.0258064516129,733.558064516129,1172,725,1206,744,31.9911567808563,14.676226048533954,0.7524271844660194,0.0,0.0,0.0,0.0,0.0,0.0,1.0,0.0,0.0,0.0,0.0,0.0,0.0,0.0,0.0,0.0,0.0
1182,Quartz,1.0,403,22.65205369339104,1193.3126550868487,4224.0173697270475,1181,4211,1206,4238,26.867472873535014,20.39569598904174,0.8915929203539823,0.0,0.0,0.0,0.0,0.0,0.0,1.0,0.0,0.0,0.0,0.0,0.0,0.0,0.0,0.0,0.0,0.0
1183,Quartz,1.0,2807,59.782801892112765,1192.439971499822,4283.307801923762,1157,4251,1232,4310,71.42365134744642,54.63258573205187,0.8431961550015019,0.0,0.0,0.0,0.0,0.0,0.0,1.0,0.0,0.0,0.0,0.0,0.0,0.0,0.0,0.0,0.0,0.0
1184,Quartz,1.0,1436,42.75946662716566,1200.0605849582173,2301.5536211699164,1169,2273,1236,2327,70.02726672476538,29.570919833136823,0.8358556461001164,0.0,0.0,0.0,0.0,0.0,0.0,1.0,0.0,0.0,0.0,0.0,0.0,0.0,0.0,0.0,0.0,0.0
1185,Quartz,1.0,1247,39.846326208130506,1192.2109061748195,2768.554129911788,1164,2750,1212,2795,47.947056805402084,39.69919460201788,0.8024453024453024,0.0,0.0,0.0,0.0,0.0,0.0,1.0,0.0,0.0,0.0,0.0,0.0,0.0,0.0,0.0,0.0,0.0
1186,Quartz,1.0,1413,42.41565131777166,1186.4225053078555,130.68506723283792,1164,107,1211,158,57.75568882258,35.749523036033374,0.796056338028169,0.0,0.0,0.0,0.0,0.0,0.0,1.0,0.0,0.0,0.0,0.0,0.0,0.0,0.0,0.0,0.0,0.0
1187,Quartz,1.0,1272,40.2437659880773,1203.1988993710693,186.99528301886792,1178,160,1241,212,66.73957642645169,27.225600873282986,0.8571428571428571,0.0,0.0,0.0,0.0,0.0,0.0,1.0,0.0,0.0,0.0,0.0,0.0,0.0,0.0,0.0,0.0,0.0
1188,Quartz,1.0,970,35.1431694414876,1196.1556701030927,2502.7659793814432,1169,2488,1222,2517,51.11161407098882,25.649435957522545,0.8471615720524017,0.0,0.0,0.0,0.0,0.0,0.0,1.0,0.0,0.0,0.0,0.0,0.0,0.0,0.0,0.0,0.0,0.0
1189,Quartz,0.9535830618892508,2456,55.92026754111214,1199.2121335504885,340.5590390879479,1164,311,1231,370,60.762290709713874,54.71009327560834,0.8898550724637682,0.0,0.0,0.0,0.0,0.0,0.0,0.9535830618892508,0.0,0.0,0.0,0.0,0.0,0.0,0.0,0.0,0.0,0.046416938110749185
1190,Quartz,1.0,209,16.312788383647018,1200.0622009569379,1870.755980861244,1186,1863,1213,1877,27.67487470054157,10.858620908316583,0.7886792452830189,0.0,0.0,0.0,0.0,0.0,0.0,1.0,0.0,0.0,0.0,0.0,0.0,0.0,0.0,0.0,0.0,0.0
1191,Quartz,1.0,4318,74.14747705867296,1208.2410838351088,950.1106993978694,1165,902,1244,995,96.94931615394661,62.40367146119594,0.83714618069019,0.0,0.0,0.0,0.0,0.0,0.0,1.0,0.0,0.0,0.0,0.0,0.0,0.0,0.0,0.0,0.0,0.0
1192,Quartz,1.0,1340,41.30545956583848,1201.9440298507463,2136.986567164179,1177,2111,1223,2165,56.57040354553668,33.12192334769359,0.8741030658838878,0.0,0.0,0.0,0.0,0.0,0.0,1.0,0.0,0.0,0.0,0.0,0.0,0.0,0.0,0.0,0.0,0.0
1193,Quartz,1.0,1459,43.10053939069211,1198.2549691569568,3097.346812885538,1166,3075,1224,3119,55.71291441712915,35.61982701114907,0.8773301262778112,0.0,0.0,0.0,0.0,0.0,0.0,1.0,0.0,0.0,0.0,0.0,0.0,0.0,0.0,0.0,0.0,0.0
1194,Quartz,1.0,2852,60.26009609670967,1195.5199859747545,3473.6342917251054,1163,3438,1226,3516,76.62636811921651,51.188109767934684,0.845037037037037,0.0,0.0,0.0,0.0,0.0,0.0,1.0,0.0,0.0,0.0,0.0,0.0,0.0,0.0,0.0,0.0,0.0
1195,Quartz,1.0,1764,47.39192501801153,1207.6695011337868,802.4557823129252,1185,778,1241,836,62.74136222685545,38.66726621619655,0.863013698630137,0.0,0.0,0.0,0.0,0.0,0.0,1.0,0.0,0.0,0.0,0.0,0.0,0.0,0.0,0.0,0.0,0.0
1196,Quartz,1.0,2140,52.198971500722585,1194.41261682243,3154.1514018691587,1167,3127,1228,3178,67.61937546591469,44.11707350671978,0.874897792313982,0.0,0.0,0.0,0.0,0.0,0.0,1.0,0.0,0.0,0.0,0.0,0.0,0.0,0.0,0.0,0.0,0.0
1197,Quartz,1.0,2420,55.50891548444353,1232.2028925619834,126.82438016528926,1201,101,1267,155,71.80014648985593,45.53581895045422,0.8796801163213377,0.0,0.0,0.0,0.0,0.0,0.0,1.0,0.0,0.0,0.0,0.0,0.0,0.0,0.0,0.0,0.0,0.0
1198,Quartz,1.0,1151,38.28183271462029,1204.338835794961,3372.553431798436,1185,3353,1225,3409,53.94504937503596,35.50901324024263,0.794889502762431,0.0,0.0,0.0,0.0,0.0,0.0,1.0,0.0,0.0,0.0,0.0,0.0,0.0,0.0,0.0,0.0,0.0
1199,Quartz,1.0,551,26.486883341553696,1205.2504537205082,856.9364791288566,1191,843,1220,873,29.1718849228879,25.04786884126314,0.8718354430379747,0.0,0.0,0.0,0.0,0.0,0.0,1.0,0.0,0.0,0.0,0.0,0.0,0.0,0.0,0.0,0.0,0.0
1200,Quartz,1.0,2495,56.36251115869688,1206.3539078156314,510.87575150300603,1180,479,1239,542,62.70802906256361,52.839617925243736,0.9172794117647058,0.0,0.0,0.0,0.0,0.0,0.0,1.0,0.0,0.0,0.0,0.0,0.0,0.0,0.0,0.0,0.0,0.0
1201,Quartz,1.0,392,22.34076770248023,1202.969387755102,1955.3341836734694,1191,1942,1216,1970,31.991542586996047,16.85970206117629,0.8412017167381974,0.0,0.0,0.0,0.0,0.0,0.0,1.0,0.0,0.0,0.0,0.0,0.0,0.0,0.0,0.0,0.0,0.0
1202,Quartz,1.0,2483,56.22680668131002,1200.085783326621,2672.1236407571487,1174,2617,1227,2726,112.83036147247557,32.22091916586095,0.7684927267099969,0.0,0.0,0.0,0.0,0.0,0.0,1.0,0.0,0.0,0.0,0.0,0.0,0.0,0.0,0.0,0.0,0.0
1203,Quartz,1.0,3242,64.24828872453645,1201.1804441702652,4023.1656384947564,1154,4001,1242,4053,87.69673244584557,50.643727056124874,0.8771645021645021,0.0,0.0,0.0,0.0,0.0,0.0,1.0,0.0,0.0,0.0,0.0,0.0,0.0,0.0,0.0,0.0,0.0
1204,Quartz,1.0,564,26.797520467958073,1209.813829787234,4068.801418439716,1192,4051,1228,4089,45.142901888431986,16.988844828490215,0.8468468468468469,0.0,0.0,0.0,0.0,0.0,0.0,1.0,0.0,0.0,0.0,0.0,0.0,0.0,0.0,0.0,0.0,0.0
1206,Quartz,1.0,678,29.381225490616288,1205.7418879056047,1021.3731563421829,1184,1005,1224,1036,45.250351100630745,20.170140281867187,0.8782383419689119,0.0,0.0,0.0,0.0,0.0,0.0,1.0,0.0,0.0,0.0,0.0,0.0,0.0,0.0,0.0,0.0,0.0
1207,Orthoclase,1.0,1235,39.65414023463283,1210.387044534413,1107.7765182186236,1192,1079,1228,1132,46.39906558127201,35.65600923895129,0.8600278551532033,0.0,0.0,0.0,0.0,0.0,0.0,0.0,0.0,1.0,0.0,0.0,0.0,0.0,0.0,0.0,0.0,0.0
1208,Quartz,1.0,2882,60.57620298373561,1214.2286606523248,3975.437196391395,1175,3949,1255,3997,78.29092048360266,48.90081055102811,0.9102969046114971,0.0,0.0,0.0,0.0,0.0,0.0,1.0,0.0,0.0,0.0,0.0,0.0,0.0,0.0,0.0,0.0,0.0
1209,Quartz,1.0,345,20.958712816717327,1213.4695652173914,3999.011594202899,1174,3994,1245,4007,83.85818540281996,6.7353234009914855,0.5467511885895404,0.0,0.0,0.0,0.0,0.0,0.0,1.0,0.0,0.0,0.0,0.0,0.0,0.0,0.0,0.0,0.0,0.0
1210,Quartz,1.0,832,32.54743156102575,1209.2788461538462,2585.3822115384614,1197,2564,1224,2612,44.42401377854096,24.57959144559579,0.8693834900731452,0.0,0.0,0.0,0.0,0.0,0.0,1.0,0.0,0.0,0.0,0.0,0.0,0.0,0.0,0.0,0.0,0.0
1211,Quartz,1.0,116,12.153015559492998,1210.8620689655172,660.0431034482758,1206,652,1217,670,18.009900508976628,8.905580139234907,0.8285714285714286,0.0,0.0,0.0,0.0,0.0,0.0,1.0,0.0,0.0,0.0,0.0,0.0,0.0,0.0,0.0,0.0,0.0
1212,Quartz,1.0,703,29.918011296689148,1212.0085348506402,2366.2731152204838,1193,2349,1236,2382,40.971339342044864,24.77267243267137,0.8164924506387921,0.0,0.0,0.0,0.0,0.0,0.0,1.0,0.0,0.0,0.0,0.0,0.0,0.0,0.0,0.0,0.0,0.0
1213,Quartz,1.0,105,11.562445770562215,1215.247619047619,3236.038095238095,1208,3231,1224,3243,16.431012124607328,9.495284864885067,0.7720588235294118,0.0,0.0,0.0,0.0,0.0,0.0,1.0,0.0,0.0,0.0,0.0,0.0,0.0,0.0,0.0,0.0,0.0
1215,Orthoclase,1.0,505,25.357168021907675,1208.580198019802,1176.9584158415842,1191,1165,1231,1186,40.71940642361607,18.452007825636905,0.7977883096366508,0.0,0.0,0.0,0.0,0.0,0.0,0.0,0.0,1.0,0.0,0.0,0.0,0.0,0.0,0.0,0.0,0.0
1216,Quartz,1.0,2104,51.758052534101225,1222.815114068441,2843.1121673003804,1195,2811,1253,2875,70.00048939051462,44.038489748252715,0.8183586153247764,0.0,0.0,0.0,0.0,0.0,0.0,1.0,0.0,0.0,0.0,0.0,0.0,0.0,0.0,0.0,0.0,0.0
1217,Quartz,1.0,4184,72.98790485533833,1213.019359464627,615.435707456979,1161,571,1254,662,91.18618849061538,71.98189445064799,0.7788533134772897,0.0,0.0,0.0,0.0,0.0,0.0,1.0,0.0,0.0,0.0,0.0,0.0,0.0,0.0,0.0,0.0,0.0
1218,Quartz,1.0,1091,37.2706901372387,1218.153987167736,699.1246562786434,1199,680,1242,720,41.581279259195604,35.01908334249256,0.8942622950819672,0.0,0.0,0.0,0.0,0.0,0.0,1.0,0.0,0.0,0.0,0.0,0.0,0.0,0.0,0.0,0.0,0.0
1219,Quartz,1.0,629,28.299605538565682,1214.162162162162,2475.54213036566,1196,2461,1232,2488,36.500590778391086,23.887292025814524,0.8736111111111111,0.0,0.0,0.0,0.0,0.0,0.0,1.0,0.0,0.0,0.0,0.0,0.0,0.0,0.0,0.0,0.0,0.0
1220,Quartz,1.0,4528,75.92910284311817,1216.3886925795052,2938.4348498233217,1177,2895,1270,2978,95.09716469158894,65.67142927983194,0.8895874263261296,0.0,0.0,0.0,0.0,0.0,0.0,1.0,0.0,0.0,0.0,0.0,0.0,0.0,0.0,0.0,0.0,0.0
1221,Quartz,1.0,1336,41.24376354997416,1215.6489520958085,390.50973053892216,1189,370,1240,414,47.551205979451886,40.5641277858236,0.7822014051522248,0.0,0.0,0.0,0.0,0.0,0.0,1.0,0.0,0.0,0.0,0.0,0.0,0.0,0.0,0.0,0.0,0.0
1222,Quartz,1.0,5181,81.21978872955087,1216.7301679212508,1526.914688284115,1164,1493,1268,1565,103.63615812262681,65.15617612858809,0.9086285513854788,0.0,0.0,0.0,0.0,0.0,0.0,1.0,0.0,0.0,0.0,0.0,0.0,0.0,0.0,0.0,0.0,0.0
1223,Quartz,1.0,3922,70.66573069353566,1217.5127485976543,4114.758031616522,1173,4072,1250,4154,77.96966888838811,68.73776686809938,0.9150723285114326,0.0,0.0,0.0,0.0,0.0,0.0,1.0,0.0,0.0,0.0,0.0,0.0,0.0,0.0,0.0,0.0,0.0
1224,Quartz,1.0,865,33.186626918021,1214.4208092485549,4518.915606936416,1203,4489,1229,4551,56.31183309371595,21.712257352341805,0.775089605734767,0.0,0.0,0.0,0.0,0.0,0.0,1.0,0.0,0.0,0.0,0.0,0.0,0.0,0.0,0.0,0.0,0.0
1225,Quartz,1.0,189,15.512648837479231,1228.3121693121693,4502.328042328042,1219,4489,1235,4521,35.852075435850274,10.866363812108297,0.6156351791530945,0.0,0.0,0.0,0.0,0.0,0.0,1.0,0.0,0.0,0.0,0.0,0.0,0.0,0.0,0.0,0.0,0.0
1226,Quartz,1.0,207,16.23454913941803,1215.1497584541062,2646.705314009662,1201,2639,1229,2655,27.421511092019056,10.473494789357897,0.8313253012048193,0.0,0.0,0.0,0.0,0.0,0.0,1.0,0.0,0.0,0.0,0.0,0.0,0.0,0.0,0.0,0.0,0.0
1228,Quartz,1.0,592,27.45465007031079,1227.5692567567567,3843.7432432432433,1210,3829,1247,3857,34.39439596519767,25.773482032500482,0.7599486521181001,0.0,0.0,0.0,0.0,0.0,0.0,1.0,0.0,0.0,0.0,0.0,0.0,0.0,0.0,0.0,0.0,0.0
1229,Quartz,1.0,3370,65.50433012982805,1219.5640949554895,3278.544510385757,1178,3241,1255,3317,69.48252677004606,67.3062382616508,0.836643495531281,0.0,0.0,0.0,0.0,0.0,0.0,1.0,0.0,0.0,0.0,0.0,0.0,0.0,0.0,0.0,0.0,0.0
1230,Quartz,1.0,2726,58.913928734621436,1220.4112252384446,2067.7975055025677,1183,2038,1254,2096,70.55132591390233,52.366923241356254,0.8745588707090151,0.0,0.0,0.0,0.0,0.0,0.0,1.0,0.0,0.0,0.0,0.0,0.0,0.0,0.0,0.0,0.0,0.0
1231,Orthoclase,1.0,607,27.80029502818709,1221.3014827018121,2431.5782537067544,1203,2418,1240,2448,41.50565337204654,19.29785580592852,0.8696275071633238,0.0,0.0,0.0,0.0,0.0,0.0,0.0,0.0,1.0,0.0,0.0,0.0,0.0,0.0,0.0,0.0,0.0
1232,Quartz,1.0,1090,37.253605245148115,1225.940366972477,4316.875229357798,1195,4284,1247,4338,59.189982892421106,35.13190790992111,0.6189664963089154,0.0,0.0,0.0,0.0,0.0,0.0,1.0,0.0,0.0,0.0,0.0,0.0,0.0,0.0,0.0,0.0,0.0
1233,Quartz,1.0,4715,77.48112320705148,1224.2069989395545,3705.25408271474,1178,3661,1269,3751,90.82993854920997,74.7644341838945,0.8633949826039187,0.0,0.0,0.0,0.0,0.0,0.0,1.0,0.0,0.0,0.0,0.0,0.0,0.0,0.0,0.0,0.0,0.0
1234,Quartz,1.0,1210,39.25073055536097,1227.1528925619834,2748.1710743801655,1205,2729,1246,2771,44.36262385851195,36.00717950653463,0.9243697478991597,0.0,0.0,0.0,0.0,0.0,0.0,1.0,0.0,0.0,0.0,0.0,0.0,0.0,0.0,0.0,0.0,0.0
1235,Quartz,1.0,1914,49.36578256872974,1224.0219435736676,3915.466562173459,1186,3888,1255,3944,62.780578282440345,44.326266602210666,0.811360746078847,0.0,0.0,0.0,0.0,0.0,0.0,1.0,0.0,0.0,0.0,0.0,0.0,0.0,0.0,0.0,0.0,0.0
1236,Quartz,1.0,108,11.726460285670077,1228.8240740740741,538.3333333333334,1222,534,1238,543,15.76864477234771,9.16732394573739,0.9230769230769231,0.0,0.0,0.0,0.0,0.0,0.0,1.0,0.0,0.0,0.0,0.0,0.0,0.0,0.0,0.0,0.0,0.0
1237,Quartz,1.0,163,14.406180819073164,1233.1717791411043,549.1288343558282,1223,545,1246,555,22.915405336128643,9.47126066881028,0.8907103825136612,0.0,0.0,0.0,0.0,0.0,0.0,1.0,0.0,0.0,0.0,0.0,0.0,0.0,0.0,0.0,0.0,0.0
1238,Quartz,1.0,493,25.05408341078227,1232.8742393509128,864.3772819472616,1221,849,1246,877,27.868074526627485,24.203417545510003,0.8573913043478261,0.0,0.0,0.0,0.0,0.0,0.0,1.0,0.0,0.0,0.0,0.0,0.0,0.0,0.0,0.0,0.0,0.0
1239,Quartz,1.0,552,26.510907730475957,1230.6467391304348,888.4365942028985,1218,876,1245,904,30.283154616840275,25.059349136295516,0.8692913385826772,0.0,0.0,0.0,0.0,0.0,0.0,1.0,0.0,0.0,0.0,0.0,0.0,0.0,0.0,0.0,0.0,0.0
1240,Quartz,1.0,390,22.283703068536735,1226.6179487179488,2177.448717948718,1213,2168,1240,2189,29.070028163793243,19.5183562441132,0.8057851239669421,0.0,0.0,0.0,0.0,0.0,0.0,1.0,0.0,0.0,0.0,0.0,0.0,0.0,0.0,0.0,0.0,0.0
1241,Quartz,1.0,702,29.896724911001275,1233.2065527065527,2787.5441595441594,1219,2771,1248,2806,36.28807247102854,25.807315368285433,0.8655980271270037,0.0,0.0,0.0,0.0,0.0,0.0,1.0,0.0,0.0,0.0,0.0,0.0,0.0,0.0,0.0,0.0,0.0
1242,Quartz,1.0,126,12.666024736934256,1233.404761904762,3879.9603174603176,1225,3875,1243,3886,19.436222696049125,8.613356573178965,0.8811188811188811,0.0,0.0,0.0,0.0,0.0,0.0,1.0,0.0,0.0,0.0,0.0,0.0,0.0,0.0,0.0,0.0,0.0
1243,Quartz,1.0,2069,51.325750048655415,1240.3750604156598,437.91058482358625,1212,400,1268,470,72.66327676766379,42.32851752576103,0.8132861635220126,0.0,0.0,0.0,0.0,0.0,0.0,1.0,0.0,0.0,0.0,0.0,0.0,0.0,0.0,0.0,0.0,0.0
1244,Quartz,1.0,8703,105.26634674875974,1237.3024244513385,4597.763070205676,1181,4530,1303,4648,117.87989940311034,105.71439019488122,0.8390860007713073,0.0,0.0,0.0,0.0,0.0,0.0,1.0,0.0,0.0,0.0,0.0,0.0,0.0,0.0,0.0,0.0,0.0
1245,Quartz,1.0,360,21.409489393833255,1236.5388888888888,3600.2194444444444,1226,3584,1247,3619,36.34250233490714,15.53151095931249,0.72,0.0,0.0,0.0,0.0,0.0,0.0,1.0,0.0,0.0,0.0,0.0,0.0,0.0,0.0,0.0,0.0,0.0
1246,Quartz,1.0,646,28.679483013103898,1244.7600619195046,2333.5603715170278,1228,2320,1265,2348,40.477461851335754,22.449143927679067,0.8466579292267365,0.0,0.0,0.0,0.0,0.0,0.0,1.0,0.0,0.0,0.0,0.0,0.0,0.0,0.0,0.0,0.0,0.0
1247,Quartz,1.0,1917,49.404455338130255,1233.5039123630672,3437.751695357329,1204,3407,1261,3468,61.61885162453624,41.975723726391834,0.8604129263913824,0.0,0.0,0.0,0.0,0.0,0.0,1.0,0.0,0.0,0.0,0.0,0.0,0.0,0.0,0.0,0.0,0.0
1248,Quartz,1.0,1447,42.92292652221864,1248.8431237042157,1002.8486523842432,1222,975,1274,1026,62.31975335513504,32.08807047172402,0.8412790697674418,0.0,0.0,0.0,0.0,0.0,0.0,1.0,0.0,0.0,0.0,0.0,0.0,0.0,0.0,0.0,0.0,0.0
1249,Quartz,1.0,817,32.252700786889584,1244.6744186046512,2260.115055079559,1230,2238,1260,2287,45.9968236519908,24.82122175874632,0.8362333674513818,0.0,0.0,0.0,0.0,0.0,0.0,1.0,0.0,0.0,0.0,0.0,0.0,0.0,0.0,0.0,0.0,0.0
1250,Orthoclase,1.0,311,19.899183360445615,1245.790996784566,4167.070739549839,1228,4160,1265,4177,37.2429250182533,14.123673662995689,0.6941964285714286,0.0,0.0,0.0,0.0,0.0,0.0,0.0,0.0,1.0,0.0,0.0,0.0,0.0,0.0,0.0,0.0,0.0
1251,Quartz,1.0,1015,35.949104827605794,1244.2128078817734,2558.471921182266,1230,2536,1266,2590,55.75537462770649,28.103468312256414,0.7748091603053435,0.0,0.0,0.0,0.0,0.0,0.0,1.0,0.0,0.0,0.0,0.0,0.0,0.0,0.0,0.0,0.0,0.0
1252,Quartz,1.0,2262,53.66626361310184,1249.0654288240496,3383.5128205128203,1219,3353,1282,3417,64.32124755967119,48.399425576245314,0.843400447427293,0.0,0.0,0.0,0.0,0.0,0.0,1.0,0.0,0.0,0.0,0.0,0.0,0.0,0.0,0.0,0.0,0.0
1253,Quartz,1.0,173,14.841510746523857,1246.3410404624278,3897.8381502890174,1237,3887,1256,3908,23.084032549372886,10.537737434386527,0.8522167487684729,0.0,0.0,0.0,0.0,0.0,0.0,1.0,0.0,0.0,0.0,0.0,0.0,0.0,0.0,0.0,0.0,0.0
1254,Quartz,1.0,2980,61.597514911811054,1255.1204697986577,751.2271812080537,1217,702,1289,790,88.06694736366272,48.72889419263926,0.7933972310969116,0.0,0.0,0.0,0.0,0.0,0.0,1.0,0.0,0.0,0.0,0.0,0.0,0.0,0.0,0.0,0.0,0.0
1255,Quartz,1.0,136,13.159049284959082,1252.3382352941176,2306.5,1244,2299,1261,2314,17.360443549300655,11.275526201513893,0.8095238095238095,0.0,0.0,0.0,0.0,0.0,0.0,1.0,0.0,0.0,0.0,0.0,0.0,0.0,0.0,0.0,0.0,0.0
1256,Quartz,1.0,199,15.91774699517169,1252.3768844221106,1888.6733668341708,1244,1874,1259,1900,26.692850912604463,12.50424862919048,0.7210144927536232,0.0,0.0,0.0,0.0,0.0,0.0,1.0,0.0,0.0,0.0,0.0,0.0,0.0,0.0,0.0,0.0,0.0
1257,Quartz,1.0,666,29.120053859730724,1256.8498498498498,1200.3093093093094,1235,1185,1282,1217,42.279451052151934,24.942656659738937,0.7122994652406417,0.0,0.0,0.0,0.0,0.0,0.0,1.0,0.0,0.0,0.0,0.0,0.0,0.0,0.0,0.0,0.0,0.0
1258,Quartz,1.0,1748,47.17650606177894,1254.3489702517163,1118.883295194508,1233,1096,1278,1148,53.80854375190724,43.609176287998054,0.8823826350328117,0.0,0.0,0.0,0.0,0.0,0.0,1.0,0.0,0.0,0.0,0.0,0.0,0.0,0.0,0.0,0.0,0.0
1259,Quartz,1.0,582,27.221781995965376,1256.6580756013745,2584.3350515463917,1235,2570,1279,2596,38.6890146544831,22.51479682670321,0.8174157303370787,0.0,0.0,0.0,0.0,0.0,0.0,1.0,0.0,0.0,0.0,0.0,0.0,0.0,0.0,0.0,0.0,0.0
1260,Quartz,1.0,960,34.961549778946534,1259.7770833333334,225.32395833333334,1244,203,1281,245,41.628938844584894,32.755262129947745,0.8711433756805808,0.0,0.0,0.0,0.0,0.0,0.0,1.0,0.0,0.0,0.0,0.0,0.0,0.0,0.0,0.0,0.0,0.0
1261,Quartz,1.0,950,34.77898169151024,1251.7147368421054,2485.121052631579,1234,2472,1277,2503,43.65536465685933,29.4031692160103,0.9143407122232916,0.0,0.0,0.0,0.0,0.0,0.0,1.0,0.0,0.0,0.0,0.0,0.0,0.0,0.0,0.0,0.0,0.0
1262,Quartz,1.0,1797,47.833162783670154,1265.6994991652755,3196.3767390094604,1242,3162,1290,3238,80.01095304551271,30.300272460643296,0.8808823529411764,0.0,0.0,0.0,0.0,0.0,0.0,1.0,0.0,0.0,0.0,0.0,0.0,0.0,0.0,0.0,0.0,0.0
1263,Quartz,1.0,2221,53.177674158022334,1256.306618640252,1458.1602881584872,1232,1419,1278,1494,72.3613357726388,42.23186064107416,0.8525911708253359,0.0,0.0,0.0,0.0,0.0,0.0,1.0,0.0,0.0,0.0,0.0,0.0,0.0,0.0,0.0,0.0,0.0
1264,Quartz,1.0,2401,55.290579187680116,1261.2690545605997,1647.5331112036652,1227,1617,1297,1682,75.4103252690154,43.52366564464942,0.8059751594494797,0.0,0.0,0.0,0.0,0.0,0.0,1.0,0.0,0.0,0.0,0.0,0.0,0.0,0.0,0.0,0.0,0.0
1265,Orthoclase,0.9156403940886699,1624,45.472420439755616,1256.8848522167489,2390.475985221675,1236,2356,1275,2424,66.23338607576576,32.52223120446472,0.8670581954084357,0.0,0.0,0.0,0.0,0.0,0.0,0.0,0.0,0.9156403940886699,0.0,0.0,0.0,0.0,0.0,0.0,0.0,0.08435960591133004
1266,Quartz,1.0,2653,58.11974287780691,1258.433471541651,3061.579344138711,1227,3021,1286,3107,95.9162312084752,37.122082838259786,0.8408874801901743,0.0,0.0,0.0,0.0,0.0,0.0,1.0,0.0,0.0,0.0,0.0,0.0,0.0,0.0,0.0,0.0,0.0
1267,Quartz,1.0,1874,48.84722005225778,1272.623265741729,2456.3954108858056,1239,2424,1304,2484,58.47439697877432,48.86675388870126,0.7967687074829932,0.0,0.0,0.0,0.0,0.0,0.0,1.0,0.0,0.0,0.0,0.0,0.0,0.0,0.0,0.0,0.0,0.0
1268,Quartz,1.0,301,19.576646877473273,1260.1827242524917,74.82724252491694,1248,68,1273,86,23.115816834930914,18.792345853572858,0.8958333333333334,0.0,0.0,0.0,0.0,0.0,0.0,1.0,0.0,0.0,0.0,0.0,0.0,0.0,0.0,0.0,0.0,0.0
1269,Quartz,1.0,3048,62.2963412437101,1261.9872047244094,1057.4094488188975,1223,1028,1294,1090,65.74327434784641,61.26790601714731,0.9028436018957346,0.0,0.0,0.0,0.0,0.0,0.0,1.0,0.0,0.0,0.0,0.0,0.0,0.0,0.0,0.0,0.0,0.0
1270,Quartz,1.0,141,13.398760233979036,1262.2198581560283,2096.8794326241136,1255,2091,1270,2107,16.08476192161841,12.911783944231153,0.834319526627219,0.0,0.0,0.0,0.0,0.0,0.0,1.0,0.0,0.0,0.0,0.0,0.0,0.0,0.0,0.0,0.0,0.0
1271,Quartz,1.0,823,32.37091511398834,1261.8626974483598,2660.688942891859,1250,2641,1277,2687,45.113145829049394,24.74127162968164,0.9014238773274917,0.0,0.0,0.0,0.0,0.0,0.0,1.0,0.0,0.0,0.0,0.0,0.0,0.0,0.0,0.0,0.0,0.0
1273,Quartz,1.0,355,21.260292528114064,1263.4112676056338,2077.5521126760564,1254,2065,1278,2092,29.17966598747357,20.809672147605333,0.728952772073922,0.0,0.0,0.0,0.0,0.0,0.0,1.0,0.0,0.0,0.0,0.0,0.0,0.0,0.0,0.0,0.0,0.0
1274,Quartz,1.0,415,22.98683125324351,1273.5831325301206,3964.855421686747,1258,3941,1293,3992,66.82344670416924,10.503643481605243,0.6414219474497682,0.0,0.0,0.0,0.0,0.0,0.0,1.0,0.0,0.0,0.0,0.0,0.0,0.0,0.0,0.0,0.0,0.0
1275,Quartz,1.0,165,14.494292838262302,1264.4969696969697,1795.169696969697,1258,1785,1272,1803,17.64078367408853,12.956899528638512,0.8776595744680851,0.0,0.0,0.0,0.0,0.0,0.0,1.0,0.0,0.0,0.0,0.0,0.0,0.0,0.0,0.0,0.0,0.0
1277,Quartz,1.0,490,24.977737626138797,1267.6897959183673,1380.9367346938775,1256,1366,1281,1398,30.452951921601542,21.433375010137368,0.875,0.0,0.0,0.0,0.0,0.0,0.0,1.0,0.0,0.0,0.0,0.0,0.0,0.0,0.0,0.0,0.0,0.0
1278,Quartz,1.0,254,17.983404693292407,1269.1850393700788,4004.066929133858,1260,3993,1282,4013,22.280592591502046,15.82069123678416,0.8581081081081081,0.0,0.0,0.0,0.0,0.0,0.0,1.0,0.0,0.0,0.0,0.0,0.0,0.0,0.0,0.0,0.0,0.0
1279,Quartz,1.0,3493,66.68902255813863,1268.9089607787002,2189.3209275694244,1239,2150,1300,2229,78.37609069302485,58.584573320961944,0.9053913945049248,0.0,0.0,0.0,0.0,0.0,0.0,1.0,0.0,0.0,0.0,0.0,0.0,0.0,0.0,0.0,0.0,0.0
1280,Quartz,1.0,3546,67.19306084433784,1280.1937394247038,2721.3886068809925,1239,2690,1322,2757,77.2290657224986,59.99564099410173,0.9043611323641928,0.0,0.0,0.0,0.0,0.0,0.0,1.0,0.0,0.0,0.0,0.0,0.0,0.0,0.0,0.0,0.0,0.0
1281,Quartz,1.0,852,32.9363035587535,1277.2077464788733,4075.93661971831,1256,4060,1302,4093,46.67040656250356,23.940282372601345,0.9034994697773064,0.0,0.0,0.0,0.0,0.0,0.0,1.0,0.0,0.0,0.0,0.0,0.0,0.0,0.0,0.0,0.0,0.0
1282,Quartz,1.0,372,21.76338922689847,1279.6263440860216,2335.6370967741937,1268,2319,1294,2351,37.782571475610574,13.695877956954908,0.8359550561797753,0.0,0.0,0.0,0.0,0.0,0.0,1.0,0.0,0.0,0.0,0.0,0.0,0.0,0.0,0.0,0.0,0.0
1283,Quartz,1.0,175,14.927053303604616,1273.5885714285714,3581.382857142857,1264,3574,1282,3593,19.114905392280967,14.718342298214614,0.7918552036199095,0.0,0.0,0.0,0.0,0.0,0.0,1.0,0.0,0.0,0.0,0.0,0.0,0.0,0.0,0.0,0.0,0.0
1284,Quartz,1.0,234,17.26088217525478,1275.8931623931624,157.94444444444446,1266,149,1288,170,25.540649233271353,13.960523525003667,0.75,0.0,0.0,0.0,0.0,0.0,0.0,1.0,0.0,0.0,0.0,0.0,0.0,0.0,0.0,0.0,0.0,0.0
1285,Quartz,1.0,1352,41.489997161749,1276.7647928994083,1706.5621301775147,1259,1679,1295,1733,62.40383320046609,29.97688272369936,0.87001287001287,0.0,0.0,0.0,0.0,0.0,0.0,1.0,0.0,0.0,0.0,0.0,0.0,0.0,0.0,0.0,0.0,0.0
1286,Quartz,1.0,441,23.695962509005764,1280.62358276644,1183.3945578231292,1268,1169,1291,1203,34.600364347173326,19.742969007905153,0.7764084507042254,0.0,0.0,0.0,0.0,0.0,0.0,1.0,0.0,0.0,0.0,0.0,0.0,0.0,0.0,0.0,0.0,0.0
1287,Quartz,1.0,800,31.915382432114615,1279.59375,1746.47,1263,1729,1295,1770,37.38004825365357,30.40488394246113,0.8412197686645636,0.0,0.0,0.0,0.0,0.0,0.0,1.0,0.0,0.0,0.0,0.0,0.0,0.0,0.0,0.0,0.0,0.0
1288,Quartz,1.0,232,17.186959427966244,1276.875,2090.9310344827586,1271,2079,1284,2106,26.810751630796428,11.789632231123047,0.8256227758007118,0.0,0.0,0.0,0.0,0.0,0.0,1.0,0.0,0.0,0.0,0.0,0.0,0.0,0.0,0.0,0.0,0.0
1290,Orthoclase,1.0,311,19.899183360445615,1284.209003215434,88.70096463022509,1273,81,1295,101,25.10811419267707,16.999135702497842,0.8936781609195402,0.0,0.0,0.0,0.0,0.0,0.0,0.0,0.0,1.0,0.0,0.0,0.0,0.0,0.0,0.0,0.0,0.0
1291,Quartz,1.0,3968,71.07893157264765,1283.1655745967741,579.2545362903226,1252,535,1317,632,88.88719279219087,58.476275217535964,0.8969258589511754,0.0,0.0,0.0,0.0,0.0,0.0,1.0,0.0,0.0,0.0,0.0,0.0,0.0,0.0,0.0,0.0,0.0
1292,Quartz,1.0,1617,45.37431370100002,1288.2257266542981,2974.373531230674,1264,2953,1316,2996,53.381821316692125,39.86115571030623,0.9099606077658976,0.0,0.0,0.0,0.0,0.0,0.0,1.0,0.0,0.0,0.0,0.0,0.0,0.0,0.0,0.0,0.0,0.0
1293,Quartz,1.0,3331,65.12419614484948,1290.9486640648454,3440.413689582708,1261,3392,1323,3488,106.1548133380007,45.91235250145352,0.8032312515071136,0.0,0.0,0.0,0.0,0.0,0.0,1.0,0.0,0.0,0.0,0.0,0.0,0.0,0.0,0.0,0.0,0.0
1294,Orthoclase,1.0,295,19.38054864282415,1285.7966101694915,74.76949152542373,1273,68,1298,83,25.54480632632663,15.57219372316332,0.921875,0.0,0.0,0.0,0.0,0.0,0.0,0.0,0.0,1.0,0.0,0.0,0.0,0.0,0.0,0.0,0.0,0.0
1295,Quartz,1.0,744,30.77808020788433,1293.845430107527,3008.0860215053763,1270,2994,1317,3021,49.996486701544065,22.888253713683124,0.7607361963190185,0.0,0.0,0.0,0.0,0.0,0.0,1.0,0.0,0.0,0.0,0.0,0.0,0.0,0.0,0.0,0.0,0.0
1296,Quartz,1.0,2780,59.49458743754555,1298.2755395683453,850.8672661870504,1259,820,1345,883,95.98095940123457,40.4572490802911,0.8517156862745098,0.0,0.0,0.0,0.0,0.0,0.0,1.0,0.0,0.0,0.0,0.0,0.0,0.0,0.0,0.0,0.0,0.0
1297,Quartz,1.0,616,28.00563442518059,1286.1915584415585,4107.092532467533,1271,4085,1301,4128,38.18650805248018,25.550591504284615,0.761433868974042,0.0,0.0,0.0,0.0,0.0,0.0,1.0,0.0,0.0,0.0,0.0,0.0,0.0,0.0,0.0,0.0,0.0
1298,Quartz,1.0,6337,89.8249352629142,1284.772763137131,4417.395928672873,1251,4355,1329,4470,120.78563558642998,70.61729387793953,0.8684390845552967,0.0,0.0,0.0,0.0,0.0,0.0,1.0,0.0,0.0,0.0,0.0,0.0,0.0,0.0,0.0,0.0,0.0
1299,Quartz,1.0,245,17.66192765414112,1288.942857142857,1974.1591836734694,1277,1965,1300,1983,22.372599544799716,16.23415809797001,0.7728706624605678,0.0,0.0,0.0,0.0,0.0,0.0,1.0,0.0,0.0,0.0,0.0,0.0,0.0,0.0,0.0,0.0,0.0
1300,Orthoclase,1.0,1146,38.19859314512115,1295.3970331588132,1940.8603839441537,1276,1916,1315,1964,54.034832779532195,27.852008671991154,0.9197431781701445,0.0,0.0,0.0,0.0,0.0,0.0,0.0,0.0,1.0,0.0,0.0,0.0,0.0,0.0,0.0,0.0,0.0
1301,Quartz,1.0,633,28.38944578214513,1289.7456556082147,331.25908372827803,1272,321,1309,345,37.198917781882486,22.61544788211148,0.8767313019390581,0.0,0.0,0.0,0.0,0.0,0.0,1.0,0.0,0.0,0.0,0.0,0.0,0.0,0.0,0.0,0.0,0.0
1302,Quartz,1.0,253,17.94796937867892,1293.901185770751,200.3399209486166,1281,187,1304,211,28.81959503632545,13.115294664169463,0.7784615384615384,0.0,0.0,0.0,0.0,0.0,0.0,1.0,0.0,0.0,0.0,0.0,0.0,0.0,0.0,0.0,0.0,0.0
1303,Quartz,1.0,1305,40.76245338395847,1285.856704980843,386.48199233716474,1265,359,1305,420,58.69432772043189,31.876245751260942,0.8853459972862958,0.0,0.0,0.0,0.0,0.0,0.0,1.0,0.0,0.0,0.0,0.0,0.0,0.0,0.0,0.0,0.0,0.0
1304,Quartz,1.0,237,17.371176474327626,1296.1350210970463,2478.1518987341774,1289,2466,1305,2491,24.521317647692126,13.20664325574006,0.8464285714285714,0.0,0.0,0.0,0.0,0.0,0.0,1.0,0.0,0.0,0.0,0.0,0.0,0.0,0.0,0.0,0.0,0.0
1305,Quartz,1.0,822,32.35124272377035,1290.6873479318735,2778.119221411192,1267,2764,1315,2794,48.3201550800588,25.976479709608146,0.7438914027149321,0.0,0.0,0.0,0.0,0.0,0.0,1.0,0.0,0.0,0.0,0.0,0.0,0.0,0.0,0.0,0.0,0.0
1306,Quartz,1.0,1661,45.98750791035654,1289.514148103552,4233.78567128236,1257,4215,1317,4257,62.54586798767577,38.29246572165529,0.8130200685266764,0.0,0.0,0.0,0.0,0.0,0.0,1.0,0.0,0.0,0.0,0.0,0.0,0.0,0.0,0.0,0.0,0.0
1307,Quartz,1.0,930,34.41093978088511,1311.3096774193548,407.81182795698925,1291,388,1335,427,42.05755773130584,31.741202045311674,0.8651162790697674,0.0,0.0,0.0,0.0,0.0,0.0,1.0,0.0,0.0,0.0,0.0,0.0,0.0,0.0,0.0,0.0,0.0
1308,Quartz,1.0,720,30.277590264241923,1298.2972222222222,1094.4083333333333,1283,1077,1313,1111,33.29157029150729,28.874269623508418,0.8643457382953181,0.0,0.0,0.0,0.0,0.0,0.0,1.0,0.0,0.0,0.0,0.0,0.0,0.0,0.0,0.0,0.0,0.0
1309,Quartz,1.0,2678,58.39294050483128,1297.5761762509335,4496.5806572068705,1268,4468,1325,4536,66.56845932038227,54.699133390002245,0.9099558273870201,0.0,0.0,0.0,0.0,0.0,0.0,1.0,0.0,0.0,0.0,0.0,0.0,0.0,0.0,0.0,0.0,0.0
1310,Quartz,1.0,4236,73.4400620335941,1284.4348441926345,1288.1581680830973,1238,1257,1323,1322,90.02644410949122,63.462558841551086,0.8895422091558168,0.0,0.0,0.0,0.0,0.0,0.0,1.0,0.0,0.0,0.0,0.0,0.0,0.0,0.0,0.0,0.0,0.0
1311,Quartz,1.0,365,21.557653718072718,1297.9205479452055,4660.947945205479,1283,4650,1311,4669,27.10527846873052,19.026673812383063,0.9125,0.0,0.0,0.0,0.0,0.0,0.0,1.0,0.0,0.0,0.0,0.0,0.0,0.0,0.0,0.0,0.0,0.0
1312,Quartz,1.0,1427,42.62526047236635,1297.779957953749,954.1751927119832,1277,918,1315,988,69.78111939553337,28.555130406825633,0.8835913312693499,0.0,0.0,0.0,0.0,0.0,0.0,1.0,0.0,0.0,0.0,0.0,0.0,0.0,0.0,0.0,0.0,0.0
1313,Orthoclase,0.943900267141585,1123,37.813331098140345,1301.1175422974177,4033.7248441674087,1274,4018,1324,4053,48.017127919480494,33.13074189941263,0.8552932216298553,0.0,0.0,0.0,0.0,0.0,0.0,0.05609973285841496,0.0,0.943900267141585,0.0,0.0,0.0,0.0,0.0,0.0,0.0,0.0
1314,Quartz,1.0,8403,103.43612470703633,1313.4016422706177,3286.6638105438533,1254,3230,1364,3348,125.0711104150641,90.40091121268468,0.903742740374274,0.0,0.0,0.0,0.0,0.0,0.0,1.0,0.0,0.0,0.0,0.0,0.0,0.0,0.0,0.0,0.0,0.0
1315,Quartz,1.0,985,35.413852537730705,1316.1401015228425,2143.318781725888,1289,2127,1343,2158,55.883447993172226,25.56817766029138,0.836873406966865,0.0,0.0,0.0,0.0,0.0,0.0,1.0,0.0,0.0,0.0,0.0,0.0,0.0,0.0,0.0,0.0,0.0
1316,Quartz,1.0,1113,37.64459607022283,1313.4123989218328,2828.5956873315363,1289,2805,1343,2853,66.42937340475578,22.569554539090145,0.8305970149253732,0.0,0.0,0.0,0.0,0.0,0.0,1.0,0.0,0.0,0.0,0.0,0.0,0.0,0.0,0.0,0.0,0.0
1317,Quartz,1.0,3332,65.1339708835379,1313.7539015606242,657.2229891956782,1276,621,1349,698,83.61950314196187,53.7781415269373,0.85,0.0,0.0,0.0,0.0,0.0,0.0,1.0,0.0,0.0,0.0,0.0,0.0,0.0,0.0,0.0,0.0,0.0
1318,Quartz,1.0,482,24.77299861870477,1301.6618257261412,1515.7800829875519,1289,1494,1314,1533,39.16991251547942,21.56400854206925,0.6694444444444444,0.0,0.0,0.0,0.0,0.0,0.0,1.0,0.0,0.0,0.0,0.0,0.0,0.0,0.0,0.0,0.0,0.0
1319,Quartz,1.0,134,13.061933202803933,1306.3283582089553,2560.0373134328356,1301,2550,1311,2572,20.674188176704817,8.773814134970575,0.8993288590604027,0.0,0.0,0.0,0.0,0.0,0.0,1.0,0.0,0.0,0.0,0.0,0.0,0.0,0.0,0.0,0.0,0.0
1320,Quartz,1.0,125,12.6156626101008,1307.0,744.08,1300,736,1313,752,15.75136913792408,10.903942877732478,0.8620689655172413,0.0,0.0,0.0,0.0,0.0,0.0,1.0,0.0,0.0,0.0,0.0,0.0,0.0,0.0,0.0,0.0,0.0
1321,Quartz,1.0,2117,51.91770522860519,1310.374586679263,3058.253188474256,1279,3028,1341,3089,59.35862442401373,47.93415859268112,0.8437624551614189,0.0,0.0,0.0,0.0,0.0,0.0,1.0,0.0,0.0,0.0,0.0,0.0,0.0,0.0,0.0,0.0,0.0
1322,Orthoclase,1.0,422,23.179885415554555,1306.1350710900474,1401.0995260663508,1294,1385,1323,1417,36.07393136825131,17.388323175754973,0.7858472998137802,0.0,0.0,0.0,0.0,0.0,0.0,0.0,0.0,1.0,0.0,0.0,0.0,0.0,0.0,0.0,0.0,0.0
1323,Quartz,1.0,954,34.8521236896311,1310.9308176100628,135.5167714884696,1297,111,1326,163,51.42433597602615,25.45999423863777,0.8057432432432432,0.0,0.0,0.0,0.0,0.0,0.0,1.0,0.0,0.0,0.0,0.0,0.0,0.0,0.0,0.0,0.0,0.0
1324,Quartz,1.0,200,15.957691216057308,1312.96,3144.27,1306,3133,1320,3158,22.28822425540762,12.262261599748213,0.8403361344537815,0.0,0.0,0.0,0.0,0.0,0.0,1.0,0.0,0.0,0.0,0.0,0.0,0.0,0.0,0.0,0.0,0.0
1325,Quartz,1.0,440,23.66908109081279,1315.5022727272728,173.4409090909091,1302,157,1326,188,31.62605154303956,19.539019346429484,0.8627450980392157,0.0,0.0,0.0,0.0,0.0,0.0,1.0,0.0,0.0,0.0,0.0,0.0,0.0,0.0,0.0,0.0,0.0
1326,Quartz,1.0,531,26.001734523957655,1325.6949152542372,1583.1676082862523,1312,1567,1342,1604,33.34747502202108,24.44432638859838,0.751060820367751,0.0,0.0,0.0,0.0,0.0,0.0,1.0,0.0,0.0,0.0,0.0,0.0,0.0,0.0,0.0,0.0,0.0
1327,Quartz,1.0,528,25.928179257714298,1320.967803030303,2560.0833333333335,1309,2542,1337,2576,38.10693993934017,19.68094234625841,0.8380952380952381,0.0,0.0,0.0,0.0,0.0,0.0,1.0,0.0,0.0,0.0,0.0,0.0,0.0,0.0,0.0,0.0,0.0
1328,Quartz,1.0,2729,58.94633760957723,1322.5474532795895,234.48882374496154,1296,200,1352,281,78.27765326283476,48.52497131293437,0.8520137371214487,0.0,0.0,0.0,0.0,0.0,0.0,1.0,0.0,0.0,0.0,0.0,0.0,0.0,0.0,0.0,0.0,0.0
1330,Quartz,1.0,9637,110.77097766388434,1329.861160112068,3860.382172875376,1259,3788,1385,3923,130.31605970304332,114.41580633812268,0.8313492063492064,0.0,0.0,0.0,0.0,0.0,0.0,1.0,0.0,0.0,0.0,0.0,0.0,0.0,0.0,0.0,0.0,0.0
1331,Quartz,1.0,2910,60.86975501165849,1328.505498281787,4099.518213058419,1298,4061,1365,4134,76.68932391712217,50.64733756627979,0.8645276292335116,0.0,0.0,0.0,0.0,0.0,0.0,1.0,0.0,0.0,0.0,0.0,0.0,0.0,0.0,0.0,0.0,0.0
1332,Quartz,1.0,1882,48.95137202562944,1324.0595111583423,1655.0031880977683,1300,1608,1346,1692,85.48124692394363,30.394125926312142,0.8211169284467714,0.0,0.0,0.0,0.0,0.0,0.0,1.0,0.0,0.0,0.0,0.0,0.0,0.0,0.0,0.0,0.0,0.0
1333,Quartz,0.9801538633069461,8969,106.86292844915712,1334.5097558256216,1795.0210725833426,1277,1734,1394,1851,114.9629089252926,106.58663737062646,0.8878439912888537,0.0,0.0,0.0,0.0,0.0,0.0,0.9801538633069461,0.0,0.01984613669305385,0.0,0.0,0.0,0.0,0.0,0.0,0.0,0.0
1334,Quartz,1.0,1444,42.87840834962948,1325.5927977839335,1029.8247922437672,1298,1008,1356,1054,50.004670096405206,41.30879430507366,0.7689030883919062,0.0,0.0,0.0,0.0,0.0,0.0,1.0,0.0,0.0,0.0,0.0,0.0,0.0,0.0,0.0,0.0,0.0
1335,Quartz,1.0,1943,49.7383597982525,1328.1909418425116,350.3484302624807,1302,320,1353,384,59.46506541672767,43.51029197095689,0.8716913414087034,0.0,0.0,0.0,0.0,0.0,0.0,1.0,0.0,0.0,0.0,0.0,0.0,0.0,0.0,0.0,0.0,0.0
1336,Quartz,1.0,447,23.85661494212072,1332.7270693512305,547.0469798657718,1320,526,1346,566,40.62879249157588,16.456919543235767,0.7198067632850241,0.0,0.0,0.0,0.0,0.0,0.0,1.0,0.0,0.0,0.0,0.0,0.0,0.0,0.0,0.0,0.0,0.0
1338,Quartz,1.0,1434,42.72967946463235,1335.0216178521619,1098.0048814504883,1310,1068,1362,1117,48.97251710465263,44.92013580886015,0.8680387409200968,0.0,0.0,0.0,0.0,0.0,0.0,1.0,0.0,0.0,0.0,0.0,0.0,0.0,0.0,0.0,0.0,0.0
1339,Orthoclase,1.0,131,12.914889870235298,1334.381679389313,2879.236641221374,1329,2872,1342,2888,15.061907865270106,12.14243787026686,0.8562091503267973,0.0,0.0,0.0,0.0,0.0,0.0,0.0,0.0,1.0,0.0,0.0,0.0,0.0,0.0,0.0,0.0,0.0
1340,Quartz,1.0,787,31.655007845624887,1337.7941550190596,2272.395171537484,1320,2253,1356,2293,39.39974432310494,29.451586533774407,0.7925478348439073,0.0,0.0,0.0,0.0,0.0,0.0,1.0,0.0,0.0,0.0,0.0,0.0,0.0,0.0,0.0,0.0,0.0
1341,Quartz,1.0,7434,97.28958205050117,1341.6314231907452,3560.4549367769705,1286,3517,1411,3607,121.93050849445103,82.24068049926586,0.8724328130501114,0.0,0.0,0.0,0.0,0.0,0.0,1.0,0.0,0.0,0.0,0.0,0.0,0.0,0.0,0.0,0.0,0.0
1343,Quartz,1.0,1390,42.06902622098444,1335.5942446043166,2948.884892086331,1306,2935,1367,2966,64.17419961002368,28.70499934127991,0.8564386937769563,0.0,0.0,0.0,0.0,0.0,0.0,1.0,0.0,0.0,0.0,0.0,0.0,0.0,0.0,0.0,0.0,0.0
1344,Quartz,0.9871589085072231,4361,74.51575440529368,1358.7328594359092,1292.504471451502,1323,1252,1417,1331,88.69947980223847,69.00461994665517,0.8119530813628747,0.0,0.0,0.0,0.0,0.0,0.0,0.9871589085072231,0.0,0.0,0.0,0.0,0.0,0.0,0.0,0.0,0.0,0.012841091492776886
1345,Quartz,1.0,684,29.51094455619561,1335.9400584795321,2918.1067251461986,1318,2902,1352,2934,36.873029352096665,25.1758651299696,0.8402948402948403,0.0,0.0,0.0,0.0,0.0,0.0,1.0,0.0,0.0,0.0,0.0,0.0,0.0,0.0,0.0,0.0,0.0
1346,Quartz,1.0,1796,47.81985175995794,1334.772828507795,4159.03285077951,1304,4135,1359,4185,55.08393594180134,44.49478195330463,0.8971028971028971,0.0,0.0,0.0,0.0,0.0,0.0,1.0,0.0,0.0,0.0,0.0,0.0,0.0,0.0,0.0,0.0,0.0
1347,Quartz,1.0,535,26.099485750361293,1336.7046728971964,3443.697196261682,1317,3424,1353,3463,36.60937192571805,24.699951774472265,0.6516443361753959,0.0,0.0,0.0,0.0,0.0,0.0,1.0,0.0,0.0,0.0,0.0,0.0,0.0,0.0,0.0,0.0,0.0
1348,Orthoclase,0.9977426636568849,886,33.5870545989873,1342.05079006772,3624.581264108352,1324,3608,1366,3642,39.329665783475726,30.41357109667773,0.8877755511022044,0.0,0.0,0.0,0.0,0.0,0.0,0.002257336343115124,0.0,0.9977426636568849,0.0,0.0,0.0,0.0,0.0,0.0,0.0,0.0
1349,Quartz,1.0,3182,63.650987669849144,1343.445945945946,3392.4472030169704,1307,3358,1390,3430,77.18468247321844,61.02266740318389,0.8037383177570093,0.0,0.0,0.0,0.0,0.0,0.0,1.0,0.0,0.0,0.0,0.0,0.0,0.0,0.0,0.0,0.0,0.0
1350,Quartz,1.0,2281,53.89118111102137,1345.9202104340202,967.7759754493643,1321,933,1366,1017,84.36978914502902,38.710007611644954,0.8423190546528804,0.0,0.0,0.0,0.0,0.0,0.0,1.0,0.0,0.0,0.0,0.0,0.0,0.0,0.0,0.0,0.0,0.0
1351,Quartz,1.0,1245,39.81435963562993,1346.017670682731,4655.427309236948,1311,4632,1375,4669,62.92776534252162,34.56957919586944,0.7596095179987797,0.0,0.0,0.0,0.0,0.0,0.0,1.0,0.0,0.0,0.0,0.0,0.0,0.0,0.0,0.0,0.0,0.0
1352,Quartz,1.0,2270,53.76108040719438,1337.1519823788547,2351.4484581497795,1300,2326,1367,2392,72.61349172817881,49.881127548688596,0.7744796997611737,0.0,0.0,0.0,0.0,0.0,0.0,1.0,0.0,0.0,0.0,0.0,0.0,0.0,0.0,0.0,0.0,0.0
1353,Quartz,1.0,131,12.914889870235298,1344.7251908396947,2551.0152671755727,1340,2541,1350,2559,16.943819032403628,10.516449466247252,0.891156462585034,0.0,0.0,0.0,0.0,0.0,0.0,1.0,0.0,0.0,0.0,0.0,0.0,0.0,0.0,0.0,0.0,0.0
1354,Quartz,1.0,1375,41.84141935942002,1346.906909090909,1144.9585454545454,1326,1123,1368,1168,46.97957065462793,38.71203207173903,0.9105960264900662,0.0,0.0,0.0,0.0,0.0,0.0,1.0,0.0,0.0,0.0,0.0,0.0,0.0,0.0,0.0,0.0,0.0
1355,Quartz,0.9657919400187441,2134,52.12574400874137,1344.6579194001874,3968.880037488285,1310,3929,1371,4006,83.73333449761985,37.28712880074229,0.736878453038674,0.0,0.0,0.0,0.0,0.0,0.0,0.9657919400187441,0.0,0.03420805998125586,0.0,0.0,0.0,0.0,0.0,0.0,0.0,0.0
1356,Orthoclase,1.0,628,28.277100878514442,1354.8391719745223,2120.2579617834394,1337,2108,1375,2135,35.70593833092675,23.28258461854621,0.8590971272229823,0.0,0.0,0.0,0.0,0.0,0.0,0.0,0.0,1.0,0.0,0.0,0.0,0.0,0.0,0.0,0.0,0.0
1357,Quartz,1.0,4814,78.29032614796718,1356.0872455338597,1957.2652679684254,1310,1910,1397,2002,81.94732547579076,78.71553851797273,0.879269406392694,0.0,0.0,0.0,0.0,0.0,0.0,1.0,0.0,0.0,0.0,0.0,0.0,0.0,0.0,0.0,0.0,0.0
1358,Quartz,1.0,367,21.616635097022034,1358.1307901907358,1221.4550408719347,1350,1206,1368,1235,28.682212880516907,17.279560440820017,0.8574766355140186,0.0,0.0,0.0,0.0,0.0,0.0,1.0,0.0,0.0,0.0,0.0,0.0,0.0,0.0,0.0,0.0,0.0
1359,Quartz,1.0,2161,52.454462690725244,1360.3641832484961,2694.383155946321,1332,2663,1387,2730,61.37980656681567,47.1238704634661,0.8661322645290581,0.0,0.0,0.0,0.0,0.0,0.0,1.0,0.0,0.0,0.0,0.0,0.0,0.0,0.0,0.0,0.0,0.0
1360,Quartz,1.0,1570,44.710022201226934,1364.0356687898088,177.2968152866242,1335,153,1399,196,61.04338724583115,37.197216160727606,0.855119825708061,0.0,0.0,0.0,0.0,0.0,0.0,1.0,0.0,0.0,0.0,0.0,0.0,0.0,0.0,0.0,0.0,0.0
1361,Quartz,1.0,882,33.511151553720346,1359.3798185941043,1055.9160997732426,1340,1037,1380,1074,39.99637560108485,29.19806008195047,0.8909090909090909,0.0,0.0,0.0,0.0,0.0,0.0,1.0,0.0,0.0,0.0,0.0,0.0,0.0,0.0,0.0,0.0,0.0
1363,Quartz,1.0,3484,66.60305228634276,1358.437141216992,2993.462399540758,1318,2955,1392,3031,78.24331005601029,59.98952906034005,0.9065833983866771,0.0,0.0,0.0,0.0,0.0,0.0,1.0,0.0,0.0,0.0,0.0,0.0,0.0,0.0,0.0,0.0,0.0
1364,Quartz,1.0,143,13.493452297211721,1359.4615384615386,2650.3566433566434,1351,2642,1369,2657,19.68781201784123,12.587420930499455,0.6589861751152074,0.0,0.0,0.0,0.0,0.0,0.0,1.0,0.0,0.0,0.0,0.0,0.0,0.0,0.0,0.0,0.0,0.0
1365,Quartz,1.0,377,21.909160375631842,1361.896551724138,260.51193633952255,1349,251,1377,269,29.003191743190694,17.33029073870747,0.8933649289099526,0.0,0.0,0.0,0.0,0.0,0.0,1.0,0.0,0.0,0.0,0.0,0.0,0.0,0.0,0.0,0.0,0.0
1366,Quartz,1.0,396,22.45446191105733,1365.0050505050506,2852.7929292929293,1354,2840,1378,2865,26.07272488432027,19.84004956249626,0.9166666666666666,0.0,0.0,0.0,0.0,0.0,0.0,1.0,0.0,0.0,0.0,0.0,0.0,0.0,0.0,0.0,0.0,0.0
1367,Quartz,1.0,426,23.28948359361322,1364.781690140845,277.17840375586854,1351,268,1380,292,27.432900783377644,24.171624841514873,0.7383015597920277,0.0,0.0,0.0,0.0,0.0,0.0,1.0,0.0,0.0,0.0,0.0,0.0,0.0,0.0,0.0,0.0,0.0
1368,Quartz,1.0,1963,49.9936918652256,1366.460010188487,4060.5613856342334,1342,4030,1389,4096,62.74556224913213,42.74623591170292,0.8632365875109939,0.0,0.0,0.0,0.0,0.0,0.0,1.0,0.0,0.0,0.0,0.0,0.0,0.0,0.0,0.0,0.0,0.0
1369,Quartz,1.0,8935,106.66018625620657,1372.8556239507554,739.4620033575825,1297,685,1445,794,137.11857849698794,85.88556457377032,0.8855302279484638,0.0,0.0,0.0,0.0,0.0,0.0,1.0,0.0,0.0,0.0,0.0,0.0,0.0,0.0,0.0,0.0,0.0
1370,Quartz,1.0,131,12.914889870235298,1366.0687022900763,2919.793893129771,1361,2910,1373,2931,18.555701106142294,10.899936619497025,0.7528735632183908,0.0,0.0,0.0,0.0,0.0,0.0,1.0,0.0,0.0,0.0,0.0,0.0,0.0,0.0,0.0,0.0,0.0
1371,Quartz,1.0,633,28.38944578214513,1372.9573459715639,100.96208530805687,1355,87,1393,114,37.853889810894046,24.02271732215482,0.8285340314136126,0.0,0.0,0.0,0.0,0.0,0.0,1.0,0.0,0.0,0.0,0.0,0.0,0.0,0.0,0.0,0.0,0.0
1372,Quartz,1.0,697,29.790064831759068,1366.8952654232426,455.40172166427544,1348,438,1384,476,45.32083040085807,22.934987719696245,0.7710176991150443,0.0,0.0,0.0,0.0,0.0,0.0,1.0,0.0,0.0,0.0,0.0,0.0,0.0,0.0,0.0,0.0,0.0
1373,Quartz,1.0,171,14.755472278097805,1370.122807017544,3089.941520467836,1364,3074,1378,3104,30.883328565237232,9.903925318469367,0.608540925266904,0.0,0.0,0.0,0.0,0.0,0.0,1.0,0.0,0.0,0.0,0.0,0.0,0.0,0.0,0.0,0.0,0.0
1374,Quartz,1.0,637,28.479002615897535,1371.8916797488225,1665.5400313971743,1358,1646,1387,1686,43.249762623124006,20.14877353222595,0.8786206896551724,0.0,0.0,0.0,0.0,0.0,0.0,1.0,0.0,0.0,0.0,0.0,0.0,0.0,0.0,0.0,0.0,0.0
1375,Quartz,1.0,193,15.67594437773643,1376.238341968912,3059.5336787564765,1369,3051,1384,3068,16.803413262512645,15.20611772627772,0.9061032863849765,0.0,0.0,0.0,0.0,0.0,0.0,1.0,0.0,0.0,0.0,0.0,0.0,0.0,0.0,0.0,0.0,0.0
1377,Quartz,1.0,601,27.66255531193445,1376.4758735440932,66.75374376039933,1358,56,1396,81,35.431786902831966,22.9098262160534,0.8512747875354107,0.0,0.0,0.0,0.0,0.0,0.0,1.0,0.0,0.0,0.0,0.0,0.0,0.0,0.0,0.0,0.0,0.0
1378,Quartz,1.0,2131,52.089091658720946,1377.84561238855,141.46175504458,1337,119,1415,168,76.58367410943181,39.38764265023375,0.8712183156173344,0.0,0.0,0.0,0.0,0.0,0.0,1.0,0.0,0.0,0.0,0.0,0.0,0.0,0.0,0.0,0.0,0.0
1379,Quartz,1.0,4309,74.07016402212038,1383.1211417962404,555.3023903457879,1333,513,1426,593,83.06390767396702,72.1384859462856,0.8001857010213557,0.0,0.0,0.0,0.0,0.0,0.0,1.0,0.0,0.0,0.0,0.0,0.0,0.0,0.0,0.0,0.0,0.0
1380,Quartz,1.0,402,22.623931952327283,1380.5273631840796,875.0398009950248,1369,862,1393,888,25.475793813385494,20.523529435394885,0.9054054054054054,0.0,0.0,0.0,0.0,0.0,0.0,1.0,0.0,0.0,0.0,0.0,0.0,0.0,0.0,0.0,0.0,0.0
1382,Quartz,1.0,246,17.697935698969246,1382.9634146341464,3038.1747967479673,1374,3023,1390,3055,32.00348743740873,13.754461558239916,0.6758241758241759,0.0,0.0,0.0,0.0,0.0,0.0,1.0,0.0,0.0,0.0,0.0,0.0,0.0,0.0,0.0,0.0,0.0
1383,Quartz,1.0,1045,36.47650372840365,1382.7607655502393,3315.8574162679424,1369,3291,1398,3342,51.28762575118892,27.177982617267293,0.8744769874476988,0.0,0.0,0.0,0.0,0.0,0.0,1.0,0.0,0.0,0.0,0.0,0.0,0.0,0.0,0.0,0.0,0.0
1384,Quartz,1.0,414,22.959119571977435,1374.9734299516908,3782.654589371981,1361,3772,1390,3801,27.55805746083464,23.66565420953969,0.770949720670391,0.0,0.0,0.0,0.0,0.0,0.0,1.0,0.0,0.0,0.0,0.0,0.0,0.0,0.0,0.0,0.0,0.0
1385,Quartz,1.0,1052,36.59846992787254,1390.0712927756654,3810.8593155893536,1374,3782,1408,3843,55.34404449724922,27.335681863282588,0.8167701863354038,0.0,0.0,0.0,0.0,0.0,0.0,1.0,0.0,0.0,0.0,0.0,0.0,0.0,0.0,0.0,0.0,0.0
1386,Quartz,1.0,643,28.61281229213077,1390.0388802488335,4617.503888024883,1374,4603,1414,4636,43.89979965868425,21.94505979977092,0.7476744186046511,0.0,0.0,0.0,0.0,0.0,0.0,1.0,0.0,0.0,0.0,0.0,0.0,0.0,0.0,0.0,0.0,0.0
1387,Quartz,1.0,2166,52.51511071964299,1388.1144967682364,1454.1588180978763,1359,1409,1437,1485,77.73645562927301,54.264747580803174,0.6650291679459626,0.0,0.0,0.0,0.0,0.0,0.0,1.0,0.0,0.0,0.0,0.0,0.0,0.0,0.0,0.0,0.0,0.0
1388,Quartz,1.0,320,20.185060176161283,1388.41875,1364.721875,1379,1349,1397,1379,30.145763937489406,14.76616522239824,0.835509138381201,0.0,0.0,0.0,0.0,0.0,0.0,1.0,0.0,0.0,0.0,0.0,0.0,0.0,0.0,0.0,0.0,0.0
1389,Quartz,1.0,232,17.186959427966244,1388.2413793103449,1567.5991379310344,1378,1561,1398,1578,20.82602418753904,15.247871476186694,0.8754716981132076,0.0,0.0,0.0,0.0,0.0,0.0,1.0,0.0,0.0,0.0,0.0,0.0,0.0,0.0,0.0,0.0,0.0
1390,Quartz,1.0,224,16.88803298257901,1384.0982142857142,3087.058035714286,1374,3078,1399,3096,28.490800630871522,14.146995474041233,0.676737160120846,0.0,0.0,0.0,0.0,0.0,0.0,1.0,0.0,0.0,0.0,0.0,0.0,0.0,0.0,0.0,0.0,0.0
1391,Quartz,1.0,361,21.43920417481474,1395.337950138504,1551.207756232687,1381,1538,1408,1562,30.07703637022318,16.444674615605017,0.8636363636363636,0.0,0.0,0.0,0.0,0.0,0.0,1.0,0.0,0.0,0.0,0.0,0.0,0.0,0.0,0.0,0.0,0.0
1392,Quartz,1.0,854,32.97493853222215,1384.5936768149884,1850.5480093676815,1364,1834,1405,1868,46.08362654506447,24.47194677370111,0.9046610169491526,0.0,0.0,0.0,0.0,0.0,0.0,1.0,0.0,0.0,0.0,0.0,0.0,0.0,0.0,0.0,0.0,0.0
1393,Quartz,1.0,178,15.054455784347004,1392.8033707865168,3648.7865168539324,1385,3642,1403,3657,18.898231444810104,12.559210076255463,0.8811881188118812,0.0,0.0,0.0,0.0,0.0,0.0,1.0,0.0,0.0,0.0,0.0,0.0,0.0,0.0,0.0,0.0,0.0
1394,Quartz,1.0,2504,56.4640754818216,1392.0223642172523,4435.318290734825,1364,4404,1428,4466,61.298645446706,56.879873096272796,0.8761371588523443,0.0,0.0,0.0,0.0,0.0,0.0,1.0,0.0,0.0,0.0,0.0,0.0,0.0,0.0,0.0,0.0,0.0
1395,Quartz,1.0,103,11.451797811161432,1390.9029126213593,4464.0485436893205,1382,4460,1403,4470,23.59134551111171,6.653540901759507,0.7923076923076923,0.0,0.0,0.0,0.0,0.0,0.0,1.0,0.0,0.0,0.0,0.0,0.0,0.0,0.0,0.0,0.0,0.0
1396,Quartz,1.0,3157,63.400451439472484,1391.4447260057016,2540.1333544504278,1360,2501,1429,2576,68.74266906788303,61.51113551198155,0.880122665179816,0.0,0.0,0.0,0.0,0.0,0.0,1.0,0.0,0.0,0.0,0.0,0.0,0.0,0.0,0.0,0.0,0.0
1397,Quartz,1.0,2260,53.642533227854436,1395.3535398230088,4223.687610619469,1364,4195,1431,4252,59.98081647269712,50.02024960470002,0.8155900396968604,0.0,0.0,0.0,0.0,0.0,0.0,1.0,0.0,0.0,0.0,0.0,0.0,0.0,0.0,0.0,0.0,0.0
1398,Quartz,1.0,148,13.727325035155395,1390.304054054054,2619.114864864865,1380,2612,1402,2627,24.9240463764109,9.710345850495427,0.6820276497695853,0.0,0.0,0.0,0.0,0.0,0.0,1.0,0.0,0.0,0.0,0.0,0.0,0.0,0.0,0.0,0.0,0.0
1399,Quartz,1.0,2163,52.478730312976865,1384.6070272769302,4282.814147018031,1352,4259,1421,4303,68.0783638611468,42.17469525436941,0.8993762993762994,0.0,0.0,0.0,0.0,0.0,0.0,1.0,0.0,0.0,0.0,0.0,0.0,0.0,0.0,0.0,0.0,0.0
1400,Quartz,1.0,257,18.089294154193436,1393.9494163424124,3150.4824902723735,1383,3143,1407,3161,25.339233688525706,14.275020981122413,0.8184713375796179,0.0,0.0,0.0,0.0,0.0,0.0,1.0,0.0,0.0,0.0,0.0,0.0,0.0,0.0,0.0,0.0,0.0
1401,Quartz,1.0,524,25.829779740470595,1406.9179389312976,3164.328244274809,1388,3155,1427,3176,40.78732932703134,16.88932017879904,0.880672268907563,0.0,0.0,0.0,0.0,0.0,0.0,1.0,0.0,0.0,0.0,0.0,0.0,0.0,0.0,0.0,0.0,0.0
1402,Quartz,1.0,4157,72.7520225661395,1404.3091171517922,3244.016357950445,1348,3212,1451,3283,92.4285938767509,61.45313703551275,0.8261128775834659,0.0,0.0,0.0,0.0,0.0,0.0,1.0,0.0,0.0,0.0,0.0,0.0,0.0,0.0,0.0,0.0,0.0
1403,Quartz,1.0,387,22.197831060995757,1403.0206718346253,972.6149870801033,1389,961,1419,987,35.37322605435234,15.782098351904068,0.774,0.0,0.0,0.0,0.0,0.0,0.0,1.0,0.0,0.0,0.0,0.0,0.0,0.0,0.0,0.0,0.0,0.0
1404,Quartz,1.0,119,12.309163489997376,1390.857142857143,3204.983193277311,1379,3201,1402,3210,25.486775988818025,6.6339404591296995,0.7484276729559748,0.0,0.0,0.0,0.0,0.0,0.0,1.0,0.0,0.0,0.0,0.0,0.0,0.0,0.0,0.0,0.0,0.0
1405,Quartz,1.0,2097,51.67188137962113,1394.1483071053885,3433.0061993323798,1366,3407,1426,3462,66.83577092096495,41.48368530137525,0.8881829733163914,0.0,0.0,0.0,0.0,0.0,0.0,1.0,0.0,0.0,0.0,0.0,0.0,0.0,0.0,0.0,0.0,0.0
1406,Quartz,1.0,1499,43.687367482580235,1395.6684456304204,3613.1274182788525,1368,3589,1425,3636,61.25217437729263,33.05812516340269,0.8570611778158947,0.0,0.0,0.0,0.0,0.0,0.0,1.0,0.0,0.0,0.0,0.0,0.0,0.0,0.0,0.0,0.0,0.0
1408,Quartz,1.0,1156,38.36489168124743,1402.0579584775087,2426.110726643599,1375,2414,1430,2441,56.33679496688773,26.838335315379364,0.9038311180609852,0.0,0.0,0.0,0.0,0.0,0.0,1.0,0.0,0.0,0.0,0.0,0.0,0.0,0.0,0.0,0.0,0.0
1409,Quartz,1.0,1302,40.715573031030544,1394.6228878648233,933.4416282642089,1375,901,1416,961,54.08107481824346,33.58010177416919,0.8266666666666667,0.0,0.0,0.0,0.0,0.0,0.0,1.0,0.0,0.0,0.0,0.0,0.0,0.0,0.0,0.0,0.0,0.0
1411,Quartz,1.0,237,17.371176474327626,1405.6371308016878,1129.4894514767932,1393,1119,1418,1138,24.66848534559559,16.08858283376247,0.7203647416413373,0.0,0.0,0.0,0.0,0.0,0.0,1.0,0.0,0.0,0.0,0.0,0.0,0.0,0.0,0.0,0.0,0.0
1412,Orthoclase,0.9706572769953051,1704,46.57896718722644,1401.4724178403756,1893.605633802817,1377,1870,1431,1924,49.41184892043373,47.960924812152186,0.8861154446177847,0.0,0.0,0.0,0.0,0.0,0.0,0.0,0.0,0.9706572769953051,0.0,0.0,0.0,0.0,0.0,0.0,0.0,0.029342723004694836
1413,Quartz,1.0,247,17.733870630789692,1398.238866396761,4171.072874493927,1378,4160,1411,4185,36.812565418008745,10.317190956667947,0.8205980066445183,0.0,0.0,0.0,0.0,0.0,0.0,1.0,0.0,0.0,0.0,0.0,0.0,0.0,0.0,0.0,0.0,0.0
1414,Quartz,1.0,2574,57.24786972585363,1401.4832944832945,2926.517871017871,1370,2887,1431,2971,86.48148290503985,40.48469292771073,0.8582860953651217,0.0,0.0,0.0,0.0,0.0,0.0,1.0,0.0,0.0,0.0,0.0,0.0,0.0,0.0,0.0,0.0,0.0
1415,Quartz,1.0,943,34.65061169280073,1413.9194061505832,2826.2428419936373,1398,2805,1436,2850,46.47839249070328,31.085572575965227,0.7723177723177723,0.0,0.0,0.0,0.0,0.0,0.0,1.0,0.0,0.0,0.0,0.0,0.0,0.0,0.0,0.0,0.0,0.0
1416,Quartz,0.9201612903225806,1240,39.734330691124036,1405.9540322580644,1686.9475806451612,1383,1660,1427,1716,48.548439709735824,37.033946104635554,0.8062418725617685,0.0,0.0,0.0,0.0,0.0,0.0,0.9201612903225806,0.0,0.07983870967741935,0.0,0.0,0.0,0.0,0.0,0.0,0.0,0.0
1417,Quartz,1.0,720,30.277590264241923,1409.4375,2647.123611111111,1389,2631,1427,2663,38.70083619400994,27.05723300951751,0.8381839348079162,0.0,0.0,0.0,0.0,0.0,0.0,1.0,0.0,0.0,0.0,0.0,0.0,0.0,0.0,0.0,0.0,0.0
1418,Quartz,1.0,706,29.98177977677484,1410.701133144476,838.028328611898,1395,821,1428,856,38.284047966197775,24.075780981663467,0.9156939040207522,0.0,0.0,0.0,0.0,0.0,0.0,1.0,0.0,0.0,0.0,0.0,0.0,0.0,0.0,0.0,0.0,0.0
1419,Quartz,1.0,760,31.10726690017501,1412.2355263157895,4575.928947368421,1394,4558,1436,4593,39.92252068459456,29.989170045659062,0.7378640776699029,0.0,0.0,0.0,0.0,0.0,0.0,1.0,0.0,0.0,0.0,0.0,0.0,0.0,0.0,0.0,0.0,0.0
1420,Quartz,1.0,3608,67.77793355808708,1420.5762195121952,3048.39911308204,1385,3009,1462,3089,73.4456847382485,71.03176098549253,0.7678229410512875,0.0,0.0,0.0,0.0,0.0,0.0,1.0,0.0,0.0,0.0,0.0,0.0,0.0,0.0,0.0,0.0,0.0
1421,Quartz,1.0,248,17.769732893161912,1419.766129032258,173.33467741935485,1412,160,1429,186,24.105916871751596,14.44160928512145,0.7948717948717948,0.0,0.0,0.0,0.0,0.0,0.0,1.0,0.0,0.0,0.0,0.0,0.0,0.0,0.0,0.0,0.0,0.0
1422,Quartz,1.0,5369,82.68024622413196,1417.0644440305457,4355.874650772956,1375,4305,1460,4402,91.73634615826232,76.92377433711856,0.8649911390365717,0.0,0.0,0.0,0.0,0.0,0.0,1.0,0.0,0.0,0.0,0.0,0.0,0.0,0.0,0.0,0.0,0.0
1423,Quartz,1.0,555,26.582850624566497,1420.6486486486488,4145.351351351352,1401,4134,1441,4159,36.44262076289341,21.25146354641215,0.7985611510791367,0.0,0.0,0.0,0.0,0.0,0.0,1.0,0.0,0.0,0.0,0.0,0.0,0.0,0.0,0.0,0.0,0.0
1424,Quartz,1.0,130,12.865501965161373,1422.1153846153845,103.4,1414,97,1432,110,18.998807113702373,9.502793259648564,0.8176100628930818,0.0,0.0,0.0,0.0,0.0,0.0,1.0,0.0,0.0,0.0,0.0,0.0,0.0,0.0,0.0,0.0,0.0
1425,Quartz,1.0,482,24.77299861870477,1420.0809128630706,1360.2697095435685,1409,1344,1431,1378,35.346207732602615,18.839334524329637,0.8382608695652174,0.0,0.0,0.0,0.0,0.0,0.0,1.0,0.0,0.0,0.0,0.0,0.0,0.0,0.0,0.0,0.0,0.0
1426,Quartz,1.0,298,19.47884453275087,1420.0503355704698,3093.469798657718,1401,3087,1436,3103,35.23967338871933,13.82013722236408,0.6898148148148148,0.0,0.0,0.0,0.0,0.0,0.0,1.0,0.0,0.0,0.0,0.0,0.0,0.0,0.0,0.0,0.0,0.0
1427,Quartz,1.0,2536,56.82372291084396,1430.4633280757098,878.2965299684543,1396,839,1464,912,73.16738613465277,51.81386094960535,0.7624774503908599,0.0,0.0,0.0,0.0,0.0,0.0,1.0,0.0,0.0,0.0,0.0,0.0,0.0,0.0,0.0,0.0,0.0
1428,Quartz,1.0,1136,38.03156745151513,1426.962147887324,1824.7482394366198,1405,1804,1449,1847,47.635323150658046,32.4522539874812,0.8573584905660377,0.0,0.0,0.0,0.0,0.0,0.0,1.0,0.0,0.0,0.0,0.0,0.0,0.0,0.0,0.0,0.0,0.0
1430,Orthoclase,1.0,1355,41.53600345623234,1426.5985239852398,1933.0044280442805,1401,1910,1448,1957,54.35861409802134,33.522094735627284,0.8949801849405549,0.0,0.0,0.0,0.0,0.0,0.0,0.0,0.0,1.0,0.0,0.0,0.0,0.0,0.0,0.0,0.0,0.0
1431,Quartz,1.0,2999,61.79357081979284,1430.1743914638212,4083.8232744248085,1393,4053,1469,4115,76.93419841080767,50.630372009521075,0.9205033763044813,0.0,0.0,0.0,0.0,0.0,0.0,1.0,0.0,0.0,0.0,0.0,0.0,0.0,0.0,0.0,0.0,0.0
1432,Quartz,1.0,228,17.03815178355966,1430.0219298245613,3144.311403508772,1424,3132,1437,3158,27.19717362839175,11.360910487329106,0.8231046931407943,0.0,0.0,0.0,0.0,0.0,0.0,1.0,0.0,0.0,0.0,0.0,0.0,0.0,0.0,0.0,0.0,0.0
1433,Quartz,1.0,490,24.977737626138797,1432.7428571428572,71.58163265306122,1424,56,1444,94,36.84783373342912,18.443380438923622,0.8687943262411347,0.0,0.0,0.0,0.0,0.0,0.0,1.0,0.0,0.0,0.0,0.0,0.0,0.0,0.0,0.0,0.0,0.0
1434,Quartz,1.0,277,18.77997214831907,1437.7220216606497,630.1371841155235,1427,617,1449,646,31.5763928346162,13.477367691779504,0.7527173913043478,0.0,0.0,0.0,0.0,0.0,0.0,1.0,0.0,0.0,0.0,0.0,0.0,0.0,0.0,0.0,0.0,0.0
1436,Chromite,1.0,1818,48.111843576488795,1436.7887788778878,3662.622112211221,1410,3633,1465,3689,59.38184522801564,45.79395232392075,0.7782534246575342,0.0,0.0,0.0,0.0,0.0,0.0,0.0,1.0,0.0,0.0,0.0,0.0,0.0,0.0,0.0,0.0,0.0
1437,Unknown,1.0,314,19.994929783493642,1439.9299363057326,1981.2070063694268,1429,1971,1454,1993,25.157391785220117,16.97874481125213,0.8486486486486486,0.0,0.0,0.0,0.0,0.0,0.0,0.0,0.0,0.0,0.0,0.0,0.0,0.0,0.0,0.0,0.0,1.0
1438,Quartz,1.0,120,12.360774464742066,1440.8916666666667,2455.991666666667,1435,2449,1450,2465,14.659664574088398,12.354702708671788,0.7894736842105263,0.0,0.0,0.0,0.0,0.0,0.0,1.0,0.0,0.0,0.0,0.0,0.0,0.0,0.0,0.0,0.0,0.0
1439,Quartz,1.0,266,18.403307281560924,1445.3984962406016,3143.093984962406,1438,3131,1456,3157,23.86670321764167,15.777561326037299,0.8159509202453987,0.0,0.0,0.0,0.0,0.0,0.0,1.0,0.0,0.0,0.0,0.0,0.0,0.0,0.0,0.0,0.0,0.0
1440,Quartz,1.0,931,34.42943531556155,1442.843179377014,1050.1997851772287,1416,1031,1467,1065,54.3958183868187,23.507534669002386,0.866046511627907,0.0,0.0,0.0,0.0,0.0,0.0,1.0,0.0,0.0,0.0,0.0,0.0,0.0,0.0,0.0,0.0,0.0
1441,Quartz,1.0,455,24.069150231250354,1446.421978021978,3401.353846153846,1432,3389,1467,3417,37.549681943320465,16.911138564480762,0.8568738229755178,0.0,0.0,0.0,0.0,0.0,0.0,1.0,0.0,0.0,0.0,0.0,0.0,0.0,0.0,0.0,0.0,0.0
1442,Quartz,1.0,179,15.09668435477122,1443.2234636871508,2865.95530726257,1432,2856,1453,2878,29.499281264588333,10.80143354908721,0.6964980544747081,0.0,0.0,0.0,0.0,0.0,0.0,1.0,0.0,0.0,0.0,0.0,0.0,0.0,0.0,0.0,0.0,0.0
1443,Quartz,1.0,158,14.183506197980657,1441.6772151898733,2527.8164556962024,1437,2514,1449,2542,26.594770075411162,10.562927579680558,0.6781115879828327,0.0,0.0,0.0,0.0,0.0,0.0,1.0,0.0,0.0,0.0,0.0,0.0,0.0,0.0,0.0,0.0,0.0
1444,Quartz,1.0,348,21.049640414216977,1443.2902298850574,3541.675287356322,1437,3519,1449,3566,47.00036996946483,11.19829183879965,0.7435897435897436,0.0,0.0,0.0,0.0,0.0,0.0,1.0,0.0,0.0,0.0,0.0,0.0,0.0,0.0,0.0,0.0,0.0
1445,Quartz,1.0,248,17.769732893161912,1445.907258064516,252.66935483870967,1435,245,1457,262,21.16147572012851,15.526728640196128,0.8611111111111112,0.0,0.0,0.0,0.0,0.0,0.0,1.0,0.0,0.0,0.0,0.0,0.0,0.0,0.0,0.0,0.0,0.0
1446,Quartz,1.0,343,20.897874625046462,1442.6180758017492,2795.1574344023325,1430,2785,1455,2805,24.820848792307512,18.520644704328152,0.8863049095607235,0.0,0.0,0.0,0.0,0.0,0.0,1.0,0.0,0.0,0.0,0.0,0.0,0.0,0.0,0.0,0.0,0.0
1448,Quartz,1.0,332,20.56004690782767,1444.7650602409637,4151.545180722892,1434,4140,1458,4164,21.72063611758635,21.323031041898226,0.8217821782178217,0.0,0.0,0.0,0.0,0.0,0.0,1.0,0.0,0.0,0.0,0.0,0.0,0.0,0.0,0.0,0.0,0.0
1449,Quartz,1.0,522,25.780439141949365,1446.603448275862,1099.2547892720306,1433,1085,1461,1115,27.6202396973718,25.092102394623733,0.8847457627118644,0.0,0.0,0.0,0.0,0.0,0.0,1.0,0.0,0.0,0.0,0.0,0.0,0.0,0.0,0.0,0.0,0.0
1450,Quartz,1.0,2301,54.126926685667364,1446.4076488483267,4503.761408083442,1414,4472,1477,4529,63.92504741187671,49.60117743603793,0.8775743707093822,0.0,0.0,0.0,0.0,0.0,0.0,1.0,0.0,0.0,0.0,0.0,0.0,0.0,0.0,0.0,0.0,0.0
1451,Quartz,1.0,2232,53.30919867948573,1458.442652329749,2412.3611111111113,1422,2384,1493,2444,80.59885022714155,37.31904864584466,0.8654517254749903,0.0,0.0,0.0,0.0,0.0,0.0,1.0,0.0,0.0,0.0,0.0,0.0,0.0,0.0,0.0,0.0,0.0
1452,Quartz,1.0,570,26.939683377854365,1446.7859649122806,1801.6192982456141,1417,1786,1462,1826,39.40262635154423,31.186176590207104,0.5268022181146026,0.0,0.0,0.0,0.0,0.0,0.0,1.0,0.0,0.0,0.0,0.0,0.0,0.0,0.0,0.0,0.0,0.0
1453,Quartz,1.0,1718,46.76992129408611,1428.8440046565775,4648.917345750873,1402,4623,1457,4669,51.01954938328607,46.21153271888942,0.8364167478091529,0.0,0.0,0.0,0.0,0.0,0.0,1.0,0.0,0.0,0.0,0.0,0.0,0.0,0.0,0.0,0.0,0.0
1454,Quartz,1.0,628,28.277100878514442,1444.9140127388534,4121.769108280255,1423,4106,1463,4136,43.36208401526112,23.614886231505345,0.7593712212817413,0.0,0.0,0.0,0.0,0.0,0.0,1.0,0.0,0.0,0.0,0.0,0.0,0.0,0.0,0.0,0.0,0.0
1455,Quartz,1.0,405,22.708192698181442,1444.846913580247,2730.3975308641975,1433,2717,1457,2742,27.08985290716464,21.412511970551314,0.8472803347280334,0.0,0.0,0.0,0.0,0.0,0.0,1.0,0.0,0.0,0.0,0.0,0.0,0.0,0.0,0.0,0.0,0.0
1456,Quartz,1.0,1482,43.4389342099632,1462.0661268556005,4629.92645074224,1445,4598,1477,4662,64.35498343807744,30.975528555501068,0.8651488616462347,0.0,0.0,0.0,0.0,0.0,0.0,1.0,0.0,0.0,0.0,0.0,0.0,0.0,0.0,0.0,0.0,0.0
1457,Quartz,0.9243478260869565,1150,38.26519928662906,1447.1895652173912,2672.7721739130434,1408,2652,1482,2692,73.86410175869068,27.3127521045657,0.653038046564452,0.0,0.0,0.0,0.0,0.0,0.0,0.9243478260869565,0.0,0.07565217391304348,0.0,0.0,0.0,0.0,0.0,0.0,0.0,0.0
1458,Quartz,1.0,761,31.127725479762553,1453.6123521681998,2911.6819973718793,1437,2895,1473,2930,39.79816975238343,25.102036759642456,0.8797687861271676,0.0,0.0,0.0,0.0,0.0,0.0,1.0,0.0,0.0,0.0,0.0,0.0,0.0,0.0,0.0,0.0,0.0
1459,Quartz,1.0,6193,88.7984937966003,1453.339415469078,3855.955272081382,1410,3799,1506,3908,102.91169611493906,83.92365761307143,0.8522086142837485,0.0,0.0,0.0,0.0,0.0,0.0,1.0,0.0,0.0,0.0,0.0,0.0,0.0,0.0,0.0,0.0,0.0
1460,Quartz,1.0,573,27.010484244701136,1465.8219895287957,2718.6544502617803,1452,2701,1482,2736,39.07235483714808,20.649360476148107,0.7860082304526749,0.0,0.0,0.0,0.0,0.0,0.0,1.0,0.0,0.0,0.0,0.0,0.0,0.0,0.0,0.0,0.0,0.0
1461,Quartz,1.0,1137,38.0483030155601,1455.8091468777484,589.9094107299912,1431,570,1485,616,60.96688733973102,24.62130077465275,0.8848249027237354,0.0,0.0,0.0,0.0,0.0,0.0,1.0,0.0,0.0,0.0,0.0,0.0,0.0,0.0,0.0,0.0,0.0
1462,Quartz,1.0,114,12.047792665040703,1460.3070175438597,2787.0526315789475,1456,2778,1467,2798,21.85704720960794,8.494445601848076,0.6951219512195121,0.0,0.0,0.0,0.0,0.0,0.0,1.0,0.0,0.0,0.0,0.0,0.0,0.0,0.0,0.0,0.0,0.0
1463,Quartz,1.0,2412,55.41708925865028,1461.9398839137646,4563.667081260365,1432,4533,1502,4594,70.6725617568689,46.41869751008697,0.8710725893824486,0.0,0.0,0.0,0.0,0.0,0.0,1.0,0.0,0.0,0.0,0.0,0.0,0.0,0.0,0.0,0.0,0.0
1464,Quartz,1.0,1013,35.91366952591617,1461.8469891411648,514.4067127344521,1438,495,1487,540,53.92005671226116,26.606323873363632,0.7756508422664625,0.0,0.0,0.0,0.0,0.0,0.0,1.0,0.0,0.0,0.0,0.0,0.0,0.0,0.0,0.0,0.0,0.0
1465,Quartz,1.0,1296,40.621650015438455,1457.7052469135801,926.0563271604939,1428,903,1481,950,48.510153001795366,37.810159643464544,0.833976833976834,0.0,0.0,0.0,0.0,0.0,0.0,1.0,0.0,0.0,0.0,0.0,0.0,0.0,0.0,0.0,0.0,0.0
1466,Quartz,1.0,841,32.722995845769866,1459.6658739595719,4016.678953626635,1439,4000,1482,4036,47.76371279064556,25.088210103927917,0.7941454202077431,0.0,0.0,0.0,0.0,0.0,0.0,1.0,0.0,0.0,0.0,0.0,0.0,0.0,0.0,0.0,0.0,0.0
1467,Quartz,1.0,377,21.909160375631842,1449.3474801061009,2492.9575596816976,1424,2484,1465,2506,42.74986172679195,13.787532473935169,0.750996015936255,0.0,0.0,0.0,0.0,0.0,0.0,1.0,0.0,0.0,0.0,0.0,0.0,0.0,0.0,0.0,0.0,0.0
1468,Quartz,1.0,1393,42.11439998166995,1468.989231873654,3297.551328068916,1444,3276,1492,3324,53.58018728220811,35.16560651218449,0.875,0.0,0.0,0.0,0.0,0.0,0.0,1.0,0.0,0.0,0.0,0.0,0.0,0.0,0.0,0.0,0.0,0.0
1469,Quartz,1.0,1074,36.97917347704738,1468.1769087523278,3526.3780260707636,1452,3503,1487,3552,50.005344011746686,28.254901232744096,0.8810500410172273,0.0,0.0,0.0,0.0,0.0,0.0,1.0,0.0,0.0,0.0,0.0,0.0,0.0,0.0,0.0,0.0,0.0
1470,Quartz,1.0,1307,40.79367702192164,1462.8209640397858,636.5034429992348,1435,617,1486,657,48.03314805630471,36.66841904396311,0.8777703156480859,0.0,0.0,0.0,0.0,0.0,0.0,1.0,0.0,0.0,0.0,0.0,0.0,0.0,0.0,0.0,0.0,0.0
1471,Quartz,1.0,186,15.389040103942165,1470.0752688172042,2495.7258064516127,1465,2487,1477,2505,20.441684392772007,12.575146194689717,0.9117647058823529,0.0,0.0,0.0,0.0,0.0,0.0,1.0,0.0,0.0,0.0,0.0,0.0,0.0,0.0,0.0,0.0,0.0
1472,Quartz,1.0,1090,37.253605245148115,1470.1871559633028,4447.461467889908,1453,4425,1488,4474,45.457740772472064,31.51904150803895,0.8890701468189234,0.0,0.0,0.0,0.0,0.0,0.0,1.0,0.0,0.0,0.0,0.0,0.0,0.0,0.0,0.0,0.0,0.0
1473,Quartz,1.0,199,15.91774699517169,1467.1356783919598,2863.170854271357,1456,2853,1477,2873,24.658885782040542,13.131796781750776,0.6982456140350877,0.0,0.0,0.0,0.0,0.0,0.0,1.0,0.0,0.0,0.0,0.0,0.0,0.0,0.0,0.0,0.0,0.0
1474,Quartz,1.0,2490,56.30600737390776,1480.9550200803212,3599.8995983935743,1442,3562,1520,3629,84.88142225782877,42.239338792837835,0.8076548816088226,0.0,0.0,0.0,0.0,0.0,0.0,1.0,0.0,0.0,0.0,0.0,0.0,0.0,0.0,0.0,0.0,0.0
1475,Quartz,1.0,712,30.10891156869401,1468.751404494382,219.8932584269663,1449,199,1486,240,40.83913399280515,26.505981826831807,0.7378238341968912,0.0,0.0,0.0,0.0,0.0,0.0,1.0,0.0,0.0,0.0,0.0,0.0,0.0,0.0,0.0,0.0,0.0
1477,Quartz,1.0,993,35.55737431141417,1478.790533736153,2293.138972809668,1461,2270,1500,2322,50.87900214587214,32.5426653865236,0.7404921700223713,0.0,0.0,0.0,0.0,0.0,0.0,1.0,0.0,0.0,0.0,0.0,0.0,0.0,0.0,0.0,0.0,0.0
1479,Quartz,1.0,131,12.914889870235298,1479.0534351145038,3202.916030534351,1472,3197,1486,3210,13.841343807257804,12.926654530225537,0.8397435897435898,0.0,0.0,0.0,0.0,0.0,0.0,1.0,0.0,0.0,0.0,0.0,0.0,0.0,0.0,0.0,0.0,0.0
1481,Quartz,1.0,6598,91.65606644495826,1470.9108820854804,1592.0616853591998,1402,1546,1532,1633,124.09920143535749,72.92647998795843,0.8439498592990534,0.0,0.0,0.0,0.0,0.0,0.0,1.0,0.0,0.0,0.0,0.0,0.0,0.0,0.0,0.0,0.0,0.0
1482,Quartz,1.0,194,15.716503163191918,1476.8298969072166,3989.4278350515465,1467,3981,1487,3999,18.905298268735983,16.162260659658035,0.7185185185185186,0.0,0.0,0.0,0.0,0.0,0.0,1.0,0.0,0.0,0.0,0.0,0.0,0.0,0.0,0.0,0.0,0.0
1483,Quartz,1.0,3158,63.41049189427286,1482.337238758708,2551.428752374921,1446,2517,1517,2585,68.24002467394678,60.45355097459639,0.9188245562990981,0.0,0.0,0.0,0.0,0.0,0.0,1.0,0.0,0.0,0.0,0.0,0.0,0.0,0.0,0.0,0.0,0.0
1484,Quartz,1.0,1107,37.542991037233904,1481.6531165311653,3724.262872628726,1470,3698,1498,3752,53.72067653297545,27.03815163155093,0.9201995012468828,0.0,0.0,0.0,0.0,0.0,0.0,1.0,0.0,0.0,0.0,0.0,0.0,0.0,0.0,0.0,0.0,0.0
1485,Quartz,1.0,1025,36.12575996921783,1478.000975609756,1085.4878048780488,1453,1070,1499,1105,47.366422076336306,28.993357633647054,0.8828596037898363,0.0,0.0,0.0,0.0,0.0,0.0,1.0,0.0,0.0,0.0,0.0,0.0,0.0,0.0,0.0,0.0,0.0
1486,Quartz,1.0,363,21.498510523728477,1482.6997245179064,4501.603305785124,1475,4480,1493,4519,37.666234950510336,13.871290326030445,0.8066666666666666,0.0,0.0,0.0,0.0,0.0,0.0,1.0,0.0,0.0,0.0,0.0,0.0,0.0,0.0,0.0,0.0,0.0
1487,Quartz,1.0,13662,131.89010069058176,1465.82769726248,2198.2385448689797,1384,2138,1550,2270,164.54364250793282,109.53499146695033,0.9004152112304752,0.0,0.0,0.0,0.0,0.0,0.0,1.0,0.0,0.0,0.0,0.0,0.0,0.0,0.0,0.0,0.0,0.0
1489,Quartz,1.0,695,29.747293718772774,1487.8892086330936,241.75395683453237,1470,224,1503,261,36.32343097630192,26.084233850006925,0.867665418227216,0.0,0.0,0.0,0.0,0.0,0.0,1.0,0.0,0.0,0.0,0.0,0.0,0.0,0.0,0.0,0.0,0.0
1490,Quartz,1.0,771,31.331576548121713,1486.1621271076524,1513.7120622568093,1471,1497,1501,1533,35.831891895846866,27.998777518259246,0.9038686987104337,0.0,0.0,0.0,0.0,0.0,0.0,1.0,0.0,0.0,0.0,0.0,0.0,0.0,0.0,0.0,0.0,0.0
1491,Quartz,1.0,2344,54.630334914397345,1496.4901877133107,3473.444112627986,1466,3440,1530,3510,79.37367416967484,41.24446893701275,0.8419540229885057,0.0,0.0,0.0,0.0,0.0,0.0,1.0,0.0,0.0,0.0,0.0,0.0,0.0,0.0,0.0,0.0,0.0
1492,Quartz,1.0,135,13.110581167104948,1487.525925925926,2446.9703703703703,1477,2439,1496,2454,16.498592398236443,12.339989930432061,0.7894736842105263,0.0,0.0,0.0,0.0,0.0,0.0,1.0,0.0,0.0,0.0,0.0,0.0,0.0,0.0,0.0,0.0,0.0
1493,Chromite,1.0,1835,48.33626552174903,1494.026158038147,2955.990190735695,1466,2931,1526,2982,54.45151940117044,45.9340889579447,0.857877512856475,0.0,0.0,0.0,0.0,0.0,0.0,0.0,1.0,0.0,0.0,0.0,0.0,0.0,0.0,0.0,0.0,0.0
1494,Quartz,1.0,164,14.450303987687134,1490.9268292682927,3927.481707317073,1485,3918,1501,3942,28.023142132304127,9.751937892495736,0.7224669603524229,0.0,0.0,0.0,0.0,0.0,0.0,1.0,0.0,0.0,0.0,0.0,0.0,0.0,0.0,0.0,0.0,0.0
1495,Quartz,1.0,2000,50.4626504404032,1490.9025,4116.572,1468,4086,1520,4145,60.862316977721534,43.83988284773751,0.898069151324652,0.0,0.0,0.0,0.0,0.0,0.0,1.0,0.0,0.0,0.0,0.0,0.0,0.0,0.0,0.0,0.0,0.0
1496,Quartz,1.0,2895,60.712671511046985,1486.3906735751295,1890.6732297063904,1448,1857,1518,1925,78.58447043668019,48.5290963368503,0.9255115089514067,0.0,0.0,0.0,0.0,0.0,0.0,1.0,0.0,0.0,0.0,0.0,0.0,0.0,0.0,0.0,0.0,0.0
1497,Quartz,1.0,543,26.29389801439097,1492.9116022099447,1312.3683241252302,1477,1298,1505,1330,34.72739184820385,22.664985691796407,0.8214826021180031,0.0,0.0,0.0,0.0,0.0,0.0,1.0,0.0,0.0,0.0,0.0,0.0,0.0,0.0,0.0,0.0,0.0
1498,Quartz,1.0,621,28.11906394744562,1489.502415458937,2875.0708534621576,1479,2854,1502,2895,40.39036722425916,21.06725620737659,0.8709677419354839,0.0,0.0,0.0,0.0,0.0,0.0,1.0,0.0,0.0,0.0,0.0,0.0,0.0,0.0,0.0,0.0,0.0
1499,Quartz,1.0,1357,41.56664603026825,1494.265291083272,4053.105379513633,1476,4026,1519,4080,50.05572422175948,36.192607089819475,0.8594046865104497,0.0,0.0,0.0,0.0,0.0,0.0,1.0,0.0,0.0,0.0,0.0,0.0,0.0,0.0,0.0,0.0,0.0
1500,Quartz,1.0,6465,90.72757936103459,1510.8125290023202,995.5639597834494,1458,948,1571,1041,116.03773498811275,73.81725962282164,0.889026402640264,0.0,0.0,0.0,0.0,0.0,0.0,1.0,0.0,0.0,0.0,0.0,0.0,0.0,0.0,0.0,0.0,0.0
1501,Chromite,1.0,2096,51.65955948094119,1502.1135496183206,1239.5987595419847,1476,1208,1540,1270,66.63151969106991,45.744565307280666,0.8704318936877077,0.0,0.0,0.0,0.0,0.0,0.0,0.0,1.0,0.0,0.0,0.0,0.0,0.0,0.0,0.0,0.0,0.0
1502,Quartz,1.0,627,28.254578293596012,1505.377990430622,2862.877192982456,1494,2843,1519,2886,39.64431216611023,21.389728325867544,0.8404825737265416,0.0,0.0,0.0,0.0,0.0,0.0,1.0,0.0,0.0,0.0,0.0,0.0,0.0,0.0,0.0,0.0,0.0
1503,Quartz,1.0,176,14.96964127403822,1497.4545454545455,2417.3863636363635,1490,2408,1504,2429,22.675367314521438,11.043173642286067,0.7822222222222223,0.0,0.0,0.0,0.0,0.0,0.0,1.0,0.0,0.0,0.0,0.0,0.0,0.0,0.0,0.0,0.0,0.0
1504,Quartz,0.9950571953113967,7081,94.95161513249623,1501.118062420562,116.11876853551759,1457,60,1555,165,111.22397445534716,84.79770541190071,0.9075877980005127,0.0,0.0,0.0,0.0,0.0,0.0,0.9950571953113967,0.0,0.004942804688603305,0.0,0.0,0.0,0.0,0.0,0.0,0.0,0.0
1505,Quartz,1.0,614,27.96013377055607,1505.9820846905538,390.78175895765474,1494,372,1519,413,36.975499358820585,21.65391768085613,0.8746438746438746,0.0,0.0,0.0,0.0,0.0,0.0,1.0,0.0,0.0,0.0,0.0,0.0,0.0,0.0,0.0,0.0,0.0
1506,Quartz,1.0,1782,47.63310685561105,1508.962962962963,592.65544332211,1481,570,1546,617,56.14849656458123,43.393762129158624,0.8718199608610567,0.0,0.0,0.0,0.0,0.0,0.0,1.0,0.0,0.0,0.0,0.0,0.0,0.0,0.0,0.0,0.0,0.0
1507,Quartz,1.0,183,15.26443044094783,1503.136612021858,1818.3934426229507,1494,1811,1515,1827,20.50336660952391,12.790257892747412,0.7656903765690377,0.0,0.0,0.0,0.0,0.0,0.0,1.0,0.0,0.0,0.0,0.0,0.0,0.0,0.0,0.0,0.0,0.0
1508,Quartz,1.0,620,28.096414677602564,1506.9693548387097,1354.058064516129,1495,1335,1522,1373,34.9544991134482,24.80422354712633,0.8288770053475936,0.0,0.0,0.0,0.0,0.0,0.0,1.0,0.0,0.0,0.0,0.0,0.0,0.0,0.0,0.0,0.0,0.0
1509,Quartz,1.0,250,17.841241161527712,1506.552,1830.308,1492,1822,1519,1842,23.960785744823877,16.670922544677758,0.7575757575757576,0.0,0.0,0.0,0.0,0.0,0.0,1.0,0.0,0.0,0.0,0.0,0.0,0.0,0.0,0.0,0.0,0.0
1510,Quartz,1.0,321,20.216574731145414,1507.5919003115264,2458.968847352025,1493,2448,1519,2469,24.857718312600895,18.80741563187812,0.8273195876288659,0.0,0.0,0.0,0.0,0.0,0.0,1.0,0.0,0.0,0.0,0.0,0.0,0.0,0.0,0.0,0.0,0.0
1511,Quartz,1.0,8063,101.32191495031871,1492.0807391789656,4224.780230683368,1428,4172,1553,4279,137.85619581010695,82.45170527822594,0.8728079670924442,0.0,0.0,0.0,0.0,0.0,0.0,1.0,0.0,0.0,0.0,0.0,0.0,0.0,0.0,0.0,0.0,0.0
1512,Quartz,1.0,8930,106.63033871504396,1504.8956326987682,1408.5047032474804,1427,1343,1567,1469,137.50745107902205,94.75030752542506,0.7730932386806337,0.0,0.0,0.0,0.0,0.0,0.0,1.0,0.0,0.0,0.0,0.0,0.0,0.0,0.0,0.0,0.0,0.0
1513,Quartz,1.0,932,34.44792091974742,1514.181330472103,4485.902360515021,1497,4466,1529,4514,47.49737559928316,27.747614778471807,0.8442028985507246,0.0,0.0,0.0,0.0,0.0,0.0,1.0,0.0,0.0,0.0,0.0,0.0,0.0,0.0,0.0,0.0,0.0
1514,Quartz,1.0,2194,52.85345363501752,1518.615770282589,210.35004557885142,1483,172,1549,246,87.04963909203339,34.31192857004518,0.822647169103862,0.0,0.0,0.0,0.0,0.0,0.0,1.0,0.0,0.0,0.0,0.0,0.0,0.0,0.0,0.0,0.0,0.0
1515,Quartz,1.0,5511,83.76647975792872,1514.0034476501542,4397.977681001633,1465,4358,1561,4444,91.21402799757938,82.19170808105657,0.871717810819361,0.0,0.0,0.0,0.0,0.0,0.0,1.0,0.0,0.0,0.0,0.0,0.0,0.0,0.0,0.0,0.0,0.0
1516,Quartz,1.0,1249,39.87826715611172,1504.3002401921538,3029.1657325860688,1481,3006,1522,3059,55.24974173566551,32.01174141780233,0.8566529492455418,0.0,0.0,0.0,0.0,0.0,0.0,1.0,0.0,0.0,0.0,0.0,0.0,0.0,0.0,0.0,0.0,0.0
1517,Quartz,1.0,5465,83.4161501867454,1516.8258005489479,2366.8018298261663,1462,2321,1561,2421,110.75126885324929,70.06977268506199,0.8507160647571607,0.0,0.0,0.0,0.0,0.0,0.0,1.0,0.0,0.0,0.0,0.0,0.0,0.0,0.0,0.0,0.0,0.0
1518,Quartz,1.0,2365,54.87450704378728,1518.599577167019,2907.8228329809726,1474,2885,1561,2927,89.08732397319203,35.07923533831581,0.8961727927245169,0.0,0.0,0.0,0.0,0.0,0.0,1.0,0.0,0.0,0.0,0.0,0.0,0.0,0.0,0.0,0.0,0.0
1519,Quartz,1.0,1552,44.45298385293132,1539.985824742268,3040.0734536082473,1520,3017,1565,3062,49.07675636492714,42.50216452324982,0.9107981220657277,0.0,0.0,0.0,0.0,0.0,0.0,1.0,0.0,0.0,0.0,0.0,0.0,0.0,0.0,0.0,0.0,0.0
1520,Quartz,1.0,3067,62.49020470203906,1516.6514509292467,3252.839256602543,1491,3205,1548,3295,84.6961967536965,49.41065246683671,0.8795526240321193,0.0,0.0,0.0,0.0,0.0,0.0,1.0,0.0,0.0,0.0,0.0,0.0,0.0,0.0,0.0,0.0,0.0
1521,Quartz,1.0,1243,39.7823673768393,1524.8020917135962,4016.7200321802093,1502,3990,1547,4045,64.15268010840083,25.536199604292843,0.8649965205288797,0.0,0.0,0.0,0.0,0.0,0.0,1.0,0.0,0.0,0.0,0.0,0.0,0.0,0.0,0.0,0.0,0.0
1522,Quartz,1.0,1327,41.104608936998304,1523.3526752072344,533.3421250941974,1501,509,1547,557,52.81987660457822,33.52525996163491,0.9253835425383543,0.0,0.0,0.0,0.0,0.0,0.0,1.0,0.0,0.0,0.0,0.0,0.0,0.0,0.0,0.0,0.0,0.0
1523,Quartz,1.0,2123,51.991225735433,1526.777673104098,1526.3966085727743,1500,1494,1552,1554,57.08444869977935,48.407679993430015,0.9115500214684414,0.0,0.0,0.0,0.0,0.0,0.0,1.0,0.0,0.0,0.0,0.0,0.0,0.0,0.0,0.0,0.0,0.0
1524,Quartz,1.0,3887,70.34971293747813,1533.2464625675327,4581.440957036275,1498,4509,1562,4634,126.71173591082582,47.89417301251394,0.7609631949882537,0.0,0.0,0.0,0.0,0.0,0.0,1.0,0.0,0.0,0.0,0.0,0.0,0.0,0.0,0.0,0.0,0.0
1525,Orthoclase,1.0,867,33.224970809398556,1531.4405997693195,2487.489042675894,1506,2472,1555,2503,47.161995833192734,28.665861283426178,0.7506493506493507,0.0,0.0,0.0,0.0,0.0,0.0,0.0,0.0,1.0,0.0,0.0,0.0,0.0,0.0,0.0,0.0,0.0
1526,Quartz,1.0,3130,63.12875553201615,1524.1194888178914,2707.088498402556,1489,2671,1561,2752,88.43572058016986,47.96456613686094,0.871380846325167,0.0,0.0,0.0,0.0,0.0,0.0,1.0,0.0,0.0,0.0,0.0,0.0,0.0,0.0,0.0,0.0,0.0
1527,Quartz,1.0,3697,68.6087938742979,1530.770624830944,4309.171219908034,1480,4277,1571,4354,83.67349396820639,62.56163461284873,0.8483249196879302,0.0,0.0,0.0,0.0,0.0,0.0,1.0,0.0,0.0,0.0,0.0,0.0,0.0,0.0,0.0,0.0,0.0
1528,Quartz,1.0,111,11.888212206450685,1532.873873873874,3477.4954954954956,1527,3472,1540,3484,14.355816662612941,10.118122317215127,0.8951612903225806,0.0,0.0,0.0,0.0,0.0,0.0,1.0,0.0,0.0,0.0,0.0,0.0,0.0,0.0,0.0,0.0,0.0
1529,Quartz,1.0,535,26.099485750361293,1529.9906542056074,4093.5140186915887,1517,4073,1546,4117,48.37955960803045,15.221622200053949,0.8192955589586524,0.0,0.0,0.0,0.0,0.0,0.0,1.0,0.0,0.0,0.0,0.0,0.0,0.0,0.0,0.0,0.0,0.0
1530,Quartz,1.0,502,25.281737508665255,1532.6215139442231,1704.1434262948208,1513,1694,1552,1716,37.81774519891999,18.739399958808384,0.8297520661157025,0.0,0.0,0.0,0.0,0.0,0.0,1.0,0.0,0.0,0.0,0.0,0.0,0.0,0.0,0.0,0.0,0.0
1531,Quartz,1.0,558,26.654599339742866,1542.4910394265232,2446.767025089606,1523,2431,1566,2461,45.522855868827385,18.21626004421547,0.775,0.0,0.0,0.0,0.0,0.0,0.0,1.0,0.0,0.0,0.0,0.0,0.0,0.0,0.0,0.0,0.0,0.0
1532,Chromite,1.0,1087,37.202303492218356,1531.989880404784,2953.9935602575897,1516,2927,1547,2989,68.81516302220982,25.032086425830933,0.7399591558883595,0.0,0.0,0.0,0.0,0.0,0.0,0.0,1.0,0.0,0.0,0.0,0.0,0.0,0.0,0.0,0.0,0.0
1533,Quartz,1.0,113,11.994835078277376,1535.141592920354,3850.566371681416,1528,3843,1544,3858,17.283967431551535,10.838587530372982,0.7337662337662337,0.0,0.0,0.0,0.0,0.0,0.0,1.0,0.0,0.0,0.0,0.0,0.0,0.0,0.0,0.0,0.0,0.0
1534,Quartz,0.9207772795216741,669,29.185565874723483,1536.3288490284006,3903.7742899850523,1519,3888,1553,3931,37.8978177522739,24.266381213209666,0.6939834024896265,0.0,0.0,0.0,0.0,0.0,0.0,0.9207772795216741,0.0,0.07922272047832586,0.0,0.0,0.0,0.0,0.0,0.0,0.0,0.0
1535,Orthoclase,1.0,341,20.83685880248485,1525.5278592375366,3923.1847507331377,1514,3911,1544,3933,28.69488872272995,19.550017274499506,0.6532567049808429,0.0,0.0,0.0,0.0,0.0,0.0,0.0,0.0,1.0,0.0,0.0,0.0,0.0,0.0,0.0,0.0,0.0
1536,Quartz,0.703030303030303,165,14.494292838262302,1535.460606060606,3942.5636363636363,1526,3934,1544,3953,22.7563691487747,10.314913164747622,0.8375634517766497,0.0,0.0,0.0,0.0,0.0,0.0,0.703030303030303,0.0,0.296969696969697,0.0,0.0,0.0,0.0,0.0,0.0,0.0,0.0
1537,Chromite,0.9633477963005252,26274,182.90187478090996,1551.2628073380529,1969.9180178122858,1459,1861,1661,2114,274.2780045341092,133.5639286482007,0.8979801086845073,0.0,0.0,0.0,0.0,0.0,0.0,0.0,0.9633477963005252,0.0,0.0,0.0,0.0,0.0,0.0,0.0,0.0,0.036652203699474764
1539,Quartz,1.0,1022,36.07285426355026,1539.1086105675147,3452.413894324853,1525,3421,1557,3476,50.936840499020086,27.852908883040293,0.8315703824247356,0.0,0.0,0.0,0.0,0.0,0.0,1.0,0.0,0.0,0.0,0.0,0.0,0.0,0.0,0.0,0.0,0.0
1540,Quartz,1.0,783,31.574460621325464,1538.1673052362707,3969.0255427841635,1523,3951,1554,3986,33.85783834861896,30.125463173935714,0.8938356164383562,0.0,0.0,0.0,0.0,0.0,0.0,1.0,0.0,0.0,0.0,0.0,0.0,0.0,0.0,0.0,0.0,0.0
1541,Quartz,1.0,220,16.73656774376801,1544.0363636363636,799.3545454545455,1533,791,1559,806,25.382721724062687,12.987180578031538,0.7829181494661922,0.0,0.0,0.0,0.0,0.0,0.0,1.0,0.0,0.0,0.0,0.0,0.0,0.0,0.0,0.0,0.0,0.0
1542,Orthoclase,1.0,584,27.26851470332286,1539.9897260273972,824.0787671232877,1519,809,1559,834,35.629544354018954,23.621944372405654,0.8463768115942029,0.0,0.0,0.0,0.0,0.0,0.0,0.0,0.0,1.0,0.0,0.0,0.0,0.0,0.0,0.0,0.0,0.0
1543,Chromite,0.979481092080719,5897,86.65041024313304,1543.1071731388843,716.1578768865525,1488,672,1595,761,100.2298195641949,77.87643199004033,0.9007178860546815,0.0,0.0,0.0,0.0,0.0,0.0,0.0,0.979481092080719,0.0,0.0,0.0,0.0,0.0,0.0,0.0,0.0,0.02051890791928099
1544,Quartz,1.0,5025,79.98767850296815,1546.390646766169,888.5988059701492,1507,836,1588,934,90.54505480830953,74.33351055479811,0.8870255957634599,0.0,0.0,0.0,0.0,0.0,0.0,1.0,0.0,0.0,0.0,0.0,0.0,0.0,0.0,0.0,0.0,0.0
1545,Quartz,1.0,427,23.31680264534386,1536.2857142857142,1330.8454332552694,1523,1319,1548,1346,28.50080605625487,20.59789525361166,0.869653767820774,0.0,0.0,0.0,0.0,0.0,0.0,1.0,0.0,0.0,0.0,0.0,0.0,0.0,0.0,0.0,0.0,0.0
1546,Quartz,1.0,482,24.77299861870477,1541.7842323651453,3870.670124481328,1525,3859,1558,3883,33.570501454195465,19.848288157160273,0.8141891891891891,0.0,0.0,0.0,0.0,0.0,0.0,1.0,0.0,0.0,0.0,0.0,0.0,0.0,0.0,0.0,0.0,0.0
1547,Quartz,1.0,311,19.899183360445615,1555.7556270096463,1337.508038585209,1547,1327,1568,1347,23.09786661516805,18.265676206544207,0.9174041297935103,0.0,0.0,0.0,0.0,0.0,0.0,1.0,0.0,0.0,0.0,0.0,0.0,0.0,0.0,0.0,0.0,0.0
1548,Quartz,1.0,544,26.318098569918163,1550.6011029411766,4112.268382352941,1537,4091,1568,4128,36.60232951711169,24.04066262912522,0.7083333333333334,0.0,0.0,0.0,0.0,0.0,0.0,1.0,0.0,0.0,0.0,0.0,0.0,0.0,0.0,0.0,0.0,0.0
1549,Quartz,1.0,2732,58.978728675824,1562.6628843338215,320.1006588579795,1528,297,1607,353,82.59440956047304,48.60955412889702,0.8216541353383459,0.0,0.0,0.0,0.0,0.0,0.0,1.0,0.0,0.0,0.0,0.0,0.0,0.0,0.0,0.0,0.0,0.0
1550,Quartz,1.0,2233,53.3211393669867,1551.871921182266,1797.9023734885805,1510,1759,1582,1829,82.39181546985252,43.59553882152864,0.7430948419301164,0.0,0.0,0.0,0.0,0.0,0.0,1.0,0.0,0.0,0.0,0.0,0.0,0.0,0.0,0.0,0.0,0.0
1551,Quartz,1.0,4123,72.4538932214348,1552.2893524132912,405.0118845500849,1521,357,1583,453,95.30878610145395,56.85230626482597,0.8823025893430344,0.0,0.0,0.0,0.0,0.0,0.0,1.0,0.0,0.0,0.0,0.0,0.0,0.0,0.0,0.0,0.0,0.0
1552,Orthoclase,1.0,1789,47.72657064498984,1553.6338736724426,2253.82001117943,1523,2227,1588,2275,57.79710369592724,41.537041586388774,0.9240702479338843,0.0,0.0,0.0,0.0,0.0,0.0,0.0,0.0,1.0,0.0,0.0,0.0,0.0,0.0,0.0,0.0,0.0
1553,Quartz,1.0,1007,35.80715321759479,1549.6405163853028,2554.093346573982,1533,2524,1567,2580,55.50114490474484,25.005694531560604,0.8336092715231788,0.0,0.0,0.0,0.0,0.0,0.0,1.0,0.0,0.0,0.0,0.0,0.0,0.0,0.0,0.0,0.0,0.0
1554,Quartz,1.0,3702,68.65517310887485,1544.7042139384116,2624.1253376553213,1506,2585,1585,2676,93.7241717297538,55.726272832243446,0.8105977665863806,0.0,0.0,0.0,0.0,0.0,0.0,1.0,0.0,0.0,0.0,0.0,0.0,0.0,0.0,0.0,0.0,0.0
1556,Quartz,1.0,576,27.081100010292303,1555.9114583333333,493.15277777777777,1543,476,1571,510,35.53690770240962,21.735566606096885,0.8661654135338346,0.0,0.0,0.0,0.0,0.0,0.0,1.0,0.0,0.0,0.0,0.0,0.0,0.0,0.0,0.0,0.0,0.0
1557,Quartz,1.0,3015,61.95818934875773,1556.339303482587,3380.724046434494,1521,3347,1591,3415,73.52266445948568,53.8004373598291,0.901884534848938,0.0,0.0,0.0,0.0,0.0,0.0,1.0,0.0,0.0,0.0,0.0,0.0,0.0,0.0,0.0,0.0,0.0
1558,Quartz,1.0,181,15.180789096653193,1551.3204419889503,4019.9944751381217,1542,4011,1562,4030,21.2244244163333,11.744600433222086,0.8418604651162791,0.0,0.0,0.0,0.0,0.0,0.0,1.0,0.0,0.0,0.0,0.0,0.0,0.0,0.0,0.0,0.0,0.0
1559,Quartz,1.0,1381,41.93261035613285,1556.3099203475742,1205.400434467777,1533,1186,1585,1233,52.06770516106096,38.46794658377653,0.815711754282339,0.0,0.0,0.0,0.0,0.0,0.0,1.0,0.0,0.0,0.0,0.0,0.0,0.0,0.0,0.0,0.0,0.0
1560,Quartz,1.0,482,24.77299861870477,1558.0809128630706,4207.636929460581,1543,4191,1573,4223,37.262963791107566,17.27482218434327,0.8763636363636363,0.0,0.0,0.0,0.0,0.0,0.0,1.0,0.0,0.0,0.0,0.0,0.0,0.0,0.0,0.0,0.0,0.0
1561,Quartz,1.0,1752,47.23045291309417,1555.1889269406392,1575.396118721461,1532,1553,1579,1604,51.799892145326595,44.99518008826097,0.8916030534351145,0.0,0.0,0.0,0.0,0.0,0.0,1.0,0.0,0.0,0.0,0.0,0.0,0.0,0.0,0.0,0.0,0.0
1562,Quartz,1.0,453,24.016192740836935,1554.6004415011037,2509.37527593819,1535,2495,1571,2525,34.1989023869358,21.85852651866249,0.7294685990338164,0.0,0.0,0.0,0.0,0.0,0.0,1.0,0.0,0.0,0.0,0.0,0.0,0.0,0.0,0.0,0.0,0.0
1563,Quartz,1.0,215,16.545286401814263,1556.8418604651163,3282.432558139535,1549,3273,1567,3294,22.511933765778714,13.081335145979931,0.8704453441295547,0.0,0.0,0.0,0.0,0.0,0.0,1.0,0.0,0.0,0.0,0.0,0.0,0.0,0.0,0.0,0.0,0.0
1565,Quartz,1.0,2700,58.632301428350395,1557.7577777777778,3805.3411111111113,1528,3771,1584,3843,74.4803926746234,48.117182433154895,0.9137055837563451,0.0,0.0,0.0,0.0,0.0,0.0,1.0,0.0,0.0,0.0,0.0,0.0,0.0,0.0,0.0,0.0,0.0
1566,Quartz,1.0,4743,77.71084326320798,1561.4543537845245,2826.8233185747417,1523,2782,1604,2877,88.14063209414076,71.53811479342076,0.847872720772256,0.0,0.0,0.0,0.0,0.0,0.0,1.0,0.0,0.0,0.0,0.0,0.0,0.0,0.0,0.0,0.0,0.0
1567,Quartz,1.0,796,31.83549399034338,1561.9886934673366,203.26507537688443,1546,184,1583,221,40.56034684463324,27.87919595492253,0.8223140495867769,0.0,0.0,0.0,0.0,0.0,0.0,1.0,0.0,0.0,0.0,0.0,0.0,0.0,0.0,0.0,0.0,0.0
1568,Orthoclase,1.0,4233,73.41405173986752,1565.8410111032365,3543.2076541459955,1522,3509,1617,3583,93.30972087529376,61.77569578838765,0.8309776207302709,0.0,0.0,0.0,0.0,0.0,0.0,0.0,0.0,1.0,0.0,0.0,0.0,0.0,0.0,0.0,0.0,0.0
1569,Quartz,1.0,255,18.01877032173579,1562.172549019608,3300.2901960784316,1552,3291,1573,3309,21.815314522482268,16.88559040709816,0.7870370370370371,0.0,0.0,0.0,0.0,0.0,0.0,1.0,0.0,0.0,0.0,0.0,0.0,0.0,0.0,0.0,0.0,0.0
1571,Quartz,1.0,1088,37.219411933450225,1556.4825367647059,3073.626838235294,1523,3056,1586,3090,60.7695164586421,25.700950897975776,0.8434108527131783,0.0,0.0,0.0,0.0,0.0,0.0,1.0,0.0,0.0,0.0,0.0,0.0,0.0,0.0,0.0,0.0,0.0
1572,Quartz,1.0,2054,51.13935886268055,1561.7867575462512,1123.3130477117818,1532,1098,1594,1152,63.00775591711649,43.844504696277085,0.8547648772367874,0.0,0.0,0.0,0.0,0.0,0.0,1.0,0.0,0.0,0.0,0.0,0.0,0.0,0.0,0.0,0.0,0.0
1573,Quartz,1.0,525,25.854414729132053,1567.9733333333334,4505.580952380952,1559,4489,1580,4524,34.871288685697344,20.563649036100934,0.8779264214046822,0.0,0.0,0.0,0.0,0.0,0.0,1.0,0.0,0.0,0.0,0.0,0.0,0.0,0.0,0.0,0.0,0.0
1574,Quartz,1.0,358,21.349935761383176,1565.3072625698323,4097.611731843575,1555,4083,1576,4112,29.16874853141918,17.923769412180516,0.8063063063063063,0.0,0.0,0.0,0.0,0.0,0.0,1.0,0.0,0.0,0.0,0.0,0.0,0.0,0.0,0.0,0.0,0.0
1575,Quartz,1.0,1034,36.2840142384516,1572.4400386847196,1298.794003868472,1557,1265,1594,1324,62.2255212028547,23.963513286254628,0.8552522746071133,0.0,0.0,0.0,0.0,0.0,0.0,1.0,0.0,0.0,0.0,0.0,0.0,0.0,0.0,0.0,0.0,0.0
1576,Quartz,1.0,455,24.069150231250354,1569.8483516483516,2963.4395604395604,1556,2950,1587,2974,33.803302998326146,18.68290563953139,0.8921568627450981,0.0,0.0,0.0,0.0,0.0,0.0,1.0,0.0,0.0,0.0,0.0,0.0,0.0,0.0,0.0,0.0,0.0
1577,Quartz,1.0,109,11.780624362746345,1573.9908256880733,2975.4587155963304,1563,2973,1587,2979,24.644246957056225,5.867762771062635,0.923728813559322,0.0,0.0,0.0,0.0,0.0,0.0,1.0,0.0,0.0,0.0,0.0,0.0,0.0,0.0,0.0,0.0,0.0
1578,Quartz,1.0,2250,53.52372348458314,1572.0964444444444,553.8897777777778,1549,517,1596,588,74.78812994647843,41.29804367766694,0.8184794470716624,0.0,0.0,0.0,0.0,0.0,0.0,1.0,0.0,0.0,0.0,0.0,0.0,0.0,0.0,0.0,0.0,0.0
1579,Quartz,1.0,6794,93.00746995231457,1582.4988224904328,625.089785104504,1516,581,1656,668,122.98792379149,77.33725047482058,0.8247147365865501,0.0,0.0,0.0,0.0,0.0,0.0,1.0,0.0,0.0,0.0,0.0,0.0,0.0,0.0,0.0,0.0,0.0
1580,Orthoclase,1.0,910,34.03891869182977,1573.9989010989011,2320.0362637362637,1553,2301,1593,2345,41.99648804576164,30.905479398296052,0.8117752007136485,0.0,0.0,0.0,0.0,0.0,0.0,0.0,0.0,1.0,0.0,0.0,0.0,0.0,0.0,0.0,0.0,0.0
1581,Quartz,1.0,1113,37.64459607022283,1577.7232704402516,3862.106918238994,1558,3841,1595,3891,47.907287433233044,32.430522734947296,0.8250555967383247,0.0,0.0,0.0,0.0,0.0,0.0,1.0,0.0,0.0,0.0,0.0,0.0,0.0,0.0,0.0,0.0,0.0
1582,Quartz,1.0,1286,40.464627201166934,1588.5956454121306,3000.3903576982893,1565,2972,1608,3032,62.10163620761994,28.099022529515874,0.8862853204686423,0.0,0.0,0.0,0.0,0.0,0.0,1.0,0.0,0.0,0.0,0.0,0.0,0.0,0.0,0.0,0.0,0.0
1583,Quartz,1.0,353,21.200319792199185,1579.3257790368273,4651.543909348442,1559,4643,1604,4657,39.46162654735352,13.890611471310594,0.8364928909952607,0.0,0.0,0.0,0.0,0.0,0.0,1.0,0.0,0.0,0.0,0.0,0.0,0.0,0.0,0.0,0.0,0.0
1584,Quartz,1.0,2042,50.989755347022424,1580.50930460333,3208.449559255632,1553,3181,1607,3235,55.13501115029983,51.584590147479865,0.8763948497854077,0.0,0.0,0.0,0.0,0.0,0.0,1.0,0.0,0.0,0.0,0.0,0.0,0.0,0.0,0.0,0.0,0.0
1586,Rutile,1.0,1730,46.932977876881324,1578.885549132948,148.635838150289,1556,117,1599,186,67.40780023335469,35.04188012390488,0.8443142996583699,0.0,0.0,1.0,0.0,0.0,0.0,0.0,0.0,0.0,0.0,0.0,0.0,0.0,0.0,0.0,0.0,0.0
1587,Quartz,1.0,114,12.047792665040703,1600.7719298245613,147.21052631578948,1596,136,1606,159,27.347749816673716,6.534488005099106,0.6785714285714286,0.0,0.0,0.0,0.0,0.0,0.0,1.0,0.0,0.0,0.0,0.0,0.0,0.0,0.0,0.0,0.0,0.0
1588,Quartz,1.0,241,17.517155313611116,1585.070539419087,3432.4315352697095,1578,3417,1595,3444,25.77945257374548,15.674452138735434,0.7438271604938271,0.0,0.0,0.0,0.0,0.0,0.0,1.0,0.0,0.0,0.0,0.0,0.0,0.0,0.0,0.0,0.0,0.0
1589,Quartz,1.0,814,32.19343084255579,1587.6719901719903,1828.837837837838,1571,1812,1606,1848,36.30982504136737,30.530845810715665,0.8374485596707819,0.0,0.0,0.0,0.0,0.0,0.0,1.0,0.0,0.0,0.0,0.0,0.0,0.0,0.0,0.0,0.0,0.0
1590,Quartz,1.0,837,32.64508384034771,1587.6726403823177,2359.062126642772,1569,2339,1609,2379,38.48546970492744,32.28232317993446,0.7866541353383458,0.0,0.0,0.0,0.0,0.0,0.0,1.0,0.0,0.0,0.0,0.0,0.0,0.0,0.0,0.0,0.0,0.0
1591,Quartz,1.0,1190,38.92499271977894,1583.5974789915967,3280.7084033613446,1562,3260,1608,3304,42.05965098807106,39.457765820085775,0.8579668348954578,0.0,0.0,0.0,0.0,0.0,0.0,1.0,0.0,0.0,0.0,0.0,0.0,0.0,0.0,0.0,0.0,0.0
1592,Quartz,1.0,3384,65.64025151828557,1598.0608747044917,3968.98463356974,1559,3932,1643,4007,91.75390346512907,49.50262998129943,0.8597560975609756,0.0,0.0,0.0,0.0,0.0,0.0,1.0,0.0,0.0,0.0,0.0,0.0,0.0,0.0,0.0,0.0,0.0
1593,Quartz,1.0,910,34.03891869182977,1583.6527472527473,1498.487912087912,1560,1485,1604,1518,43.2115249318374,29.27477828158434,0.8576814326107446,0.0,0.0,0.0,0.0,0.0,0.0,1.0,0.0,0.0,0.0,0.0,0.0,0.0,0.0,0.0,0.0,0.0
1594,Quartz,1.0,789,31.695204697178458,1585.8859315589355,1243.3244613434726,1566,1228,1606,1261,39.06122683459922,28.324633753878008,0.8227320125130344,0.0,0.0,0.0,0.0,0.0,0.0,1.0,0.0,0.0,0.0,0.0,0.0,0.0,0.0,0.0,0.0,0.0
1595,Quartz,1.0,1505,43.77471318953923,1587.459800664452,1540.9720930232559,1556,1519,1616,1563,59.55944594885759,36.72986865107819,0.8206106870229007,0.0,0.0,0.0,0.0,0.0,0.0,1.0,0.0,0.0,0.0,0.0,0.0,0.0,0.0,0.0,0.0,0.0
1597,Orthoclase,1.0,440,23.66908109081279,1593.459090909091,3933.5204545454544,1581,3921,1608,3947,25.869683677659854,23.66198706167924,0.8527131782945736,0.0,0.0,0.0,0.0,0.0,0.0,0.0,0.0,1.0,0.0,0.0,0.0,0.0,0.0,0.0,0.0,0.0
1598,Quartz,1.0,833,32.56698544176895,1593.5414165666266,245.47058823529412,1578,228,1611,266,37.897290459816986,29.41802774097134,0.8650051921079959,0.0,0.0,0.0,0.0,0.0,0.0,1.0,0.0,0.0,0.0,0.0,0.0,0.0,0.0,0.0,0.0,0.0
1599,Quartz,1.0,1306,40.77806819142028,1592.0788667687596,2447.7741194486985,1562,2428,1613,2477,58.07085841795454,32.74017799432834,0.8782784129119031,0.0,0.0,0.0,0.0,0.0,0.0,1.0,0.0,0.0,0.0,0.0,0.0,0.0,0.0,0.0,0.0,0.0
1600,Quartz,1.0,1341,41.32086917635994,1592.145413870246,4025.8791946308725,1564,3998,1617,4050,53.43252981759922,37.09470436964387,0.7814685314685315,0.0,0.0,0.0,0.0,0.0,0.0,1.0,0.0,0.0,0.0,0.0,0.0,0.0,0.0,0.0,0.0,0.0
1601,Quartz,1.0,390,22.283703068536735,1596.1333333333334,198.50512820512822,1584,185,1612,210,28.568002807939294,21.37563294217638,0.7195571955719557,0.0,0.0,0.0,0.0,0.0,0.0,1.0,0.0,0.0,0.0,0.0,0.0,0.0,0.0,0.0,0.0,0.0
1602,Quartz,1.0,2265,53.70183952924838,1594.5867549668874,2190.228697571744,1562,2166,1628,2221,60.857214643911675,49.67310577833271,0.9252450980392157,0.0,0.0,0.0,0.0,0.0,0.0,1.0,0.0,0.0,0.0,0.0,0.0,0.0,0.0,0.0,0.0,0.0
1603,Quartz,1.0,6425,90.44647077096718,1595.627859922179,3735.3975097276266,1543,3691,1639,3787,106.89836912836171,80.00514144555632,0.8948467966573816,0.0,0.0,0.0,0.0,0.0,0.0,1.0,0.0,0.0,0.0,0.0,0.0,0.0,0.0,0.0,0.0,0.0
1604,Quartz,1.0,538,26.17255958188877,1606.5334572490706,2420.2118959107806,1590,2407,1624,2433,36.05951134801156,20.127139070477323,0.8539682539682539,0.0,0.0,0.0,0.0,0.0,0.0,1.0,0.0,0.0,0.0,0.0,0.0,0.0,0.0,0.0,0.0,0.0
1605,Quartz,1.0,6696,92.33424062365299,1620.2111708482676,792.5425627240144,1561,745,1684,846,130.81777427993583,68.70081937276767,0.8698363211223694,0.0,0.0,0.0,0.0,0.0,0.0,1.0,0.0,0.0,0.0,0.0,0.0,0.0,0.0,0.0,0.0,0.0
1606,Quartz,1.0,503,25.30690599424961,1598.7097415506958,4167.592445328032,1578,4155,1621,4179,43.955535603423165,17.111513250368294,0.7750385208012327,0.0,0.0,0.0,0.0,0.0,0.0,1.0,0.0,0.0,0.0,0.0,0.0,0.0,0.0,0.0,0.0,0.0
1607,Quartz,1.0,629,28.299605538565682,1599.1303656597775,4283.254372019078,1586,4259,1614,4306,49.187422314200354,19.19316860751864,0.7736777367773677,0.0,0.0,0.0,0.0,0.0,0.0,1.0,0.0,0.0,0.0,0.0,0.0,0.0,0.0,0.0,0.0,0.0
1608,Quartz,1.0,1273,40.25958197060499,1603.2466614296936,4232.778476040849,1578,4214,1625,4256,45.549090429694424,38.21898242760653,0.8908327501749476,0.0,0.0,0.0,0.0,0.0,0.0,1.0,0.0,0.0,0.0,0.0,0.0,0.0,0.0,0.0,0.0,0.0
1609,Quartz,1.0,475,24.592453796829673,1602.4884210526316,4458.633684210527,1586,4440,1617,4478,44.893021980845404,14.18464938792482,0.8407079646017699,0.0,0.0,0.0,0.0,0.0,0.0,1.0,0.0,0.0,0.0,0.0,0.0,0.0,0.0,0.0,0.0,0.0
1610,Quartz,1.0,139,13.303394180365686,1606.5035971223022,4589.640287769784,1601,4582,1614,4599,17.10950068426768,10.791028294398249,0.8853503184713376,0.0,0.0,0.0,0.0,0.0,0.0,1.0,0.0,0.0,0.0,0.0,0.0,0.0,0.0,0.0,0.0,0.0
1611,Quartz,1.0,2296,54.06808665665851,1611.2682926829268,2152.6790069686413,1576,2123,1644,2183,64.92392830148098,49.64318305068528,0.8235294117647058,0.0,0.0,0.0,0.0,0.0,0.0,1.0,0.0,0.0,0.0,0.0,0.0,0.0,0.0,0.0,0.0,0.0
1612,Quartz,1.0,2401,55.290579187680116,1613.2607246980424,3170.9504373177842,1589,3123,1644,3216,95.52238534657879,33.27376280672172,0.9039909638554217,0.0,0.0,0.0,0.0,0.0,0.0,1.0,0.0,0.0,0.0,0.0,0.0,0.0,0.0,0.0,0.0,0.0
1613,Quartz,1.0,1686,46.33229837190774,1610.1215895610912,4505.390865954922,1586,4479,1640,4539,54.22100967700278,45.022903966954274,0.7816411682892906,0.0,0.0,0.0,0.0,0.0,0.0,1.0,0.0,0.0,0.0,0.0,0.0,0.0,0.0,0.0,0.0,0.0
1614,Quartz,1.0,1976,50.158960718865394,1611.1457489878542,2945.560222672065,1584,2916,1638,2975,60.692552430940346,45.72758596549246,0.7938931297709924,0.0,0.0,0.0,0.0,0.0,0.0,1.0,0.0,0.0,0.0,0.0,0.0,0.0,0.0,0.0,0.0,0.0
1615,Quartz,1.0,1241,39.75034936973935,1611.7179693795326,3891.8412570507653,1596,3865,1630,3919,58.63723017509542,29.993059099750504,0.8016795865633075,0.0,0.0,0.0,0.0,0.0,0.0,1.0,0.0,0.0,0.0,0.0,0.0,0.0,0.0,0.0,0.0,0.0
1616,Chromite,1.0,350,21.11004122822376,1614.0057142857142,498.9057142857143,1603,485,1631,510,32.43523512182563,16.86301677745671,0.7760532150776053,0.0,0.0,0.0,0.0,0.0,0.0,0.0,1.0,0.0,0.0,0.0,0.0,0.0,0.0,0.0,0.0,0.0
1617,Quartz,1.0,746,30.81942083122964,1616.411528150134,2342.6876675603216,1599,2326,1637,2359,36.47253102025845,27.48519077728916,0.8654292343387471,0.0,0.0,0.0,0.0,0.0,0.0,1.0,0.0,0.0,0.0,0.0,0.0,0.0,0.0,0.0,0.0,0.0
1618,Quartz,1.0,2921,60.984692424996375,1607.920575145498,2517.2985279014038,1575,2490,1647,2549,70.96633779894991,55.4081376531144,0.9032158317872604,0.0,0.0,0.0,0.0,0.0,0.0,1.0,0.0,0.0,0.0,0.0,0.0,0.0,0.0,0.0,0.0,0.0
1619,Quartz,1.0,1972,50.10816682156454,1614.6293103448277,2667.4041582150103,1584,2641,1656,2694,69.27552126292935,40.77605213483046,0.7803719825880491,0.0,0.0,0.0,0.0,0.0,0.0,1.0,0.0,0.0,0.0,0.0,0.0,0.0,0.0,0.0,0.0,0.0
1620,Quartz,1.0,1813,48.04563762304389,1613.665747380033,3364.3397683397684,1597,3323,1631,3407,80.16699138614885,29.714498356501736,0.8887254901960784,0.0,0.0,0.0,0.0,0.0,0.0,1.0,0.0,0.0,0.0,0.0,0.0,0.0,0.0,0.0,0.0,0.0
1621,Quartz,1.0,705,29.96053869739811,1615.0269503546099,1345.7900709219857,1604,1322,1629,1369,46.56406142171387,20.77127601687997,0.8159722222222222,0.0,0.0,0.0,0.0,0.0,0.0,1.0,0.0,0.0,0.0,0.0,0.0,0.0,0.0,0.0,0.0,0.0
1622,Chromite,1.0,947,34.72402408800281,1615.5079197465682,4322.338965153115,1597,4306,1638,4341,39.10730949307885,31.63322168920729,0.9422885572139303,0.0,0.0,0.0,0.0,0.0,0.0,0.0,1.0,0.0,0.0,0.0,0.0,0.0,0.0,0.0,0.0,0.0
1623,Quartz,1.0,331,20.529059630371258,1620.3051359516617,661.7220543806646,1609,649,1638,673,26.476099826232836,19.65626872983349,0.7323008849557522,0.0,0.0,0.0,0.0,0.0,0.0,1.0,0.0,0.0,0.0,0.0,0.0,0.0,0.0,0.0,0.0,0.0
1624,Quartz,1.0,191,15.594510349620345,1618.7434554973822,2020.6439790575917,1611,2007,1631,2036,27.971982977175816,12.292899767092678,0.6725352112676056,0.0,0.0,0.0,0.0,0.0,0.0,1.0,0.0,0.0,0.0,0.0,0.0,0.0,0.0,0.0,0.0,0.0
1625,Quartz,1.0,937,34.54020054106298,1616.9381003201709,4115.136606189968,1605,4078,1628,4145,71.76829101680902,18.25318529420921,0.7847571189279732,0.0,0.0,0.0,0.0,0.0,0.0,1.0,0.0,0.0,0.0,0.0,0.0,0.0,0.0,0.0,0.0,0.0
1626,Quartz,1.0,877,33.416030295843605,1621.3112884834663,4389.047890535918,1601,4371,1646,4405,42.920237625004354,27.572013470213296,0.8188608776844071,0.0,0.0,0.0,0.0,0.0,0.0,1.0,0.0,0.0,0.0,0.0,0.0,0.0,0.0,0.0,0.0,0.0
1627,Quartz,1.0,344,20.928315827817965,1616.6918604651162,4423.575581395349,1602,4413,1630,4438,29.77928071761827,15.448417623130505,0.8775510204081632,0.0,0.0,0.0,0.0,0.0,0.0,1.0,0.0,0.0,0.0,0.0,0.0,0.0,0.0,0.0,0.0,0.0
1628,Quartz,1.0,544,26.318098569918163,1619.4613970588234,2386.0588235294117,1604,2369,1631,2409,36.98445684200492,21.0198822943743,0.8254931714719271,0.0,0.0,0.0,0.0,0.0,0.0,1.0,0.0,0.0,0.0,0.0,0.0,0.0,0.0,0.0,0.0,0.0
1629,Quartz,1.0,248,17.769732893161912,1625.5725806451612,4198.995967741936,1616,4185,1635,4212,24.33613835409422,15.833511320246888,0.7251461988304093,0.0,0.0,0.0,0.0,0.0,0.0,1.0,0.0,0.0,0.0,0.0,0.0,0.0,0.0,0.0,0.0,0.0
1630,Quartz,0.9627118644067797,2655,58.14164592847245,1624.8772128060264,438.2873822975518,1598,399,1652,475,76.80529718131932,46.84726825476124,0.8597797927461139,0.0,0.0,0.0,0.0,0.0,0.0,0.9627118644067797,0.0,0.03728813559322034,0.0,0.0,0.0,0.0,0.0,0.0,0.0,0.0
1631,Quartz,1.0,329,20.466944330257718,1621.6565349544073,2228.644376899696,1607,2220,1635,2242,23.71288135705176,20.28522637225774,0.8204488778054863,0.0,0.0,0.0,0.0,0.0,0.0,1.0,0.0,0.0,0.0,0.0,0.0,0.0,0.0,0.0,0.0,0.0
1632,Quartz,1.0,266,18.403307281560924,1626.172932330827,2214.3646616541355,1614,2204,1638,2222,24.82975847887115,14.962769572149625,0.8338557993730408,0.0,0.0,0.0,0.0,0.0,0.0,1.0,0.0,0.0,0.0,0.0,0.0,0.0,0.0,0.0,0.0,0.0
1633,Quartz,1.0,3663,68.29257977529404,1623.5956865956866,2291.153426153426,1582,2256,1663,2324,78.57560011179397,60.69421878038558,0.8895094706168043,0.0,0.0,0.0,0.0,0.0,0.0,1.0,0.0,0.0,0.0,0.0,0.0,0.0,0.0,0.0,0.0,0.0
1634,Quartz,1.0,505,25.357168021907675,1623.1960396039603,1460.4693069306932,1616,1437,1634,1483,45.181061377943806,15.361457892290375,0.8444816053511706,0.0,0.0,0.0,0.0,0.0,0.0,1.0,0.0,0.0,0.0,0.0,0.0,0.0,0.0,0.0,0.0,0.0
1635,Quartz,1.0,202,16.03728119216293,1627.5247524752476,3079.480198019802,1619,3071,1642,3089,21.297992858158587,15.108951434749713,0.7799227799227799,0.0,0.0,0.0,0.0,0.0,0.0,1.0,0.0,0.0,0.0,0.0,0.0,0.0,0.0,0.0,0.0,0.0
1637,Quartz,1.0,1350,41.45929793656026,1627.3148148148148,876.3837037037038,1609,846,1644,909,63.285437095557974,29.39965082503153,0.7974010632014176,0.0,0.0,0.0,0.0,0.0,0.0,1.0,0.0,0.0,0.0,0.0,0.0,0.0,0.0,0.0,0.0,0.0
1638,Quartz,1.0,1546,44.36697348434488,1626.853169469599,1118.0892626131954,1603,1096,1653,1141,48.47205850028582,41.913482594290564,0.8905529953917051,0.0,0.0,0.0,0.0,0.0,0.0,1.0,0.0,0.0,0.0,0.0,0.0,0.0,0.0,0.0,0.0,0.0
1639,Quartz,1.0,189,15.512648837479231,1629.5343915343915,1188.4761904761904,1624,1177,1636,1200,21.87926161318538,11.809783009262333,0.84,0.0,0.0,0.0,0.0,0.0,0.0,1.0,0.0,0.0,0.0,0.0,0.0,0.0,0.0,0.0,0.0,0.0
1640,Quartz,1.0,1287,40.48035689163516,1630.8710178710178,2998.902097902098,1599,2984,1664,3019,59.6938936410459,32.52414709421595,0.8761061946902655,0.0,0.0,0.0,0.0,0.0,0.0,1.0,0.0,0.0,0.0,0.0,0.0,0.0,0.0,0.0,0.0,0.0
1643,Quartz,1.0,593,27.47782833536798,1615.016863406408,1153.9881956155143,1587,1141,1633,1166,46.341509751115886,19.968077932564718,0.74125,0.0,0.0,0.0,0.0,0.0,0.0,1.0,0.0,0.0,0.0,0.0,0.0,0.0,0.0,0.0,0.0,0.0
1644,Quartz,1.0,12043,123.82901048318833,1631.8709623847878,3631.3033297351158,1557,3578,1717,3688,155.77932711159292,100.28905329543751,0.9004785404516226,0.0,0.0,0.0,0.0,0.0,0.0,1.0,0.0,0.0,0.0,0.0,0.0,0.0,0.0,0.0,0.0,0.0
1645,Quartz,1.0,1376,41.85663165563593,1630.9026162790697,207.43386627906978,1609,183,1652,234,49.52844682207009,36.50568075841248,0.9022950819672131,0.0,0.0,0.0,0.0,0.0,0.0,1.0,0.0,0.0,0.0,0.0,0.0,0.0,0.0,0.0,0.0,0.0
1646,Quartz,1.0,301,19.576646877473273,1635.421926910299,382.25581395348837,1627,372,1647,394,23.00331085605366,18.83806109708623,0.8091397849462365,0.0,0.0,0.0,0.0,0.0,0.0,1.0,0.0,0.0,0.0,0.0,0.0,0.0,0.0,0.0,0.0,0.0
1647,Quartz,1.0,288,19.149229459268767,1639.482638888889,1156.736111111111,1632,1145,1652,1167,22.00133736443438,18.69164759110793,0.8700906344410876,0.0,0.0,0.0,0.0,0.0,0.0,1.0,0.0,0.0,0.0,0.0,0.0,0.0,0.0,0.0,0.0,0.0
1648,Quartz,1.0,1541,44.29517059947829,1633.7884490590525,1515.4776119402984,1613,1484,1655,1544,58.08194799906755,35.72714706841185,0.8604131769960915,0.0,0.0,0.0,0.0,0.0,0.0,1.0,0.0,0.0,0.0,0.0,0.0,0.0,0.0,0.0,0.0,0.0
1649,Quartz,1.0,364,21.528102431092233,1632.8956043956043,4160.574175824176,1623,4150,1646,4174,24.484128853279095,20.79204132398341,0.8666666666666667,0.0,0.0,0.0,0.0,0.0,0.0,1.0,0.0,0.0,0.0,0.0,0.0,0.0,0.0,0.0,0.0,0.0
1650,Quartz,1.0,2340,54.58370209760676,1635.5175213675213,147.05726495726495,1611,116,1660,185,67.81463847895823,46.236288244913354,0.9062742060418281,0.0,0.0,0.0,0.0,0.0,0.0,1.0,0.0,0.0,0.0,0.0,0.0,0.0,0.0,0.0,0.0,0.0
1651,Quartz,1.0,4019,71.53425564224891,1637.0855934312017,289.58721074894254,1594,257,1685,325,87.97268600959399,60.29801003029528,0.8919218819351975,0.0,0.0,0.0,0.0,0.0,0.0,1.0,0.0,0.0,0.0,0.0,0.0,0.0,0.0,0.0,0.0,0.0
1652,Quartz,1.0,4010,71.4541151676235,1628.8997506234414,1711.3990024937657,1593,1669,1668,1756,95.80578239661284,56.07837739748588,0.9001122334455668,0.0,0.0,0.0,0.0,0.0,0.0,1.0,0.0,0.0,0.0,0.0,0.0,0.0,0.0,0.0,0.0,0.0
1653,Quartz,1.0,463,24.279825147895533,1639.511879049676,4139.676025917926,1628,4127,1651,4153,29.25849706338021,20.920387955253883,0.9150197628458498,0.0,0.0,0.0,0.0,0.0,0.0,1.0,0.0,0.0,0.0,0.0,0.0,0.0,0.0,0.0,0.0,0.0
1654,Quartz,1.0,1117,37.71218067772237,1642.5971351835274,2463.7949865711726,1622,2439,1667,2489,55.95646843099481,28.83124829207871,0.7446666666666667,0.0,0.0,0.0,0.0,0.0,0.0,1.0,0.0,0.0,0.0,0.0,0.0,0.0,0.0,0.0,0.0,0.0
1655,Orthoclase,1.0,226,16.96325844612841,1644.4513274336284,1458.4911504424779,1637,1448,1654,1474,21.33256763821235,16.476239602026507,0.7197452229299363,0.0,0.0,0.0,0.0,0.0,0.0,0.0,0.0,1.0,0.0,0.0,0.0,0.0,0.0,0.0,0.0,0.0
1657,Quartz,1.0,4096,72.2162666941128,1648.322021484375,71.647216796875,1574,46,1710,101,138.36576795363007,45.995818939391626,0.7362933668883695,0.0,0.0,0.0,0.0,0.0,0.0,1.0,0.0,0.0,0.0,0.0,0.0,0.0,0.0,0.0,0.0,0.0
1658,Quartz,1.0,6714,92.45826249368892,1650.6340482573726,1599.8239499553172,1608,1540,1693,1660,118.55457523147778,78.70003974191476,0.8535469107551488,0.0,0.0,0.0,0.0,0.0,0.0,1.0,0.0,0.0,0.0,0.0,0.0,0.0,0.0,0.0,0.0,0.0
1659,Quartz,1.0,1643,45.737649393031475,1648.3828362751065,4268.479610468655,1624,4244,1685,4291,55.34918373701151,40.52988122692807,0.8434291581108829,0.0,0.0,0.0,0.0,0.0,0.0,1.0,0.0,0.0,0.0,0.0,0.0,0.0,0.0,0.0,0.0,0.0
1660,Quartz,1.0,720,30.277590264241923,1651.201388888889,4092.947222222222,1631,4078,1674,4111,46.9738596468398,20.76071931964591,0.8530805687203792,0.0,0.0,0.0,0.0,0.0,0.0,1.0,0.0,0.0,0.0,0.0,0.0,0.0,0.0,0.0,0.0,0.0
1661,Quartz,1.0,3257,64.39674834339405,1638.8035001535154,4583.271722443967,1609,4544,1670,4622,76.60606187974103,59.967713402475034,0.8353423954860221,0.0,0.0,0.0,0.0,0.0,0.0,1.0,0.0,0.0,0.0,0.0,0.0,0.0,0.0,0.0,0.0,0.0
1662,Unknown,1.0,172,14.798554040663838,1648.343023255814,2932.4767441860463,1640,2919,1656,2946,23.68973220868358,13.567169416939725,0.6466165413533834,0.0,0.0,0.0,0.0,0.0,0.0,0.0,0.0,0.0,0.0,0.0,0.0,0.0,0.0,0.0,0.0,1.0
1663,Quartz,1.0,991,35.52154823248202,1649.3410696266399,3114.3784056508575,1632,3081,1664,3148,70.06827860301274,18.720189033746735,0.8587521663778163,0.0,0.0,0.0,0.0,0.0,0.0,1.0,0.0,0.0,0.0,0.0,0.0,0.0,0.0,0.0,0.0,0.0
1664,Quartz,1.0,139,13.303394180365686,1648.0431654676258,4170.805755395683,1641,4161,1654,4179,17.443662589218828,11.605268208586239,0.852760736196319,0.0,0.0,0.0,0.0,0.0,0.0,1.0,0.0,0.0,0.0,0.0,0.0,0.0,0.0,0.0,0.0,0.0
1665,Quartz,1.0,1146,38.19859314512115,1654.938045375218,1297.1431064572425,1632,1277,1686,1321,45.4744823614882,37.76287726269713,0.761968085106383,0.0,0.0,0.0,0.0,0.0,0.0,1.0,0.0,0.0,0.0,0.0,0.0,0.0,0.0,0.0,0.0,0.0
1666,Quartz,1.0,3698,68.61807222904642,1650.8228772309355,1229.0924824229314,1611,1191,1687,1266,77.81059918714593,64.17564814777535,0.9019512195121951,0.0,0.0,0.0,0.0,0.0,0.0,1.0,0.0,0.0,0.0,0.0,0.0,0.0,0.0,0.0,0.0,0.0
1667,Quartz,1.0,1140,38.09846559899868,1652.0131578947369,1812.6894736842105,1632,1788,1669,1836,46.459692990236455,34.48254730334189,0.8073654390934845,0.0,0.0,0.0,0.0,0.0,0.0,1.0,0.0,0.0,0.0,0.0,0.0,0.0,0.0,0.0,0.0,0.0
1668,Quartz,1.0,1748,47.17650606177894,1649.8850114416475,4477.811784897025,1624,4449,1671,4514,64.17666283810757,37.574895672180325,0.8522671867381765,0.0,0.0,0.0,0.0,0.0,0.0,1.0,0.0,0.0,0.0,0.0,0.0,0.0,0.0,0.0,0.0,0.0
1669,Quartz,1.0,2203,52.96174767746589,1658.9536995006808,1755.7970948706309,1628,1728,1688,1790,61.34666708096844,49.38584770264345,0.859204368174727,0.0,0.0,0.0,0.0,0.0,0.0,1.0,0.0,0.0,0.0,0.0,0.0,0.0,0.0,0.0,0.0,0.0
1670,Quartz,1.0,5746,85.53382035223403,1649.3799164636268,2738.4295161851724,1603,2684,1698,2799,116.51259607977263,68.1252152161705,0.8990768267876702,0.0,0.0,0.0,0.0,0.0,0.0,1.0,0.0,0.0,0.0,0.0,0.0,0.0,0.0,0.0,0.0,0.0
1671,Quartz,1.0,188,15.471555655790098,1659.973404255319,4392.462765957447,1652,4385,1671,4400,17.710885619218498,14.69091372773037,0.8468468468468469,0.0,0.0,0.0,0.0,0.0,0.0,1.0,0.0,0.0,0.0,0.0,0.0,0.0,0.0,0.0,0.0,0.0
1672,Quartz,1.0,120,12.360774464742066,1661.725,4168.033333333334,1655,4163,1670,4176,15.118629844785286,11.761487455756745,0.8450704225352113,0.0,0.0,0.0,0.0,0.0,0.0,1.0,0.0,0.0,0.0,0.0,0.0,0.0,0.0,0.0,0.0,0.0
1673,Quartz,1.0,1101,37.441110276718746,1656.9064486830155,2833.4468664850137,1629,2814,1678,2859,43.604682950716025,37.55073483897475,0.8198064035740878,0.0,0.0,0.0,0.0,0.0,0.0,1.0,0.0,0.0,0.0,0.0,0.0,0.0,0.0,0.0,0.0,0.0
1674,Quartz,1.0,530,25.977239243415305,1663.7075471698113,2694.120754716981,1651,2676,1679,2716,42.34045887308736,18.869382289418382,0.7946026986506747,0.0,0.0,0.0,0.0,0.0,0.0,1.0,0.0,0.0,0.0,0.0,0.0,0.0,0.0,0.0,0.0,0.0
1675,Chromite,1.0,826,32.429860683500394,1650.0714285714287,524.1779661016949,1630,509,1675,546,45.6171193530354,30.17175955531655,0.7335701598579041,0.0,0.0,0.0,0.0,0.0,0.0,0.0,1.0,0.0,0.0,0.0,0.0,0.0,0.0,0.0,0.0,0.0
1676,Quartz,1.0,2038,50.93978987167361,1663.2119725220805,881.5186457311089,1639,847,1688,910,62.59410185155983,43.22769618293491,0.8818693206404155,0.0,0.0,0.0,0.0,0.0,0.0,1.0,0.0,0.0,0.0,0.0,0.0,0.0,0.0,0.0,0.0,0.0
1677,Quartz,1.0,3602,67.72155373391884,1659.0777345918934,1389.6185452526374,1631,1336,1686,1439,98.84979480703782,48.70526984138125,0.8768257059396299,0.0,0.0,0.0,0.0,0.0,0.0,1.0,0.0,0.0,0.0,0.0,0.0,0.0,0.0,0.0,0.0,0.0
1678,Quartz,1.0,625,28.209479177387816,1663.4848,4064.3264,1648,4050,1681,4084,33.98612794930328,28.314173465132022,0.8074935400516796,0.0,0.0,0.0,0.0,0.0,0.0,1.0,0.0,0.0,0.0,0.0,0.0,0.0,0.0,0.0,0.0,0.0
1679,Quartz,1.0,3964,71.04309646496404,1672.5489404641776,4224.274974772957,1632,4188,1722,4258,94.06926936364154,57.96471438340564,0.8830474493205613,0.0,0.0,0.0,0.0,0.0,0.0,1.0,0.0,0.0,0.0,0.0,0.0,0.0,0.0,0.0,0.0,0.0
1680,Unknown,1.0,433,23.480049464818542,1656.0254041570438,4638.124711316397,1644,4626,1672,4652,28.115364689094047,22.270054278562693,0.7704626334519573,0.0,0.0,0.0,0.0,0.0,0.0,0.0,0.0,0.0,0.0,0.0,0.0,0.0,0.0,0.0,0.0,1.0
1681,Quartz,1.0,694,29.72588508432008,1663.2723342939482,449.64265129682997,1648,431,1683,467,39.44310591574576,23.644766255612478,0.8371531966224367,0.0,0.0,0.0,0.0,0.0,0.0,1.0,0.0,0.0,0.0,0.0,0.0,0.0,0.0,0.0,0.0,0.0
1683,Quartz,1.0,401,22.595775212167435,1666.6932668329177,482.4862842892768,1656,472,1682,495,26.498795548539157,20.75378100153944,0.8642241379310345,0.0,0.0,0.0,0.0,0.0,0.0,1.0,0.0,0.0,0.0,0.0,0.0,0.0,0.0,0.0,0.0,0.0
1684,Chromite,1.0,391,22.312253628700276,1670.299232736573,503.32736572890025,1654,494,1685,513,31.163666097316113,16.598795461795692,0.8846153846153846,0.0,0.0,0.0,0.0,0.0,0.0,0.0,1.0,0.0,0.0,0.0,0.0,0.0,0.0,0.0,0.0,0.0
1685,Quartz,0.9919354838709677,9796,111.68103948399501,1664.6835443037974,3824.3720906492445,1599,3763,1717,3897,124.96096951051634,108.0446094411486,0.869287425681072,0.0,0.0,0.0,0.0,0.0,0.0,0.9919354838709677,0.0,0.0,0.0,0.0,0.0,0.0,0.0,0.0,0.0,0.008064516129032258
1686,Quartz,1.0,470,24.462677409178383,1666.5702127659574,1169.9936170212766,1652,1158,1684,1185,33.04268591250714,19.234700905244207,0.8703703703703703,0.0,0.0,0.0,0.0,0.0,0.0,1.0,0.0,0.0,0.0,0.0,0.0,0.0,0.0,0.0,0.0,0.0
1687,Unknown,1.0,298,19.47884453275087,1670.2986577181207,4621.852348993289,1659,4611,1680,4634,24.142505334522625,16.961297939295125,0.8688046647230321,0.0,0.0,0.0,0.0,0.0,0.0,0.0,0.0,0.0,0.0,0.0,0.0,0.0,0.0,0.0,0.0,1.0
1688,Quartz,1.0,508,25.43237481489809,1665.265748031496,212.5511811023622,1653,196,1680,228,34.33927065869452,20.172213979540622,0.8452579034941764,0.0,0.0,0.0,0.0,0.0,0.0,1.0,0.0,0.0,0.0,0.0,0.0,0.0,0.0,0.0,0.0,0.0
1690,Quartz,1.0,332,20.56004690782767,1667.237951807229,410.51807228915663,1658,397,1681,424,24.707914465101315,21.95242594524196,0.7904761904761904,0.0,0.0,0.0,0.0,0.0,0.0,1.0,0.0,0.0,0.0,0.0,0.0,0.0,0.0,0.0,0.0,0.0
1691,Quartz,1.0,361,21.43920417481474,1667.1218836565097,1454.8393351800555,1653,1443,1679,1467,26.867409021165475,18.66028705482226,0.8434579439252337,0.0,0.0,0.0,0.0,0.0,0.0,1.0,0.0,0.0,0.0,0.0,0.0,0.0,0.0,0.0,0.0,0.0
1692,Quartz,1.0,127,12.716187407449045,1669.4173228346456,2183.582677165354,1663,2174,1675,2195,18.487180667553833,10.677331807514033,0.8141025641025641,0.0,0.0,0.0,0.0,0.0,0.0,1.0,0.0,0.0,0.0,0.0,0.0,0.0,0.0,0.0,0.0,0.0
1693,Quartz,1.0,519,25.70625067405882,1669.1907514450868,4363.957610789981,1659,4345,1678,4390,44.102289431883364,16.826310678389564,0.8317307692307693,0.0,0.0,0.0,0.0,0.0,0.0,1.0,0.0,0.0,0.0,0.0,0.0,0.0,0.0,0.0,0.0,0.0
1694,Quartz,1.0,1837,48.36259963730748,1669.5530756668481,3021.222645617855,1641,2987,1701,3052,76.17376960387946,32.491999730028844,0.8540213854021386,0.0,0.0,0.0,0.0,0.0,0.0,1.0,0.0,0.0,0.0,0.0,0.0,0.0,0.0,0.0,0.0,0.0
1695,Quartz,1.0,599,27.616489409343153,1669.0267111853088,2363.160267111853,1657,2346,1682,2381,35.23314413332385,23.122656855942832,0.8484419263456091,0.0,0.0,0.0,0.0,0.0,0.0,1.0,0.0,0.0,0.0,0.0,0.0,0.0,0.0,0.0,0.0,0.0
1696,Quartz,1.0,6759,92.7675917703212,1685.3512353898507,2248.795088030774,1639,2192,1731,2311,121.88307219120892,80.88678712727345,0.8090734977256404,0.0,0.0,0.0,0.0,0.0,0.0,1.0,0.0,0.0,0.0,0.0,0.0,0.0,0.0,0.0,0.0,0.0
1697,Quartz,1.0,367,21.616635097022034,1673.3106267029973,3957.5803814713895,1657,3948,1686,3972,28.12901571881912,19.210424980485335,0.756701030927835,0.0,0.0,0.0,0.0,0.0,0.0,1.0,0.0,0.0,0.0,0.0,0.0,0.0,0.0,0.0,0.0,0.0
1698,Orthoclase,1.0,298,19.47884453275087,1675.8758389261745,4328.355704697987,1669,4315,1685,4344,26.827990180285205,14.679619535956887,0.8764705882352941,0.0,0.0,0.0,0.0,0.0,0.0,0.0,0.0,1.0,0.0,0.0,0.0,0.0,0.0,0.0,0.0,0.0
1699,Quartz,1.0,101,11.340070282773887,1677.039603960396,3430.841584158416,1671,3425,1684,3438,16.115456398978402,8.664488502156564,0.8487394957983193,0.0,0.0,0.0,0.0,0.0,0.0,1.0,0.0,0.0,0.0,0.0,0.0,0.0,0.0,0.0,0.0,0.0
1700,Quartz,1.0,588,27.361740666563517,1673.8265306122448,2563.683673469388,1655,2550,1691,2578,34.57218978517507,25.202599543239337,0.75,0.0,0.0,0.0,0.0,0.0,0.0,1.0,0.0,0.0,0.0,0.0,0.0,0.0,0.0,0.0,0.0,0.0
1701,Quartz,1.0,1460,43.115307436145436,1677.4506849315069,1066.978082191781,1661,1039,1695,1096,60.41144384134062,32.002737987638355,0.8968058968058968,0.0,0.0,0.0,0.0,0.0,0.0,1.0,0.0,0.0,0.0,0.0,0.0,0.0,0.0,0.0,0.0,0.0
1702,Quartz,1.0,2787,59.56944360304953,1678.3577323286688,2505.801578758522,1649,2476,1712,2542,63.25117553435973,58.059703784550685,0.8970067589314451,0.0,0.0,0.0,0.0,0.0,0.0,1.0,0.0,0.0,0.0,0.0,0.0,0.0,0.0,0.0,0.0,0.0
1703,Quartz,0.9950691288794353,10343,114.7567715265456,1676.300493087112,976.2195687904863,1620,905,1736,1037,130.90100609335315,102.6531189680757,0.9345802837263938,0.0,0.0,0.0,0.0,0.0,0.0,0.9950691288794353,0.0,0.004930871120564633,0.0,0.0,0.0,0.0,0.0,0.0,0.0,0.0
1705,Quartz,1.0,319,20.153496341094687,1682.4420062695924,2665.8119122257053,1674,2651,1695,2680,28.84136886675447,15.537015721888238,0.8075949367088607,0.0,0.0,0.0,0.0,0.0,0.0,1.0,0.0,0.0,0.0,0.0,0.0,0.0,0.0,0.0,0.0,0.0
1706,Quartz,1.0,1386,42.00845163777089,1683.3780663780665,3198.90404040404,1660,3178,1706,3228,50.012940895677005,38.50353940006171,0.8545006165228114,0.0,0.0,0.0,0.0,0.0,0.0,1.0,0.0,0.0,0.0,0.0,0.0,0.0,0.0,0.0,0.0,0.0
1707,Quartz,1.0,172,14.798554040663838,1684.0232558139535,1321.8081395348838,1676,1315,1692,1333,18.681367933274156,13.388281484516416,0.8472906403940886,0.0,0.0,0.0,0.0,0.0,0.0,1.0,0.0,0.0,0.0,0.0,0.0,0.0,0.0,0.0,0.0,0.0
1708,Orthoclase,1.0,851,32.91696906717907,1695.614571092832,4153.596944770858,1674,4135,1722,4171,52.77713115097131,24.373323914830554,0.8081671415004749,0.0,0.0,0.0,0.0,0.0,0.0,0.0,0.0,1.0,0.0,0.0,0.0,0.0,0.0,0.0,0.0,0.0
1709,Quartz,1.0,284,19.015783725757565,1685.4859154929577,1305.3309859154929,1675,1289,1694,1316,26.8473107837219,16.95066540930869,0.8,0.0,0.0,0.0,0.0,0.0,0.0,1.0,0.0,0.0,0.0,0.0,0.0,0.0,0.0,0.0,0.0,0.0
1710,Quartz,1.0,270,18.5411616971131,1686.2259259259258,3935.8333333333335,1675,3927,1703,3947,24.97782195010228,16.947059962011465,0.7563025210084033,0.0,0.0,0.0,0.0,0.0,0.0,1.0,0.0,0.0,0.0,0.0,0.0,0.0,0.0,0.0,0.0,0.0
1711,Quartz,1.0,1009,35.84269382507095,1681.2200198216055,4029.293359762141,1653,4012,1706,4048,49.01163562373984,29.20589985143578,0.8156831042845594,0.0,0.0,0.0,0.0,0.0,0.0,1.0,0.0,0.0,0.0,0.0,0.0,0.0,0.0,0.0,0.0,0.0
1712,Quartz,1.0,477,24.64417299969047,1686.4968553459119,2359.733752620545,1678,2344,1695,2377,33.70321081419164,18.641691957518162,0.9408284023668639,0.0,0.0,0.0,0.0,0.0,0.0,1.0,0.0,0.0,0.0,0.0,0.0,0.0,0.0,0.0,0.0,0.0
1713,Quartz,1.0,1090,37.253605245148115,1690.551376146789,1122.0284403669725,1673,1093,1709,1146,51.1254776558882,30.192928467733886,0.8609794628751974,0.0,0.0,0.0,0.0,0.0,0.0,1.0,0.0,0.0,0.0,0.0,0.0,0.0,0.0,0.0,0.0,0.0
1714,Quartz,1.0,1115,37.67840352748118,1694.5273542600896,1525.077130044843,1668,1509,1723,1544,54.3690173198672,28.443061220930588,0.8440575321725965,0.0,0.0,0.0,0.0,0.0,0.0,1.0,0.0,0.0,0.0,0.0,0.0,0.0,0.0,0.0,0.0,0.0
1716,Orthoclase,1.0,1025,36.12575996921783,1688.9834146341464,665.0156097560975,1666,648,1715,684,47.459314846089846,28.718843357392966,0.8723404255319149,0.0,0.0,0.0,0.0,0.0,0.0,0.0,0.0,1.0,0.0,0.0,0.0,0.0,0.0,0.0,0.0,0.0
1717,Orthoclase,1.0,591,27.431452220735256,1688.4297800338409,4389.252115059222,1678,4371,1705,4409,34.73465443603566,23.23153038334929,0.9120370370370371,0.0,0.0,0.0,0.0,0.0,0.0,0.0,0.0,1.0,0.0,0.0,0.0,0.0,0.0,0.0,0.0,0.0
1718,Quartz,1.0,1563,44.610238829455504,1692.342930262316,2823.3198976327576,1678,2789,1713,2857,66.1746364325124,34.493185420296484,0.8587912087912087,0.0,0.0,0.0,0.0,0.0,0.0,1.0,0.0,0.0,0.0,0.0,0.0,0.0,0.0,0.0,0.0,0.0
1719,Quartz,1.0,174,14.884343478431232,1694.2988505747126,3084.948275862069,1687,3077,1705,3095,18.530183811348007,13.530282371608328,0.8246445497630331,0.0,0.0,0.0,0.0,0.0,0.0,1.0,0.0,0.0,0.0,0.0,0.0,0.0,0.0,0.0,0.0,0.0
1720,Quartz,1.0,593,27.47782833536798,1695.8920741989882,4301.8718381112985,1684,4287,1711,4324,34.02990178556454,24.173464934347354,0.839943342776204,0.0,0.0,0.0,0.0,0.0,0.0,1.0,0.0,0.0,0.0,0.0,0.0,0.0,0.0,0.0,0.0,0.0
1721,Rutile,1.0,101,11.340070282773887,1692.148514851485,1812.4950495049504,1688,1802,1698,1823,21.934300261567984,8.049260778589968,0.6778523489932886,0.0,0.0,1.0,0.0,0.0,0.0,0.0,0.0,0.0,0.0,0.0,0.0,0.0,0.0,0.0,0.0,0.0
1722,Quartz,1.0,2476,56.14749426968458,1696.4830371567043,1919.0306946688206,1673,1885,1723,1959,74.44613183038855,44.295409930297076,0.907624633431085,0.0,0.0,0.0,0.0,0.0,0.0,1.0,0.0,0.0,0.0,0.0,0.0,0.0,0.0,0.0,0.0,0.0
1723,Quartz,1.0,436,23.56124872549269,1693.834862385321,2019.1399082568807,1683,2002,1711,2039,44.3311325304108,15.912065644900059,0.6556390977443609,0.0,0.0,0.0,0.0,0.0,0.0,1.0,0.0,0.0,0.0,0.0,0.0,0.0,0.0,0.0,0.0,0.0
1724,Quartz,1.0,200,15.957691216057308,1701.085,297.76,1693,279,1713,309,28.093799364005488,12.757007380063907,0.6430868167202572,0.0,0.0,0.0,0.0,0.0,0.0,1.0,0.0,0.0,0.0,0.0,0.0,0.0,0.0,0.0,0.0,0.0
1725,Quartz,1.0,1252,39.926130666625134,1699.0535143769969,700.8482428115016,1676,681,1719,725,47.180472054048415,37.47907955099009,0.863448275862069,0.0,0.0,0.0,0.0,0.0,0.0,1.0,0.0,0.0,0.0,0.0,0.0,0.0,0.0,0.0,0.0,0.0
1726,Rutile,1.0,113,11.994835078277376,1701.2566371681417,1809.7079646017698,1694,1801,1710,1822,22.916174308165953,13.795169600776449,0.5280373831775701,0.0,0.0,1.0,0.0,0.0,0.0,0.0,0.0,0.0,0.0,0.0,0.0,0.0,0.0,0.0,0.0,0.0
1728,Orthoclase,1.0,582,27.221781995965376,1704.2371134020618,4402.524054982818,1687,4387,1724,4417,34.46191492314297,24.031270494275844,0.8967642526964561,0.0,0.0,0.0,0.0,0.0,0.0,0.0,0.0,1.0,0.0,0.0,0.0,0.0,0.0,0.0,0.0,0.0
1729,Quartz,1.0,1046,36.493952427669164,1697.218929254302,2170.0898661567876,1683,2146,1717,2197,45.675191491702506,33.33211554437036,0.8449111470113085,0.0,0.0,0.0,0.0,0.0,0.0,1.0,0.0,0.0,0.0,0.0,0.0,0.0,0.0,0.0,0.0,0.0
1730,Quartz,1.0,818,32.27243324562564,1703.7078239608802,1328.6088019559902,1688,1299,1720,1354,61.18760913959358,20.538423405821536,0.7790476190476191,0.0,0.0,0.0,0.0,0.0,0.0,1.0,0.0,0.0,0.0,0.0,0.0,0.0,0.0,0.0,0.0,0.0
1731,Quartz,1.0,1499,43.687367482580235,1699.168779186124,1860.4062708472316,1681,1833,1720,1887,53.28147986166888,36.855584692728286,0.8807285546415982,0.0,0.0,0.0,0.0,0.0,0.0,1.0,0.0,0.0,0.0,0.0,0.0,0.0,0.0,0.0,0.0,0.0
1732,Quartz,1.0,666,29.120053859730724,1696.4234234234234,2325.7132132132133,1676,2312,1720,2341,42.40272268995711,22.775281611040942,0.8062953995157385,0.0,0.0,0.0,0.0,0.0,0.0,1.0,0.0,0.0,0.0,0.0,0.0,0.0,0.0,0.0,0.0,0.0
1733,Quartz,1.0,1132,37.96455142155909,1710.4001766784452,4356.313604240283,1686,4333,1747,4373,61.178553746084525,31.836418950060835,0.7653820148749155,0.0,0.0,0.0,0.0,0.0,0.0,1.0,0.0,0.0,0.0,0.0,0.0,0.0,0.0,0.0,0.0,0.0
1734,Quartz,1.0,1199,39.07191080734931,1709.442869057548,1250.860717264387,1682,1228,1738,1277,59.23765248294763,30.251309836758562,0.8156462585034013,0.0,0.0,0.0,0.0,0.0,0.0,1.0,0.0,0.0,0.0,0.0,0.0,0.0,0.0,0.0,0.0,0.0
1735,Quartz,1.0,781,31.534109856442154,1709.0358514724712,2357.897567221511,1695,2343,1733,2373,36.72685081517807,29.23085599347263,0.9286563614744352,0.0,0.0,0.0,0.0,0.0,0.0,1.0,0.0,0.0,0.0,0.0,0.0,0.0,0.0,0.0,0.0,0.0
1736,Quartz,1.0,549,26.438769072322643,1698.3315118397086,4532.566484517304,1680,4520,1718,4546,38.148828657318504,20.998999166609334,0.7489768076398363,0.0,0.0,0.0,0.0,0.0,0.0,1.0,0.0,0.0,0.0,0.0,0.0,0.0,0.0,0.0,0.0,0.0
1737,Quartz,1.0,844,32.78130832893156,1704.7855450236966,1164.6872037914693,1691,1144,1720,1184,40.17448799332867,27.869588000748493,0.8940677966101694,0.0,0.0,0.0,0.0,0.0,0.0,1.0,0.0,0.0,0.0,0.0,0.0,0.0,0.0,0.0,0.0,0.0
1738,Quartz,1.0,458,24.148368712786887,1708.0545851528384,4577.384279475982,1695,4561,1721,4596,33.63324123675319,20.462382322632056,0.8178571428571428,0.0,0.0,0.0,0.0,0.0,0.0,1.0,0.0,0.0,0.0,0.0,0.0,0.0,0.0,0.0,0.0,0.0
1739,Quartz,1.0,1842,48.42837227702548,1705.3333333333333,382.614549402823,1680,345,1730,422,76.79168793865662,36.12978887685712,0.8143236074270557,0.0,0.0,0.0,0.0,0.0,0.0,1.0,0.0,0.0,0.0,0.0,0.0,0.0,0.0,0.0,0.0,0.0
1740,Quartz,1.0,274,18.677998695187732,1711.9306569343066,4267.105839416058,1700,4259,1724,4277,23.593125337192557,15.550678384130196,0.8589341692789969,0.0,0.0,0.0,0.0,0.0,0.0,1.0,0.0,0.0,0.0,0.0,0.0,0.0,0.0,0.0,0.0,0.0
1741,Quartz,1.0,5790,85.86068345882528,1709.890500863558,143.0392055267703,1660,99,1761,187,99.5479488342405,75.69501448123624,0.924772400574988,0.0,0.0,0.0,0.0,0.0,0.0,1.0,0.0,0.0,0.0,0.0,0.0,0.0,0.0,0.0,0.0,0.0
1742,Quartz,1.0,1700,46.52426491681278,1713.560588235294,230.0194117647059,1685,204,1745,257,65.17655853546624,34.62754319290858,0.8952080042127436,0.0,0.0,0.0,0.0,0.0,0.0,1.0,0.0,0.0,0.0,0.0,0.0,0.0,0.0,0.0,0.0,0.0
1744,Quartz,0.9883769198837692,4818,78.32284549564076,1716.9630552096305,516.4738480697384,1661,475,1778,566,130.7825843487218,50.21204428966496,0.8465998945703743,0.0,0.0,0.0,0.0,0.0,0.0,0.9883769198837692,0.0,0.0,0.0,0.0,0.0,0.0,0.0,0.0,0.0,0.011623080116230802
1746,Quartz,1.0,978,35.28779214899948,1714.6216768916156,748.2269938650306,1684,729,1741,768,60.42153623405395,22.130602510797313,0.8267117497886729,0.0,0.0,0.0,0.0,0.0,0.0,1.0,0.0,0.0,0.0,0.0,0.0,0.0,0.0,0.0,0.0,0.0
1747,Quartz,1.0,583,27.245158369526866,1719.6535162950258,283.3344768439108,1701,269,1738,299,36.3765449833463,23.121577522678404,0.8611521418020679,0.0,0.0,0.0,0.0,0.0,0.0,1.0,0.0,0.0,0.0,0.0,0.0,0.0,0.0,0.0,0.0,0.0
1748,Quartz,1.0,845,32.80072278626208,1716.585798816568,3201.6899408284025,1699,3179,1734,3225,51.96444351044094,22.013238118356252,0.8333333333333334,0.0,0.0,0.0,0.0,0.0,0.0,1.0,0.0,0.0,0.0,0.0,0.0,0.0,0.0,0.0,0.0,0.0
1749,Quartz,1.0,2135,52.137955732935794,1724.32037470726,3709.594847775176,1703,3668,1745,3760,95.0020567250355,30.417525400029906,0.863673139158576,0.0,0.0,0.0,0.0,0.0,0.0,1.0,0.0,0.0,0.0,0.0,0.0,0.0,0.0,0.0,0.0,0.0
1750,Quartz,1.0,3494,66.69856797041942,1715.3030910131654,1462.4596451058958,1684,1420,1751,1506,86.26523556294643,54.84743239704186,0.8863521055301877,0.0,0.0,0.0,0.0,0.0,0.0,1.0,0.0,0.0,0.0,0.0,0.0,0.0,0.0,0.0,0.0,0.0
1751,Quartz,1.0,1506,43.78925386862803,1718.4814077025233,2614.6195219123506,1696,2593,1741,2638,52.28887109959529,37.6684849834898,0.9072289156626506,0.0,0.0,0.0,0.0,0.0,0.0,1.0,0.0,0.0,0.0,0.0,0.0,0.0,0.0,0.0,0.0,0.0
1752,Quartz,1.0,194,15.716503163191918,1719.4484536082475,3952.3762886597938,1708,3943,1729,3965,24.78783158091831,12.67344575411212,0.7054545454545454,0.0,0.0,0.0,0.0,0.0,0.0,1.0,0.0,0.0,0.0,0.0,0.0,0.0,0.0,0.0,0.0,0.0
1753,Quartz,1.0,316,20.0585068271871,1722.392405063291,4445.797468354431,1709,4439,1735,4456,27.02308927865091,15.754435987136077,0.9186046511627907,0.0,0.0,0.0,0.0,0.0,0.0,1.0,0.0,0.0,0.0,0.0,0.0,0.0,0.0,0.0,0.0,0.0
1754,Orthoclase,1.0,495,25.104851615652017,1727.2,881.8909090909091,1716,865,1742,902,38.41310718033042,19.93197410218355,0.7580398162327718,0.0,0.0,0.0,0.0,0.0,0.0,0.0,0.0,1.0,0.0,0.0,0.0,0.0,0.0,0.0,0.0,0.0
1755,Quartz,1.0,453,24.016192740836935,1724.9492273730684,4426.6644591611475,1709,4416,1742,4436,31.64994557690242,19.087954225936183,0.8952569169960475,0.0,0.0,0.0,0.0,0.0,0.0,1.0,0.0,0.0,0.0,0.0,0.0,0.0,0.0,0.0,0.0,0.0
1757,Quartz,1.0,554,26.558891313141824,1723.7707581227437,4135.2129963898915,1707,4122,1742,4145,33.97676100925802,22.02391231604369,0.9067103109656302,0.0,0.0,0.0,0.0,0.0,0.0,1.0,0.0,0.0,0.0,0.0,0.0,0.0,0.0,0.0,0.0,0.0
1758,Quartz,1.0,1584,44.90892382211466,1725.469696969697,2663.8238636363635,1700,2640,1751,2693,53.53672666405982,41.911218613449094,0.8114754098360656,0.0,0.0,0.0,0.0,0.0,0.0,1.0,0.0,0.0,0.0,0.0,0.0,0.0,0.0,0.0,0.0,0.0
1759,Quartz,1.0,1343,41.351671170332686,1729.464631422189,4025.6909903201786,1706,4002,1754,4052,46.42869323102024,41.56279607011221,0.8149271844660194,0.0,0.0,0.0,0.0,0.0,0.0,1.0,0.0,0.0,0.0,0.0,0.0,0.0,0.0,0.0,0.0,0.0
1760,Quartz,1.0,2662,58.2182417124135,1731.935011269722,4095.444027047333,1692,4070,1775,4122,76.86934845211579,46.0884214227033,0.8595414917662254,0.0,0.0,0.0,0.0,0.0,0.0,1.0,0.0,0.0,0.0,0.0,0.0,0.0,0.0,0.0,0.0,0.0
1761,Orthoclase,1.0,756,31.025297674958463,1728.9431216931216,1961.6944444444443,1710,1947,1748,1982,35.91706899437624,30.772342841300652,0.8307692307692308,0.0,0.0,0.0,0.0,0.0,0.0,0.0,0.0,1.0,0.0,0.0,0.0,0.0,0.0,0.0,0.0,0.0
1762,Quartz,1.0,434,23.507147049675353,1730.6198156682028,2509.8317972350233,1710,2500,1748,2524,38.02119356602231,16.52233574207844,0.7833935018050542,0.0,0.0,0.0,0.0,0.0,0.0,1.0,0.0,0.0,0.0,0.0,0.0,0.0,0.0,0.0,0.0,0.0
1763,Quartz,1.0,1991,50.348981455116935,1732.355600200904,2063.171270718232,1708,2041,1763,2094,55.716173671018005,48.29995803517877,0.9091324200913242,0.0,0.0,0.0,0.0,0.0,0.0,1.0,0.0,0.0,0.0,0.0,0.0,0.0,0.0,0.0,0.0,0.0
1764,Quartz,1.0,1185,38.8431314457417,1734.5873417721518,2163.513924050633,1714,2141,1761,2188,51.04930419936438,32.09269810449939,0.891647855530474,0.0,0.0,0.0,0.0,0.0,0.0,1.0,0.0,0.0,0.0,0.0,0.0,0.0,0.0,0.0,0.0,0.0
1765,Quartz,1.0,803,31.975167777860612,1739.0809464508095,2856.881693648817,1728,2835,1753,2880,48.728049159792576,22.489253051979205,0.8177189409368636,0.0,0.0,0.0,0.0,0.0,0.0,1.0,0.0,0.0,0.0,0.0,0.0,0.0,0.0,0.0,0.0,0.0
1766,Quartz,1.0,353,21.200319792199185,1746.971671388102,1330.960339943343,1730,1322,1764,1341,37.76440562185304,12.509884633782535,0.8424821002386634,0.0,0.0,0.0,0.0,0.0,0.0,1.0,0.0,0.0,0.0,0.0,0.0,0.0,0.0,0.0,0.0,0.0
1767,Quartz,1.0,138,13.255453865237978,1738.9927536231885,3053.057971014493,1734,3038,1745,3069,33.28861432244739,6.851567769349431,0.6133333333333333,0.0,0.0,0.0,0.0,0.0,0.0,1.0,0.0,0.0,0.0,0.0,0.0,0.0,0.0,0.0,0.0,0.0
1768,Quartz,1.0,3283,64.65327080175867,1735.6533658239416,3546.5607675906185,1708,3511,1771,3597,85.72639700872507,53.955278117765324,0.8485396743344533,0.0,0.0,0.0,0.0,0.0,0.0,1.0,0.0,0.0,0.0,0.0,0.0,0.0,0.0,0.0,0.0,0.0
1769,Quartz,1.0,709,30.045412914740087,1743.4386459802538,1932.0620592383639,1726,1914,1764,1950,44.37326535799213,21.55538845058147,0.8731527093596059,0.0,0.0,0.0,0.0,0.0,0.0,1.0,0.0,0.0,0.0,0.0,0.0,0.0,0.0,0.0,0.0,0.0
1770,Quartz,1.0,798,31.875463238965796,1735.0877192982457,3208.3020050125315,1713,3182,1751,3235,63.753188956815976,19.77248029095291,0.7093333333333334,0.0,0.0,0.0,0.0,0.0,0.0,1.0,0.0,0.0,0.0,0.0,0.0,0.0,0.0,0.0,0.0,0.0
1771,Quartz,1.0,192,15.635280380893438,1741.2916666666667,4284.364583333333,1728,4278,1755,4290,24.815645096314007,11.016468485782134,0.897196261682243,0.0,0.0,0.0,0.0,0.0,0.0,1.0,0.0,0.0,0.0,0.0,0.0,0.0,0.0,0.0,0.0,0.0
1772,Quartz,1.0,256,18.0540666735282,1740.84765625,4594.90234375,1732,4582,1752,4606,23.66062740607818,15.488730902481715,0.8421052631578947,0.0,0.0,0.0,0.0,0.0,0.0,1.0,0.0,0.0,0.0,0.0,0.0,0.0,0.0,0.0,0.0,0.0
1773,Quartz,1.0,2093,51.62257613806866,1742.3100812231246,331.3091256569517,1719,295,1766,368,66.09906171201433,41.52724130327189,0.9029335634167386,0.0,0.0,0.0,0.0,0.0,0.0,1.0,0.0,0.0,0.0,0.0,0.0,0.0,0.0,0.0,0.0,0.0
1774,Quartz,1.0,565,26.821266613927218,1745.4,550.8106194690265,1731,526,1769,579,58.75242114378959,16.608763601836152,0.669431279620853,0.0,0.0,0.0,0.0,0.0,0.0,1.0,0.0,0.0,0.0,0.0,0.0,0.0,0.0,0.0,0.0,0.0
1775,Quartz,1.0,4300,73.99277020331918,1750.26,1081.4786046511629,1705,1046,1800,1114,90.78977140657739,63.13739996597793,0.8793456032719836,0.0,0.0,0.0,0.0,0.0,0.0,1.0,0.0,0.0,0.0,0.0,0.0,0.0,0.0,0.0,0.0,0.0
1776,Orthoclase,1.0,2312,54.25615013459485,1748.7534602076125,1138.6976643598616,1710,1114,1785,1162,72.97187609021452,41.84200432006839,0.8688462983840661,0.0,0.0,0.0,0.0,0.0,0.0,0.0,0.0,1.0,0.0,0.0,0.0,0.0,0.0,0.0,0.0,0.0
1777,Quartz,1.0,3913,70.58460411838188,1743.6774853053923,666.5637618195758,1712,624,1778,716,91.4020708962141,57.9095906228094,0.8875028351100023,0.0,0.0,0.0,0.0,0.0,0.0,1.0,0.0,0.0,0.0,0.0,0.0,0.0,0.0,0.0,0.0,0.0
1778,Unknown,1.0,259,18.159544104586082,1747.976833976834,2445.262548262548,1739,2436,1758,2456,18.751346879166295,17.757303573087032,0.9217081850533808,0.0,0.0,0.0,0.0,0.0,0.0,0.0,0.0,0.0,0.0,0.0,0.0,0.0,0.0,0.0,0.0,1.0
1779,Quartz,1.0,1742,47.09546991939515,1750.1458094144662,1272.8220436280137,1724,1247,1776,1302,50.71196440623899,45.275895909507376,0.8666666666666667,0.0,0.0,0.0,0.0,0.0,0.0,1.0,0.0,0.0,0.0,0.0,0.0,0.0,0.0,0.0,0.0,0.0
1780,Quartz,1.0,7934,100.50812180082156,1742.5165112175448,3116.789387446433,1667,3072,1802,3162,132.24358699197774,81.93607306278601,0.8896613590491141,0.0,0.0,0.0,0.0,0.0,0.0,1.0,0.0,0.0,0.0,0.0,0.0,0.0,0.0,0.0,0.0,0.0
1781,Quartz,1.0,3226,64.0895527470401,1739.5468071915684,809.9327340359579,1705,775,1777,853,86.06267368945001,51.538755120605266,0.8584353379457158,0.0,0.0,0.0,0.0,0.0,0.0,1.0,0.0,0.0,0.0,0.0,0.0,0.0,0.0,0.0,0.0,0.0
1782,Quartz,1.0,2414,55.440060073837245,1749.1955260977631,2538.039353769677,1710,2506,1787,2569,80.2329512786967,49.89130467203063,0.7123045146060785,0.0,0.0,0.0,0.0,0.0,0.0,1.0,0.0,0.0,0.0,0.0,0.0,0.0,0.0,0.0,0.0,0.0
1783,Orthoclase,1.0,709,30.045412914740087,1748.8406205923836,4389.399153737659,1730,4372,1768,4408,41.8827967110635,23.148715681325925,0.8818407960199005,0.0,0.0,0.0,0.0,0.0,0.0,0.0,0.0,1.0,0.0,0.0,0.0,0.0,0.0,0.0,0.0,0.0
1784,Quartz,1.0,1287,40.48035689163516,1757.4110334110335,2182.377622377622,1728,2158,1780,2207,50.43746128561048,36.87936884047194,0.8395303326810176,0.0,0.0,0.0,0.0,0.0,0.0,1.0,0.0,0.0,0.0,0.0,0.0,0.0,0.0,0.0,0.0,0.0
1785,Quartz,1.0,140,13.351162356249091,1755.8857142857144,1170.9785714285715,1750,1163,1765,1184,23.502642838054626,10.34177500427681,0.7329842931937173,0.0,0.0,0.0,0.0,0.0,0.0,1.0,0.0,0.0,0.0,0.0,0.0,0.0,0.0,0.0,0.0,0.0
1787,Quartz,1.0,483,24.798683434954437,1755.0848861283644,4436.188405797101,1740,4423,1772,4451,27.22941278973909,23.94273841328199,0.8158783783783784,0.0,0.0,0.0,0.0,0.0,0.0,1.0,0.0,0.0,0.0,0.0,0.0,0.0,0.0,0.0,0.0,0.0
1788,Orthoclase,1.0,657,28.92262748940701,1756.882800608828,885.5601217656013,1745,865,1775,903,39.216521380962405,22.499178322706342,0.8690476190476191,0.0,0.0,0.0,0.0,0.0,0.0,0.0,0.0,1.0,0.0,0.0,0.0,0.0,0.0,0.0,0.0,0.0
1789,Quartz,1.0,2177,52.648290465013666,1767.4345429490124,928.3495636196601,1733,901,1806,954,69.58510007231736,45.85480128847658,0.7971439033321128,0.0,0.0,0.0,0.0,0.0,0.0,1.0,0.0,0.0,0.0,0.0,0.0,0.0,0.0,0.0,0.0,0.0
1790,Quartz,1.0,352,21.17026971360491,1760.5795454545455,1234.190340909091,1747,1224,1781,1245,35.27914121458409,14.267617785351295,0.8481927710843373,0.0,0.0,0.0,0.0,0.0,0.0,1.0,0.0,0.0,0.0,0.0,0.0,0.0,0.0,0.0,0.0,0.0
1791,Quartz,1.0,888,33.62494186946387,1764.9132882882882,2110.34009009009,1744,2089,1784,2126,44.074712819810784,29.016431746693183,0.8117001828153565,0.0,0.0,0.0,0.0,0.0,0.0,1.0,0.0,0.0,0.0,0.0,0.0,0.0,0.0,0.0,0.0,0.0
1792,Quartz,1.0,1629,45.54236728995958,1755.742786985881,2804.5911602209944,1725,2783,1787,2828,62.02897605712064,34.95640213580551,0.8537735849056604,0.0,0.0,0.0,0.0,0.0,0.0,1.0,0.0,0.0,0.0,0.0,0.0,0.0,0.0,0.0,0.0,0.0
1793,Quartz,1.0,771,31.331576548121713,1761.0181582360572,3053.450064850843,1745,3032,1781,3072,42.63760937939638,26.680158517190502,0.7485436893203884,0.0,0.0,0.0,0.0,0.0,0.0,1.0,0.0,0.0,0.0,0.0,0.0,0.0,0.0,0.0,0.0,0.0
1794,Quartz,1.0,733,30.549706811864404,1761.0709413369714,4630.896316507504,1746,4612,1777,4657,42.91775984797529,24.4874663705858,0.7732067510548524,0.0,0.0,0.0,0.0,0.0,0.0,1.0,0.0,0.0,0.0,0.0,0.0,0.0,0.0,0.0,0.0,0.0
1795,Quartz,1.0,591,27.431452220735256,1762.3840947546532,4039.741116751269,1751,4017,1774,4060,41.084014475321936,19.14061161239252,0.8242677824267782,0.0,0.0,0.0,0.0,0.0,0.0,1.0,0.0,0.0,0.0,0.0,0.0,0.0,0.0,0.0,0.0,0.0
1796,Quartz,1.0,2254,53.571279001280686,1764.76264418811,2294.6916592724046,1731,2265,1797,2326,64.78389680917715,50.439412464141625,0.7928244811818501,0.0,0.0,0.0,0.0,0.0,0.0,1.0,0.0,0.0,0.0,0.0,0.0,0.0,0.0,0.0,0.0,0.0
1797,Quartz,1.0,355,21.260292528114064,1764.081690140845,273.5239436619718,1751,258,1774,293,35.98821253274128,15.079141247870478,0.7751091703056768,0.0,0.0,0.0,0.0,0.0,0.0,1.0,0.0,0.0,0.0,0.0,0.0,0.0,0.0,0.0,0.0,0.0
1798,Quartz,1.0,1160,38.43120960746342,1754.433620689655,2722.963793103448,1719,2699,1787,2748,73.07808372012346,23.975248699169214,0.755700325732899,0.0,0.0,0.0,0.0,0.0,0.0,1.0,0.0,0.0,0.0,0.0,0.0,0.0,0.0,0.0,0.0,0.0
1799,Quartz,1.0,456,24.095585330081406,1768.8815789473683,1979.298245614035,1757,1965,1785,1994,27.781744941072393,23.989779496643752,0.7689713322091062,0.0,0.0,0.0,0.0,0.0,0.0,1.0,0.0,0.0,0.0,0.0,0.0,0.0,0.0,0.0,0.0,0.0
1800,Quartz,1.0,309,19.83509564693766,1768.7184466019417,2018.7928802588997,1760,2008,1780,2031,23.733425711515345,19.581367769411663,0.8025974025974026,0.0,0.0,0.0,0.0,0.0,0.0,1.0,0.0,0.0,0.0,0.0,0.0,0.0,0.0,0.0,0.0,0.0
1801,Quartz,1.0,210,16.351767622932517,1767.4380952380952,4257.604761904762,1758,4245,1777,4266,18.45982439022123,15.965076938998271,0.84,0.0,0.0,0.0,0.0,0.0,0.0,1.0,0.0,0.0,0.0,0.0,0.0,0.0,0.0,0.0,0.0,0.0
1802,Quartz,1.0,112,11.941642642883693,1770.75,1655.5267857142858,1764,1649,1778,1665,18.537344746158734,8.497794597856984,0.8057553956834532,0.0,0.0,0.0,0.0,0.0,0.0,1.0,0.0,0.0,0.0,0.0,0.0,0.0,0.0,0.0,0.0,0.0
1803,Quartz,1.0,458,24.148368712786887,1764.8034934497816,4172.768558951965,1746,4163,1781,4188,36.06402901627468,18.053487248570516,0.7896551724137931,0.0,0.0,0.0,0.0,0.0,0.0,1.0,0.0,0.0,0.0,0.0,0.0,0.0,0.0,0.0,0.0,0.0
1804,Quartz,1.0,319,20.153496341094687,1774.2633228840125,4276.078369905956,1763,4263,1783,4292,31.599236017660026,14.488294744711569,0.843915343915344,0.0,0.0,0.0,0.0,0.0,0.0,1.0,0.0,0.0,0.0,0.0,0.0,0.0,0.0,0.0,0.0,0.0
1805,Quartz,1.0,726,30.403485153477522,1771.250688705234,1951.0192837465565,1758,1929,1786,1969,41.047552251519924,24.10797430598967,0.8810679611650486,0.0,0.0,0.0,0.0,0.0,0.0,1.0,0.0,0.0,0.0,0.0,0.0,0.0,0.0,0.0,0.0,0.0
1806,Quartz,1.0,1708,46.63360529068772,1754.730093676815,440.8430913348946,1710,415,1794,468,98.44891779407375,24.32013297107702,0.7962703962703963,0.0,0.0,0.0,0.0,0.0,0.0,1.0,0.0,0.0,0.0,0.0,0.0,0.0,0.0,0.0,0.0,0.0
1807,Quartz,1.0,671,29.229158977248975,1766.1162444113263,3360.6706408345754,1746,3348,1788,3374,40.53924363664249,21.998936388334926,0.8817345597897503,0.0,0.0,0.0,0.0,0.0,0.0,1.0,0.0,0.0,0.0,0.0,0.0,0.0,0.0,0.0,0.0,0.0
1808,Quartz,1.0,3666,68.32053989101013,1775.4233496999454,586.0302782324059,1744,539,1810,625,82.89138465688046,58.962365307335496,0.9051851851851852,0.0,0.0,0.0,0.0,0.0,0.0,1.0,0.0,0.0,0.0,0.0,0.0,0.0,0.0,0.0,0.0,0.0
1809,Quartz,1.0,6262,89.29180269840893,1773.0384861066752,2901.217342702012,1733,2837,1808,2977,132.6280441640434,64.99063914161708,0.8150462059091501,0.0,0.0,0.0,0.0,0.0,0.0,1.0,0.0,0.0,0.0,0.0,0.0,0.0,0.0,0.0,0.0,0.0
1810,Quartz,1.0,4333,74.27615328850479,1772.6374336487422,1009.5748903761828,1735,963,1819,1045,81.94103404290756,74.04454181880918,0.8633193863319386,0.0,0.0,0.0,0.0,0.0,0.0,1.0,0.0,0.0,0.0,0.0,0.0,0.0,0.0,0.0,0.0,0.0
1811,Quartz,1.0,2707,58.70825706489749,1778.3468784632435,1892.702253417067,1741,1859,1817,1918,69.88412154448207,52.77286479774552,0.8788961038961038,0.0,0.0,0.0,0.0,0.0,0.0,1.0,0.0,0.0,0.0,0.0,0.0,0.0,0.0,0.0,0.0,0.0
1812,Quartz,1.0,1761,47.35160861342117,1771.8523566155593,2232.9608177172063,1750,2207,1796,2261,56.34292194742268,41.35422169477492,0.9049331963001028,0.0,0.0,0.0,0.0,0.0,0.0,1.0,0.0,0.0,0.0,0.0,0.0,0.0,0.0,0.0,0.0,0.0
1813,Quartz,1.0,1637,45.654059345598846,1776.9205864386072,185.8100183262065,1756,152,1795,219,69.48121333769906,30.83838115768885,0.9034216335540839,0.0,0.0,0.0,0.0,0.0,0.0,1.0,0.0,0.0,0.0,0.0,0.0,0.0,0.0,0.0,0.0,0.0
1814,Quartz,1.0,3325,65.06551687525749,1762.4947368421053,1411.1344360902256,1738,1361,1798,1457,94.2411178003799,47.656846683921174,0.8731617647058824,0.0,0.0,0.0,0.0,0.0,0.0,1.0,0.0,0.0,0.0,0.0,0.0,0.0,0.0,0.0,0.0,0.0
1815,Quartz,1.0,1659,45.95981293168669,1779.1199517781797,3317.6546112115734,1752,3295,1807,3343,58.463327544076655,38.76432867517955,0.8468606431852986,0.0,0.0,0.0,0.0,0.0,0.0,1.0,0.0,0.0,0.0,0.0,0.0,0.0,0.0,0.0,0.0,0.0
1816,Quartz,1.0,838,32.66457926390705,1774.7983293556085,768.3484486873508,1746,755,1798,785,53.12471644241319,21.74382703259231,0.8338308457711443,0.0,0.0,0.0,0.0,0.0,0.0,1.0,0.0,0.0,0.0,0.0,0.0,0.0,0.0,0.0,0.0,0.0
1818,Orthoclase,1.0,147,13.680870333281758,1778.2925170068027,133.57142857142858,1767,127,1790,144,23.07393223105753,11.612512327158116,0.6533333333333333,0.0,0.0,0.0,0.0,0.0,0.0,0.0,0.0,1.0,0.0,0.0,0.0,0.0,0.0,0.0,0.0,0.0
1819,Quartz,1.0,364,21.528102431092233,1781.3873626373627,2040.9395604395604,1771,2030,1796,2055,26.034023213137115,20.341887063573164,0.8125,0.0,0.0,0.0,0.0,0.0,0.0,1.0,0.0,0.0,0.0,0.0,0.0,0.0,0.0,0.0,0.0,0.0
1820,Quartz,1.0,5586,84.33454865528492,1785.4928392409595,3713.2567132116005,1745,3654,1826,3767,115.96838899508859,63.841105442115385,0.8684701492537313,0.0,0.0,0.0,0.0,0.0,0.0,1.0,0.0,0.0,0.0,0.0,0.0,0.0,0.0,0.0,0.0,0.0
1821,Quartz,1.0,178,15.054455784347004,1783.747191011236,2012.3314606741574,1778,2004,1793,2024,20.40269072453424,11.83430934957789,0.8682926829268293,0.0,0.0,0.0,0.0,0.0,0.0,1.0,0.0,0.0,0.0,0.0,0.0,0.0,0.0,0.0,0.0,0.0
1822,Quartz,1.0,103,11.451797811161432,1788.116504854369,2162.5922330097087,1777,2157,1804,2171,30.166863383921108,5.561245991557203,0.7006802721088435,0.0,0.0,0.0,0.0,0.0,0.0,1.0,0.0,0.0,0.0,0.0,0.0,0.0,0.0,0.0,0.0,0.0
1823,Quartz,1.0,404,22.680140565547774,1774.0247524752476,3264.2524752475247,1762,3252,1787,3276,24.26526211270867,23.661579024407434,0.7984189723320159,0.0,0.0,0.0,0.0,0.0,0.0,1.0,0.0,0.0,0.0,0.0,0.0,0.0,0.0,0.0,0.0,0.0
1824,Quartz,1.0,450,23.936536824085962,1784.108888888889,4240.682222222223,1768,4229,1799,4254,29.023644149295528,22.321698048129182,0.819672131147541,0.0,0.0,0.0,0.0,0.0,0.0,1.0,0.0,0.0,0.0,0.0,0.0,0.0,0.0,0.0,0.0,0.0
1825,Quartz,1.0,245,17.66192765414112,1792.3877551020407,4548.616326530612,1781,4533,1801,4561,33.75300100208169,17.30419597204497,0.5917874396135265,0.0,0.0,0.0,0.0,0.0,0.0,1.0,0.0,0.0,0.0,0.0,0.0,0.0,0.0,0.0,0.0,0.0
1826,Quartz,1.0,201,15.99753570059363,1785.0298507462687,284.16915422885575,1779,272,1792,299,27.461892827304784,10.156939479718485,0.7913385826771654,0.0,0.0,0.0,0.0,0.0,0.0,1.0,0.0,0.0,0.0,0.0,0.0,0.0,0.0,0.0,0.0,0.0
1827,Quartz,1.0,337,20.71428798138497,1783.7418397626113,1262.427299703264,1769,1252,1798,1276,26.129953468314103,18.473587419315564,0.8179611650485437,0.0,0.0,0.0,0.0,0.0,0.0,1.0,0.0,0.0,0.0,0.0,0.0,0.0,0.0,0.0,0.0,0.0
1828,Quartz,1.0,252,17.91246396432554,1789.7777777777778,3265.8531746031745,1784,3255,1799,3277,24.03025673571386,14.16060823960443,0.9130434782608695,0.0,0.0,0.0,0.0,0.0,0.0,1.0,0.0,0.0,0.0,0.0,0.0,0.0,0.0,0.0,0.0,0.0
1829,Quartz,1.0,241,17.517155313611116,1786.3402489626556,1203.369294605809,1779,1192,1795,1215,22.732067578578555,13.69430869012913,0.9026217228464419,0.0,0.0,0.0,0.0,0.0,0.0,1.0,0.0,0.0,0.0,0.0,0.0,0.0,0.0,0.0,0.0,0.0
1830,Quartz,1.0,116,12.153015559492998,1786.7241379310344,3064.9827586206898,1781,3059,1793,3072,14.509585865503412,11.059770756609453,0.8592592592592593,0.0,0.0,0.0,0.0,0.0,0.0,1.0,0.0,0.0,0.0,0.0,0.0,0.0,0.0,0.0,0.0,0.0
1831,Quartz,1.0,14255,134.7220461179229,1782.980147316731,3900.116239915819,1716,3820,1843,3979,165.74480669035404,119.04976254421763,0.8563618887420401,0.0,0.0,0.0,0.0,0.0,0.0,1.0,0.0,0.0,0.0,0.0,0.0,0.0,0.0,0.0,0.0,0.0
1833,Unknown,1.0,535,26.099485750361293,1788.5514018691588,395.2598130841121,1777,381,1801,410,29.214040962103486,23.415721118175593,0.9402460456942003,0.0,0.0,0.0,0.0,0.0,0.0,0.0,0.0,0.0,0.0,0.0,0.0,0.0,0.0,0.0,0.0,1.0
1834,Orthoclase,1.0,221,16.774562271083887,1790.9321266968325,2593.4343891402714,1781,2582,1799,2603,20.467171634666265,15.282921342771573,0.8666666666666667,0.0,0.0,0.0,0.0,0.0,0.0,0.0,0.0,1.0,0.0,0.0,0.0,0.0,0.0,0.0,0.0,0.0
1835,Quartz,1.0,694,29.72588508432008,1785.8097982708935,3489.906340057637,1762,3476,1805,3504,40.846873380403565,25.0804108700095,0.8183962264150944,0.0,0.0,0.0,0.0,0.0,0.0,1.0,0.0,0.0,0.0,0.0,0.0,0.0,0.0,0.0,0.0,0.0
1836,Quartz,1.0,229,17.075475271404667,1793.3842794759826,1519.1921397379913,1786,1509,1801,1532,23.030456985135572,13.796655156636726,0.8481481481481481,0.0,0.0,0.0,0.0,0.0,0.0,1.0,0.0,0.0,0.0,0.0,0.0,0.0,0.0,0.0,0.0,0.0
1837,Quartz,1.0,3397,65.76621270428568,1793.0132469826317,86.50103032087135,1753,51,1840,121,87.99588037617349,52.486866615151136,0.9176121015667207,0.0,0.0,0.0,0.0,0.0,0.0,1.0,0.0,0.0,0.0,0.0,0.0,0.0,0.0,0.0,0.0,0.0
1838,Quartz,1.0,141,13.398760233979036,1794.6950354609928,2972.673758865248,1787,2967,1804,2981,15.866566482091123,12.295883102687487,0.8294117647058824,0.0,0.0,0.0,0.0,0.0,0.0,1.0,0.0,0.0,0.0,0.0,0.0,0.0,0.0,0.0,0.0,0.0
1839,Quartz,1.0,1328,41.12009381565534,1782.6001506024097,4131.411897590361,1748,4106,1811,4154,74.000844900558,24.303798396732233,0.8373266078184111,0.0,0.0,0.0,0.0,0.0,0.0,1.0,0.0,0.0,0.0,0.0,0.0,0.0,0.0,0.0,0.0,0.0
1840,Quartz,1.0,887,33.60600357347016,1794.23900789177,3445.3900789177,1774,3425,1814,3464,42.868356451316664,27.79765568437367,0.8704612365063789,0.0,0.0,0.0,0.0,0.0,0.0,1.0,0.0,0.0,0.0,0.0,0.0,0.0,0.0,0.0,0.0,0.0
1841,Quartz,1.0,600,27.63953195770684,1799.0166666666667,536.39,1785,519,1811,561,39.889233547737696,21.31691822308263,0.8875739644970414,0.0,0.0,0.0,0.0,0.0,0.0,1.0,0.0,0.0,0.0,0.0,0.0,0.0,0.0,0.0,0.0,0.0
1842,Quartz,1.0,1487,43.51215006203655,1800.509751176866,3029.9388029589777,1778,3000,1831,3054,61.290415546176895,35.115629667357815,0.8284122562674094,0.0,0.0,0.0,0.0,0.0,0.0,1.0,0.0,0.0,0.0,0.0,0.0,0.0,0.0,0.0,0.0,0.0
1843,Quartz,1.0,207,16.23454913941803,1797.816425120773,957.5072463768116,1790,947,1805,970,25.391838725053447,12.237169061749341,0.8149606299212598,0.0,0.0,0.0,0.0,0.0,0.0,1.0,0.0,0.0,0.0,0.0,0.0,0.0,0.0,0.0,0.0,0.0
1844,Quartz,1.0,5666,84.93630119371477,1800.7740910695377,1613.2064948817508,1753,1570,1854,1655,103.87066166855743,71.63314226493333,0.8931273644388399,0.0,0.0,0.0,0.0,0.0,0.0,1.0,0.0,0.0,0.0,0.0,0.0,0.0,0.0,0.0,0.0,0.0
1845,Quartz,1.0,10411,115.1333874262274,1813.1582941119968,1708.469023148593,1754,1650,1883,1783,136.38847975392414,105.03570808090927,0.8667887769544584,0.0,0.0,0.0,0.0,0.0,0.0,1.0,0.0,0.0,0.0,0.0,0.0,0.0,0.0,0.0,0.0,0.0
1846,Quartz,1.0,2908,60.84883397477599,1812.794704264099,215.6045392022008,1786,176,1838,253,78.08404270467027,48.55527696906706,0.8972539339709966,0.0,0.0,0.0,0.0,0.0,0.0,1.0,0.0,0.0,0.0,0.0,0.0,0.0,0.0,0.0,0.0,0.0
1847,Quartz,1.0,150,13.81976597885342,1807.98,3307.6133333333332,1800,3300,1817,3316,19.512753995465577,11.99557642360985,0.7009345794392523,0.0,0.0,0.0,0.0,0.0,0.0,1.0,0.0,0.0,0.0,0.0,0.0,0.0,0.0,0.0,0.0,0.0
1848,Quartz,1.0,1670,46.111929472835136,1818.7353293413173,4630.6832335329345,1792,4608,1848,4655,54.47221857746719,41.69585772695764,0.8577298407806883,0.0,0.0,0.0,0.0,0.0,0.0,1.0,0.0,0.0,0.0,0.0,0.0,0.0,0.0,0.0,0.0,0.0
1849,Quartz,1.0,1532,44.16563123667847,1811.012402088773,647.6599216710183,1785,623,1837,678,50.102282997377905,41.521609980578326,0.8896631823461092,0.0,0.0,0.0,0.0,0.0,0.0,1.0,0.0,0.0,0.0,0.0,0.0,0.0,0.0,0.0,0.0,0.0
1850,Quartz,1.0,182,15.222667215103916,1813.5494505494505,1369.1538461538462,1808,1360,1820,1383,23.27364475633142,10.883340863413773,0.8348623853211009,0.0,0.0,0.0,0.0,0.0,0.0,1.0,0.0,0.0,0.0,0.0,0.0,0.0,0.0,0.0,0.0,0.0
1851,Quartz,1.0,425,23.26213245840639,1810.8094117647058,3683.8376470588237,1802,3663,1821,3704,40.990160447024266,14.020122284778717,0.8317025440313112,0.0,0.0,0.0,0.0,0.0,0.0,1.0,0.0,0.0,0.0,0.0,0.0,0.0,0.0,0.0,0.0,0.0
1852,Orthoclase,1.0,365,21.557653718072718,1816.4082191780822,354.53972602739725,1800,342,1835,368,35.13343061328551,14.943266088752125,0.7620041753653445,0.0,0.0,0.0,0.0,0.0,0.0,0.0,0.0,1.0,0.0,0.0,0.0,0.0,0.0,0.0,0.0,0.0
1853,Quartz,1.0,529,25.95272084319679,1812.3421550094517,3630.111531190926,1797,3612,1834,3653,51.31666986899224,15.096095017045196,0.7779411764705882,0.0,0.0,0.0,0.0,0.0,0.0,1.0,0.0,0.0,0.0,0.0,0.0,0.0,0.0,0.0,0.0,0.0
1854,Quartz,1.0,1829,48.257176951419495,1811.3050847457628,4017.4559868780752,1788,3988,1836,4047,58.75735316882264,41.913546836341894,0.8948140900195695,0.0,0.0,0.0,0.0,0.0,0.0,1.0,0.0,0.0,0.0,0.0,0.0,0.0,0.0,0.0,0.0,0.0
1855,Quartz,1.0,401,22.595775212167435,1811.7481296758106,4243.516209476309,1796,4229,1825,4255,30.135000469857395,19.292205873258567,0.8183673469387756,0.0,0.0,0.0,0.0,0.0,0.0,1.0,0.0,0.0,0.0,0.0,0.0,0.0,0.0,0.0,0.0,0.0
1857,Quartz,1.0,1189,38.90863424344407,1816.2481076534903,2013.4726661059715,1796,1982,1836,2039,55.526923158897986,29.30055549650487,0.8704245973645681,0.0,0.0,0.0,0.0,0.0,0.0,1.0,0.0,0.0,0.0,0.0,0.0,0.0,0.0,0.0,0.0,0.0
1858,Quartz,1.0,655,28.878571671769564,1817.6885496183206,2262.1236641221376,1804,2246,1833,2284,37.938830432048555,24.793920934344136,0.8386683738796414,0.0,0.0,0.0,0.0,0.0,0.0,1.0,0.0,0.0,0.0,0.0,0.0,0.0,0.0,0.0,0.0,0.0
1859,Quartz,1.0,598,27.59342761875783,1813.1772575250836,1278.163879598662,1796,1259,1826,1293,36.072999110550846,24.070415502002035,0.8555078683834049,0.0,0.0,0.0,0.0,0.0,0.0,1.0,0.0,0.0,0.0,0.0,0.0,0.0,0.0,0.0,0.0,0.0
1860,Quartz,1.0,296,19.413369239820483,1816.320945945946,2238.4054054054054,1801,2225,1829,2247,28.102621806452397,20.08811732552,0.6742596810933941,0.0,0.0,0.0,0.0,0.0,0.0,1.0,0.0,0.0,0.0,0.0,0.0,0.0,0.0,0.0,0.0,0.0
1861,Quartz,0.9543429844097996,898,33.813741454801715,1818.6603563474387,2627.889755011136,1800,2608,1838,2647,40.64314280454762,30.130397560044262,0.8568702290076335,0.0,0.0,0.0,0.0,0.0,0.0,0.9543429844097996,0.0,0.045657015590200446,0.0,0.0,0.0,0.0,0.0,0.0,0.0,0.0
1862,Orthoclase,1.0,806,32.03484154879717,1813.8064516129032,3529.6749379652606,1794,3507,1832,3553,41.470865523083546,30.841970880986427,0.7909715407262021,0.0,0.0,0.0,0.0,0.0,0.0,0.0,0.0,1.0,0.0,0.0,0.0,0.0,0.0,0.0,0.0,0.0
1863,Quartz,1.0,560,26.702324712498182,1819.6017857142858,3486.9553571428573,1804,3470,1832,3507,37.97696230599797,20.819869515966488,0.7898448519040903,0.0,0.0,0.0,0.0,0.0,0.0,1.0,0.0,0.0,0.0,0.0,0.0,0.0,0.0,0.0,0.0,0.0
1864,Quartz,1.0,2548,56.95800523179507,1817.6738618524332,3369.246075353218,1785,3326,1846,3397,66.1993281581569,55.85647032926028,0.8448275862068966,0.0,0.0,0.0,0.0,0.0,0.0,1.0,0.0,0.0,0.0,0.0,0.0,0.0,0.0,0.0,0.0,0.0
1865,Quartz,1.0,866,33.20580439833751,1821.4491916859122,1052.6304849884527,1800,1039,1842,1071,41.07816565388696,27.523039341684687,0.9106203995793901,0.0,0.0,0.0,0.0,0.0,0.0,1.0,0.0,0.0,0.0,0.0,0.0,0.0,0.0,0.0,0.0,0.0
1866,Quartz,1.0,2294,54.044532707966525,1824.976460331299,1948.7541412380122,1798,1920,1853,1983,64.99207377921431,46.95241727642478,0.9035053170539582,0.0,0.0,0.0,0.0,0.0,0.0,1.0,0.0,0.0,0.0,0.0,0.0,0.0,0.0,0.0,0.0,0.0
1867,Quartz,1.0,225,16.925687506432688,1823.4266666666667,506.31111111111113,1812,497,1835,514,23.73792111516333,12.886374080118578,0.8653846153846154,0.0,0.0,0.0,0.0,0.0,0.0,1.0,0.0,0.0,0.0,0.0,0.0,0.0,0.0,0.0,0.0,0.0
1868,Quartz,1.0,531,26.001734523957655,1817.5480225988701,2294.7664783427495,1803,2284,1834,2309,29.34323438525912,24.66821686179818,0.8704918032786885,0.0,0.0,0.0,0.0,0.0,0.0,1.0,0.0,0.0,0.0,0.0,0.0,0.0,0.0,0.0,0.0,0.0
1869,Quartz,1.0,2727,58.92473367349901,1827.996699669967,2722.2101210121014,1801,2688,1862,2755,62.933187720746496,58.22058503528424,0.8938053097345132,0.0,0.0,0.0,0.0,0.0,0.0,1.0,0.0,0.0,0.0,0.0,0.0,0.0,0.0,0.0,0.0,0.0
1870,Quartz,1.0,2285,53.93841265480332,1827.689715536105,2831.55579868709,1793,2805,1859,2857,63.66627759481823,46.69770071449323,0.9067460317460317,0.0,0.0,0.0,0.0,0.0,0.0,1.0,0.0,0.0,0.0,0.0,0.0,0.0,0.0,0.0,0.0,0.0
1871,Quartz,1.0,583,27.245158369526866,1838.5523156089193,1271.2469982847342,1824,1257,1859,1288,33.164013293066496,26.031113443828588,0.8548387096774194,0.0,0.0,0.0,0.0,0.0,0.0,1.0,0.0,0.0,0.0,0.0,0.0,0.0,0.0,0.0,0.0,0.0
1872,Quartz,1.0,529,25.95272084319679,1826.039697542533,458.5293005671077,1811,447,1840,472,32.053657622758955,22.911898310778405,0.8559870550161812,0.0,0.0,0.0,0.0,0.0,0.0,1.0,0.0,0.0,0.0,0.0,0.0,0.0,0.0,0.0,0.0,0.0
1873,Quartz,1.0,818,32.27243324562564,1823.2616136919316,886.7946210268949,1807,868,1838,911,44.71308457430843,25.759978044954934,0.8610526315789474,0.0,0.0,0.0,0.0,0.0,0.0,1.0,0.0,0.0,0.0,0.0,0.0,0.0,0.0,0.0,0.0,0.0
1874,Quartz,1.0,325,20.342144725641095,1835.803076923077,2300.929230769231,1825,2289,1847,2313,24.365031783632155,19.19763656941224,0.8044554455445545,0.0,0.0,0.0,0.0,0.0,0.0,1.0,0.0,0.0,0.0,0.0,0.0,0.0,0.0,0.0,0.0,0.0
1875,Quartz,1.0,7778,99.51511030466729,1834.3536898945745,731.6414245307277,1776,684,1898,780,124.34061982552487,84.07431290772104,0.8873930405019966,0.0,0.0,0.0,0.0,0.0,0.0,1.0,0.0,0.0,0.0,0.0,0.0,0.0,0.0,0.0,0.0,0.0
1876,Quartz,1.0,2506,56.48662053182433,1832.9094173982442,2423.060255387071,1801,2385,1872,2460,84.0668060352052,42.48766952865077,0.847480554616165,0.0,0.0,0.0,0.0,0.0,0.0,1.0,0.0,0.0,0.0,0.0,0.0,0.0,0.0,0.0,0.0,0.0
1877,Quartz,1.0,843,32.7618823667344,1843.8695136417557,887.7224199288256,1830,863,1857,914,48.82647073914218,24.13186996628221,0.8549695740365112,0.0,0.0,0.0,0.0,0.0,0.0,1.0,0.0,0.0,0.0,0.0,0.0,0.0,0.0,0.0,0.0,0.0
1878,Quartz,1.0,304,19.67396303746374,1833.3092105263158,53.06907894736842,1814,46,1847,68,34.806752251103774,16.341412535587622,0.7342995169082126,0.0,0.0,0.0,0.0,0.0,0.0,1.0,0.0,0.0,0.0,0.0,0.0,0.0,0.0,0.0,0.0,0.0
1879,Quartz,1.0,1247,39.846326208130506,1825.8933440256617,152.34161988773056,1804,131,1854,174,49.91598503014176,34.17090425256045,0.8958333333333334,0.0,0.0,0.0,0.0,0.0,0.0,1.0,0.0,0.0,0.0,0.0,0.0,0.0,0.0,0.0,0.0,0.0
1880,Quartz,1.0,734,30.570538527078803,1843.3651226158038,127.81062670299727,1823,116,1862,143,39.34705422937051,25.094731457400943,0.8929440389294404,0.0,0.0,0.0,0.0,0.0,0.0,1.0,0.0,0.0,0.0,0.0,0.0,0.0,0.0,0.0,0.0,0.0
1881,Quartz,1.0,959,34.943335894001606,1847.4379562043796,2130.5391032325338,1823,2112,1870,2148,46.51603152056795,31.154927080762217,0.7834967320261438,0.0,0.0,0.0,0.0,0.0,0.0,1.0,0.0,0.0,0.0,0.0,0.0,0.0,0.0,0.0,0.0,0.0
1882,Quartz,1.0,1156,38.36489168124743,1844.7249134948097,833.0380622837371,1822,815,1876,850,56.50351977290271,27.61375918254774,0.885823754789272,0.0,0.0,0.0,0.0,0.0,0.0,1.0,0.0,0.0,0.0,0.0,0.0,0.0,0.0,0.0,0.0,0.0
1883,Orthoclase,1.0,600,27.63953195770684,1840.7283333333332,3427.8333333333335,1830,3407,1855,3449,42.42368787633627,20.65120056434921,0.8391608391608392,0.0,0.0,0.0,0.0,0.0,0.0,0.0,0.0,1.0,0.0,0.0,0.0,0.0,0.0,0.0,0.0,0.0
1884,Quartz,1.0,5269,81.90664906593098,1838.6530650977415,4290.170620611122,1792,4250,1892,4329,101.89198009517342,69.21992090432715,0.900375939849624,0.0,0.0,0.0,0.0,0.0,0.0,1.0,0.0,0.0,0.0,0.0,0.0,0.0,0.0,0.0,0.0,0.0
1885,Quartz,1.0,188,15.471555655790098,1847.8936170212767,1242.6170212765958,1837,1231,1860,1256,30.71860271148011,9.660691926797798,0.6988847583643123,0.0,0.0,0.0,0.0,0.0,0.0,1.0,0.0,0.0,0.0,0.0,0.0,0.0,0.0,0.0,0.0,0.0
1886,Quartz,1.0,1892,49.08125119267976,1846.6146934460887,2175.6580338266385,1820,2150,1879,2202,59.07027180147785,42.396945110410556,0.8706856879889554,0.0,0.0,0.0,0.0,0.0,0.0,1.0,0.0,0.0,0.0,0.0,0.0,0.0,0.0,0.0,0.0,0.0
1888,Quartz,1.0,192,15.635280380893438,1848.5625,462.8229166666667,1841,452,1859,480,28.24424863214766,13.516589181236284,0.6486486486486487,0.0,0.0,0.0,0.0,0.0,0.0,1.0,0.0,0.0,0.0,0.0,0.0,0.0,0.0,0.0,0.0,0.0
1889,Quartz,1.0,3603,67.73095363038078,1848.7643630308078,1116.9036913683042,1806,1068,1898,1155,105.65459274999017,48.7625871620772,0.7858233369683751,0.0,0.0,0.0,0.0,0.0,0.0,1.0,0.0,0.0,0.0,0.0,0.0,0.0,0.0,0.0,0.0,0.0
1890,Quartz,0.9709931827295816,7481,97.596644584554,1844.247694158535,4188.37909370405,1785,4132,1890,4245,101.64692768562614,99.14696057503434,0.8885853426772776,0.0,0.0,0.0,0.0,0.0,0.0,0.9709931827295816,0.0,0.0,0.0,0.0,0.0,0.0,0.0,0.0,0.0,0.029006817270418393
1891,Quartz,1.0,2456,55.92026754111214,1851.457654723127,974.0272801302932,1824,936,1874,1009,72.28523319812035,46.123293574656856,0.8924418604651163,0.0,0.0,0.0,0.0,0.0,0.0,1.0,0.0,0.0,0.0,0.0,0.0,0.0,0.0,0.0,0.0,0.0
1892,Quartz,1.0,359,21.37973331358283,1848.4401114206128,2043.7883008356546,1834,2034,1862,2056,24.277445548992475,20.11203966314546,0.8407494145199064,0.0,0.0,0.0,0.0,0.0,0.0,1.0,0.0,0.0,0.0,0.0,0.0,0.0,0.0,0.0,0.0,0.0
1893,Quartz,1.0,528,25.928179257714298,1853.1117424242425,1181.340909090909,1839,1166,1871,1199,41.11104475689003,17.80972625613262,0.8557536466774717,0.0,0.0,0.0,0.0,0.0,0.0,1.0,0.0,0.0,0.0,0.0,0.0,0.0,0.0,0.0,0.0,0.0
1894,Quartz,1.0,100,11.283791670955125,1850.45,1725.43,1847,1716,1856,1736,21.5935929775166,6.079337325839538,0.8620689655172413,0.0,0.0,0.0,0.0,0.0,0.0,1.0,0.0,0.0,0.0,0.0,0.0,0.0,0.0,0.0,0.0,0.0
1895,Quartz,1.0,1795,47.806537029988036,1847.2846796657382,3642.5069637883007,1818,3621,1878,3668,61.302756018335195,38.20769362047609,0.907941325240263,0.0,0.0,0.0,0.0,0.0,0.0,1.0,0.0,0.0,0.0,0.0,0.0,0.0,0.0,0.0,0.0,0.0
1896,Quartz,1.0,16584,145.3114056428054,1861.0985890014472,4395.69307766522,1775,4315,1941,4478,173.0378412505406,141.31882651192257,0.7962358363741118,0.0,0.0,0.0,0.0,0.0,0.0,1.0,0.0,0.0,0.0,0.0,0.0,0.0,0.0,0.0,0.0,0.0
1897,Quartz,1.0,582,27.221781995965376,1847.201030927835,3491.360824742268,1827,3477,1866,3507,41.639976230466985,19.096818965295736,0.7864864864864864,0.0,0.0,0.0,0.0,0.0,0.0,1.0,0.0,0.0,0.0,0.0,0.0,0.0,0.0,0.0,0.0,0.0
1898,Orthoclase,1.0,2170,52.56357876015772,1858.294470046083,3552.6769585253455,1826,3528,1900,3577,70.31447368013929,42.320035900059096,0.8813972380178716,0.0,0.0,0.0,0.0,0.0,0.0,0.0,0.0,1.0,0.0,0.0,0.0,0.0,0.0,0.0,0.0,0.0
1899,Quartz,1.0,913,34.09498063268556,1858.0361445783133,666.3680175246441,1838,649,1877,683,39.518873300866126,30.502555935255526,0.9057539682539683,0.0,0.0,0.0,0.0,0.0,0.0,1.0,0.0,0.0,0.0,0.0,0.0,0.0,0.0,0.0,0.0,0.0
1900,Quartz,1.0,1948,49.802315539983645,1855.3737166324436,389.40246406570844,1832,361,1882,421,57.42479917183624,46.30074724479017,0.9031061659712564,0.0,0.0,0.0,0.0,0.0,0.0,1.0,0.0,0.0,0.0,0.0,0.0,0.0,0.0,0.0,0.0,0.0
1901,Quartz,1.0,1362,41.643153818236335,1855.2129221732746,1411.632892804699,1836,1388,1877,1438,52.39337999445818,34.151761666707145,0.9025844930417495,0.0,0.0,0.0,0.0,0.0,0.0,1.0,0.0,0.0,0.0,0.0,0.0,0.0,0.0,0.0,0.0,0.0
1902,Orthoclase,1.0,916,34.15095054280933,1861.8657205240174,1289.975982532751,1842,1267,1878,1314,48.0969188291873,28.29993799763532,0.8528864059590316,0.0,0.0,0.0,0.0,0.0,0.0,0.0,0.0,1.0,0.0,0.0,0.0,0.0,0.0,0.0,0.0,0.0
1903,Quartz,1.0,418,23.06976657227589,1859.0215311004786,3018.4114832535884,1847,3005,1874,3032,25.9807454610328,22.058364257768325,0.8260869565217391,0.0,0.0,0.0,0.0,0.0,0.0,1.0,0.0,0.0,0.0,0.0,0.0,0.0,0.0,0.0,0.0,0.0
1904,Quartz,1.0,3133,63.15900168349136,1864.1803383338654,3695.336737950846,1835,3654,1906,3737,87.19031434769738,49.26229744790158,0.8431108719052745,0.0,0.0,0.0,0.0,0.0,0.0,1.0,0.0,0.0,0.0,0.0,0.0,0.0,0.0,0.0,0.0,0.0
1905,Quartz,1.0,7719,99.13695600436156,1865.2654488923436,285.96994429330226,1803,244,1936,339,125.35835204252368,85.37368219705262,0.8479622102603537,0.0,0.0,0.0,0.0,0.0,0.0,1.0,0.0,0.0,0.0,0.0,0.0,0.0,0.0,0.0,0.0,0.0
1906,Quartz,1.0,1803,47.9129512674548,1860.0044370493622,2236.0721020521355,1832,2209,1887,2261,55.33028475096337,44.02374440900653,0.8795121951219512,0.0,0.0,0.0,0.0,0.0,0.0,1.0,0.0,0.0,0.0,0.0,0.0,0.0,0.0,0.0,0.0,0.0
1907,Quartz,1.0,2195,52.86549726138668,1863.0915717539863,2674.3225512528475,1841,2636,1893,2712,76.37284477645353,40.78817205053615,0.7973120232473665,0.0,0.0,0.0,0.0,0.0,0.0,1.0,0.0,0.0,0.0,0.0,0.0,0.0,0.0,0.0,0.0,0.0
1908,Quartz,1.0,1343,41.351671170332686,1865.3000744601638,2774.4690990320178,1845,2750,1898,2805,53.78304421696492,35.49217317970525,0.7956161137440758,0.0,0.0,0.0,0.0,0.0,0.0,1.0,0.0,0.0,0.0,0.0,0.0,0.0,0.0,0.0,0.0,0.0
1909,Quartz,1.0,2983,61.628512572874826,1864.597049949715,3325.2182366744887,1831,3287,1896,3376,86.57882993554485,47.58739204479909,0.8086202222824613,0.0,0.0,0.0,0.0,0.0,0.0,1.0,0.0,0.0,0.0,0.0,0.0,0.0,0.0,0.0,0.0,0.0
1910,Quartz,1.0,327,20.404639941160397,1864.1223241590214,1933.0428134556576,1855,1922,1875,1945,23.91784143031451,17.96900797558796,0.9083333333333333,0.0,0.0,0.0,0.0,0.0,0.0,1.0,0.0,0.0,0.0,0.0,0.0,0.0,0.0,0.0,0.0,0.0
1911,Quartz,1.0,3852,70.03226917871395,1855.5155763239875,1510.5664589823468,1816,1475,1903,1549,88.42132839018905,60.41059881036124,0.8579064587973274,0.0,0.0,0.0,0.0,0.0,0.0,1.0,0.0,0.0,0.0,0.0,0.0,0.0,0.0,0.0,0.0,0.0
1912,Quartz,1.0,3404,65.83393813435814,1865.443008225617,4056.4438895417156,1826,4026,1905,4089,77.46554094119521,58.2082091646297,0.8936728800210029,0.0,0.0,0.0,0.0,0.0,0.0,1.0,0.0,0.0,0.0,0.0,0.0,0.0,0.0,0.0,0.0,0.0
1913,Quartz,0.9723909442297074,1811,48.01912968302716,1859.5162893429044,553.3909442297073,1823,525,1890,575,61.422897301565754,45.59915280886093,0.7641350210970465,0.0,0.0,0.0,0.0,0.0,0.0,0.9723909442297074,0.0,0.027609055770292656,0.0,0.0,0.0,0.0,0.0,0.0,0.0,0.0
1914,Quartz,1.0,332,20.56004690782767,1866.948795180723,2874.123493975904,1856,2862,1878,2886,23.15413065718322,19.61276399043022,0.8668407310704961,0.0,0.0,0.0,0.0,0.0,0.0,1.0,0.0,0.0,0.0,0.0,0.0,0.0,0.0,0.0,0.0,0.0
1915,Orthoclase,1.0,1671,46.12573337360022,1867.149012567325,3600.7636146020345,1841,3581,1894,3622,53.360247187101265,41.03939354784086,0.9066739012479653,0.0,0.0,0.0,0.0,0.0,0.0,0.0,0.0,1.0,0.0,0.0,0.0,0.0,0.0,0.0,0.0,0.0
1916,Quartz,1.0,603,27.70854462932514,1863.134328358209,3428.1807628524048,1851,3411,1878,3450,39.2500903161233,21.84899166472369,0.8469101123595506,0.0,0.0,0.0,0.0,0.0,0.0,1.0,0.0,0.0,0.0,0.0,0.0,0.0,0.0,0.0,0.0,0.0
1917,Quartz,1.0,632,28.367012395961314,1877.863924050633,3443.0806962025317,1865,3424,1894,3463,39.3931229267742,23.558365802658898,0.773561811505508,0.0,0.0,0.0,0.0,0.0,0.0,1.0,0.0,0.0,0.0,0.0,0.0,0.0,0.0,0.0,0.0,0.0
1918,Quartz,1.0,2867,60.418356273203194,1882.7970003487967,2083.462504359958,1846,2057,1924,2113,72.75718318981043,51.98804523865507,0.881340301260375,0.0,0.0,0.0,0.0,0.0,0.0,1.0,0.0,0.0,0.0,0.0,0.0,0.0,0.0,0.0,0.0,0.0
1919,Quartz,1.0,774,31.39247374172695,1875.0568475452196,2377.1007751937987,1860,2354,1892,2405,51.81906096385063,20.68009505612952,0.8295819935691319,0.0,0.0,0.0,0.0,0.0,0.0,1.0,0.0,0.0,0.0,0.0,0.0,0.0,0.0,0.0,0.0,0.0
1920,Quartz,1.0,395,22.42609239636699,1873.6379746835444,4099.797468354431,1862,4089,1888,4116,32.62609829373055,17.44850224395352,0.8178053830227743,0.0,0.0,0.0,0.0,0.0,0.0,1.0,0.0,0.0,0.0,0.0,0.0,0.0,0.0,0.0,0.0,0.0
1922,Quartz,1.0,4208,73.19693985574509,1875.9177756653992,4002.6447243346006,1834,3963,1920,4033,81.07999241939598,69.2150605976111,0.9108225108225109,0.0,0.0,0.0,0.0,0.0,0.0,1.0,0.0,0.0,0.0,0.0,0.0,0.0,0.0,0.0,0.0,0.0
1923,Quartz,1.0,326,20.37341629633241,1880.9693251533743,129.51840490797545,1872,116,1892,146,32.13809043371436,14.921675864863037,0.7599067599067599,0.0,0.0,0.0,0.0,0.0,0.0,1.0,0.0,0.0,0.0,0.0,0.0,0.0,0.0,0.0,0.0,0.0
1924,Quartz,1.0,1097,37.37303547444967,1882.270738377393,1441.052871467639,1858,1421,1906,1462,46.948647429417456,33.381252114108094,0.8316906747536013,0.0,0.0,0.0,0.0,0.0,0.0,1.0,0.0,0.0,0.0,0.0,0.0,0.0,0.0,0.0,0.0,0.0
1925,Quartz,0.9563689604685213,3415,65.94022327282931,1888.1385065885797,3194.8913616398245,1850,3153,1933,3232,90.01589979715494,54.71581428351014,0.8459251919742383,0.0,0.0,0.0,0.0,0.0,0.0,0.9563689604685213,0.0,0.04363103953147877,0.0,0.0,0.0,0.0,0.0,0.0,0.0,0.0
1926,Quartz,1.0,270,18.5411616971131,1881.9666666666667,798.9481481481481,1871,790,1893,810,24.9886834945461,14.70025490226502,0.8794788273615635,0.0,0.0,0.0,0.0,0.0,0.0,1.0,0.0,0.0,0.0,0.0,0.0,0.0,0.0,0.0,0.0,0.0
1927,Quartz,1.0,333,20.590987552733093,1890.6336336336337,436.75375375375376,1881,423,1904,448,26.37125186597527,17.48815847842689,0.8560411311053985,0.0,0.0,0.0,0.0,0.0,0.0,1.0,0.0,0.0,0.0,0.0,0.0,0.0,0.0,0.0,0.0,0.0
1928,Quartz,1.0,2042,50.989755347022424,1886.3232125367288,1203.0460333006856,1860,1173,1911,1235,61.92040312082231,44.776052121944616,0.866723259762309,0.0,0.0,0.0,0.0,0.0,0.0,1.0,0.0,0.0,0.0,0.0,0.0,0.0,0.0,0.0,0.0,0.0
1929,Orthoclase,1.0,1056,36.667982753900326,1888.4914772727273,966.4715909090909,1873,939,1905,994,53.4614376775056,26.882685651905096,0.8421052631578947,0.0,0.0,0.0,0.0,0.0,0.0,0.0,0.0,1.0,0.0,0.0,0.0,0.0,0.0,0.0,0.0,0.0
1930,Quartz,1.0,146,13.63425735166143,1889.8287671232877,3573.6027397260273,1884,3567,1899,3581,14.709217856189902,12.954644320760856,0.948051948051948,0.0,0.0,0.0,0.0,0.0,0.0,1.0,0.0,0.0,0.0,0.0,0.0,0.0,0.0,0.0,0.0,0.0
1931,Quartz,1.0,1696,46.46949825284146,1885.885613207547,900.1379716981132,1859,878,1918,929,57.395771901208796,42.931319940958666,0.8277208394338702,0.0,0.0,0.0,0.0,0.0,0.0,1.0,0.0,0.0,0.0,0.0,0.0,0.0,0.0,0.0,0.0,0.0
1932,Quartz,1.0,1107,37.542991037233904,1890.9539295392954,3518.859078590786,1865,3500,1922,3539,54.07883934034719,29.88986211193276,0.8482758620689655,0.0,0.0,0.0,0.0,0.0,0.0,1.0,0.0,0.0,0.0,0.0,0.0,0.0,0.0,0.0,0.0,0.0
1933,Chromite,1.0,1827,48.23078527487545,1908.4537493158182,1304.344827586207,1875,1280,1955,1325,83.6023481249648,32.117586239471656,0.8407731247123792,0.0,0.0,0.0,0.0,0.0,0.0,0.0,1.0,0.0,0.0,0.0,0.0,0.0,0.0,0.0,0.0,0.0
1934,Quartz,1.0,804,31.99507140118726,1894.7587064676618,2143.146766169154,1882,2111,1907,2169,57.47695601657,19.53995619746761,0.8023952095808383,0.0,0.0,0.0,0.0,0.0,0.0,1.0,0.0,0.0,0.0,0.0,0.0,0.0,0.0,0.0,0.0,0.0
1935,Quartz,1.0,262,18.26441241104166,1900.3587786259543,2727.06106870229,1890,2713,1911,2742,30.21194756542854,12.923317308390017,0.7572254335260116,0.0,0.0,0.0,0.0,0.0,0.0,1.0,0.0,0.0,0.0,0.0,0.0,0.0,0.0,0.0,0.0,0.0
1936,Quartz,1.0,19217,156.42200718305472,1914.8259874069834,2546.502315658011,1817,2477,2029,2626,211.96435434139866,133.26041565825136,0.8282832636524288,0.0,0.0,0.0,0.0,0.0,0.0,1.0,0.0,0.0,0.0,0.0,0.0,0.0,0.0,0.0,0.0,0.0
1937,Quartz,1.0,1537,44.23764437962249,1899.1841249186728,845.0442420299285,1879,814,1918,874,62.30308327952221,32.1250901985784,0.8988304093567251,0.0,0.0,0.0,0.0,0.0,0.0,1.0,0.0,0.0,0.0,0.0,0.0,0.0,0.0,0.0,0.0,0.0
1938,Quartz,1.0,128,12.766152972845846,1898.953125,2174.9453125,1893,2166,1905,2184,19.545729548863708,8.916638861711073,0.8258064516129032,0.0,0.0,0.0,0.0,0.0,0.0,1.0,0.0,0.0,0.0,0.0,0.0,0.0,0.0,0.0,0.0,0.0
1939,Orthoclase,1.0,672,29.25093116572581,1901.6904761904761,931.6592261904761,1884,912,1918,953,40.50782253746753,24.202256389645456,0.8795811518324608,0.0,0.0,0.0,0.0,0.0,0.0,0.0,0.0,1.0,0.0,0.0,0.0,0.0,0.0,0.0,0.0,0.0
1940,Quartz,1.0,4784,78.04599914161531,1898.554974916388,509.6559364548495,1848,470,1935,557,88.1344824309438,73.6231660226394,0.8915393216548639,0.0,0.0,0.0,0.0,0.0,0.0,1.0,0.0,0.0,0.0,0.0,0.0,0.0,0.0,0.0,0.0,0.0
1941,Quartz,1.0,257,18.089294154193436,1898.5836575875487,1416.8754863813228,1889,1410,1911,1426,21.596690621911883,15.599347741745005,0.9244604316546763,0.0,0.0,0.0,0.0,0.0,0.0,1.0,0.0,0.0,0.0,0.0,0.0,0.0,0.0,0.0,0.0,0.0
1942,Quartz,1.0,707,30.003005818213616,1895.2432814710041,54.11739745403112,1870,46,1917,70,47.797582500405234,21.02346295863331,0.9087403598971723,0.0,0.0,0.0,0.0,0.0,0.0,1.0,0.0,0.0,0.0,0.0,0.0,0.0,0.0,0.0,0.0,0.0
1943,Quartz,1.0,373,21.792621462004423,1904.7721179624664,1404.970509383378,1889,1395,1921,1418,30.63773781110191,17.344994504647246,0.7953091684434968,0.0,0.0,0.0,0.0,0.0,0.0,1.0,0.0,0.0,0.0,0.0,0.0,0.0,0.0,0.0,0.0,0.0
1944,Quartz,1.0,2147,52.28427395064786,1902.7289240801117,192.10992081974848,1875,168,1939,223,66.07305764975072,43.61005805629873,0.8975752508361204,0.0,0.0,0.0,0.0,0.0,0.0,1.0,0.0,0.0,0.0,0.0,0.0,0.0,0.0,0.0,0.0,0.0
1945,Quartz,1.0,14461,135.6919933393831,1889.0239955743034,1851.2217688956503,1797,1774,1967,1913,168.32471745361133,118.06131274284307,0.8828449328449328,0.0,0.0,0.0,0.0,0.0,0.0,1.0,0.0,0.0,0.0,0.0,0.0,0.0,0.0,0.0,0.0,0.0
1946,Quartz,1.0,359,21.37973331358283,1904.9777158774373,2389.114206128134,1896,2375,1916,2404,31.483209371119415,15.490866286730288,0.8713592233009708,0.0,0.0,0.0,0.0,0.0,0.0,1.0,0.0,0.0,0.0,0.0,0.0,0.0,0.0,0.0,0.0,0.0
1947,Quartz,1.0,1115,37.67840352748118,1907.4681614349777,2465.2322869955156,1886,2445,1933,2482,46.61144149658507,32.40097428338159,0.9057676685621446,0.0,0.0,0.0,0.0,0.0,0.0,1.0,0.0,0.0,0.0,0.0,0.0,0.0,0.0,0.0,0.0,0.0
1948,Quartz,1.0,213,16.46815177937675,1904.943661971831,4073.910798122066,1897,4063,1912,4088,23.980479356959776,12.527071833425937,0.7634408602150538,0.0,0.0,0.0,0.0,0.0,0.0,1.0,0.0,0.0,0.0,0.0,0.0,0.0,0.0,0.0,0.0,0.0
1949,Quartz,1.0,3222,64.04980728414954,1905.5027932960893,667.2200496585972,1881,619,1939,713,90.13192913390152,47.776084045549716,0.9,0.0,0.0,0.0,0.0,0.0,0.0,1.0,0.0,0.0,0.0,0.0,0.0,0.0,0.0,0.0,0.0,0.0
1950,Quartz,1.0,271,18.575465448360347,1905.9151291512915,2327.9003690036902,1893,2319,1920,2336,26.780438762305803,15.309684120849605,0.7832369942196532,0.0,0.0,0.0,0.0,0.0,0.0,1.0,0.0,0.0,0.0,0.0,0.0,0.0,0.0,0.0,0.0,0.0
1951,Quartz,1.0,3539,67.12670667340788,1900.2958462842612,3262.227465385702,1851,3227,1937,3309,103.93324617174656,47.62162713185905,0.8644357596482658,0.0,0.0,0.0,0.0,0.0,0.0,1.0,0.0,0.0,0.0,0.0,0.0,0.0,0.0,0.0,0.0,0.0
1952,Quartz,1.0,1441,42.83384390833222,1909.1138098542679,403.34004163775154,1881,386,1940,427,59.229620805725155,34.526259466842355,0.8113738738738738,0.0,0.0,0.0,0.0,0.0,0.0,1.0,0.0,0.0,0.0,0.0,0.0,0.0,0.0,0.0,0.0,0.0
1953,Quartz,1.0,3289,64.7123238852844,1911.6290665855884,2830.796594709638,1870,2797,1949,2868,80.70877034593724,53.04030654608497,0.8879589632829373,0.0,0.0,0.0,0.0,0.0,0.0,1.0,0.0,0.0,0.0,0.0,0.0,0.0,0.0,0.0,0.0,0.0
1954,Quartz,1.0,549,26.438769072322643,1911.6958105646631,3122.945355191257,1894,3108,1931,3134,34.66545238294418,22.47067289306707,0.8305597579425114,0.0,0.0,0.0,0.0,0.0,0.0,1.0,0.0,0.0,0.0,0.0,0.0,0.0,0.0,0.0,0.0,0.0
1955,Orthoclase,1.0,125,12.6156626101008,1916.664,4373.944,1910,4366,1926,4382,18.052349284565256,9.709385835780564,0.8333333333333334,0.0,0.0,0.0,0.0,0.0,0.0,0.0,0.0,1.0,0.0,0.0,0.0,0.0,0.0,0.0,0.0,0.0
1956,Quartz,1.0,140,13.351162356249091,1915.5714285714287,1618.692857142857,1908,1613,1926,1626,16.302000662557795,11.557163999186285,0.8588957055214724,0.0,0.0,0.0,0.0,0.0,0.0,1.0,0.0,0.0,0.0,0.0,0.0,0.0,0.0,0.0,0.0,0.0
1957,Orthoclase,1.0,1205,39.16955005365611,1918.1751037344397,3494.8547717842325,1895,3476,1939,3519,43.44370745905729,38.124001336256086,0.8403068340306834,0.0,0.0,0.0,0.0,0.0,0.0,0.0,0.0,1.0,0.0,0.0,0.0,0.0,0.0,0.0,0.0,0.0
1959,Quartz,1.0,1718,46.76992129408611,1922.5395809080326,2179.0087310826543,1896,2152,1951,2207,57.26297874129613,42.922332292113424,0.8024287716020552,0.0,0.0,0.0,0.0,0.0,0.0,1.0,0.0,0.0,0.0,0.0,0.0,0.0,0.0,0.0,0.0,0.0
1960,Quartz,1.0,2033,50.87726402280872,1925.7884899163798,1048.3841613379243,1899,1022,1957,1074,65.21027738638395,40.56637409514507,0.9249317561419472,0.0,0.0,0.0,0.0,0.0,0.0,1.0,0.0,0.0,0.0,0.0,0.0,0.0,0.0,0.0,0.0,0.0
1961,Quartz,1.0,801,31.935323316554435,1915.832709113608,1485.8701622971287,1896,1469,1939,1509,46.23712590513621,24.332639593417323,0.8326403326403327,0.0,0.0,0.0,0.0,0.0,0.0,1.0,0.0,0.0,0.0,0.0,0.0,0.0,0.0,0.0,0.0,0.0
1962,Quartz,1.0,4115,72.38356668875329,1920.732928311057,4575.021142162819,1883,4529,1956,4617,79.85305174327881,67.9528967287622,0.8794614233810644,0.0,0.0,0.0,0.0,0.0,0.0,1.0,0.0,0.0,0.0,0.0,0.0,0.0,0.0,0.0,0.0,0.0
1963,Quartz,1.0,768,31.270560761786875,1907.3606770833333,1332.2486979166667,1876,1324,1943,1343,67.51887019406018,15.557885993578308,0.803347280334728,0.0,0.0,0.0,0.0,0.0,0.0,1.0,0.0,0.0,0.0,0.0,0.0,0.0,0.0,0.0,0.0,0.0
1964,Orthoclase,1.0,1774,47.5260660307602,1922.6612175873731,4112.412626832018,1896,4089,1949,4143,49.49784469696737,47.95126590451061,0.9041794087665648,0.0,0.0,0.0,0.0,0.0,0.0,0.0,0.0,1.0,0.0,0.0,0.0,0.0,0.0,0.0,0.0,0.0
1966,Quartz,1.0,561,26.726155439876237,1930.3101604278074,4047.5864527629233,1915,4032,1950,4062,40.56400246072134,18.98298995468397,0.8564885496183207,0.0,0.0,0.0,0.0,0.0,0.0,1.0,0.0,0.0,0.0,0.0,0.0,0.0,0.0,0.0,0.0,0.0
1967,Quartz,1.0,963,35.01613458935697,1928.7632398753894,1180.6843198338524,1911,1164,1948,1198,38.713683997823274,33.22176386347763,0.8966480446927374,0.0,0.0,0.0,0.0,0.0,0.0,1.0,0.0,0.0,0.0,0.0,0.0,0.0,0.0,0.0,0.0,0.0
1968,Quartz,1.0,539,26.196872229566885,1927.2096474953619,896.8404452690166,1918,876,1937,917,42.70606143574409,17.427989594875598,0.8435054773082942,0.0,0.0,0.0,0.0,0.0,0.0,1.0,0.0,0.0,0.0,0.0,0.0,0.0,0.0,0.0,0.0,0.0
1969,Quartz,1.0,502,25.281737508665255,1923.906374501992,801.9581673306773,1904,792,1944,813,38.23292026003955,18.272937866886053,0.7606060606060606,0.0,0.0,0.0,0.0,0.0,0.0,1.0,0.0,0.0,0.0,0.0,0.0,0.0,0.0,0.0,0.0,0.0
1970,Quartz,1.0,1205,39.16955005365611,1931.0688796680497,3867.658091286307,1907,3844,1961,3885,50.649441039686145,32.54153787311807,0.8450210378681627,0.0,0.0,0.0,0.0,0.0,0.0,1.0,0.0,0.0,0.0,0.0,0.0,0.0,0.0,0.0,0.0,0.0
1971,Quartz,1.0,521,25.75573339679963,1928.7293666026872,2675.2284069097886,1914,2661,1941,2689,28.264495004786372,24.24258440255197,0.8905982905982905,0.0,0.0,0.0,0.0,0.0,0.0,1.0,0.0,0.0,0.0,0.0,0.0,0.0,0.0,0.0,0.0,0.0
1972,Quartz,1.0,1717,46.75630757780467,1927.9877693651717,3713.6889924286547,1900,3687,1963,3737,64.00333845152264,38.3822914597949,0.7793917385383567,0.0,0.0,0.0,0.0,0.0,0.0,1.0,0.0,0.0,0.0,0.0,0.0,0.0,0.0,0.0,0.0,0.0
1973,Quartz,1.0,1039,36.371635747926355,1927.7795957651588,454.64773820981713,1907,437,1950,472,43.21609684536057,31.679897975886107,0.8972366148531952,0.0,0.0,0.0,0.0,0.0,0.0,1.0,0.0,0.0,0.0,0.0,0.0,0.0,0.0,0.0,0.0,0.0
1974,Quartz,1.0,1764,47.39192501801153,1935.487528344671,1009.2862811791383,1905,987,1962,1038,61.07448520559675,40.18917044800398,0.91875,0.0,0.0,0.0,0.0,0.0,0.0,1.0,0.0,0.0,0.0,0.0,0.0,0.0,0.0,0.0,0.0,0.0
1975,Quartz,1.0,1948,49.802315539983645,1928.6283367556468,2020.696611909651,1894,1999,1966,2042,74.34102987471553,34.58767824238903,0.8830462375339981,0.0,0.0,0.0,0.0,0.0,0.0,1.0,0.0,0.0,0.0,0.0,0.0,0.0,0.0,0.0,0.0,0.0
1976,Rutile,0.8181818181818182,572,26.986904594423443,1937.729020979021,3750.688811188811,1923,3737,1959,3765,34.38965283552498,23.26612994980183,0.823021582733813,0.0,0.0,0.8181818181818182,0.0,0.0,0.0,0.18181818181818182,0.0,0.0,0.0,0.0,0.0,0.0,0.0,0.0,0.0,0.0
1977,Quartz,1.0,653,28.834448541840736,1931.0153139356814,4216.264931087289,1913,4202,1951,4231,38.13671533805893,22.659308620195368,0.8729946524064172,0.0,0.0,0.0,0.0,0.0,0.0,1.0,0.0,0.0,0.0,0.0,0.0,0.0,0.0,0.0,0.0,0.0
1978,Orthoclase,1.0,2586,57.381159474910675,1942.7138437741687,91.38824439288476,1905,66,1983,116,77.59704021290774,46.51251057065133,0.8312439729990356,0.0,0.0,0.0,0.0,0.0,0.0,0.0,0.0,1.0,0.0,0.0,0.0,0.0,0.0,0.0,0.0,0.0
1979,Quartz,1.0,674,29.294426998176625,1939.3026706231453,142.2091988130564,1925,126,1954,159,31.877128185149445,27.425381729440534,0.9207650273224044,0.0,0.0,0.0,0.0,0.0,0.0,1.0,0.0,0.0,0.0,0.0,0.0,0.0,0.0,0.0,0.0,0.0
1980,Quartz,1.0,1100,37.424103185095554,1940.7181818181818,933.2845454545454,1921,903,1961,953,46.57200971627122,34.22686186273889,0.8792965627498002,0.0,0.0,0.0,0.0,0.0,0.0,1.0,0.0,0.0,0.0,0.0,0.0,0.0,0.0,0.0,0.0,0.0
1981,Quartz,1.0,1269,40.196280701937106,1936.1970055161544,1106.4420803782507,1907,1080,1962,1132,53.865725245765184,43.1154333126418,0.7081473214285714,0.0,0.0,0.0,0.0,0.0,0.0,1.0,0.0,0.0,0.0,0.0,0.0,0.0,0.0,0.0,0.0,0.0
1982,Quartz,1.0,643,28.61281229213077,1936.0528771384136,3567.0419906687403,1919,3551,1953,3584,41.63387616552521,20.299391444566176,0.9030898876404494,0.0,0.0,0.0,0.0,0.0,0.0,1.0,0.0,0.0,0.0,0.0,0.0,0.0,0.0,0.0,0.0,0.0
1983,Quartz,1.0,1256,39.989859566987285,1942.4585987261146,3801.433121019108,1920,3774,1959,3832,53.17805571013667,34.898513279193544,0.8328912466843501,0.0,0.0,0.0,0.0,0.0,0.0,1.0,0.0,0.0,0.0,0.0,0.0,0.0,0.0,0.0,0.0,0.0
1984,Quartz,1.0,308,19.802974013476614,1940.948051948052,3900.1623376623374,1930,3888,1954,3913,30.35776719037333,13.991401615486659,0.8392370572207084,0.0,0.0,0.0,0.0,0.0,0.0,1.0,0.0,0.0,0.0,0.0,0.0,0.0,0.0,0.0,0.0,0.0
1985,Quartz,1.0,1196,39.022999570807656,1942.2976588628762,225.98076923076923,1918,196,1970,250,53.077480099842866,36.248026832123415,0.7550505050505051,0.0,0.0,0.0,0.0,0.0,0.0,1.0,0.0,0.0,0.0,0.0,0.0,0.0,0.0,0.0,0.0,0.0
1986,Chromite,0.9956709956709957,924,34.29975713230766,1946.8993506493507,1357.2391774891776,1927,1331,1967,1380,55.33455153011486,25.59705378652692,0.7368421052631579,0.0,0.0,0.0,0.0,0.0,0.0,0.004329004329004329,0.9956709956709957,0.0,0.0,0.0,0.0,0.0,0.0,0.0,0.0,0.0
1989,Quartz,1.0,4966,79.51671257763878,1949.0696737817157,1646.4349577124447,1898,1606,2005,1699,96.39740827468336,76.20484532535849,0.7974947807933194,0.0,0.0,0.0,0.0,0.0,0.0,1.0,0.0,0.0,0.0,0.0,0.0,0.0,0.0,0.0,0.0,0.0
1990,Quartz,1.0,1227,39.525497104907416,1932.8231458842706,2117.433577832111,1913,2093,1948,2146,52.604607619859145,30.764426165784617,0.8917151162790697,0.0,0.0,0.0,0.0,0.0,0.0,1.0,0.0,0.0,0.0,0.0,0.0,0.0,0.0,0.0,0.0,0.0
1991,Quartz,1.0,19571,157.8561722898787,1932.373614020745,2921.7449798170765,1825,2841,2035,3004,208.7331193177137,129.7110613697064,0.8003844266317683,0.0,0.0,0.0,0.0,0.0,0.0,1.0,0.0,0.0,0.0,0.0,0.0,0.0,0.0,0.0,0.0,0.0
1992,Quartz,1.0,184,15.306079714651624,1947.358695652174,3931.358695652174,1941,3918,1953,3943,26.49058160801804,9.630191039261838,0.8401826484018264,0.0,0.0,0.0,0.0,0.0,0.0,1.0,0.0,0.0,0.0,0.0,0.0,0.0,0.0,0.0,0.0,0.0
1993,Quartz,1.0,544,26.318098569918163,1944.2205882352941,559.0974264705883,1926,541,1958,572,36.5179649080301,20.942685044722804,0.9036544850498339,0.0,0.0,0.0,0.0,0.0,0.0,1.0,0.0,0.0,0.0,0.0,0.0,0.0,0.0,0.0,0.0,0.0
1994,Orthoclase,1.0,256,18.0540666735282,1941.59375,746.58203125,1930,735,1952,756,25.162622918921286,14.533379401383295,0.8737201365187713,0.0,0.0,0.0,0.0,0.0,0.0,0.0,0.0,1.0,0.0,0.0,0.0,0.0,0.0,0.0,0.0,0.0
1995,Quartz,1.0,533,26.05065598682386,1950.4540337711069,2668.87617260788,1936,2656,1968,2684,30.115779538666914,24.40855527179099,0.8380503144654088,0.0,0.0,0.0,0.0,0.0,0.0,1.0,0.0,0.0,0.0,0.0,0.0,0.0,0.0,0.0,0.0,0.0
1996,Quartz,1.0,4474,75.47498740076158,1948.369915064819,3166.6405900759946,1908,3130,1994,3206,79.2031243208072,74.01075233627088,0.9042037186742118,0.0,0.0,0.0,0.0,0.0,0.0,1.0,0.0,0.0,0.0,0.0,0.0,0.0,0.0,0.0,0.0,0.0
1997,Chromite,1.0,2744,59.10811543902653,1950.5025510204082,4155.009475218659,1916,4126,1986,4185,67.05798555182515,53.421864316658656,0.9125374127036914,0.0,0.0,0.0,0.0,0.0,0.0,0.0,1.0,0.0,0.0,0.0,0.0,0.0,0.0,0.0,0.0,0.0
1998,Orthoclase,1.0,553,26.534910368014152,1964.0253164556962,744.1591320072333,1948,734,1989,758,43.109958934028974,18.755742120547602,0.797979797979798,0.0,0.0,0.0,0.0,0.0,0.0,0.0,0.0,1.0,0.0,0.0,0.0,0.0,0.0,0.0,0.0,0.0
1999,Quartz,1.0,723,30.340603007249587,1954.8174273858922,1541.3582295988936,1933,1522,1979,1562,55.578896616407896,20.773059562176226,0.7102161100196464,0.0,0.0,0.0,0.0,0.0,0.0,1.0,0.0,0.0,0.0,0.0,0.0,0.0,0.0,0.0,0.0,0.0
2000,Quartz,1.0,1844,48.45465633447048,1971.1594360086767,2134.1838394793926,1939,2105,2015,2156,72.47271067390838,40.92625447088641,0.761668731928955,0.0,0.0,0.0,0.0,0.0,0.0,1.0,0.0,0.0,0.0,0.0,0.0,0.0,0.0,0.0,0.0,0.0
2001,Quartz,1.0,1314,40.90277205498429,1955.0365296803652,872.685692541857,1922,852,1983,895,67.66582750235384,27.194466090127186,0.8071253071253072,0.0,0.0,0.0,0.0,0.0,0.0,1.0,0.0,0.0,0.0,0.0,0.0,0.0,0.0,0.0,0.0,0.0
2002,Quartz,1.0,5088,80.4875319761546,1943.151926100629,2382.9375,1908,2313,1982,2458,149.14307934530927,45.97813279277596,0.856277347694379,0.0,0.0,0.0,0.0,0.0,0.0,1.0,0.0,0.0,0.0,0.0,0.0,0.0,0.0,0.0,0.0,0.0
2003,Quartz,1.0,2025,50.77706251929806,1954.6474074074074,1758.7338271604938,1930,1724,1980,1803,75.49317768032286,40.430499782865624,0.8241758241758241,0.0,0.0,0.0,0.0,0.0,0.0,1.0,0.0,0.0,0.0,0.0,0.0,0.0,0.0,0.0,0.0,0.0
2004,Quartz,1.0,525,25.854414729132053,1953.6495238095238,167.88,1941,146,1966,183,33.994042794223645,21.93600613516709,0.8241758241758241,0.0,0.0,0.0,0.0,0.0,0.0,1.0,0.0,0.0,0.0,0.0,0.0,0.0,0.0,0.0,0.0,0.0
2005,Orthoclase,0.9626982743594213,5737,85.46680799085472,1949.5990936029284,1945.3611643716229,1898,1904,1996,1997,93.06312706228313,83.825744234328,0.8681900726392252,0.0,0.0,0.0,0.0,0.0,0.0,0.00836674219975597,0.0,0.9626982743594213,0.0,0.0,0.0,0.0,0.0,0.0,0.0,0.02893498344082273
2006,Quartz,1.0,1050,36.56366395715726,1954.9342857142858,4523.24,1931,4507,1979,4541,47.71968899975463,29.388896790383498,0.8529650690495532,0.0,0.0,0.0,0.0,0.0,0.0,1.0,0.0,0.0,0.0,0.0,0.0,0.0,0.0,0.0,0.0,0.0
2007,Quartz,0.9886342110248153,5279,81.98433726424166,1953.8082970259518,1423.9422239060427,1910,1380,2001,1470,91.65487895217389,76.15477321404214,0.9072005499226671,0.0,0.0,0.0,0.0,0.0,0.0,0.9886342110248153,0.0,0.0,0.0,0.0,0.0,0.0,0.0,0.0,0.0,0.011365788975184693
2008,Quartz,1.0,563,26.77375326109316,1956.8046181172292,4481.793960923624,1940,4466,1974,4496,33.55770772093083,23.286778871465476,0.8517397881996974,0.0,0.0,0.0,0.0,0.0,0.0,1.0,0.0,0.0,0.0,0.0,0.0,0.0,0.0,0.0,0.0,0.0
2009,Orthoclase,1.0,711,30.087760240780646,1948.364275668073,500.943741209564,1934,481,1959,519,39.151428019261466,24.568548078087236,0.9569313593539704,0.0,0.0,0.0,0.0,0.0,0.0,0.0,0.0,1.0,0.0,0.0,0.0,0.0,0.0,0.0,0.0,0.0
2010,Orthoclase,1.0,992,35.539465786323824,1971.7590725806451,494.3195564516129,1959,474,1992,520,48.94211916807848,27.761831297822937,0.915129151291513,0.0,0.0,0.0,0.0,0.0,0.0,0.0,0.0,1.0,0.0,0.0,0.0,0.0,0.0,0.0,0.0,0.0
2011,Quartz,1.0,627,28.254578293596012,1968.9712918660287,2747.1929824561403,1952,2729,1986,2766,42.11081863763432,20.09045819095974,0.8228346456692913,0.0,0.0,0.0,0.0,0.0,0.0,1.0,0.0,0.0,0.0,0.0,0.0,0.0,0.0,0.0,0.0,0.0
2012,Quartz,1.0,574,27.034043328329254,1956.6097560975609,3854.4355400696863,1937,3839,1973,3874,37.56399535817192,23.98846828948623,0.734955185659411,0.0,0.0,0.0,0.0,0.0,0.0,1.0,0.0,0.0,0.0,0.0,0.0,0.0,0.0,0.0,0.0,0.0
2013,Quartz,1.0,9278,108.6881617107072,1951.1983186031473,2264.5800819142055,1850,2219,2060,2315,206.327367359323,71.06208833131049,0.7636842538480534,0.0,0.0,0.0,0.0,0.0,0.0,1.0,0.0,0.0,0.0,0.0,0.0,0.0,0.0,0.0,0.0,0.0
2014,Quartz,1.0,280,18.881394877652593,1965.5785714285714,1180.1321428571428,1955,1171,1978,1195,27.24218001124816,15.501143989055944,0.7932011331444759,0.0,0.0,0.0,0.0,0.0,0.0,1.0,0.0,0.0,0.0,0.0,0.0,0.0,0.0,0.0,0.0,0.0
2015,Quartz,1.0,1477,43.36559474484162,1970.9113067027758,3278.020988490183,1940,3261,2006,3298,64.01115558001112,30.638947024275414,0.8729314420803782,0.0,0.0,0.0,0.0,0.0,0.0,1.0,0.0,0.0,0.0,0.0,0.0,0.0,0.0,0.0,0.0,0.0
2016,Orthoclase,1.0,328,20.435815879801165,1965.4481707317073,573.7408536585366,1950,561,1980,583,27.53033940235231,17.45061312422901,0.7681498829039812,0.0,0.0,0.0,0.0,0.0,0.0,0.0,0.0,1.0,0.0,0.0,0.0,0.0,0.0,0.0,0.0,0.0
2017,Chromite,1.0,1447,42.92292652221864,1972.1430545957153,4102.084312370422,1951,4074,1994,4129,54.008042093352984,37.409820115793835,0.8330454807138745,0.0,0.0,0.0,0.0,0.0,0.0,0.0,1.0,0.0,0.0,0.0,0.0,0.0,0.0,0.0,0.0,0.0
2018,Quartz,1.0,3298,64.80080260719436,1975.5612492419648,426.93420254699816,1940,392,2013,473,76.36387362431002,61.16075640456522,0.8469440164355418,0.0,0.0,0.0,0.0,0.0,0.0,1.0,0.0,0.0,0.0,0.0,0.0,0.0,0.0,0.0,0.0,0.0
2019,Quartz,1.0,892,33.70058862844632,1982.1266816143498,785.670403587444,1951,775,2011,800,57.919146755643446,21.031386799466304,0.8383458646616542,0.0,0.0,0.0,0.0,0.0,0.0,1.0,0.0,0.0,0.0,0.0,0.0,0.0,0.0,0.0,0.0,0.0
2020,Unknown,1.0,162,14.361922094451577,1976.6851851851852,1253.6666666666667,1970,1247,1984,1262,14.755593331289184,14.05615951988568,0.9418604651162791,0.0,0.0,0.0,0.0,0.0,0.0,0.0,0.0,0.0,0.0,0.0,0.0,0.0,0.0,0.0,0.0,1.0
2021,Orthoclase,1.0,467,24.384480051691096,1979.5481798715202,3360.1755888650964,1968,3346,1994,3379,36.396415465082306,19.50181577441476,0.7195685670261941,0.0,0.0,0.0,0.0,0.0,0.0,0.0,0.0,1.0,0.0,0.0,0.0,0.0,0.0,0.0,0.0,0.0
2022,Quartz,1.0,2895,60.712671511046985,1985.5001727115716,938.2373056994819,1959,893,2010,986,96.98829141878606,39.93125365291155,0.8577777777777778,0.0,0.0,0.0,0.0,0.0,0.0,1.0,0.0,0.0,0.0,0.0,0.0,0.0,0.0,0.0,0.0,0.0
2023,Quartz,1.0,120,12.360774464742066,1977.0166666666667,1456.7166666666667,1971,1450,1986,1466,18.98252688231901,9.714668510718582,0.7894736842105263,0.0,0.0,0.0,0.0,0.0,0.0,1.0,0.0,0.0,0.0,0.0,0.0,0.0,0.0,0.0,0.0,0.0
2024,Quartz,1.0,817,32.252700786889584,1979.9130966952264,146.63280293757649,1970,121,1993,171,49.905314256839794,21.7363537133631,0.8775510204081632,0.0,0.0,0.0,0.0,0.0,0.0,1.0,0.0,0.0,0.0,0.0,0.0,0.0,0.0,0.0,0.0,0.0
2026,Chromite,1.0,5091,80.51125711505637,1985.8454134747594,681.8322529954822,1947,636,2028,732,96.05700127926679,73.43673847709148,0.8689196108550947,0.0,0.0,0.0,0.0,0.0,0.0,0.0,1.0,0.0,0.0,0.0,0.0,0.0,0.0,0.0,0.0,0.0
2028,Quartz,1.0,126,12.666024736934256,1984.484126984127,2178.6349206349205,1975,2173,1994,2185,16.33384866810123,11.050631131666295,0.7974683544303798,0.0,0.0,0.0,0.0,0.0,0.0,1.0,0.0,0.0,0.0,0.0,0.0,0.0,0.0,0.0,0.0,0.0
2029,Quartz,1.0,814,32.19343084255579,1985.4250614250614,2324.219901719902,1974,2297,1999,2357,61.40904413098701,20.51395853491893,0.688663282571912,0.0,0.0,0.0,0.0,0.0,0.0,1.0,0.0,0.0,0.0,0.0,0.0,0.0,0.0,0.0,0.0,0.0
2030,Quartz,1.0,352,21.17026971360491,1984.278409090909,3575.8125,1965,3568,2000,3586,37.529262522042266,14.155851519339421,0.7685589519650655,0.0,0.0,0.0,0.0,0.0,0.0,1.0,0.0,0.0,0.0,0.0,0.0,0.0,0.0,0.0,0.0,0.0
2031,Quartz,1.0,1888,49.02934081200753,1983.8066737288136,4318.143538135593,1954,4287,2018,4351,70.73304018606122,40.49035312484864,0.7579285427539141,0.0,0.0,0.0,0.0,0.0,0.0,1.0,0.0,0.0,0.0,0.0,0.0,0.0,0.0,0.0,0.0,0.0
2032,Quartz,1.0,6683,92.24456557144758,1992.4284004189735,4416.841538231333,1945,4367,2046,4468,120.74397216782847,72.39463235767106,0.9119814410480349,0.0,0.0,0.0,0.0,0.0,0.0,1.0,0.0,0.0,0.0,0.0,0.0,0.0,0.0,0.0,0.0,0.0
2033,Quartz,1.0,2166,52.51511071964299,1990.4284395198522,2665.0161588180977,1965,2629,2027,2696,67.74115863709322,43.845215949117126,0.8822810590631365,0.0,0.0,0.0,0.0,0.0,0.0,1.0,0.0,0.0,0.0,0.0,0.0,0.0,0.0,0.0,0.0,0.0
2034,Quartz,1.0,2130,52.07686847618525,1994.2361502347417,3775.4145539906103,1961,3753,2025,3801,67.2542860237486,42.655716382872114,0.8900961136648559,0.0,0.0,0.0,0.0,0.0,0.0,1.0,0.0,0.0,0.0,0.0,0.0,0.0,0.0,0.0,0.0,0.0
2035,Quartz,1.0,2114,51.88090590544978,1996.9134342478712,4283.723746452223,1967,4259,2027,4307,57.27619483870315,48.73184647309711,0.9300483941926969,0.0,0.0,0.0,0.0,0.0,0.0,1.0,0.0,0.0,0.0,0.0,0.0,0.0,0.0,0.0,0.0,0.0
2036,Quartz,1.0,2113,51.86863366260383,1998.8566019876953,4213.276384287743,1964,4192,2035,4234,69.75297230932574,39.420608973277346,0.8991489361702127,0.0,0.0,0.0,0.0,0.0,0.0,1.0,0.0,0.0,0.0,0.0,0.0,0.0,0.0,0.0,0.0,0.0
2038,Quartz,1.0,1642,45.723728330650566,1991.6084043848964,248.05968331303288,1974,217,2011,290,67.3352756780975,34.93450516476125,0.8084687346134909,0.0,0.0,0.0,0.0,0.0,0.0,1.0,0.0,0.0,0.0,0.0,0.0,0.0,0.0,0.0,0.0,0.0
2039,Orthoclase,1.0,243,17.58969042850512,1993.037037037037,516.5802469135803,1983,508,2005,526,22.86096658511098,14.232641999094776,0.8526315789473684,0.0,0.0,0.0,0.0,0.0,0.0,0.0,0.0,1.0,0.0,0.0,0.0,0.0,0.0,0.0,0.0,0.0
2040,Quartz,1.0,313,19.963065333312567,1993.1597444089457,1866.070287539936,1980,1856,2004,1876,23.02206398930454,18.881218888863906,0.8346666666666667,0.0,0.0,0.0,0.0,0.0,0.0,1.0,0.0,0.0,0.0,0.0,0.0,0.0,0.0,0.0,0.0,0.0
2041,Quartz,1.0,243,17.58969042850512,1995.670781893004,1123.0164609053497,1990,1107,2001,1138,31.179490295354082,10.718722871902614,0.8617021276595744,0.0,0.0,0.0,0.0,0.0,0.0,1.0,0.0,0.0,0.0,0.0,0.0,0.0,0.0,0.0,0.0,0.0
2042,Quartz,1.0,1156,38.36489168124743,1994.4256055363321,1787.5346020761247,1976,1764,2011,1812,49.493243205703294,30.729984197660038,0.8865030674846626,0.0,0.0,0.0,0.0,0.0,0.0,1.0,0.0,0.0,0.0,0.0,0.0,0.0,0.0,0.0,0.0,0.0
2043,Quartz,1.0,1290,40.527509332654034,2001.4325581395349,1998.558914728682,1976,1971,2027,2025,59.98647513841911,30.26036747477229,0.8317214700193424,0.0,0.0,0.0,0.0,0.0,0.0,1.0,0.0,0.0,0.0,0.0,0.0,0.0,0.0,0.0,0.0,0.0
2044,Orthoclase,1.0,2486,56.260763487635096,2002.6870474658085,3961.6399839098954,1974,3934,2036,3991,60.163698001291884,54.890456006546756,0.8974729241877256,0.0,0.0,0.0,0.0,0.0,0.0,0.0,0.0,1.0,0.0,0.0,0.0,0.0,0.0,0.0,0.0,0.0
2045,Quartz,1.0,210,16.351767622932517,1993.1761904761904,4067.019047619048,1985,4060,2004,4077,21.842287148839837,13.891161892690665,0.8433734939759037,0.0,0.0,0.0,0.0,0.0,0.0,1.0,0.0,0.0,0.0,0.0,0.0,0.0,0.0,0.0,0.0,0.0
2046,Quartz,1.0,211,16.39065416446578,2000.0616113744077,4055.312796208531,1990,4048,2011,4065,21.832367509953368,13.165235500076994,0.8210116731517509,0.0,0.0,0.0,0.0,0.0,0.0,1.0,0.0,0.0,0.0,0.0,0.0,0.0,0.0,0.0,0.0,0.0
2047,Quartz,1.0,548,26.414679072721462,2001.0182481751824,2746.757299270073,1989,2726,2011,2771,42.397851998916856,19.90158033374872,0.7548209366391184,0.0,0.0,0.0,0.0,0.0,0.0,1.0,0.0,0.0,0.0,0.0,0.0,0.0,0.0,0.0,0.0,0.0
2048,Quartz,1.0,234,17.26088217525478,1999.662393162393,2203.5470085470088,1991,2192,2010,2215,21.056260115095544,17.019009781787528,0.762214983713355,0.0,0.0,0.0,0.0,0.0,0.0,1.0,0.0,0.0,0.0,0.0,0.0,0.0,0.0,0.0,0.0,0.0
2049,Quartz,1.0,693,29.70446102021492,2001.6017316017317,3321.89898989899,1987,3304,2016,3343,36.63296402007414,26.173251626368355,0.8598014888337469,0.0,0.0,0.0,0.0,0.0,0.0,1.0,0.0,0.0,0.0,0.0,0.0,0.0,0.0,0.0,0.0,0.0
2050,Quartz,1.0,339,20.775663783985824,2000.6961651917404,602.6076696165192,1987,595,2013,612,27.307208635693417,16.140025737396552,0.9338842975206612,0.0,0.0,0.0,0.0,0.0,0.0,1.0,0.0,0.0,0.0,0.0,0.0,0.0,0.0,0.0,0.0,0.0
2051,Orthoclase,1.0,430,23.398568422792877,2005.7348837209302,3362.125581395349,1991,3347,2021,3379,39.41809394536135,17.372518364433027,0.7350427350427351,0.0,0.0,0.0,0.0,0.0,0.0,0.0,0.0,1.0,0.0,0.0,0.0,0.0,0.0,0.0,0.0,0.0
2052,Chromite,1.0,1144,38.16524648390242,2006.1695804195804,1332.097027972028,1978,1313,2031,1359,60.373717691139966,28.027670508988273,0.8424153166421208,0.0,0.0,0.0,0.0,0.0,0.0,0.0,1.0,0.0,0.0,0.0,0.0,0.0,0.0,0.0,0.0,0.0
2053,Quartz,1.0,1568,44.68153540496046,1992.2684948979593,1367.7895408163265,1963,1343,2025,1389,65.25088301229509,34.080650772969676,0.8512486427795874,0.0,0.0,0.0,0.0,0.0,0.0,1.0,0.0,0.0,0.0,0.0,0.0,0.0,0.0,0.0,0.0,0.0
2054,Quartz,1.0,829,32.48869930584249,1994.5765983112183,81.17008443908323,1978,61,2006,108,48.47580920642576,24.492336133711447,0.8653444676409185,0.0,0.0,0.0,0.0,0.0,0.0,1.0,0.0,0.0,0.0,0.0,0.0,0.0,0.0,0.0,0.0,0.0
2055,Quartz,1.0,3983,71.2131526242179,2005.713532513181,1033.6695957820739,1962,999,2049,1072,82.67568976296276,62.9280803133751,0.901947463768116,0.0,0.0,0.0,0.0,0.0,0.0,1.0,0.0,0.0,0.0,0.0,0.0,0.0,0.0,0.0,0.0,0.0
2056,Quartz,1.0,866,33.20580439833751,2020.056581986143,86.18129330254041,2006,68,2038,103,37.94528623923606,31.09076854019158,0.9030239833159541,0.0,0.0,0.0,0.0,0.0,0.0,1.0,0.0,0.0,0.0,0.0,0.0,0.0,0.0,0.0,0.0,0.0
2057,Quartz,1.0,334,20.62188177498708,2007.5928143712574,435.2365269461078,1999,421,2018,448,26.00163751680075,17.283351229269428,0.8675324675324675,0.0,0.0,0.0,0.0,0.0,0.0,1.0,0.0,0.0,0.0,0.0,0.0,0.0,0.0,0.0,0.0,0.0
2058,Quartz,1.0,138,13.255453865237978,2004.855072463768,3863.014492753623,1992,3855,2015,3873,28.430146425365198,8.324685773042868,0.6634615384615384,0.0,0.0,0.0,0.0,0.0,0.0,1.0,0.0,0.0,0.0,0.0,0.0,0.0,0.0,0.0,0.0,0.0
2059,Quartz,1.0,1587,44.951431095068635,2004.0365469439193,550.1518588531821,1977,531,2031,581,53.40858776323306,41.47819346397647,0.8865921787709498,0.0,0.0,0.0,0.0,0.0,0.0,1.0,0.0,0.0,0.0,0.0,0.0,0.0,0.0,0.0,0.0,0.0
2060,Orthoclase,1.0,426,23.28948359361322,2010.4342723004695,973.8497652582159,1997,963,2024,984,27.37127004188228,20.993140905115137,0.9006342494714588,0.0,0.0,0.0,0.0,0.0,0.0,0.0,0.0,1.0,0.0,0.0,0.0,0.0,0.0,0.0,0.0,0.0
2061,Orthoclase,1.0,301,19.576646877473273,2010.471760797342,989.1229235880398,1997,984,2027,996,31.607254926434358,12.521184831498857,0.940625,0.0,0.0,0.0,0.0,0.0,0.0,0.0,0.0,1.0,0.0,0.0,0.0,0.0,0.0,0.0,0.0,0.0
2062,Quartz,1.0,1135,38.014824519842385,2013.1770925110131,1457.1471365638768,1993,1432,2034,1479,46.23237267357897,34.07454487203639,0.827259475218659,0.0,0.0,0.0,0.0,0.0,0.0,1.0,0.0,0.0,0.0,0.0,0.0,0.0,0.0,0.0,0.0,0.0
2063,Quartz,1.0,12563,126.47414123253752,2008.7850831807689,3490.224946270795,1940,3431,2087,3549,154.8621425222397,110.03533213212756,0.8769370375540975,0.0,0.0,0.0,0.0,0.0,0.0,1.0,0.0,0.0,0.0,0.0,0.0,0.0,0.0,0.0,0.0,0.0
2064,Quartz,1.0,834,32.586527589007176,2012.732613908873,364.16187050359713,2000,339,2026,391,53.58401573984205,20.79604459478744,0.8660436137071651,0.0,0.0,0.0,0.0,0.0,0.0,1.0,0.0,0.0,0.0,0.0,0.0,0.0,0.0,0.0,0.0,0.0
2065,Quartz,1.0,1031,36.23133961947795,2007.5470417070806,1164.3161978661494,1985,1144,2029,1183,46.56136150495748,30.656683621335496,0.8341423948220065,0.0,0.0,0.0,0.0,0.0,0.0,1.0,0.0,0.0,0.0,0.0,0.0,0.0,0.0,0.0,0.0,0.0
2066,Quartz,1.0,1125,37.8469878303024,1998.8604444444445,4608.551111111111,1971,4592,2027,4632,50.68074277325922,36.94562388961255,0.7637474541751528,0.0,0.0,0.0,0.0,0.0,0.0,1.0,0.0,0.0,0.0,0.0,0.0,0.0,0.0,0.0,0.0,0.0
2068,Quartz,1.0,110,11.834540545406394,2009.9727272727273,1417.4454545454546,2003,1412,2018,1426,13.209726258893603,11.941828352329544,0.7857142857142857,0.0,0.0,0.0,0.0,0.0,0.0,1.0,0.0,0.0,0.0,0.0,0.0,0.0,0.0,0.0,0.0,0.0
2069,Quartz,1.0,797,31.85548488335917,2010.284818067754,1742.3613550815558,1995,1723,2030,1765,42.18646006586809,25.228729776484812,0.8672470076169749,0.0,0.0,0.0,0.0,0.0,0.0,1.0,0.0,0.0,0.0,0.0,0.0,0.0,0.0,0.0,0.0,0.0
2070,Quartz,1.0,185,15.347615963921077,2009.945945945946,1216.6,1998,1206,2020,1225,21.066940826193342,15.821263853075974,0.6607142857142857,0.0,0.0,0.0,0.0,0.0,0.0,1.0,0.0,0.0,0.0,0.0,0.0,0.0,0.0,0.0,0.0,0.0
2071,Quartz,1.0,343,20.897874625046462,2013.9125364431486,1835.131195335277,2006,1821,2023,1851,29.68057599122284,15.510581930926602,0.8794871794871795,0.0,0.0,0.0,0.0,0.0,0.0,1.0,0.0,0.0,0.0,0.0,0.0,0.0,0.0,0.0,0.0,0.0
2072,Quartz,1.0,1187,38.875896640471694,2014.1086773378265,4091.597304128054,1996,4065,2032,4114,45.429368519532545,34.313248021306165,0.8938253012048193,0.0,0.0,0.0,0.0,0.0,0.0,1.0,0.0,0.0,0.0,0.0,0.0,0.0,0.0,0.0,0.0,0.0
2073,Orthoclase,1.0,204,16.11647812414279,2004.9656862745098,861.2205882352941,1991,853,2022,873,38.17107611735882,11.79793076200317,0.5650969529085873,0.0,0.0,0.0,0.0,0.0,0.0,0.0,0.0,1.0,0.0,0.0,0.0,0.0,0.0,0.0,0.0,0.0
2074,Quartz,1.0,332,20.56004690782767,2012.6566265060242,3215.475903614458,2001,3204,2026,3224,24.222755029892674,19.108780584258824,0.8997289972899729,0.0,0.0,0.0,0.0,0.0,0.0,1.0,0.0,0.0,0.0,0.0,0.0,0.0,0.0,0.0,0.0,0.0
2075,Quartz,1.0,500,25.2313252202016,2016.926,3230.464,2002,3215,2033,3246,38.52542100268027,18.967856614974764,0.7704160246533128,0.0,0.0,0.0,0.0,0.0,0.0,1.0,0.0,0.0,0.0,0.0,0.0,0.0,0.0,0.0,0.0,0.0
2076,Quartz,1.0,179,15.09668435477122,2021.0167597765362,1421.1787709497207,2014,1411,2030,1430,16.886496944515383,15.323902961498655,0.8136363636363636,0.0,0.0,0.0,0.0,0.0,0.0,1.0,0.0,0.0,0.0,0.0,0.0,0.0,0.0,0.0,0.0,0.0
2077,Quartz,1.0,432,23.452920571340155,2017.0555555555557,1637.826388888889,2008,1621,2026,1658,37.30753680620201,16.203147458976588,0.8105065666041276,0.0,0.0,0.0,0.0,0.0,0.0,1.0,0.0,0.0,0.0,0.0,0.0,0.0,0.0,0.0,0.0,0.0
2078,Quartz,1.0,595,27.524126309792685,2020.8403361344538,2218.951260504202,2007,2203,2036,2236,29.53027964599867,26.54542430923613,0.8854166666666666,0.0,0.0,0.0,0.0,0.0,0.0,1.0,0.0,0.0,0.0,0.0,0.0,0.0,0.0,0.0,0.0,0.0
2079,Quartz,1.0,1080,37.0823233942262,2023.1564814814815,1117.5416666666667,2003,1098,2049,1140,47.042511869032246,31.02766264710847,0.8605577689243028,0.0,0.0,0.0,0.0,0.0,0.0,1.0,0.0,0.0,0.0,0.0,0.0,0.0,0.0,0.0,0.0,0.0
2080,Quartz,1.0,318,20.12188299403865,2020.6163522012578,2800.0188679245284,2001,2793,2035,2811,34.83207095167517,13.34077321588435,0.8457446808510638,0.0,0.0,0.0,0.0,0.0,0.0,1.0,0.0,0.0,0.0,0.0,0.0,0.0,0.0,0.0,0.0,0.0
2081,Quartz,1.0,372,21.76338922689847,2022.6370967741937,928.002688172043,2008,914,2038,946,39.54557749586565,13.652255890470078,0.806941431670282,0.0,0.0,0.0,0.0,0.0,0.0,1.0,0.0,0.0,0.0,0.0,0.0,0.0,0.0,0.0,0.0,0.0
2082,Orthoclase,1.0,920,34.225434710991614,2025.6989130434783,294.9804347826087,2008,275,2042,313,36.614788121522345,32.56145786744012,0.9302325581395349,0.0,0.0,0.0,0.0,0.0,0.0,0.0,0.0,1.0,0.0,0.0,0.0,0.0,0.0,0.0,0.0,0.0
2083,Quartz,1.0,6035,87.65843172494422,2029.1671913835958,3667.8445733222866,1987,3618,2075,3728,104.45237300062048,77.94304043524174,0.8243409370304603,0.0,0.0,0.0,0.0,0.0,0.0,1.0,0.0,0.0,0.0,0.0,0.0,0.0,0.0,0.0,0.0,0.0
2084,Quartz,1.0,698,29.811427376513585,2020.7363896848137,4013.4255014326645,2005,3995,2041,4037,42.79524379825629,24.965242026233604,0.705050505050505,0.0,0.0,0.0,0.0,0.0,0.0,1.0,0.0,0.0,0.0,0.0,0.0,0.0,0.0,0.0,0.0,0.0
2085,Quartz,1.0,577,27.104597715372734,2018.4887348353552,4623.759098786829,2004,4598,2027,4643,43.845433911247824,19.92314204960715,0.8716012084592145,0.0,0.0,0.0,0.0,0.0,0.0,1.0,0.0,0.0,0.0,0.0,0.0,0.0,0.0,0.0,0.0,0.0
2086,Quartz,1.0,1341,41.32086917635994,2026.58687546607,3576.2796420581653,2000,3554,2054,3601,54.60052292967233,33.24821430850614,0.8365564566437929,0.0,0.0,0.0,0.0,0.0,0.0,1.0,0.0,0.0,0.0,0.0,0.0,0.0,0.0,0.0,0.0,0.0
2087,Quartz,1.0,703,29.918011296689148,2026.24893314367,3891.422475106686,2013,3873,2041,3911,36.064660296235736,25.94456286828866,0.8711276332094176,0.0,0.0,0.0,0.0,0.0,0.0,1.0,0.0,0.0,0.0,0.0,0.0,0.0,0.0,0.0,0.0,0.0
2088,Quartz,1.0,1509,43.8328469644097,2042.7223326706428,4619.860172299536,2026,4591,2067,4644,53.34760681667954,38.94021879897494,0.8819403857393338,0.0,0.0,0.0,0.0,0.0,0.0,1.0,0.0,0.0,0.0,0.0,0.0,0.0,0.0,0.0,0.0,0.0
2089,Quartz,1.0,412,22.903595622322865,2030.5728155339805,2833.5922330097087,2015,2818,2045,2843,29.373910865649055,21.48878660968055,0.7907869481765835,0.0,0.0,0.0,0.0,0.0,0.0,1.0,0.0,0.0,0.0,0.0,0.0,0.0,0.0,0.0,0.0,0.0
2090,Quartz,1.0,4390,74.76310320865075,2026.689521640091,4504.381776765375,1995,4456,2061,4558,103.5384165046978,55.973702646193644,0.8866895576651181,0.0,0.0,0.0,0.0,0.0,0.0,1.0,0.0,0.0,0.0,0.0,0.0,0.0,0.0,0.0,0.0,0.0
2091,Quartz,1.0,1037,36.33661249883324,2031.778206364513,457.79845708775315,2016,439,2055,480,38.12320883014993,37.68104178291226,0.8620116375727348,0.0,0.0,0.0,0.0,0.0,0.0,1.0,0.0,0.0,0.0,0.0,0.0,0.0,0.0,0.0,0.0,0.0
2093,Quartz,1.0,2587,57.39225298095437,2035.6772323154232,1285.1051410900657,2005,1252,2063,1325,72.81723352976869,47.2569242608909,0.8698722259583053,0.0,0.0,0.0,0.0,0.0,0.0,1.0,0.0,0.0,0.0,0.0,0.0,0.0,0.0,0.0,0.0,0.0
2094,Orthoclase,1.0,586,27.315167457198672,2035.9470989761091,216.68941979522185,2015,205,2058,229,38.36956744301892,21.005860548965327,0.8630338733431517,0.0,0.0,0.0,0.0,0.0,0.0,0.0,0.0,1.0,0.0,0.0,0.0,0.0,0.0,0.0,0.0,0.0
2095,Quartz,1.0,460,24.201036973199617,2031.95,508.7804347826087,2021,489,2042,529,38.866473357081745,17.213588985411512,0.8112874779541446,0.0,0.0,0.0,0.0,0.0,0.0,1.0,0.0,0.0,0.0,0.0,0.0,0.0,0.0,0.0,0.0,0.0
2097,Orthoclase,1.0,2149,52.30862052889432,2043.2261516984645,736.1986970684039,2014,708,2074,766,64.54696291586745,43.18770296317513,0.9421306444541867,0.0,0.0,0.0,0.0,0.0,0.0,0.0,0.0,1.0,0.0,0.0,0.0,0.0,0.0,0.0,0.0,0.0
2098,Quartz,1.0,305,19.706294962377495,2032.8032786885246,3260.7967213114753,2021,3249,2042,3271,22.19165451983032,19.980177745158446,0.8133333333333334,0.0,0.0,0.0,0.0,0.0,0.0,1.0,0.0,0.0,0.0,0.0,0.0,0.0,0.0,0.0,0.0,0.0
2099,Quartz,1.0,299,19.511499785403828,2044.6521739130435,494.0836120401338,2033,486,2057,506,22.345793560106625,18.965093804039647,0.8375350140056023,0.0,0.0,0.0,0.0,0.0,0.0,1.0,0.0,0.0,0.0,0.0,0.0,0.0,0.0,0.0,0.0,0.0
2100,Quartz,1.0,595,27.524126309792685,2040.4033613445379,967.6067226890756,2027,952,2056,983,32.54324663460131,24.053310391857288,0.8960843373493976,0.0,0.0,0.0,0.0,0.0,0.0,1.0,0.0,0.0,0.0,0.0,0.0,0.0,0.0,0.0,0.0,0.0
2101,Orthoclase,1.0,1748,47.17650606177894,2047.074942791762,178.3649885583524,2017,153,2084,203,76.09208481670964,31.254800335015425,0.8775100401606426,0.0,0.0,0.0,0.0,0.0,0.0,0.0,0.0,1.0,0.0,0.0,0.0,0.0,0.0,0.0,0.0,0.0
2102,Quartz,1.0,611,27.891743614073043,2042.2307692307693,643.7004909983633,2027,627,2059,662,34.25860754491663,25.208944636834943,0.8179384203480589,0.0,0.0,0.0,0.0,0.0,0.0,1.0,0.0,0.0,0.0,0.0,0.0,0.0,0.0,0.0,0.0,0.0
2103,Quartz,1.0,1854,48.58586333429706,2039.5285868392664,1592.7891046386192,2015,1567,2067,1619,53.08338465662014,46.19424783266095,0.9004371053909664,0.0,0.0,0.0,0.0,0.0,0.0,1.0,0.0,0.0,0.0,0.0,0.0,0.0,0.0,0.0,0.0,0.0
2105,Quartz,1.0,1383,41.962963317296,2043.9674620390456,1910.181489515546,2021,1874,2066,1952,79.5226847239471,24.889879615276204,0.7352472089314195,0.0,0.0,0.0,0.0,0.0,0.0,1.0,0.0,0.0,0.0,0.0,0.0,0.0,0.0,0.0,0.0,0.0
2106,Quartz,1.0,5709,85.25798825267368,2040.6861096514276,3135.1837449640916,1995,3092,2091,3177,92.67771201901158,79.69707426439601,0.9236369519495228,0.0,0.0,0.0,0.0,0.0,0.0,1.0,0.0,0.0,0.0,0.0,0.0,0.0,0.0,0.0,0.0,0.0
2107,Unknown,1.0,190,15.553633450087505,2043.6526315789474,2625.047368421053,2036,2618,2052,2634,16.058775700301265,15.358924247236336,0.8878504672897196,0.0,0.0,0.0,0.0,0.0,0.0,0.0,0.0,0.0,0.0,0.0,0.0,0.0,0.0,0.0,0.0,1.0
2108,Quartz,1.0,836,32.625576767294035,2037.2416267942583,1797.0047846889952,2018,1779,2063,1814,41.912741963130415,28.178769687641676,0.8334995014955134,0.0,0.0,0.0,0.0,0.0,0.0,1.0,0.0,0.0,0.0,0.0,0.0,0.0,0.0,0.0,0.0,0.0
2109,Quartz,1.0,452,23.98967015655475,2045.8694690265486,3388.7433628318586,2030,3374,2064,3407,37.80424938224934,18.9790036248955,0.7174603174603175,0.0,0.0,0.0,0.0,0.0,0.0,1.0,0.0,0.0,0.0,0.0,0.0,0.0,0.0,0.0,0.0,0.0
2110,Quartz,1.0,499,25.206081266687335,2046.9619238476953,1816.9278557114228,2032,1807,2064,1837,29.70538223491364,24.22441888187225,0.855917667238422,0.0,0.0,0.0,0.0,0.0,0.0,1.0,0.0,0.0,0.0,0.0,0.0,0.0,0.0,0.0,0.0,0.0
2111,Quartz,1.0,1928,49.54599723740954,2039.4865145228216,2160.533195020747,2020,2124,2065,2197,71.76105065260587,39.47002579393761,0.760852407261247,0.0,0.0,0.0,0.0,0.0,0.0,1.0,0.0,0.0,0.0,0.0,0.0,0.0,0.0,0.0,0.0,0.0
2112,Quartz,1.0,277,18.77997214831907,2048.2671480144404,3262.6606498194947,2042,3251,2056,3277,26.568179967575876,14.15742158941381,0.8964401294498382,0.0,0.0,0.0,0.0,0.0,0.0,1.0,0.0,0.0,0.0,0.0,0.0,0.0,0.0,0.0,0.0,0.0
2113,Quartz,1.0,1369,41.750029182533964,2039.7129291453616,3777.18188458729,2019,3745,2064,3812,69.7485026500719,27.774497105192985,0.8357753357753358,0.0,0.0,0.0,0.0,0.0,0.0,1.0,0.0,0.0,0.0,0.0,0.0,0.0,0.0,0.0,0.0,0.0
2114,Quartz,1.0,483,24.798683434954437,2055.304347826087,4035.151138716356,2037,4024,2076,4048,41.75051977738676,16.900359153077357,0.7931034482758621,0.0,0.0,0.0,0.0,0.0,0.0,1.0,0.0,0.0,0.0,0.0,0.0,0.0,0.0,0.0,0.0,0.0
2115,Unknown,1.0,1195,39.00668219624068,2050.089539748954,600.3414225941423,2030,581,2070,625,44.46670312802315,34.889893936667356,0.9227799227799228,0.0,0.0,0.0,0.0,0.0,0.0,0.0,0.0,0.0,0.0,0.0,0.0,0.0,0.0,0.0,0.0,1.0
2116,Quartz,1.0,3028,62.091620541406975,2049.201453104359,2505.3804491413475,2016,2474,2084,2538,66.87188582968855,59.54061883152864,0.8833138856476079,0.0,0.0,0.0,0.0,0.0,0.0,1.0,0.0,0.0,0.0,0.0,0.0,0.0,0.0,0.0,0.0,0.0
2117,Quartz,1.0,257,18.089294154193436,2049.0077821011673,238.65369649805447,2040,225,2059,250,26.45160819344788,13.440010501914605,0.8132911392405063,0.0,0.0,0.0,0.0,0.0,0.0,1.0,0.0,0.0,0.0,0.0,0.0,0.0,0.0,0.0,0.0,0.0
2118,Quartz,1.0,1226,39.5093872623369,2052.752039151713,849.2626427406199,2032,820,2073,884,64.06095981424153,26.300278895047814,0.8573426573426574,0.0,0.0,0.0,0.0,0.0,0.0,1.0,0.0,0.0,0.0,0.0,0.0,0.0,0.0,0.0,0.0,0.0
2119,Quartz,1.0,170,14.712264360219255,2048.1176470588234,1143.4529411764706,2039,1129,2056,1155,29.666066692959497,9.676986707853107,0.7327586206896551,0.0,0.0,0.0,0.0,0.0,0.0,1.0,0.0,0.0,0.0,0.0,0.0,0.0,0.0,0.0,0.0,0.0
2120,Quartz,1.0,1549,44.40999949104669,2046.7572627501613,4333.065848934797,2020,4312,2082,4356,57.94434868604933,37.13447272126689,0.8473741794310722,0.0,0.0,0.0,0.0,0.0,0.0,1.0,0.0,0.0,0.0,0.0,0.0,0.0,0.0,0.0,0.0,0.0
2121,Quartz,1.0,554,26.558891313141824,2054.2436823104695,996.6967509025271,2039,980,2076,1013,38.666162733848715,21.18120832762362,0.7308707124010554,0.0,0.0,0.0,0.0,0.0,0.0,1.0,0.0,0.0,0.0,0.0,0.0,0.0,0.0,0.0,0.0,0.0
2122,Orthoclase,0.9389438943894389,2424,55.554771680189944,2057.4492574257424,545.2157590759076,2030,501,2083,587,80.60502466259766,45.904525797474264,0.7994722955145118,0.0,0.0,0.0,0.0,0.0,0.0,0.0,0.0,0.9389438943894389,0.0,0.0,0.0,0.0,0.0,0.0,0.0,0.06105610561056106
2123,Quartz,1.0,289,19.182445840623714,2051.612456747405,882.6782006920415,2041,871,2066,893,29.111450192878195,14.584673103635737,0.8186968838526912,0.0,0.0,0.0,0.0,0.0,0.0,1.0,0.0,0.0,0.0,0.0,0.0,0.0,0.0,0.0,0.0,0.0
2124,Quartz,1.0,1343,41.351671170332686,2055.9493670886077,3203.6947133283693,2038,3175,2075,3238,59.77520087579097,30.757415485332963,0.8636655948553055,0.0,0.0,0.0,0.0,0.0,0.0,1.0,0.0,0.0,0.0,0.0,0.0,0.0,0.0,0.0,0.0,0.0
2125,Quartz,1.0,317,20.090219901261573,2053.687697160883,2418.6624605678235,2041,2407,2066,2429,27.776899803563005,14.913434886907034,0.8781163434903048,0.0,0.0,0.0,0.0,0.0,0.0,1.0,0.0,0.0,0.0,0.0,0.0,0.0,0.0,0.0,0.0,0.0
2126,Quartz,1.0,1594,45.050458758017655,2056.5708908406523,4272.198243412798,2031,4243,2089,4301,60.88482504751381,40.233666686740456,0.7594092424964268,0.0,0.0,0.0,0.0,0.0,0.0,1.0,0.0,0.0,0.0,0.0,0.0,0.0,0.0,0.0,0.0,0.0
2127,Quartz,1.0,762,31.14817062185505,2056.4816272965877,800.4750656167979,2041,770,2071,826,52.28923417177889,21.3751434320169,0.7665995975855131,0.0,0.0,0.0,0.0,0.0,0.0,1.0,0.0,0.0,0.0,0.0,0.0,0.0,0.0,0.0,0.0,0.0
2128,Quartz,1.0,2783,59.52668017786611,2059.3711821775064,1065.8490837226016,2033,1021,2080,1111,87.71106176167957,41.43851912931473,0.9304580407890337,0.0,0.0,0.0,0.0,0.0,0.0,1.0,0.0,0.0,0.0,0.0,0.0,0.0,0.0,0.0,0.0,0.0
2130,Quartz,1.0,566,26.844991754889815,2057.5636042402825,909.583038869258,2037,895,2074,924,33.841680655865225,25.103746811369138,0.7408376963350786,0.0,0.0,0.0,0.0,0.0,0.0,1.0,0.0,0.0,0.0,0.0,0.0,0.0,0.0,0.0,0.0,0.0
2131,Orthoclase,1.0,2701,58.64315825677941,2062.855979266938,1676.60607182525,2023,1646,2100,1706,80.42316525080068,44.6616413417213,0.8798045602605863,0.0,0.0,0.0,0.0,0.0,0.0,0.0,0.0,1.0,0.0,0.0,0.0,0.0,0.0,0.0,0.0,0.0
2133,Quartz,1.0,6175,88.66935315394846,2062.85004048583,3850.662186234818,2013,3801,2103,3911,110.82430994548935,76.07095604676648,0.8881058535883791,0.0,0.0,0.0,0.0,0.0,0.0,1.0,0.0,0.0,0.0,0.0,0.0,0.0,0.0,0.0,0.0,0.0
2134,Quartz,0.9556135770234987,1915,49.37867685720058,2063.4402088772845,381.4360313315927,2035,351,2088,409,59.168308008365294,44.10897539906374,0.8618361836183618,0.0,0.0,0.0,0.0,0.0,0.0,0.9556135770234987,0.0,0.044386422976501305,0.0,0.0,0.0,0.0,0.0,0.0,0.0,0.0
2135,Quartz,1.0,772,31.35188875547286,2064.602331606218,952.2642487046633,2048,934,2083,979,48.00047285816478,22.771138344483845,0.8853211009174312,0.0,0.0,0.0,0.0,0.0,0.0,1.0,0.0,0.0,0.0,0.0,0.0,0.0,0.0,0.0,0.0,0.0
2136,Quartz,1.0,3758,69.17249604513879,2070.489089941458,4193.448642895157,2032,4154,2111,4243,82.1373131039583,63.525833966379466,0.8605449965651477,0.0,0.0,0.0,0.0,0.0,0.0,1.0,0.0,0.0,0.0,0.0,0.0,0.0,0.0,0.0,0.0,0.0
2137,Quartz,1.0,2824,59.96355955354968,2061.71671388102,2788.4281161473086,2031,2749,2098,2831,73.54706060137435,53.28889950021803,0.8002266931141967,0.0,0.0,0.0,0.0,0.0,0.0,1.0,0.0,0.0,0.0,0.0,0.0,0.0,0.0,0.0,0.0,0.0
2138,Quartz,1.0,633,28.38944578214513,2065.699842022117,1411.521327014218,2052,1390,2084,1435,41.41030176047379,24.149423797206694,0.74822695035461,0.0,0.0,0.0,0.0,0.0,0.0,1.0,0.0,0.0,0.0,0.0,0.0,0.0,0.0,0.0,0.0,0.0
2139,Quartz,1.0,453,24.016192740836935,2068.7902869757177,2141.863134657837,2056,2128,2083,2160,31.36262334630605,22.322553109612684,0.7933450087565674,0.0,0.0,0.0,0.0,0.0,0.0,1.0,0.0,0.0,0.0,0.0,0.0,0.0,0.0,0.0,0.0,0.0
2140,Orthoclase,1.0,1668,46.08430926701898,2065.526978417266,95.75239808153478,2040,67,2091,122,61.23287894812472,39.515137096339444,0.8531969309462916,0.0,0.0,0.0,0.0,0.0,0.0,0.0,0.0,1.0,0.0,0.0,0.0,0.0,0.0,0.0,0.0,0.0
2141,Quartz,1.0,437,23.58825303088947,2070.995423340961,326.8352402745995,2057,316,2087,338,31.007907934182256,18.774755767015066,0.9085239085239085,0.0,0.0,0.0,0.0,0.0,0.0,1.0,0.0,0.0,0.0,0.0,0.0,0.0,0.0,0.0,0.0,0.0
2142,Quartz,1.0,1171,38.61299660586932,2066.858240819812,1343.7395388556788,2053,1317,2084,1381,59.662114565052256,27.741924137062338,0.8364285714285714,0.0,0.0,0.0,0.0,0.0,0.0,1.0,0.0,0.0,0.0,0.0,0.0,0.0,0.0,0.0,0.0,0.0
2143,Quartz,1.0,182,15.222667215103916,2071.620879120879,3230.5824175824177,2064,3220,2080,3242,24.722388020047834,9.629371533689755,0.883495145631068,0.0,0.0,0.0,0.0,0.0,0.0,1.0,0.0,0.0,0.0,0.0,0.0,0.0,0.0,0.0,0.0,0.0
2144,Quartz,1.0,880,33.47313548753602,2068.5954545454547,1848.8,2051,1830,2085,1872,44.88613045619654,26.2216853057276,0.9016393442622951,0.0,0.0,0.0,0.0,0.0,0.0,1.0,0.0,0.0,0.0,0.0,0.0,0.0,0.0,0.0,0.0,0.0
2145,Quartz,1.0,1027,36.16098743733379,2067.6114897760467,3080.5881207400193,2041,3057,2091,3102,43.22595518156813,36.5336395663514,0.7425885755603759,0.0,0.0,0.0,0.0,0.0,0.0,1.0,0.0,0.0,0.0,0.0,0.0,0.0,0.0,0.0,0.0,0.0
2146,Quartz,1.0,2084,51.51146679359926,2076.715451055662,1154.9985604606527,2050,1104,2101,1201,83.93266835047531,42.44992703997016,0.7069199457259159,0.0,0.0,0.0,0.0,0.0,0.0,1.0,0.0,0.0,0.0,0.0,0.0,0.0,0.0,0.0,0.0,0.0
2147,Quartz,1.0,1346,41.397831189731775,2079.1634472511146,2571.3417533432394,2060,2538,2098,2603,60.916204543050306,31.506811092535173,0.8277982779827798,0.0,0.0,0.0,0.0,0.0,0.0,1.0,0.0,0.0,0.0,0.0,0.0,0.0,0.0,0.0,0.0,0.0
2149,Quartz,1.0,407,22.764193258431348,2080.943488943489,3247.7125307125307,2065,3235,2097,3261,34.09048558540554,18.284769644888655,0.7902912621359224,0.0,0.0,0.0,0.0,0.0,0.0,1.0,0.0,0.0,0.0,0.0,0.0,0.0,0.0,0.0,0.0,0.0
2150,Orthoclase,1.0,610,27.868909599918855,2077.8131147540985,1263.016393442623,2062,1249,2094,1276,33.85595570670046,23.790713124878998,0.895741556534508,0.0,0.0,0.0,0.0,0.0,0.0,0.0,0.0,1.0,0.0,0.0,0.0,0.0,0.0,0.0,0.0,0.0
2151,Quartz,1.0,1499,43.687367482580235,2081.499666444296,1216.3882588392262,2059,1192,2105,1244,51.10357622462518,39.246376734600666,0.8740524781341108,0.0,0.0,0.0,0.0,0.0,0.0,1.0,0.0,0.0,0.0,0.0,0.0,0.0,0.0,0.0,0.0,0.0
2152,Orthoclase,1.0,639,28.523675588636344,2082.303599374022,1289.9154929577464,2066,1276,2096,1311,33.61116676270513,27.18681628545981,0.852,0.0,0.0,0.0,0.0,0.0,0.0,0.0,0.0,1.0,0.0,0.0,0.0,0.0,0.0,0.0,0.0,0.0
2153,Quartz,0.6848484848484848,165,14.494292838262302,2084.987878787879,3621.1575757575756,2076,3615,2095,3628,20.28840024998228,10.764952991490835,0.8776595744680851,0.0,0.0,0.0,0.0,0.0,0.0,0.6848484848484848,0.0,0.3151515151515151,0.0,0.0,0.0,0.0,0.0,0.0,0.0,0.0
2154,Quartz,1.0,231,17.14987856615383,2087.848484848485,3692.7402597402597,2065,3683,2106,3709,44.66774815425087,8.307097145938414,0.6875,0.0,0.0,0.0,0.0,0.0,0.0,1.0,0.0,0.0,0.0,0.0,0.0,0.0,0.0,0.0,0.0,0.0
2155,Quartz,1.0,3038,62.19406512606668,2082.9502962475312,2209.791968400263,2039,2171,2122,2242,79.24431262386803,53.78793708219829,0.7957045573598743,0.0,0.0,0.0,0.0,0.0,0.0,1.0,0.0,0.0,0.0,0.0,0.0,0.0,0.0,0.0,0.0,0.0
2156,Quartz,1.0,1120,37.762789755305185,2084.7830357142857,4566.103571428572,2070,4541,2101,4596,52.54176576897459,27.648214327338664,0.9210526315789473,0.0,0.0,0.0,0.0,0.0,0.0,1.0,0.0,0.0,0.0,0.0,0.0,0.0,0.0,0.0,0.0,0.0
2157,Quartz,1.0,2186,52.75700564655907,2087.4684354986275,4466.483989021043,2066,4434,2110,4499,67.41884496091518,42.776344204225566,0.8846620801295022,0.0,0.0,0.0,0.0,0.0,0.0,1.0,0.0,0.0,0.0,0.0,0.0,0.0,0.0,0.0,0.0,0.0
2158,Quartz,1.0,1653,45.87662768172073,2112.32183908046,4346.790078644888,2073,4331,2167,4365,95.44191248792362,24.919856518959726,0.7939481268011528,0.0,0.0,0.0,0.0,0.0,0.0,1.0,0.0,0.0,0.0,0.0,0.0,0.0,0.0,0.0,0.0,0.0
2159,Quartz,1.0,120,12.360774464742066,2089.766666666667,2078.733333333333,2084,2073,2097,2086,14.298438750209133,10.988437578547238,0.9090909090909091,0.0,0.0,0.0,0.0,0.0,0.0,1.0,0.0,0.0,0.0,0.0,0.0,0.0,0.0,0.0,0.0,0.0
2160,Quartz,1.0,2836,60.090825829480174,2088.138928067701,3558.592736248237,2059,3527,2124,3597,76.11652349836224,50.56030710187351,0.8654256942325298,0.0,0.0,0.0,0.0,0.0,0.0,1.0,0.0,0.0,0.0,0.0,0.0,0.0,0.0,0.0,0.0,0.0
2162,Orthoclase,1.0,659,28.96661630188228,2098.834597875569,1651.8118361153263,2079,1634,2120,1672,46.40016448767685,20.157781353471847,0.8384223918575063,0.0,0.0,0.0,0.0,0.0,0.0,0.0,0.0,1.0,0.0,0.0,0.0,0.0,0.0,0.0,0.0,0.0
2163,Quartz,1.0,104,11.507254783503184,2089.394230769231,2307.5384615384614,2079,2304,2097,2315,18.406451606333686,10.003839243946576,0.7703703703703704,0.0,0.0,0.0,0.0,0.0,0.0,1.0,0.0,0.0,0.0,0.0,0.0,0.0,0.0,0.0,0.0,0.0
2164,Quartz,1.0,3047,62.286121189298996,2088.6462093862815,2924.1847719067937,2054,2885,2126,2967,76.45075925461774,57.57219137526047,0.7516033547113962,0.0,0.0,0.0,0.0,0.0,0.0,1.0,0.0,0.0,0.0,0.0,0.0,0.0,0.0,0.0,0.0,0.0
2166,Quartz,1.0,2754,59.21572178231587,2098.5588235294117,292.69026870007264,2058,258,2136,326,79.29040066638593,49.63351323628484,0.8083357792779572,0.0,0.0,0.0,0.0,0.0,0.0,1.0,0.0,0.0,0.0,0.0,0.0,0.0,0.0,0.0,0.0,0.0
2167,Quartz,1.0,373,21.792621462004423,2095.4477211796248,3288.71581769437,2087,3268,2102,3309,43.4097680148458,12.38497176675051,0.7836134453781513,0.0,0.0,0.0,0.0,0.0,0.0,1.0,0.0,0.0,0.0,0.0,0.0,0.0,0.0,0.0,0.0,0.0
2168,Quartz,1.0,926,34.3368580162012,2093.244060475162,1988.5269978401727,2069,1968,2115,2010,52.605037520866134,25.063809788341807,0.7867459643160578,0.0,0.0,0.0,0.0,0.0,0.0,1.0,0.0,0.0,0.0,0.0,0.0,0.0,0.0,0.0,0.0,0.0
2169,Quartz,1.0,2980,61.597514911811054,2083.86644295302,2375.7258389261747,2052,2345,2124,2406,71.56415837508209,56.69481457369173,0.882962962962963,0.0,0.0,0.0,0.0,0.0,0.0,1.0,0.0,0.0,0.0,0.0,0.0,0.0,0.0,0.0,0.0,0.0
2170,Orthoclase,1.0,1827,48.23078527487545,2098.9890530925013,127.74055829228243,2073,105,2126,154,52.95217009442081,46.91687875498493,0.9076005961251863,0.0,0.0,0.0,0.0,0.0,0.0,0.0,0.0,1.0,0.0,0.0,0.0,0.0,0.0,0.0,0.0,0.0
2171,Orthoclase,1.0,389,22.255115881567058,2099.357326478149,995.6169665809769,2088,983,2112,1009,24.956883836236507,22.03648764780961,0.8224101479915433,0.0,0.0,0.0,0.0,0.0,0.0,0.0,0.0,1.0,0.0,0.0,0.0,0.0,0.0,0.0,0.0,0.0
2172,Quartz,1.0,867,33.224970809398556,2103.3437139561706,2532.6066897347173,2083,2514,2127,2549,47.573590206193664,24.46183309776352,0.8793103448275862,0.0,0.0,0.0,0.0,0.0,0.0,1.0,0.0,0.0,0.0,0.0,0.0,0.0,0.0,0.0,0.0,0.0
2173,Quartz,1.0,2987,61.669818551086486,2104.586541680616,1444.5918982256444,2074,1414,2145,1483,68.09370982854095,60.27252105624447,0.9126183929117018,0.0,0.0,0.0,0.0,0.0,0.0,1.0,0.0,0.0,0.0,0.0,0.0,0.0,0.0,0.0,0.0,0.0
2174,Quartz,1.0,878,33.43507619667515,2104.0284738041,1843.5831435079726,2090,1822,2123,1862,41.11158871066429,29.46262496978271,0.8369876072449952,0.0,0.0,0.0,0.0,0.0,0.0,1.0,0.0,0.0,0.0,0.0,0.0,0.0,0.0,0.0,0.0,0.0
2175,Quartz,1.0,1310,40.84046772017998,2099.835114503817,609.8969465648855,2075,584,2129,641,65.5248691235302,29.161611540620132,0.842443729903537,0.0,0.0,0.0,0.0,0.0,0.0,1.0,0.0,0.0,0.0,0.0,0.0,0.0,0.0,0.0,0.0,0.0
2176,Quartz,1.0,535,26.099485750361293,2108.966355140187,4638.130841121495,2092,4627,2131,4647,38.44895098216867,18.791009398395868,0.924006908462867,0.0,0.0,0.0,0.0,0.0,0.0,1.0,0.0,0.0,0.0,0.0,0.0,0.0,0.0,0.0,0.0,0.0
2177,Quartz,1.0,4199,73.1186217617848,2108.8594903548465,452.9957132650631,2072,406,2153,492,97.64275486411027,58.59550622700571,0.8830704521556256,0.0,0.0,0.0,0.0,0.0,0.0,1.0,0.0,0.0,0.0,0.0,0.0,0.0,0.0,0.0,0.0,0.0
2178,Quartz,1.0,1227,39.525497104907416,2104.9348003259984,2624.2991035044824,2087,2602,2123,2659,51.34074911197609,32.67573798370918,0.8764285714285714,0.0,0.0,0.0,0.0,0.0,0.0,1.0,0.0,0.0,0.0,0.0,0.0,0.0,0.0,0.0,0.0,0.0
2179,Quartz,1.0,314,19.994929783493642,2109.127388535032,2879.063694267516,2097,2869,2122,2890,27.93898707758604,15.921160408711659,0.7989821882951654,0.0,0.0,0.0,0.0,0.0,0.0,1.0,0.0,0.0,0.0,0.0,0.0,0.0,0.0,0.0,0.0,0.0
2180,Quartz,1.0,2304,54.162200020584606,2100.8689236111113,3657.3971354166665,2069,3629,2134,3683,62.719879920411955,49.89803738785844,0.8317689530685921,0.0,0.0,0.0,0.0,0.0,0.0,1.0,0.0,0.0,0.0,0.0,0.0,0.0,0.0,0.0,0.0,0.0
2181,Quartz,1.0,1008,35.82492792865108,2107.75,726.2232142857143,2077,713,2142,739,63.954581114726864,22.094998613642723,0.8064,0.0,0.0,0.0,0.0,0.0,0.0,1.0,0.0,0.0,0.0,0.0,0.0,0.0,0.0,0.0,0.0,0.0
2182,Quartz,1.0,2849,60.228394158822454,2100.288873288873,772.0101790101791,2068,736,2131,811,79.54481486105043,49.4973707705465,0.8662207357859532,0.0,0.0,0.0,0.0,0.0,0.0,1.0,0.0,0.0,0.0,0.0,0.0,0.0,0.0,0.0,0.0,0.0
2183,Quartz,1.0,918,34.18821291127805,2106.032679738562,829.7080610021786,2091,807,2123,852,48.73458503164357,25.492354420258867,0.863593603010348,0.0,0.0,0.0,0.0,0.0,0.0,1.0,0.0,0.0,0.0,0.0,0.0,0.0,0.0,0.0,0.0,0.0
2184,Quartz,1.0,2783,59.52668017786611,2111.397053539346,2685.9464606539705,2079,2658,2147,2719,70.21479355197064,53.25498562867339,0.8790271636133923,0.0,0.0,0.0,0.0,0.0,0.0,1.0,0.0,0.0,0.0,0.0,0.0,0.0,0.0,0.0,0.0,0.0
2185,Quartz,1.0,1184,38.826738479640966,2115.1613175675675,3066.369087837838,2096,3038,2138,3096,57.52992874443646,30.949094441693564,0.729064039408867,0.0,0.0,0.0,0.0,0.0,0.0,1.0,0.0,0.0,0.0,0.0,0.0,0.0,0.0,0.0,0.0,0.0
2186,Quartz,1.0,1593,45.03632528041241,2105.6390458254864,3155.5417451349654,2085,3117,2130,3194,75.23165607148819,31.74266921497412,0.8190231362467867,0.0,0.0,0.0,0.0,0.0,0.0,1.0,0.0,0.0,0.0,0.0,0.0,0.0,0.0,0.0,0.0,0.0
2187,Quartz,1.0,2122,51.97897953911769,2111.3114985862394,4283.951932139491,2091,4250,2133,4321,71.57046847989173,38.5160084495558,0.9122957867583835,0.0,0.0,0.0,0.0,0.0,0.0,1.0,0.0,0.0,0.0,0.0,0.0,0.0,0.0,0.0,0.0,0.0
2188,Quartz,1.0,700,29.854106607209232,2114.445714285714,3325.595714285714,2098,3303,2126,3341,40.84674443993188,24.305931569788072,0.9043927648578811,0.0,0.0,0.0,0.0,0.0,0.0,1.0,0.0,0.0,0.0,0.0,0.0,0.0,0.0,0.0,0.0,0.0
2189,Quartz,1.0,532,26.026206750102993,2113.1484962406016,3350.7030075187968,2096,3339,2126,3365,32.7348841742032,22.913077752352113,0.8778877887788779,0.0,0.0,0.0,0.0,0.0,0.0,1.0,0.0,0.0,0.0,0.0,0.0,0.0,0.0,0.0,0.0,0.0
2190,Quartz,1.0,4595,76.48879465685201,2116.7852013057673,4110.392383025027,2080,4060,2154,4161,95.03203334465495,64.64067586642688,0.8577562068321822,0.0,0.0,0.0,0.0,0.0,0.0,1.0,0.0,0.0,0.0,0.0,0.0,0.0,0.0,0.0,0.0,0.0
2191,Quartz,1.0,271,18.575465448360347,2084.221402214022,4088.8265682656825,2078,4059,2092,4118,67.58609779713501,10.32915595888693,0.4287974683544304,0.0,0.0,0.0,0.0,0.0,0.0,1.0,0.0,0.0,0.0,0.0,0.0,0.0,0.0,0.0,0.0,0.0
2193,Quartz,1.0,2561,57.10312140388432,2119.5208902772356,2133.426786411558,2090,2107,2159,2163,65.62437401846041,52.22910156388224,0.9185796269727403,0.0,0.0,0.0,0.0,0.0,0.0,1.0,0.0,0.0,0.0,0.0,0.0,0.0,0.0,0.0,0.0,0.0
2194,Quartz,1.0,1760,47.33816218162558,2116.690340909091,2418.299431818182,2089,2395,2144,2447,52.25089185135364,44.77076037574572,0.9114448472294148,0.0,0.0,0.0,0.0,0.0,0.0,1.0,0.0,0.0,0.0,0.0,0.0,0.0,0.0,0.0,0.0,0.0
2195,Quartz,1.0,1335,41.228325120254915,2109.313108614232,1350.9955056179774,2080,1325,2139,1381,71.84438394157581,25.105333160100976,0.8220443349753694,0.0,0.0,0.0,0.0,0.0,0.0,1.0,0.0,0.0,0.0,0.0,0.0,0.0,0.0,0.0,0.0,0.0
2197,Quartz,1.0,114,12.047792665040703,2113.5789473684213,2319.1315789473683,2104,2314,2124,2325,21.47275551848611,8.357169661758713,0.7549668874172185,0.0,0.0,0.0,0.0,0.0,0.0,1.0,0.0,0.0,0.0,0.0,0.0,0.0,0.0,0.0,0.0,0.0
2198,Quartz,1.0,1958,49.92998125967452,2118.744126659857,2491.2722165474975,2093,2465,2147,2520,54.70018784273937,46.83460891532168,0.8973418881759854,0.0,0.0,0.0,0.0,0.0,0.0,1.0,0.0,0.0,0.0,0.0,0.0,0.0,0.0,0.0,0.0,0.0
2199,Quartz,1.0,101,11.340070282773887,2121.3366336633662,3412.5841584158416,2117,3407,2127,3420,14.012204373424009,9.365460416920493,0.9181818181818182,0.0,0.0,0.0,0.0,0.0,0.0,1.0,0.0,0.0,0.0,0.0,0.0,0.0,0.0,0.0,0.0,0.0
2200,Quartz,1.0,228,17.03815178355966,2112.504385964912,3427.407894736842,2104,3412,2124,3443,28.513644530902624,14.783617011810986,0.6246575342465753,0.0,0.0,0.0,0.0,0.0,0.0,1.0,0.0,0.0,0.0,0.0,0.0,0.0,0.0,0.0,0.0,0.0
2201,Quartz,1.0,132,12.964089628857149,2122.75,827.9090909090909,2119,817,2129,839,20.15973763492149,8.88127184081277,0.8741721854304636,0.0,0.0,0.0,0.0,0.0,0.0,1.0,0.0,0.0,0.0,0.0,0.0,0.0,0.0,0.0,0.0,0.0
2202,Quartz,1.0,2804,59.75084671732608,2118.1751069900142,934.6191155492154,2079,903,2150,972,66.19254116900143,59.58145438686235,0.8194038573933372,0.0,0.0,0.0,0.0,0.0,0.0,1.0,0.0,0.0,0.0,0.0,0.0,0.0,0.0,0.0,0.0,0.0
2203,Quartz,1.0,503,25.30690599424961,2127.0616302186877,570.7654075546719,2118,551,2138,590,42.24324037009034,16.177406644085835,0.8425460636515912,0.0,0.0,0.0,0.0,0.0,0.0,1.0,0.0,0.0,0.0,0.0,0.0,0.0,0.0,0.0,0.0,0.0
2204,Quartz,1.0,122,12.463355264843006,2123.7131147540986,985.4344262295082,2118,974,2132,997,21.640193042429793,9.892288899635398,0.648936170212766,0.0,0.0,0.0,0.0,0.0,0.0,1.0,0.0,0.0,0.0,0.0,0.0,0.0,0.0,0.0,0.0,0.0
2205,Quartz,1.0,341,20.83685880248485,2124.9120234604106,4401.519061583578,2112,4391,2137,4412,22.790405308276654,20.23291872773528,0.829683698296837,0.0,0.0,0.0,0.0,0.0,0.0,1.0,0.0,0.0,0.0,0.0,0.0,0.0,0.0,0.0,0.0,0.0
2206,Quartz,0.9955862758161226,12008,123.64894036416096,2140.117421718854,227.2594936708861,2076,163,2208,314,143.89250005465792,112.83067707842679,0.8889546935149542,0.0,0.0,0.0,0.0,0.0,0.0,0.9955862758161226,0.0,0.0,0.0,0.0,0.0,0.0,0.0,0.0,0.0,0.004413724183877415
2207,Quartz,1.0,1115,37.67840352748118,2127.243946188341,1248.7309417040358,2111,1228,2146,1276,49.11596827510648,31.56618809948564,0.8999192897497982,0.0,0.0,0.0,0.0,0.0,0.0,1.0,0.0,0.0,0.0,0.0,0.0,0.0,0.0,0.0,0.0,0.0
2208,Quartz,1.0,1083,37.13379090462191,2126.02216066482,150.28070175438597,2092,127,2151,171,68.35063451471639,22.207964257446328,0.8629482071713147,0.0,0.0,0.0,0.0,0.0,0.0,1.0,0.0,0.0,0.0,0.0,0.0,0.0,0.0,0.0,0.0,0.0
2209,Quartz,1.0,1100,37.424103185095554,2129.3663636363635,1030.2727272727273,2110,1004,2151,1056,53.28871904405114,32.12634519677009,0.8017492711370262,0.0,0.0,0.0,0.0,0.0,0.0,1.0,0.0,0.0,0.0,0.0,0.0,0.0,0.0,0.0,0.0,0.0
2210,Quartz,1.0,6472,90.77668386499901,2124.2750309023486,2050.98825710754,2066,2012,2177,2098,116.4721258313287,76.46496263869682,0.878631550366549,0.0,0.0,0.0,0.0,0.0,0.0,1.0,0.0,0.0,0.0,0.0,0.0,0.0,0.0,0.0,0.0,0.0
2212,Quartz,1.0,3506,66.81300654694024,2138.2084997147745,1392.782658300057,2096,1340,2172,1432,78.54043564517953,65.28342667101387,0.8292336802270577,0.0,0.0,0.0,0.0,0.0,0.0,1.0,0.0,0.0,0.0,0.0,0.0,0.0,0.0,0.0,0.0,0.0
2213,Quartz,1.0,191,15.594510349620345,2137.916230366492,2173.9685863874347,2131,2162,2148,2184,23.32538826566079,11.39336064537251,0.8526785714285714,0.0,0.0,0.0,0.0,0.0,0.0,1.0,0.0,0.0,0.0,0.0,0.0,0.0,0.0,0.0,0.0,0.0
2214,Quartz,1.0,6334,89.80367072872089,2139.6618250710453,366.4674771076729,2096,322,2188,420,99.58899673168952,83.6618019355416,0.9124171708441371,0.0,0.0,0.0,0.0,0.0,0.0,1.0,0.0,0.0,0.0,0.0,0.0,0.0,0.0,0.0,0.0,0.0
2215,Quartz,1.0,17742,150.2990884958763,2140.652688535678,1552.4468492841845,2066,1474,2219,1633,167.43327737026542,136.96503829387646,0.935956952943659,0.0,0.0,0.0,0.0,0.0,0.0,1.0,0.0,0.0,0.0,0.0,0.0,0.0,0.0,0.0,0.0,0.0
2216,Quartz,1.0,2537,56.834925222024424,2141.4119038234135,2584.4438312968073,2110,2554,2177,2619,61.835430348008884,57.68007340149749,0.848494983277592,0.0,0.0,0.0,0.0,0.0,0.0,1.0,0.0,0.0,0.0,0.0,0.0,0.0,0.0,0.0,0.0,0.0
2217,Quartz,1.0,1980,50.20970323130403,2140.6131313131314,2284.4050505050504,2112,2254,2167,2314,57.274772762181755,47.54730622154908,0.8094848732624693,0.0,0.0,0.0,0.0,0.0,0.0,1.0,0.0,0.0,0.0,0.0,0.0,0.0,0.0,0.0,0.0,0.0
2218,Quartz,1.0,210,16.351767622932517,2137.695238095238,1786.0380952380951,2130,1778,2149,1798,24.578177939001982,11.735337995170307,0.8936170212765957,0.0,0.0,0.0,0.0,0.0,0.0,1.0,0.0,0.0,0.0,0.0,0.0,0.0,0.0,0.0,0.0,0.0
2219,Quartz,1.0,149,13.773623058786647,2143.8993288590605,1771.4496644295302,2136,1761,2152,1779,18.4673622745755,12.531389238302946,0.8010752688172043,0.0,0.0,0.0,0.0,0.0,0.0,1.0,0.0,0.0,0.0,0.0,0.0,0.0,0.0,0.0,0.0,0.0
2220,Quartz,1.0,3048,62.2963412437101,2149.4396325459315,510.5531496062992,2104,482,2190,544,79.25207562454092,52.7659345466735,0.8819444444444444,0.0,0.0,0.0,0.0,0.0,0.0,1.0,0.0,0.0,0.0,0.0,0.0,0.0,0.0,0.0,0.0,0.0
2221,Quartz,1.0,153,13.957279475043833,2147.9869281045753,3721.8823529411766,2137,3718,2162,3728,25.746640916323127,8.097285521062611,0.8693181818181818,0.0,0.0,0.0,0.0,0.0,0.0,1.0,0.0,0.0,0.0,0.0,0.0,0.0,0.0,0.0,0.0,0.0
2222,Quartz,1.0,1369,41.750029182533964,2143.3206720233748,1812.5398100803507,2118,1788,2170,1840,59.30394204531278,31.8335014043542,0.8357753357753358,0.0,0.0,0.0,0.0,0.0,0.0,1.0,0.0,0.0,0.0,0.0,0.0,0.0,0.0,0.0,0.0,0.0
2223,Quartz,1.0,5755,85.60078025316628,2138.339183318853,1905.4178974804518,2082,1871,2202,1944,112.94011595338709,66.08007316652377,0.9094500632111252,0.0,0.0,0.0,0.0,0.0,0.0,1.0,0.0,0.0,0.0,0.0,0.0,0.0,0.0,0.0,0.0,0.0
2224,Quartz,1.0,4276,73.78598981708896,2149.009822263798,3004.9403648269413,2111,2964,2189,3042,80.9401772532788,68.91176473516137,0.8921343626121427,0.0,0.0,0.0,0.0,0.0,0.0,1.0,0.0,0.0,0.0,0.0,0.0,0.0,0.0,0.0,0.0,0.0
2225,Quartz,1.0,697,29.790064831759068,2149.948350071736,4581.261119081779,2135,4561,2167,4602,37.9356799669104,25.340440913109465,0.8161592505854801,0.0,0.0,0.0,0.0,0.0,0.0,1.0,0.0,0.0,0.0,0.0,0.0,0.0,0.0,0.0,0.0,0.0
2226,Quartz,1.0,133,13.013103375051497,2147.9323308270677,4543.150375939849,2141,4535,2154,4552,16.150448631369017,12.79650314548752,0.7732558139534884,0.0,0.0,0.0,0.0,0.0,0.0,1.0,0.0,0.0,0.0,0.0,0.0,0.0,0.0,0.0,0.0,0.0
2227,Quartz,1.0,468,24.410573670769317,2145.209401709402,2639.3205128205127,2125,2625,2164,2655,41.133827512379504,18.1773246169433,0.7548387096774194,0.0,0.0,0.0,0.0,0.0,0.0,1.0,0.0,0.0,0.0,0.0,0.0,0.0,0.0,0.0,0.0,0.0
2228,Quartz,1.0,1182,38.79393176615336,2153.198815566836,2521.8654822335025,2133,2500,2174,2549,49.48252703521667,33.02779210654289,0.8467048710601719,0.0,0.0,0.0,0.0,0.0,0.0,1.0,0.0,0.0,0.0,0.0,0.0,0.0,0.0,0.0,0.0,0.0
2229,Quartz,1.0,5011,79.87617516298525,2145.1845938934343,3269.4320494911194,2094,3228,2193,3311,99.57659777383242,68.54896154787208,0.8833068922968447,0.0,0.0,0.0,0.0,0.0,0.0,1.0,0.0,0.0,0.0,0.0,0.0,0.0,0.0,0.0,0.0,0.0
2230,Quartz,1.0,1408,42.34053942720982,2151.041193181818,4016.6058238636365,2126,3993,2174,4042,46.63492205671087,41.35325080371127,0.8569689592209373,0.0,0.0,0.0,0.0,0.0,0.0,1.0,0.0,0.0,0.0,0.0,0.0,0.0,0.0,0.0,0.0,0.0
2232,Quartz,1.0,2021,50.72688754408025,2157.9737753587333,1272.43592281049,2122,1240,2193,1302,83.94619219273716,31.779176843437703,0.882532751091703,0.0,0.0,0.0,0.0,0.0,0.0,1.0,0.0,0.0,0.0,0.0,0.0,0.0,0.0,0.0,0.0,0.0
2233,Orthoclase,0.9325284090909091,1408,42.34053942720982,2150.231534090909,1666.333096590909,2127,1642,2178,1689,51.21931381846607,37.34308139617371,0.8816530995616781,0.0,0.0,0.0,0.0,0.0,0.0,0.0,0.0,0.9325284090909091,0.0,0.0,0.0,0.0,0.0,0.0,0.0,0.06747159090909091
2234,Quartz,1.0,11647,121.77611004433686,2159.6002404052547,3913.4039666867006,2107,3819,2232,3992,147.98005522941062,110.09301003896512,0.8346710620610578,0.0,0.0,0.0,0.0,0.0,0.0,1.0,0.0,0.0,0.0,0.0,0.0,0.0,0.0,0.0,0.0,0.0
2235,Quartz,1.0,206,16.195287778099022,2155.71359223301,1020.5242718446602,2147,1011,2166,1029,21.840346210009738,13.0424140936394,0.8373983739837398,0.0,0.0,0.0,0.0,0.0,0.0,1.0,0.0,0.0,0.0,0.0,0.0,0.0,0.0,0.0,0.0,0.0
2236,Quartz,1.0,544,26.318098569918163,2160.391544117647,4610.878676470588,2139,4601,2180,4624,36.186362213117114,21.11606455824922,0.7804878048780488,0.0,0.0,0.0,0.0,0.0,0.0,1.0,0.0,0.0,0.0,0.0,0.0,0.0,0.0,0.0,0.0,0.0
2238,Quartz,1.0,704,29.93928254807644,2153.3707386363635,4637.492897727273,2131,4626,2174,4647,45.1567804763077,21.114552011902035,0.9107373868046572,0.0,0.0,0.0,0.0,0.0,0.0,1.0,0.0,0.0,0.0,0.0,0.0,0.0,0.0,0.0,0.0,0.0
2239,Quartz,1.0,1196,39.022999570807656,2156.9682274247493,3480.0785953177256,2131,3460,2179,3504,48.886322483179875,35.1715211202711,0.7899603698811096,0.0,0.0,0.0,0.0,0.0,0.0,1.0,0.0,0.0,0.0,0.0,0.0,0.0,0.0,0.0,0.0,0.0
2240,Quartz,1.0,5036,80.07517934595138,2167.179507545671,1122.5315726767276,2129,1081,2218,1174,99.76052981796842,72.11742043518841,0.8326719576719577,0.0,0.0,0.0,0.0,0.0,0.0,1.0,0.0,0.0,0.0,0.0,0.0,0.0,0.0,0.0,0.0,0.0
2241,Quartz,1.0,2804,59.75084671732608,2174.6469329529245,2731.4996433666192,2139,2701,2214,2758,76.41362478622978,47.48783722852373,0.9453809844908968,0.0,0.0,0.0,0.0,0.0,0.0,1.0,0.0,0.0,0.0,0.0,0.0,0.0,0.0,0.0,0.0,0.0
2242,Quartz,1.0,635,28.43425945768288,2159.8299212598426,1197.7889763779528,2140,1177,2176,1217,36.35086033180274,25.92242104147854,0.7559523809523809,0.0,0.0,0.0,0.0,0.0,0.0,1.0,0.0,0.0,0.0,0.0,0.0,0.0,0.0,0.0,0.0,0.0
2243,Quartz,1.0,1000,35.682482323055424,2176.066,1728.776,2156,1712,2207,1751,48.857324636094205,29.395396194018243,0.819000819000819,0.0,0.0,0.0,0.0,0.0,0.0,1.0,0.0,0.0,0.0,0.0,0.0,0.0,0.0,0.0,0.0,0.0
2244,Quartz,1.0,7273,96.23030296563986,2164.8763921352947,4438.031211329575,2110,4383,2211,4493,115.45694826151134,83.41724169318437,0.8969046738192132,0.0,0.0,0.0,0.0,0.0,0.0,1.0,0.0,0.0,0.0,0.0,0.0,0.0,0.0,0.0,0.0,0.0
2245,Quartz,1.0,471,24.488687706168772,2179.0934182590236,1201.1910828025477,2171,1184,2191,1218,34.353009180455274,18.868761318300706,0.8706099815157117,0.0,0.0,0.0,0.0,0.0,0.0,1.0,0.0,0.0,0.0,0.0,0.0,0.0,0.0,0.0,0.0,0.0
2246,Unknown,1.0,195,15.756957549709801,2174.492307692308,2914.4307692307693,2166,2907,2183,2923,16.572969931988393,15.122323747458758,0.9198113207547169,0.0,0.0,0.0,0.0,0.0,0.0,0.0,0.0,0.0,0.0,0.0,0.0,0.0,0.0,0.0,0.0,1.0
2247,Quartz,1.0,1197,39.039310125154486,2192.5112781954886,2122.0150375939847,2161,2110,2225,2136,70.27410628644225,23.672235673204217,0.8093306288032455,0.0,0.0,0.0,0.0,0.0,0.0,1.0,0.0,0.0,0.0,0.0,0.0,0.0,0.0,0.0,0.0,0.0
2248,Quartz,1.0,2289,53.98560287612603,2181.2193097422455,1307.167758846658,2150,1274,2212,1338,67.52757800416511,46.37441308206873,0.856020942408377,0.0,0.0,0.0,0.0,0.0,0.0,1.0,0.0,0.0,0.0,0.0,0.0,0.0,0.0,0.0,0.0,0.0
2249,Chromite,0.9458740017746229,1127,37.88061465864207,2178.7222715173025,875.9361135758651,2157,857,2200,893,41.821971019264446,35.57031187164268,0.930635838150289,0.0,0.0,0.0,0.0,0.0,0.0,0.0,0.9458740017746229,0.0,0.0,0.0,0.0,0.0,0.0,0.0,0.0,0.05412599822537711
2250,Quartz,1.0,5806,85.97923468333708,2178.7871167757494,3155.9815707888392,2130,3099,2228,3199,95.08809226430286,82.80931254960434,0.8463556851311953,0.0,0.0,0.0,0.0,0.0,0.0,1.0,0.0,0.0,0.0,0.0,0.0,0.0,0.0,0.0,0.0,0.0
2251,Quartz,1.0,990,35.50362163621919,2177.3343434343433,919.7444444444444,2154,901,2201,935,46.188272105235264,28.712224423223315,0.9226467847157502,0.0,0.0,0.0,0.0,0.0,0.0,1.0,0.0,0.0,0.0,0.0,0.0,0.0,0.0,0.0,0.0,0.0
2252,Quartz,1.0,1101,37.441110276718746,2177.546775658492,1061.3006357856493,2146,1047,2202,1076,55.542810788533494,27.380324561681032,0.8772908366533865,0.0,0.0,0.0,0.0,0.0,0.0,1.0,0.0,0.0,0.0,0.0,0.0,0.0,0.0,0.0,0.0,0.0
2253,Quartz,1.0,4878,78.80902549339208,2178.223247232472,4205.20213202132,2124,4162,2219,4244,93.69979329717913,71.72199077435057,0.8545900490539594,0.0,0.0,0.0,0.0,0.0,0.0,1.0,0.0,0.0,0.0,0.0,0.0,0.0,0.0,0.0,0.0,0.0
2254,Quartz,1.0,266,18.403307281560924,2183.2969924812032,841.7481203007519,2173,833,2192,854,20.47281525913938,17.507073401129574,0.910958904109589,0.0,0.0,0.0,0.0,0.0,0.0,1.0,0.0,0.0,0.0,0.0,0.0,0.0,0.0,0.0,0.0,0.0
2255,Quartz,1.0,1686,46.33229837190774,2190.8825622775803,939.2307236061685,2158,907,2219,970,70.98588110061921,37.295252285916554,0.7236051502145923,0.0,0.0,0.0,0.0,0.0,0.0,1.0,0.0,0.0,0.0,0.0,0.0,0.0,0.0,0.0,0.0,0.0
2256,Quartz,1.0,958,34.92511251028815,2184.3977035490607,2687.419624217119,2162,2669,2207,2708,48.79509410227488,26.97829751971125,0.828719723183391,0.0,0.0,0.0,0.0,0.0,0.0,1.0,0.0,0.0,0.0,0.0,0.0,0.0,0.0,0.0,0.0,0.0
2257,Unknown,1.0,114,12.047792665040703,2188.0701754385964,575.0877192982456,2183,569,2195,582,12.726911370172937,11.742827348423749,0.8837209302325582,0.0,0.0,0.0,0.0,0.0,0.0,0.0,0.0,0.0,0.0,0.0,0.0,0.0,0.0,0.0,0.0,1.0
2258,Quartz,1.0,6906,93.77095656940391,2180.233854619172,2435.7287865624094,2134,2371,2230,2499,115.16032054255436,82.58369108573766,0.8908668730650154,0.0,0.0,0.0,0.0,0.0,0.0,1.0,0.0,0.0,0.0,0.0,0.0,0.0,0.0,0.0,0.0,0.0
2259,Quartz,1.0,489,24.952237121658943,2191.134969325153,1841.0961145194274,2178,1827,2207,1852,29.008033505858947,22.433009403193303,0.9191729323308271,0.0,0.0,0.0,0.0,0.0,0.0,1.0,0.0,0.0,0.0,0.0,0.0,0.0,0.0,0.0,0.0,0.0
2260,Quartz,0.9837113402061856,4850,78.5825158159596,2196.68,2177.8113402061854,2152,2141,2253,2227,101.33474146677949,64.94749681952742,0.8764004336826888,0.0,0.0,0.0,0.0,0.0,0.0,0.9837113402061856,0.0,0.0,0.0,0.0,0.0,0.0,0.0,0.0,0.0,0.01628865979381443
2261,Orthoclase,1.0,776,31.433006326383836,2195.630154639175,4624.621134020618,2178,4603,2215,4644,50.88883735599443,22.060969902517627,0.8168421052631579,0.0,0.0,0.0,0.0,0.0,0.0,0.0,0.0,1.0,0.0,0.0,0.0,0.0,0.0,0.0,0.0,0.0
2262,Quartz,1.0,2775,59.44106103225342,2191.897657657658,3433.7448648648647,2159,3401,2226,3467,72.8099486406524,53.749478479462844,0.8671875,0.0,0.0,0.0,0.0,0.0,0.0,1.0,0.0,0.0,0.0,0.0,0.0,0.0,0.0,0.0,0.0,0.0
2263,Quartz,1.0,356,21.290215544369623,2187.808988764045,3354.3483146067415,2175,3342,2201,3368,28.126039276109307,17.51586353281759,0.8337236533957846,0.0,0.0,0.0,0.0,0.0,0.0,1.0,0.0,0.0,0.0,0.0,0.0,0.0,0.0,0.0,0.0,0.0
2264,Quartz,1.0,211,16.39065416446578,2192.81990521327,1740.218009478673,2182,1731,2203,1748,22.071684651120215,13.45863292229815,0.8683127572016461,0.0,0.0,0.0,0.0,0.0,0.0,1.0,0.0,0.0,0.0,0.0,0.0,0.0,0.0,0.0,0.0,0.0
2265,Quartz,1.0,4429,75.0944601394273,2194.52878753669,3593.733799954843,2155,3554,2233,3639,81.86450382210653,72.68601587151872,0.8974670719351571,0.0,0.0,0.0,0.0,0.0,0.0,1.0,0.0,0.0,0.0,0.0,0.0,0.0,0.0,0.0,0.0,0.0
2266,Quartz,1.0,6326,89.74694067206212,2203.1753082516598,4082.929023079355,2162,4021,2260,4129,125.57359595470798,75.53065520942198,0.7925331996993235,0.0,0.0,0.0,0.0,0.0,0.0,1.0,0.0,0.0,0.0,0.0,0.0,0.0,0.0,0.0,0.0,0.0
2267,Quartz,1.0,1185,38.8431314457417,2209.0962025316458,2502.2691983122363,2181,2483,2237,2525,54.43747237237272,34.68688192342009,0.7397003745318352,0.0,0.0,0.0,0.0,0.0,0.0,1.0,0.0,0.0,0.0,0.0,0.0,0.0,0.0,0.0,0.0,0.0
2268,Quartz,1.0,2396,55.232978818686306,2198.6419031719533,2562.671118530885,2168,2531,2232,2590,61.870303677575315,52.21378977054524,0.8681159420289855,0.0,0.0,0.0,0.0,0.0,0.0,1.0,0.0,0.0,0.0,0.0,0.0,0.0,0.0,0.0,0.0,0.0
2269,Quartz,1.0,334,20.62188177498708,2207.248502994012,3364.4640718562873,2198,3353,2218,3378,24.19299199350306,19.112384457750363,0.8630490956072352,0.0,0.0,0.0,0.0,0.0,0.0,1.0,0.0,0.0,0.0,0.0,0.0,0.0,0.0,0.0,0.0,0.0
2270,Quartz,1.0,772,31.35188875547286,2205.734455958549,852.5621761658031,2189,834,2220,877,43.35265142233512,24.621908363332533,0.827438370846731,0.0,0.0,0.0,0.0,0.0,0.0,1.0,0.0,0.0,0.0,0.0,0.0,0.0,0.0,0.0,0.0,0.0
2271,Quartz,1.0,930,34.41093978088511,2204.962365591398,3277.358064516129,2191,3251,2219,3305,54.107056974662804,23.517088171511936,0.8485401459854015,0.0,0.0,0.0,0.0,0.0,0.0,1.0,0.0,0.0,0.0,0.0,0.0,0.0,0.0,0.0,0.0,0.0
2272,Orthoclase,1.0,7997,100.90637561248099,2206.0448918344377,1965.6086032262099,2148,1912,2259,2018,108.45994566526066,97.13702432975114,0.9330299848325749,0.0,0.0,0.0,0.0,0.0,0.0,0.0,0.0,1.0,0.0,0.0,0.0,0.0,0.0,0.0,0.0,0.0
2273,Quartz,1.0,4096,72.2162666941128,2191.247802734375,3691.141845703125,2119,3650,2244,3727,137.0062059060278,46.1589793090854,0.7389500270611582,0.0,0.0,0.0,0.0,0.0,0.0,1.0,0.0,0.0,0.0,0.0,0.0,0.0,0.0,0.0,0.0,0.0
2274,Quartz,1.0,8937,106.67212293424252,2210.7361530715007,682.4512700011189,2153,615,2268,753,133.8377573910972,95.99223040203182,0.7658753963493016,0.0,0.0,0.0,0.0,0.0,0.0,1.0,0.0,0.0,0.0,0.0,0.0,0.0,0.0,0.0,0.0,0.0
2275,Quartz,1.0,7965,100.70428478379444,2207.4241054613935,432.2873822975518,2139,377,2267,482,114.89222041474714,92.20325138643595,0.9343108504398827,0.0,0.0,0.0,0.0,0.0,0.0,1.0,0.0,0.0,0.0,0.0,0.0,0.0,0.0,0.0,0.0,0.0
2276,Quartz,1.0,280,18.881394877652593,2207.9142857142856,978.8535714285714,2200,965,2219,990,24.412110164553297,17.091007892546923,0.8459214501510574,0.0,0.0,0.0,0.0,0.0,0.0,1.0,0.0,0.0,0.0,0.0,0.0,0.0,0.0,0.0,0.0,0.0
2277,Quartz,1.0,8294,102.7630711103626,2213.241741017603,4534.929467084639,2161,4483,2267,4589,116.84019916603579,93.6659970289794,0.9193083573487032,0.0,0.0,0.0,0.0,0.0,0.0,1.0,0.0,0.0,0.0,0.0,0.0,0.0,0.0,0.0,0.0,0.0
2278,Quartz,1.0,150,13.81976597885342,2216.3533333333335,1743.1733333333334,2209,1738,2227,1750,18.93776253359787,10.780364619629893,0.847457627118644,0.0,0.0,0.0,0.0,0.0,0.0,1.0,0.0,0.0,0.0,0.0,0.0,0.0,0.0,0.0,0.0,0.0
2279,Quartz,1.0,1209,39.23450789273152,2218.0653432588915,350.8420181968569,2199,331,2243,374,50.81468116730311,31.669159809168363,0.9042632759910246,0.0,0.0,0.0,0.0,0.0,0.0,1.0,0.0,0.0,0.0,0.0,0.0,0.0,0.0,0.0,0.0,0.0
2282,Quartz,1.0,5377,82.74182154171474,2212.423284359308,4349.5025106936955,2146,4308,2262,4386,109.01199093912669,67.40345350241843,0.8893483294740324,0.0,0.0,0.0,0.0,0.0,0.0,1.0,0.0,0.0,0.0,0.0,0.0,0.0,0.0,0.0,0.0,0.0
2283,Quartz,1.0,8136,101.77955067677046,2203.834808259587,2802.560963618486,2119,2758,2290,2841,165.4449137152268,65.21706953469733,0.8390223780550686,0.0,0.0,0.0,0.0,0.0,0.0,1.0,0.0,0.0,0.0,0.0,0.0,0.0,0.0,0.0,0.0,0.0
2284,Quartz,1.0,424,23.23474912642073,2223.7311320754716,996.7240566037735,2208,983,2238,1013,34.22304386308971,17.31486470232887,0.8265107212475633,0.0,0.0,0.0,0.0,0.0,0.0,1.0,0.0,0.0,0.0,0.0,0.0,0.0,0.0,0.0,0.0,0.0
2285,Quartz,1.0,130,12.865501965161373,2220.4,2210.123076923077,2212,2204,2228,2217,14.763106804201968,13.964317268583754,0.7738095238095238,0.0,0.0,0.0,0.0,0.0,0.0,1.0,0.0,0.0,0.0,0.0,0.0,0.0,0.0,0.0,0.0,0.0
2286,Quartz,1.0,217,16.622063085174787,2218.9216589861753,3123.8709677419356,2209,3113,2228,3139,24.733844914117505,15.184319997778019,0.7161716171617162,0.0,0.0,0.0,0.0,0.0,0.0,1.0,0.0,0.0,0.0,0.0,0.0,0.0,0.0,0.0,0.0,0.0
2287,Quartz,1.0,750,30.90193616185517,2229.6786666666667,1045.172,2206,1027,2259,1059,57.364189889527545,19.904378727818873,0.7537688442211056,0.0,0.0,0.0,0.0,0.0,0.0,1.0,0.0,0.0,0.0,0.0,0.0,0.0,0.0,0.0,0.0,0.0
2288,Quartz,1.0,207,16.23454913941803,2221.9468599033817,1271.8840579710145,2212,1266,2235,1279,24.14569763921572,12.41124620633021,0.8054474708171206,0.0,0.0,0.0,0.0,0.0,0.0,1.0,0.0,0.0,0.0,0.0,0.0,0.0,0.0,0.0,0.0,0.0
2289,Quartz,1.0,111,11.888212206450685,2220.4054054054054,40.26126126126126,2215,34,2225,49,15.188201581488283,10.014961786891432,0.9024390243902439,0.0,0.0,0.0,0.0,0.0,0.0,1.0,0.0,0.0,0.0,0.0,0.0,0.0,0.0,0.0,0.0,0.0
2290,Quartz,1.0,6936,93.97440865620325,2218.2093425605535,798.946366782007,2151,745,2274,846,124.58693536585622,75.25272296496011,0.8592666005946482,0.0,0.0,0.0,0.0,0.0,0.0,1.0,0.0,0.0,0.0,0.0,0.0,0.0,0.0,0.0,0.0,0.0
2291,Quartz,1.0,189,15.512648837479231,2220.4126984126983,1258.6613756613756,2212,1249,2230,1267,20.40130753768483,12.820675689479884,0.8475336322869955,0.0,0.0,0.0,0.0,0.0,0.0,1.0,0.0,0.0,0.0,0.0,0.0,0.0,0.0,0.0,0.0,0.0
2294,Quartz,1.0,1053,36.61586050615398,2227.2146248812915,4248.747388414055,2209,4217,2244,4271,52.25111533400268,28.91711733975457,0.833729216152019,0.0,0.0,0.0,0.0,0.0,0.0,1.0,0.0,0.0,0.0,0.0,0.0,0.0,0.0,0.0,0.0,0.0
2295,Unknown,1.0,376,21.880083839428522,2228.5824468085107,1638.311170212766,2217,1626,2240,1652,25.387393123888415,20.29969456620806,0.856492027334852,0.0,0.0,0.0,0.0,0.0,0.0,0.0,0.0,0.0,0.0,0.0,0.0,0.0,0.0,0.0,0.0,1.0
2296,Quartz,1.0,536,26.123866405607867,2236.714552238806,3237.1902985074626,2216,3225,2261,3254,49.86691682292246,16.50070226010127,0.7362637362637363,0.0,0.0,0.0,0.0,0.0,0.0,1.0,0.0,0.0,0.0,0.0,0.0,0.0,0.0,0.0,0.0,0.0
2297,Quartz,1.0,113,11.994835078277376,2233.353982300885,39.39823008849557,2229,34,2240,47,13.242106742054931,11.379142728778241,0.9495798319327731,0.0,0.0,0.0,0.0,0.0,0.0,1.0,0.0,0.0,0.0,0.0,0.0,0.0,0.0,0.0,0.0,0.0
2298,Quartz,1.0,1524,44.05016533653861,2227.964566929134,1147.0419947506562,2205,1121,2253,1174,56.4852413656047,36.58785372434713,0.8556990454800674,0.0,0.0,0.0,0.0,0.0,0.0,1.0,0.0,0.0,0.0,0.0,0.0,0.0,0.0,0.0,0.0,0.0
2299,Quartz,1.0,476,24.61832697999475,2233.529411764706,1825.2289915966387,2215,1816,2250,1834,37.903955477877965,17.071781607103635,0.8998109640831758,0.0,0.0,0.0,0.0,0.0,0.0,1.0,0.0,0.0,0.0,0.0,0.0,0.0,0.0,0.0,0.0,0.0
2300,Quartz,1.0,163,14.406180819073164,2231.60736196319,2194.865030674847,2225,2187,2243,2205,19.508836492202718,12.112330364832175,0.7951219512195122,0.0,0.0,0.0,0.0,0.0,0.0,1.0,0.0,0.0,0.0,0.0,0.0,0.0,0.0,0.0,0.0,0.0
2301,Orthoclase,1.0,453,24.016192740836935,2235.081677704194,1079.1479028697572,2224,1064,2248,1093,26.05208349482964,24.7584795949546,0.8176895306859205,0.0,0.0,0.0,0.0,0.0,0.0,0.0,0.0,1.0,0.0,0.0,0.0,0.0,0.0,0.0,0.0,0.0
2302,Quartz,1.0,901,33.87017611123954,2235.079911209767,2724.6526082130968,2215,2706,2258,2746,37.8053790099471,33.687486910060706,0.7780656303972366,0.0,0.0,0.0,0.0,0.0,0.0,1.0,0.0,0.0,0.0,0.0,0.0,0.0,0.0,0.0,0.0,0.0
2303,Quartz,1.0,758,31.066309322306914,2233.072559366755,1732.980211081794,2210,1719,2250,1752,40.42901306578036,27.522131524600677,0.8141783029001074,0.0,0.0,0.0,0.0,0.0,0.0,1.0,0.0,0.0,0.0,0.0,0.0,0.0,0.0,0.0,0.0,0.0
2304,Quartz,1.0,771,31.331576548121713,2236.7133592736704,3414.8119325551233,2220,3397,2257,3436,39.11793405369937,28.721934485856583,0.7772177419354839,0.0,0.0,0.0,0.0,0.0,0.0,1.0,0.0,0.0,0.0,0.0,0.0,0.0,0.0,0.0,0.0,0.0
2305,Quartz,1.0,137,13.207339536360731,2237.204379562044,2207.6642335766423,2229,2201,2246,2215,17.78732245250372,10.718713693592408,0.85625,0.0,0.0,0.0,0.0,0.0,0.0,1.0,0.0,0.0,0.0,0.0,0.0,0.0,0.0,0.0,0.0,0.0
2306,Quartz,1.0,136,13.159049284959082,2240.0,2510.6323529411766,2233,2503,2249,2518,19.41552447151822,9.13580948970639,0.8947368421052632,0.0,0.0,0.0,0.0,0.0,0.0,1.0,0.0,0.0,0.0,0.0,0.0,0.0,0.0,0.0,0.0,0.0
2307,Quartz,1.0,866,33.20580439833751,2242.0046189376444,2612.206697459584,2214,2595,2272,2630,59.68443967457385,21.036494108152652,0.8310940499040307,0.0,0.0,0.0,0.0,0.0,0.0,1.0,0.0,0.0,0.0,0.0,0.0,0.0,0.0,0.0,0.0,0.0
2308,Quartz,1.0,390,22.283703068536735,2245.5102564102563,3870.725641025641,2231,3861,2263,3881,33.414158034877914,16.5721667900344,0.7975460122699386,0.0,0.0,0.0,0.0,0.0,0.0,1.0,0.0,0.0,0.0,0.0,0.0,0.0,0.0,0.0,0.0,0.0
2309,Quartz,1.0,964,35.03431062722223,2233.7033195020745,3532.911825726141,2211,3518,2257,3553,42.22756286285883,30.387494391588614,0.900093370681606,0.0,0.0,0.0,0.0,0.0,0.0,1.0,0.0,0.0,0.0,0.0,0.0,0.0,0.0,0.0,0.0,0.0
2311,Quartz,1.0,513,25.557227675339483,2253.019493177388,4629.853801169591,2227,4622,2278,4636,50.16486186289924,13.926154861895615,0.9079646017699115,0.0,0.0,0.0,0.0,0.0,0.0,1.0,0.0,0.0,0.0,0.0,0.0,0.0,0.0,0.0,0.0,0.0
2312,Quartz,1.0,779,31.493707392885515,2244.5019255455713,3272.883183568678,2222,3260,2269,3284,44.829319439575926,23.812451555621603,0.8467391304347827,0.0,0.0,0.0,0.0,0.0,0.0,1.0,0.0,0.0,0.0,0.0,0.0,0.0,0.0,0.0,0.0,0.0
2313,Quartz,1.0,1022,36.07285426355026,2246.359099804305,4602.073385518591,2218,4587,2273,4621,48.13006138921194,29.19884980497886,0.8481327800829875,0.0,0.0,0.0,0.0,0.0,0.0,1.0,0.0,0.0,0.0,0.0,0.0,0.0,0.0,0.0,0.0,0.0
2314,Quartz,1.0,492,25.028660691489268,2247.231707317073,3290.392276422764,2229,3283,2271,3304,37.998124437034896,19.582852212382313,0.8661971830985915,0.0,0.0,0.0,0.0,0.0,0.0,1.0,0.0,0.0,0.0,0.0,0.0,0.0,0.0,0.0,0.0,0.0
2316,Chromite,1.0,440,23.66908109081279,2239.034090909091,883.459090909091,2214,874,2262,890,50.21676130780381,12.992818402334812,0.7801418439716312,0.0,0.0,0.0,0.0,0.0,0.0,0.0,1.0,0.0,0.0,0.0,0.0,0.0,0.0,0.0,0.0,0.0
2317,Quartz,1.0,440,23.66908109081279,2249.375,3442.425,2236,3429,2265,3455,27.42443604031018,23.48222419885905,0.7407407407407407,0.0,0.0,0.0,0.0,0.0,0.0,1.0,0.0,0.0,0.0,0.0,0.0,0.0,0.0,0.0,0.0,0.0
2318,Quartz,1.0,3753,69.12646390052846,2252.7884359179325,948.8300026645351,2209,901,2288,988,75.5219245620373,73.03066707989134,0.8754373687893632,0.0,0.0,0.0,0.0,0.0,0.0,1.0,0.0,0.0,0.0,0.0,0.0,0.0,0.0,0.0,0.0,0.0
2319,Quartz,1.0,759,31.086794856562303,2255.0619235836625,3551.4664031620555,2237,3534,2272,3573,37.38538009771948,28.444494232157176,0.8724137931034482,0.0,0.0,0.0,0.0,0.0,0.0,1.0,0.0,0.0,0.0,0.0,0.0,0.0,0.0,0.0,0.0,0.0
2320,Quartz,1.0,2471,56.09077388519958,2252.1732092270336,2564.3342776203967,2229,2526,2277,2604,72.98125834108359,45.320235320305606,0.8793594306049822,0.0,0.0,0.0,0.0,0.0,0.0,1.0,0.0,0.0,0.0,0.0,0.0,0.0,0.0,0.0,0.0,0.0
2321,Orthoclase,1.0,464,24.306031118985995,2255.603448275862,298.6185344827586,2242,286,2271,312,29.728425103199804,20.6589018733986,0.8705440900562852,0.0,0.0,0.0,0.0,0.0,0.0,0.0,0.0,1.0,0.0,0.0,0.0,0.0,0.0,0.0,0.0,0.0
2322,Quartz,1.0,176,14.96964127403822,2256.5738636363635,3856.778409090909,2248,3849,2267,3865,19.85010583650042,11.943442507957625,0.8627450980392157,0.0,0.0,0.0,0.0,0.0,0.0,1.0,0.0,0.0,0.0,0.0,0.0,0.0,0.0,0.0,0.0,0.0
2323,Quartz,1.0,934,34.484862400517734,2251.475374732334,1848.5107066381156,2225,1835,2271,1869,46.74854898935353,28.542926895876942,0.8720821661998133,0.0,0.0,0.0,0.0,0.0,0.0,1.0,0.0,0.0,0.0,0.0,0.0,0.0,0.0,0.0,0.0,0.0
2324,Quartz,1.0,2918,60.9533673519126,2254.334818368746,2400.9571624400273,2214,2371,2288,2432,80.62728563798076,47.122872976000316,0.9045257284562926,0.0,0.0,0.0,0.0,0.0,0.0,1.0,0.0,0.0,0.0,0.0,0.0,0.0,0.0,0.0,0.0,0.0
2325,Quartz,1.0,681,29.44615645486938,2263.4831130690163,3185.496328928047,2244,3163,2281,3208,51.07477211619563,18.551595624429233,0.806872037914692,0.0,0.0,0.0,0.0,0.0,0.0,1.0,0.0,0.0,0.0,0.0,0.0,0.0,0.0,0.0,0.0,0.0
2326,Quartz,1.0,1635,45.626161964841955,2264.5639143730887,131.88807339449542,2230,102,2292,161,65.926646220874,37.438045287226764,0.7708628005657708,0.0,0.0,0.0,0.0,0.0,0.0,1.0,0.0,0.0,0.0,0.0,0.0,0.0,0.0,0.0,0.0,0.0
2327,Quartz,1.0,7637,98.60897729488141,2276.605473353411,2878.548644755794,2215,2834,2349,2930,131.67069476972924,80.71308001014853,0.8286675347222222,0.0,0.0,0.0,0.0,0.0,0.0,1.0,0.0,0.0,0.0,0.0,0.0,0.0,0.0,0.0,0.0,0.0
2328,Quartz,1.0,2297,54.07985978399601,2266.949934697431,1796.756639094471,2241,1768,2298,1826,60.64335659204394,49.59239036306357,0.9068298460323727,0.0,0.0,0.0,0.0,0.0,0.0,1.0,0.0,0.0,0.0,0.0,0.0,0.0,0.0,0.0,0.0,0.0
2329,Quartz,1.0,4186,73.00534729909441,2264.679646440516,1192.5121834687052,2228,1138,2308,1240,93.42826900424585,63.79937919023797,0.8303907954770878,0.0,0.0,0.0,0.0,0.0,0.0,1.0,0.0,0.0,0.0,0.0,0.0,0.0,0.0,0.0,0.0,0.0
2330,Quartz,1.0,147,13.680870333281758,2266.5646258503402,3403.578231292517,2253,3397,2277,3413,23.08346514292754,15.120236237767473,0.5764705882352941,0.0,0.0,0.0,0.0,0.0,0.0,1.0,0.0,0.0,0.0,0.0,0.0,0.0,0.0,0.0,0.0,0.0
2331,Quartz,1.0,657,28.92262748940701,2271.406392694064,382.2085235920852,2259,362,2286,405,38.685569627017216,22.97023917735125,0.7944377267230955,0.0,0.0,0.0,0.0,0.0,0.0,1.0,0.0,0.0,0.0,0.0,0.0,0.0,0.0,0.0,0.0,0.0
2332,Quartz,1.0,297,19.44613444328572,2271.2794612794614,852.3939393939394,2262,838,2281,864,27.95573890533765,15.409449805837134,0.8114754098360656,0.0,0.0,0.0,0.0,0.0,0.0,1.0,0.0,0.0,0.0,0.0,0.0,0.0,0.0,0.0,0.0,0.0
2333,Quartz,1.0,185,15.347615963921077,2273.9189189189187,1569.1567567567567,2264,1562,2284,1578,19.903761821451145,14.832078911724466,0.7283464566929134,0.0,0.0,0.0,0.0,0.0,0.0,1.0,0.0,0.0,0.0,0.0,0.0,0.0,0.0,0.0,0.0,0.0
2334,Quartz,1.0,2729,58.94633760957723,2269.17222425797,1629.4595089776476,2245,1587,2296,1672,78.42766028116407,46.61922081479665,0.9021487603305786,0.0,0.0,0.0,0.0,0.0,0.0,1.0,0.0,0.0,0.0,0.0,0.0,0.0,0.0,0.0,0.0,0.0
2335,Quartz,1.0,1087,37.202303492218356,2271.3735050597975,1328.2217111315547,2256,1303,2293,1353,46.89896711527947,31.732205647384227,0.8773204196933011,0.0,0.0,0.0,0.0,0.0,0.0,1.0,0.0,0.0,0.0,0.0,0.0,0.0,0.0,0.0,0.0,0.0
2336,Quartz,1.0,215,16.545286401814263,2272.618604651163,877.5813953488372,2264,869,2282,889,20.090896550324977,15.400593752151133,0.849802371541502,0.0,0.0,0.0,0.0,0.0,0.0,1.0,0.0,0.0,0.0,0.0,0.0,0.0,0.0,0.0,0.0,0.0
2337,Quartz,1.0,146,13.63425735166143,2274.671232876712,866.2602739726027,2264,860,2283,872,19.446045536554347,11.037778206844514,0.8342857142857143,0.0,0.0,0.0,0.0,0.0,0.0,1.0,0.0,0.0,0.0,0.0,0.0,0.0,0.0,0.0,0.0,0.0
2338,Quartz,1.0,487,24.901157769991823,2270.164271047228,3245.716632443532,2257,3230,2284,3262,30.08010209640675,23.002916941959146,0.8036303630363036,0.0,0.0,0.0,0.0,0.0,0.0,1.0,0.0,0.0,0.0,0.0,0.0,0.0,0.0,0.0,0.0,0.0
2340,Quartz,1.0,1245,39.81435963562993,2276.368674698795,2687.8240963855424,2252,2669,2301,2710,45.41106959688615,36.13486963649755,0.8779971791255289,0.0,0.0,0.0,0.0,0.0,0.0,1.0,0.0,0.0,0.0,0.0,0.0,0.0,0.0,0.0,0.0,0.0
2341,Quartz,1.0,1629,45.54236728995958,2277.3259668508285,1374.7575199508901,2244,1354,2308,1396,59.3340046034791,37.552339975445435,0.8955470038482682,0.0,0.0,0.0,0.0,0.0,0.0,1.0,0.0,0.0,0.0,0.0,0.0,0.0,0.0,0.0,0.0,0.0
2343,Orthoclase,1.0,553,26.534910368014152,2273.4303797468356,319.1392405063291,2249,310,2295,334,44.39155752849026,18.217593268568564,0.8132352941176471,0.0,0.0,0.0,0.0,0.0,0.0,0.0,0.0,1.0,0.0,0.0,0.0,0.0,0.0,0.0,0.0,0.0
2344,Quartz,1.0,749,30.881327999401787,2288.371161548732,3756.6929238985313,2268,3738,2309,3775,47.37169079516088,21.254302756792868,0.8970059880239521,0.0,0.0,0.0,0.0,0.0,0.0,1.0,0.0,0.0,0.0,0.0,0.0,0.0,0.0,0.0,0.0,0.0
2345,Quartz,1.0,649,28.745999104799274,2284.286594761171,1523.1032357473036,2272,1501,2298,1546,43.70865765338175,21.121866732349005,0.7963190184049079,0.0,0.0,0.0,0.0,0.0,0.0,1.0,0.0,0.0,0.0,0.0,0.0,0.0,0.0,0.0,0.0,0.0
2346,Quartz,1.0,1216,39.34792607492748,2270.8692434210525,4453.028782894737,2250,4426,2286,4482,53.07293600461147,32.43418955427955,0.8289025221540559,0.0,0.0,0.0,0.0,0.0,0.0,1.0,0.0,0.0,0.0,0.0,0.0,0.0,0.0,0.0,0.0,0.0
2347,Quartz,1.0,833,32.56698544176895,2289.674669867947,2629.3661464585834,2273,2608,2306,2653,41.0693611553241,28.19542041808026,0.8214990138067061,0.0,0.0,0.0,0.0,0.0,0.0,1.0,0.0,0.0,0.0,0.0,0.0,0.0,0.0,0.0,0.0,0.0
2348,Quartz,1.0,1080,37.0823233942262,2298.510185185185,4446.45,2281,4425,2326,4474,44.242553676662695,37.923987902562914,0.7952871870397643,0.0,0.0,0.0,0.0,0.0,0.0,1.0,0.0,0.0,0.0,0.0,0.0,0.0,0.0,0.0,0.0,0.0
2349,Quartz,1.0,564,26.797520467958073,2285.1560283687945,4528.822695035461,2267,4516,2304,4543,38.24652120242642,19.49501952618436,0.8571428571428571,0.0,0.0,0.0,0.0,0.0,0.0,1.0,0.0,0.0,0.0,0.0,0.0,0.0,0.0,0.0,0.0,0.0
2350,Quartz,1.0,2095,51.64723464252627,2285.058233890215,68.69498806682577,2259,42,2313,99,53.75311608124046,52.34907683900759,0.8596635207221994,0.0,0.0,0.0,0.0,0.0,0.0,1.0,0.0,0.0,0.0,0.0,0.0,0.0,0.0,0.0,0.0,0.0
2351,Quartz,1.0,591,27.431452220735256,2286.3874788494077,798.6717428087986,2268,785,2303,814,34.65428843316395,24.3258276136013,0.8394886363636364,0.0,0.0,0.0,0.0,0.0,0.0,1.0,0.0,0.0,0.0,0.0,0.0,0.0,0.0,0.0,0.0,0.0
2352,Quartz,1.0,1585,44.92309738213999,2276.5880126182965,2335.1432176656153,2250,2302,2299,2362,60.72090340697673,37.717895526209546,0.7631198844487241,0.0,0.0,0.0,0.0,0.0,0.0,1.0,0.0,0.0,0.0,0.0,0.0,0.0,0.0,0.0,0.0,0.0
2353,Quartz,1.0,2905,60.81743892548952,2306.5259896729776,468.2447504302926,2275,437,2345,506,75.77710131810935,56.174926981352556,0.8185404339250493,0.0,0.0,0.0,0.0,0.0,0.0,1.0,0.0,0.0,0.0,0.0,0.0,0.0,0.0,0.0,0.0,0.0
2354,Quartz,1.0,183,15.26443044094783,2293.071038251366,1402.0874316939892,2282,1397,2306,1409,23.54983524448417,12.723199434015454,0.7754237288135594,0.0,0.0,0.0,0.0,0.0,0.0,1.0,0.0,0.0,0.0,0.0,0.0,0.0,0.0,0.0,0.0,0.0
2355,Quartz,1.0,103,11.451797811161432,2291.9611650485435,1572.7087378640776,2285,1567,2300,1579,14.094310315121856,11.051864343095087,0.8046875,0.0,0.0,0.0,0.0,0.0,0.0,1.0,0.0,0.0,0.0,0.0,0.0,0.0,0.0,0.0,0.0,0.0
2356,Quartz,1.0,122,12.463355264843006,2293.9918032786886,2336.1721311475408,2293,2316,2296,2358,47.0195017688662,3.2546814991248567,1.0,0.0,0.0,0.0,0.0,0.0,0.0,1.0,0.0,0.0,0.0,0.0,0.0,0.0,0.0,0.0,0.0,0.0
2357,Quartz,1.0,2200,52.925674284012274,2300.8168181818182,4130.184090909091,2262,4096,2336,4159,84.17579739404357,37.096870900354745,0.7956600361663653,0.0,0.0,0.0,0.0,0.0,0.0,1.0,0.0,0.0,0.0,0.0,0.0,0.0,0.0,0.0,0.0,0.0
2358,Quartz,1.0,650,28.76813695875796,2297.8276923076924,901.9015384615385,2275,887,2318,916,43.465927739988544,21.41350873797484,0.7859733978234583,0.0,0.0,0.0,0.0,0.0,0.0,1.0,0.0,0.0,0.0,0.0,0.0,0.0,0.0,0.0,0.0,0.0
2359,Quartz,1.0,2108,51.807228842138656,2316.6484819734346,2327.454459203036,2295,2293,2351,2359,62.21390639318109,51.58420364353917,0.7904011998500188,0.0,0.0,0.0,0.0,0.0,0.0,1.0,0.0,0.0,0.0,0.0,0.0,0.0,0.0,0.0,0.0,0.0
2360,Quartz,1.0,1185,38.8431314457417,2297.785654008439,3533.447257383966,2278,3504,2320,3558,44.91076595028932,36.47639003876096,0.8422174840085288,0.0,0.0,0.0,0.0,0.0,0.0,1.0,0.0,0.0,0.0,0.0,0.0,0.0,0.0,0.0,0.0,0.0
2361,Quartz,1.0,112,11.941642642883693,2297.276785714286,1845.7142857142858,2289,1840,2305,1852,17.414644583540298,8.522138094541766,0.9411764705882353,0.0,0.0,0.0,0.0,0.0,0.0,1.0,0.0,0.0,0.0,0.0,0.0,0.0,0.0,0.0,0.0,0.0
2362,Orthoclase,1.0,1993,50.37426339567835,2290.746613146011,1466.738585047667,2260,1440,2324,1496,76.34288704267756,35.87279143114303,0.8542648949849978,0.0,0.0,0.0,0.0,0.0,0.0,0.0,0.0,1.0,0.0,0.0,0.0,0.0,0.0,0.0,0.0,0.0
2363,Quartz,1.0,607,27.80029502818709,2298.2537067545304,1770.0527182866556,2286,1758,2316,1790,34.4691606374384,26.008653753083426,0.8913362701908958,0.0,0.0,0.0,0.0,0.0,0.0,1.0,0.0,0.0,0.0,0.0,0.0,0.0,0.0,0.0,0.0,0.0
2364,Quartz,1.0,723,30.340603007249587,2297.2461964038725,3322.37897648686,2278,3309,2316,3341,36.37214408666181,29.567395831538104,0.7699680511182109,0.0,0.0,0.0,0.0,0.0,0.0,1.0,0.0,0.0,0.0,0.0,0.0,0.0,0.0,0.0,0.0,0.0
2365,Quartz,1.0,1391,42.084156243491584,2295.0682961897915,1701.1416247304098,2268,1676,2322,1725,58.069882817223984,32.44526423984472,0.8826142131979695,0.0,0.0,0.0,0.0,0.0,0.0,1.0,0.0,0.0,0.0,0.0,0.0,0.0,0.0,0.0,0.0,0.0
2366,Quartz,1.0,842,32.74244487919323,2306.944180522565,1742.5296912114013,2287,1726,2331,1759,46.383795960204445,25.429230916259357,0.8254901960784313,0.0,0.0,0.0,0.0,0.0,0.0,1.0,0.0,0.0,0.0,0.0,0.0,0.0,0.0,0.0,0.0,0.0
2367,Quartz,1.0,1198,39.05561386782603,2302.104340567613,1885.016694490818,2282,1861,2323,1912,52.16387576856689,31.865642844183572,0.7881578947368421,0.0,0.0,0.0,0.0,0.0,0.0,1.0,0.0,0.0,0.0,0.0,0.0,0.0,0.0,0.0,0.0,0.0
2368,Quartz,1.0,252,17.91246396432554,2301.2936507936506,2698.2023809523807,2290,2685,2312,2708,24.40544804409018,16.04723301774621,0.8,0.0,0.0,0.0,0.0,0.0,0.0,1.0,0.0,0.0,0.0,0.0,0.0,0.0,0.0,0.0,0.0,0.0
2369,Quartz,1.0,302,19.60913925979463,2304.0397350993376,775.1456953642385,2291,765,2317,786,23.15914706441299,19.27642087372261,0.8053333333333333,0.0,0.0,0.0,0.0,0.0,0.0,1.0,0.0,0.0,0.0,0.0,0.0,0.0,0.0,0.0,0.0,0.0
2370,Quartz,1.0,2597,57.50307033261109,2301.1151328455912,1286.9326145552561,2262,1257,2335,1319,65.03175187975668,53.34225249257201,0.8998613998613999,0.0,0.0,0.0,0.0,0.0,0.0,1.0,0.0,0.0,0.0,0.0,0.0,0.0,0.0,0.0,0.0,0.0
2371,Quartz,1.0,163,14.406180819073164,2311.3374233128834,2085.760736196319,2301,2078,2324,2094,26.809521133808115,8.726747492495194,0.7725118483412322,0.0,0.0,0.0,0.0,0.0,0.0,1.0,0.0,0.0,0.0,0.0,0.0,0.0,0.0,0.0,0.0,0.0
2372,Quartz,1.0,1528,44.10793607000138,2308.7532722513088,3918.9208115183246,2285,3894,2337,3943,46.21442860368109,44.943133477393275,0.809322033898305,0.0,0.0,0.0,0.0,0.0,0.0,1.0,0.0,0.0,0.0,0.0,0.0,0.0,0.0,0.0,0.0,0.0
2373,Quartz,1.0,187,15.430353037616328,2308.4438502673797,1943.6363636363637,2300,1936,2319,1953,21.736294623140417,11.734973152352318,0.8311111111111111,0.0,0.0,0.0,0.0,0.0,0.0,1.0,0.0,0.0,0.0,0.0,0.0,0.0,0.0,0.0,0.0,0.0
2374,Quartz,1.0,833,32.56698544176895,2300.2761104441774,2467.7935174069626,2283,2447,2317,2488,44.414625710605115,25.370028578638987,0.8491335372069317,0.0,0.0,0.0,0.0,0.0,0.0,1.0,0.0,0.0,0.0,0.0,0.0,0.0,0.0,0.0,0.0,0.0
2375,Quartz,1.0,958,34.92511251028815,2302.7286012526097,3618.867432150313,2282,3595,2320,3639,49.20464639741845,27.157133031909616,0.8381452318460193,0.0,0.0,0.0,0.0,0.0,0.0,1.0,0.0,0.0,0.0,0.0,0.0,0.0,0.0,0.0,0.0,0.0
2376,Quartz,1.0,413,22.93137440223813,2313.5133171912835,834.4237288135594,2299,823,2325,852,32.774516938136564,18.034175701902885,0.8658280922431866,0.0,0.0,0.0,0.0,0.0,0.0,1.0,0.0,0.0,0.0,0.0,0.0,0.0,0.0,0.0,0.0,0.0
2377,Quartz,1.0,3315,64.96760031582716,2307.174358974359,3180.1028657616894,2272,3141,2340,3224,85.49749790886572,51.18414945349839,0.8605919003115264,0.0,0.0,0.0,0.0,0.0,0.0,1.0,0.0,0.0,0.0,0.0,0.0,0.0,0.0,0.0,0.0,0.0
2378,Quartz,1.0,237,17.371176474327626,2309.5485232067513,816.9198312236286,2298,808,2320,826,21.096417879065736,16.485737808076703,0.8061224489795918,0.0,0.0,0.0,0.0,0.0,0.0,1.0,0.0,0.0,0.0,0.0,0.0,0.0,0.0,0.0,0.0,0.0
2379,Chromite,1.0,1169,38.580008136279666,2319.3455945252354,553.912745936698,2298,530,2339,577,47.604194493058884,32.67219851443642,0.8978494623655914,0.0,0.0,0.0,0.0,0.0,0.0,0.0,1.0,0.0,0.0,0.0,0.0,0.0,0.0,0.0,0.0,0.0
2380,Quartz,1.0,139,13.303394180365686,2318.517985611511,2101.0791366906474,2312,2095,2328,2110,16.17852458577194,12.302788210509405,0.852760736196319,0.0,0.0,0.0,0.0,0.0,0.0,1.0,0.0,0.0,0.0,0.0,0.0,0.0,0.0,0.0,0.0,0.0
2381,Quartz,1.0,100,11.283791670955125,2317.02,3331.51,2311,3326,2325,3339,16.05017908680802,8.474889455408288,0.8695652173913043,0.0,0.0,0.0,0.0,0.0,0.0,1.0,0.0,0.0,0.0,0.0,0.0,0.0,0.0,0.0,0.0,0.0
2382,Quartz,1.0,937,34.54020054106298,2318.169690501601,948.3703308431163,2304,923,2331,979,52.47214720996054,25.398878755054362,0.7667757774140753,0.0,0.0,0.0,0.0,0.0,0.0,1.0,0.0,0.0,0.0,0.0,0.0,0.0,0.0,0.0,0.0,0.0
2383,Quartz,1.0,1349,41.44393979640129,2313.923647146034,872.5426241660489,2285,850,2343,893,55.98410654772886,37.05608440881143,0.7453038674033149,0.0,0.0,0.0,0.0,0.0,0.0,1.0,0.0,0.0,0.0,0.0,0.0,0.0,0.0,0.0,0.0,0.0
2384,Quartz,1.0,714,30.15116971098976,2317.124649859944,1547.873949579832,2306,1513,2335,1582,70.88193512443834,16.953032620268143,0.6235807860262009,0.0,0.0,0.0,0.0,0.0,0.0,1.0,0.0,0.0,0.0,0.0,0.0,0.0,0.0,0.0,0.0,0.0
2385,Quartz,1.0,109,11.780624362746345,2323.8073394495414,2011.8990825688074,2315,2007,2333,2018,18.28707888568991,8.990322974098817,0.7622377622377622,0.0,0.0,0.0,0.0,0.0,0.0,1.0,0.0,0.0,0.0,0.0,0.0,0.0,0.0,0.0,0.0,0.0
2387,Quartz,1.0,4071,71.9955428246558,2317.2928027511666,3692.3269466961433,2279,3647,2353,3739,98.31548807850224,55.72746352154259,0.8766149870801033,0.0,0.0,0.0,0.0,0.0,0.0,1.0,0.0,0.0,0.0,0.0,0.0,0.0,0.0,0.0,0.0,0.0
2388,Quartz,1.0,1943,49.7383597982525,2322.0386001029337,228.38548636129696,2290,204,2346,264,69.40569644781594,39.38190880741503,0.8736510791366906,0.0,0.0,0.0,0.0,0.0,0.0,1.0,0.0,0.0,0.0,0.0,0.0,0.0,0.0,0.0,0.0,0.0
2389,Quartz,1.0,5975,87.22159296752494,2334.8150627615064,3807.7825941422593,2269,3770,2390,3853,120.80972802987115,68.14157080155051,0.8920573305464318,0.0,0.0,0.0,0.0,0.0,0.0,1.0,0.0,0.0,0.0,0.0,0.0,0.0,0.0,0.0,0.0,0.0
2390,Quartz,1.0,205,16.15593100600236,2328.721951219512,131.2390243902439,2320,117,2338,144,24.86373795371712,12.940936004686591,0.7509157509157509,0.0,0.0,0.0,0.0,0.0,0.0,1.0,0.0,0.0,0.0,0.0,0.0,0.0,0.0,0.0,0.0,0.0
2391,Orthoclase,1.0,5189,81.28247042032346,2332.7918674118328,2583.2426286375025,2277,2542,2382,2631,105.58253275996339,66.64623727996232,0.8823329365754123,0.0,0.0,0.0,0.0,0.0,0.0,0.0,0.0,1.0,0.0,0.0,0.0,0.0,0.0,0.0,0.0,0.0
2392,Quartz,1.0,1812,48.03238548167387,2327.4922737306842,3277.9729580573953,2304,3249,2356,3305,58.77876673373631,42.002651509371105,0.8817518248175182,0.0,0.0,0.0,0.0,0.0,0.0,1.0,0.0,0.0,0.0,0.0,0.0,0.0,0.0,0.0,0.0,0.0
2393,Quartz,1.0,451,23.96311821686732,2323.4567627494457,4070.161862527716,2306,4055,2337,4085,36.43554501471354,21.706206126711145,0.6802413273001509,0.0,0.0,0.0,0.0,0.0,0.0,1.0,0.0,0.0,0.0,0.0,0.0,0.0,0.0,0.0,0.0,0.0
2394,Quartz,1.0,187,15.430353037616328,2327.807486631016,4515.9304812834225,2318,4505,2338,4528,25.93235460403182,10.568741253192712,0.7759336099585062,0.0,0.0,0.0,0.0,0.0,0.0,1.0,0.0,0.0,0.0,0.0,0.0,0.0,0.0,0.0,0.0,0.0
2395,Quartz,1.0,1719,46.783531048861036,2332.893542757417,1370.303664921466,2312,1331,2355,1409,68.02128122156489,35.13881800270934,0.8324455205811138,0.0,0.0,0.0,0.0,0.0,0.0,1.0,0.0,0.0,0.0,0.0,0.0,0.0,0.0,0.0,0.0,0.0
2396,Quartz,1.0,1880,48.925354818356766,2333.2053191489363,1167.679255319149,2305,1139,2360,1198,51.64252372371914,48.130821957497425,0.8830436824800376,0.0,0.0,0.0,0.0,0.0,0.0,1.0,0.0,0.0,0.0,0.0,0.0,0.0,0.0,0.0,0.0,0.0
2397,Quartz,1.0,2084,51.51146679359926,2334.2332053742803,641.2845489443378,2309,615,2363,672,56.17918876763311,48.493364745859864,0.9064810787298826,0.0,0.0,0.0,0.0,0.0,0.0,1.0,0.0,0.0,0.0,0.0,0.0,0.0,0.0,0.0,0.0,0.0
2398,Quartz,1.0,364,21.528102431092233,2334.3104395604396,2296.368131868132,2321,2286,2349,2309,28.28895092275463,17.319959554158938,0.8899755501222494,0.0,0.0,0.0,0.0,0.0,0.0,1.0,0.0,0.0,0.0,0.0,0.0,0.0,0.0,0.0,0.0,0.0
2399,Quartz,1.0,2178,52.66038101298911,2334.408172635445,2652.18870523416,2305,2622,2369,2678,75.63936293265137,38.22756412453512,0.9,0.0,0.0,0.0,0.0,0.0,0.0,1.0,0.0,0.0,0.0,0.0,0.0,0.0,0.0,0.0,0.0,0.0
2400,Chromite,0.9849804092294296,4594,76.48047115776248,2348.130822812364,375.45994775794514,2303,336,2392,428,85.99467233722075,74.12686314591049,0.859173368243875,0.0,0.0,0.0,0.0,0.0,0.0,0.0,0.9849804092294296,0.0,0.0,0.0,0.0,0.0,0.0,0.0,0.0,0.015019590770570308
2401,Quartz,1.0,413,22.93137440223813,2332.7409200968523,1420.2687651331719,2317,1410,2349,1432,32.082345722554706,16.865495939935244,0.8768577494692145,0.0,0.0,0.0,0.0,0.0,0.0,1.0,0.0,0.0,0.0,0.0,0.0,0.0,0.0,0.0,0.0,0.0
2402,Orthoclase,0.9608076009501187,2526,56.711578094786084,2341.9073634204274,4615.712589073634,2305,4587,2386,4636,75.63717815792258,44.76690864701307,0.9393826701375976,0.0,0.0,0.0,0.0,0.0,0.0,0.0,0.0,0.9608076009501187,0.0,0.0,0.0,0.0,0.0,0.0,0.0,0.039192399049881234
2403,Quartz,1.0,931,34.42943531556155,2337.895810955961,175.70891514500536,2321,150,2355,198,43.26224039632704,30.915021432435626,0.8549127640036731,0.0,0.0,0.0,0.0,0.0,0.0,1.0,0.0,0.0,0.0,0.0,0.0,0.0,0.0,0.0,0.0,0.0
2404,Quartz,1.0,4664,77.06094495037547,2338.1382933104633,719.5167238421956,2298,673,2371,767,102.0987053220108,62.062162321322795,0.8565656565656565,0.0,0.0,0.0,0.0,0.0,0.0,1.0,0.0,0.0,0.0,0.0,0.0,0.0,0.0,0.0,0.0,0.0
2405,Quartz,1.0,10332,114.69573216211535,2333.0505226480836,2976.9292489353465,2263,2914,2413,3028,145.35919433845152,100.78791735850258,0.8476495200590697,0.0,0.0,0.0,0.0,0.0,0.0,1.0,0.0,0.0,0.0,0.0,0.0,0.0,0.0,0.0,0.0,0.0
2406,Quartz,1.0,7562,98.12358247275371,2352.991933350965,3485.835757736049,2297,3430,2407,3544,128.51293250239974,81.23380035040427,0.8745229559384757,0.0,0.0,0.0,0.0,0.0,0.0,1.0,0.0,0.0,0.0,0.0,0.0,0.0,0.0,0.0,0.0,0.0
2407,Quartz,1.0,404,22.680140565547774,2344.517326732673,792.1188118811881,2333,776,2353,815,42.72561222886176,14.347674112697035,0.7875243664717348,0.0,0.0,0.0,0.0,0.0,0.0,1.0,0.0,0.0,0.0,0.0,0.0,0.0,0.0,0.0,0.0,0.0
2408,Quartz,1.0,679,29.40288507740653,2342.122238586156,3352.5036818851254,2326,3334,2358,3372,35.80847074701296,25.841595573068904,0.8382716049382716,0.0,0.0,0.0,0.0,0.0,0.0,1.0,0.0,0.0,0.0,0.0,0.0,0.0,0.0,0.0,0.0,0.0
2409,Quartz,1.0,140,13.351162356249091,2341.2,1668.15,2335,1661,2350,1675,17.198657529067013,11.779178084260536,0.8433734939759037,0.0,0.0,0.0,0.0,0.0,0.0,1.0,0.0,0.0,0.0,0.0,0.0,0.0,0.0,0.0,0.0,0.0
2410,Quartz,1.0,2181,52.69663601281765,2337.948188904172,1776.8101788170563,2303,1748,2374,1815,82.38288233320942,36.77767157837763,0.8089762611275965,0.0,0.0,0.0,0.0,0.0,0.0,1.0,0.0,0.0,0.0,0.0,0.0,0.0,0.0,0.0,0.0,0.0
2411,Quartz,1.0,2011,50.6012324401532,2339.730482347091,4557.181501740428,2307,4531,2367,4587,66.23965306394683,40.970492399684666,0.8945729537366548,0.0,0.0,0.0,0.0,0.0,0.0,1.0,0.0,0.0,0.0,0.0,0.0,0.0,0.0,0.0,0.0,0.0
2412,Quartz,1.0,9823,111.83484272771838,2341.362414740914,3056.441616614069,2265,3012,2412,3105,142.37647706633015,91.08550907359727,0.8830456670262495,0.0,0.0,0.0,0.0,0.0,0.0,1.0,0.0,0.0,0.0,0.0,0.0,0.0,0.0,0.0,0.0,0.0
2414,Orthoclase,1.0,1329,41.135572865258986,2342.115124153499,3241.6591422121896,2316,3222,2370,3266,51.67140170105487,34.07787390536216,0.8883689839572193,0.0,0.0,0.0,0.0,0.0,0.0,0.0,0.0,1.0,0.0,0.0,0.0,0.0,0.0,0.0,0.0,0.0
2415,Quartz,1.0,498,25.180812005932435,2343.4819277108436,277.18674698795184,2322,262,2364,297,48.444845746281764,15.121050019620062,0.7817896389324961,0.0,0.0,0.0,0.0,0.0,0.0,1.0,0.0,0.0,0.0,0.0,0.0,0.0,0.0,0.0,0.0,0.0
2416,Quartz,1.0,789,31.695204697178458,2352.1292775665397,3930.2648922686944,2335,3914,2371,3945,35.53948123975907,29.528123258203234,0.8895152198421646,0.0,0.0,0.0,0.0,0.0,0.0,1.0,0.0,0.0,0.0,0.0,0.0,0.0,0.0,0.0,0.0,0.0
2417,Quartz,1.0,1279,40.35434769286047,2350.6379984362784,1052.3760750586396,2324,1030,2380,1076,56.675453298086374,31.631122002242453,0.7846625766871166,0.0,0.0,0.0,0.0,0.0,0.0,1.0,0.0,0.0,0.0,0.0,0.0,0.0,0.0,0.0,0.0,0.0
2418,Orthoclase,0.9783405531489503,9003,107.06528672380544,2353.8348328335,2771.5580362101523,2306,2705,2401,2841,134.6643911077346,89.5036615373438,0.8777420298332845,0.0,0.0,0.0,0.0,0.0,0.0,0.0,0.0,0.9783405531489503,0.0,0.0,0.0,0.0,0.0,0.0,0.0,0.02165944685104965
2419,Quartz,1.0,664,29.076297180076903,2349.6762048192772,3733.4051204819275,2326,3711,2365,3747,42.03651506153224,24.11521530795833,0.8197530864197531,0.0,0.0,0.0,0.0,0.0,0.0,1.0,0.0,0.0,0.0,0.0,0.0,0.0,0.0,0.0,0.0,0.0
2420,Quartz,1.0,21715,166.27807045405615,2338.5716785632053,4241.630577941515,2244,4136,2431,4330,201.27775050908548,145.17756062370296,0.890652557319224,0.0,0.0,0.0,0.0,0.0,0.0,1.0,0.0,0.0,0.0,0.0,0.0,0.0,0.0,0.0,0.0,0.0
2421,Quartz,1.0,219,16.698486766680407,2351.3150684931506,2013.8127853881278,2336,2004,2364,2021,28.144359389104764,13.309515971307455,0.6616314199395771,0.0,0.0,0.0,0.0,0.0,0.0,1.0,0.0,0.0,0.0,0.0,0.0,0.0,0.0,0.0,0.0,0.0
2422,Quartz,1.0,872,33.32063749403756,2354.537844036697,122.4197247706422,2334,100,2369,141,40.915813524408385,31.099861346305044,0.8400770712909441,0.0,0.0,0.0,0.0,0.0,0.0,1.0,0.0,0.0,0.0,0.0,0.0,0.0,0.0,0.0,0.0,0.0
2423,Quartz,1.0,1400,42.22008245644752,2356.2664285714286,4078.925714285714,2338,4053,2380,4109,54.36476556377141,36.539641038699216,0.8413461538461539,0.0,0.0,0.0,0.0,0.0,0.0,1.0,0.0,0.0,0.0,0.0,0.0,0.0,0.0,0.0,0.0,0.0
2424,Quartz,1.0,1335,41.228325120254915,2365.3932584269664,1960.1295880149812,2342,1936,2390,1983,54.3948731635135,38.17123804209281,0.7063492063492064,0.0,0.0,0.0,0.0,0.0,0.0,1.0,0.0,0.0,0.0,0.0,0.0,0.0,0.0,0.0,0.0,0.0
2425,Quartz,1.0,654,28.856518540128786,2353.978593272171,1991.7920489296637,2333,1982,2374,2008,42.53465596456694,22.1258525921585,0.8257575757575758,0.0,0.0,0.0,0.0,0.0,0.0,1.0,0.0,0.0,0.0,0.0,0.0,0.0,0.0,0.0,0.0,0.0
2427,Quartz,1.0,349,21.079862454783044,2360.381088825215,4387.862464183381,2353,4372,2369,4406,30.60945778839183,15.10495632468077,0.8533007334963325,0.0,0.0,0.0,0.0,0.0,0.0,1.0,0.0,0.0,0.0,0.0,0.0,0.0,0.0,0.0,0.0,0.0
2429,Quartz,1.0,1214,39.315554266835505,2351.4505766062603,1448.641680395387,2329,1424,2375,1468,42.07521215762235,39.225512268710006,0.9107276819204801,0.0,0.0,0.0,0.0,0.0,0.0,1.0,0.0,0.0,0.0,0.0,0.0,0.0,0.0,0.0,0.0,0.0
2430,Quartz,0.919931856899489,587,27.33846397952051,2368.6047700170357,1428.4293015332198,2352,1416,2385,1446,36.38831453836141,21.65226672963761,0.9229559748427673,0.0,0.0,0.0,0.0,0.0,0.0,0.919931856899489,0.0,0.08006814310051108,0.0,0.0,0.0,0.0,0.0,0.0,0.0,0.0
2431,Quartz,1.0,2043,51.002239067456024,2366.4454233969655,1312.5810083210965,2333,1278,2397,1342,79.36180321166454,34.64546530258531,0.8671477079796265,0.0,0.0,0.0,0.0,0.0,0.0,1.0,0.0,0.0,0.0,0.0,0.0,0.0,0.0,0.0,0.0,0.0
2432,Quartz,1.0,233,17.22396045987371,2364.8712446351933,2401.459227467811,2357,2392,2374,2411,19.188614411168047,16.23020007812844,0.9173228346456693,0.0,0.0,0.0,0.0,0.0,0.0,1.0,0.0,0.0,0.0,0.0,0.0,0.0,0.0,0.0,0.0,0.0
2433,Quartz,1.0,3993,71.30249295871431,2368.468319559229,1224.4918607563236,2324,1180,2414,1267,105.61262052546688,49.10570986108085,0.9101891953498974,0.0,0.0,0.0,0.0,0.0,0.0,1.0,0.0,0.0,0.0,0.0,0.0,0.0,0.0,0.0,0.0,0.0
2434,Orthoclase,1.0,240,17.480774889473267,2364.425,979.2333333333333,2358,967,2372,991,23.81359589127591,13.138424802180905,0.9056603773584906,0.0,0.0,0.0,0.0,0.0,0.0,0.0,0.0,1.0,0.0,0.0,0.0,0.0,0.0,0.0,0.0,0.0
2435,Quartz,1.0,4553,76.13842424938407,2376.206896551724,2500.5969690314078,2337,2455,2421,2558,104.84916217214622,63.770737247586034,0.8156574704407022,0.0,0.0,0.0,0.0,0.0,0.0,1.0,0.0,0.0,0.0,0.0,0.0,0.0,0.0,0.0,0.0,0.0
2436,Quartz,1.0,1486,43.49751675068879,2372.8115746971735,2441.938088829071,2349,2421,2399,2465,55.41725159540096,35.1479478776916,0.9055453991468617,0.0,0.0,0.0,0.0,0.0,0.0,1.0,0.0,0.0,0.0,0.0,0.0,0.0,0.0,0.0,0.0,0.0
2437,Orthoclase,1.0,650,28.76813695875796,2380.4738461538464,966.3030769230769,2370,941,2394,988,46.15476614285409,22.188805326674903,0.795593635250918,0.0,0.0,0.0,0.0,0.0,0.0,0.0,0.0,1.0,0.0,0.0,0.0,0.0,0.0,0.0,0.0,0.0
2438,Quartz,1.0,1815,48.07213094605148,2364.905785123967,1700.8275482093663,2336,1673,2395,1733,64.67624306241166,42.40744121822402,0.8081032947462155,0.0,0.0,0.0,0.0,0.0,0.0,1.0,0.0,0.0,0.0,0.0,0.0,0.0,0.0,0.0,0.0,0.0
2439,Quartz,1.0,711,30.087760240780646,2373.3445850914204,751.592123769339,2358,729,2387,772,41.155345718225774,24.619168449489674,0.8810408921933085,0.0,0.0,0.0,0.0,0.0,0.0,1.0,0.0,0.0,0.0,0.0,0.0,0.0,0.0,0.0,0.0,0.0
2440,Quartz,1.0,828,32.46909827883606,2375.7210144927535,1378.9625603864733,2360,1360,2396,1395,37.39614883372894,29.504595705824855,0.9078947368421053,0.0,0.0,0.0,0.0,0.0,0.0,1.0,0.0,0.0,0.0,0.0,0.0,0.0,0.0,0.0,0.0,0.0
2441,Quartz,1.0,900,33.851375012865375,2375.2044444444446,45.675555555555555,2362,23,2391,73,47.027089643060265,25.779963512695655,0.8670520231213873,0.0,0.0,0.0,0.0,0.0,0.0,1.0,0.0,0.0,0.0,0.0,0.0,0.0,0.0,0.0,0.0,0.0
2442,Quartz,1.0,1090,37.253605245148115,2373.176146788991,1143.6357798165138,2352,1124,2393,1163,40.56609250471783,35.246663995415986,0.901571546732837,0.0,0.0,0.0,0.0,0.0,0.0,1.0,0.0,0.0,0.0,0.0,0.0,0.0,0.0,0.0,0.0,0.0
2443,Quartz,1.0,1467,43.21854245721949,2382.1765507839127,1675.3278800272665,2351,1657,2407,1702,60.544380731220386,33.5514893801251,0.8644667059516794,0.0,0.0,0.0,0.0,0.0,0.0,1.0,0.0,0.0,0.0,0.0,0.0,0.0,0.0,0.0,0.0,0.0
2444,Quartz,1.0,737,30.632948674096244,2377.503392130258,3753.5888738127546,2358,3733,2394,3772,35.256585328727496,30.330874738600325,0.8134657836644592,0.0,0.0,0.0,0.0,0.0,0.0,1.0,0.0,0.0,0.0,0.0,0.0,0.0,0.0,0.0,0.0,0.0
2445,Quartz,1.0,834,32.586527589007176,2383.593525179856,318.1282973621103,2363,302,2407,333,40.21036041628551,28.124753828117104,0.8696558915537018,0.0,0.0,0.0,0.0,0.0,0.0,1.0,0.0,0.0,0.0,0.0,0.0,0.0,0.0,0.0,0.0,0.0
2446,Unknown,1.0,111,11.888212206450685,2386.5765765765764,570.0900900900901,2379,566,2395,577,15.833679546741898,9.430098871397957,0.8222222222222222,0.0,0.0,0.0,0.0,0.0,0.0,0.0,0.0,0.0,0.0,0.0,0.0,0.0,0.0,0.0,0.0,1.0
2447,Quartz,1.0,2813,59.84666105423103,2362.146462851049,1839.5275506576609,2328,1793,2407,1892,109.93340700920352,39.97215355706446,0.716322892793481,0.0,0.0,0.0,0.0,0.0,0.0,1.0,0.0,0.0,0.0,0.0,0.0,0.0,0.0,0.0,0.0,0.0
2448,Quartz,1.0,3391,65.70810677684251,2379.709525213801,3149.899439693306,2339,3108,2418,3195,96.77281656737567,46.01660417594365,0.8800934336880353,0.0,0.0,0.0,0.0,0.0,0.0,1.0,0.0,0.0,0.0,0.0,0.0,0.0,0.0,0.0,0.0,0.0
2449,Quartz,1.0,4180,72.9530074568073,2393.4935406698564,3897.95023923445,2355,3852,2433,3944,94.6498600529712,65.73256730730829,0.7633308984660336,0.0,0.0,0.0,0.0,0.0,0.0,1.0,0.0,0.0,0.0,0.0,0.0,0.0,0.0,0.0,0.0,0.0
2450,Quartz,1.0,589,27.384997568906428,2389.0730050933785,4589.672325976231,2372,4572,2403,4616,42.55228378485234,23.465086854254338,0.7262638717632552,0.0,0.0,0.0,0.0,0.0,0.0,1.0,0.0,0.0,0.0,0.0,0.0,0.0,0.0,0.0,0.0,0.0
2451,Chromite,1.0,1399,42.20500116200085,2392.8484631879915,3955.8756254467476,2370,3934,2419,3976,50.433712479206136,36.49986723880915,0.9452702702702702,0.0,0.0,0.0,0.0,0.0,0.0,0.0,1.0,0.0,0.0,0.0,0.0,0.0,0.0,0.0,0.0,0.0
2452,Quartz,1.0,1879,48.91234102511728,2392.2650345928687,712.3826503459287,2374,672,2408,757,84.86033720427251,31.06647091177492,0.8456345634563457,0.0,0.0,0.0,0.0,0.0,0.0,1.0,0.0,0.0,0.0,0.0,0.0,0.0,0.0,0.0,0.0,0.0
2453,Quartz,1.0,5010,79.86820468198322,2383.214770459082,4508.0171656686625,2328,4473,2433,4559,114.65845256676371,58.698283916983975,0.9107435011816033,0.0,0.0,0.0,0.0,0.0,0.0,1.0,0.0,0.0,0.0,0.0,0.0,0.0,0.0,0.0,0.0,0.0
2454,Quartz,1.0,9181,108.11851025709487,2391.060668772465,1519.8676614747849,2320,1481,2459,1568,144.27665293275837,85.45408111454601,0.8974584555229717,0.0,0.0,0.0,0.0,0.0,0.0,1.0,0.0,0.0,0.0,0.0,0.0,0.0,0.0,0.0,0.0,0.0
2455,Quartz,1.0,1446,42.90809226343028,2396.68326417704,1613.0200553250345,2365,1585,2424,1638,68.70031161482154,27.661958667905324,0.8833231521075138,0.0,0.0,0.0,0.0,0.0,0.0,1.0,0.0,0.0,0.0,0.0,0.0,0.0,0.0,0.0,0.0,0.0
2456,Quartz,1.0,1679,46.23601621690972,2394.481834425253,93.29958308516974,2375,64,2424,122,54.84278973740936,42.20595830939256,0.8471241170534813,0.0,0.0,0.0,0.0,0.0,0.0,1.0,0.0,0.0,0.0,0.0,0.0,0.0,0.0,0.0,0.0,0.0
2457,Orthoclase,1.0,1045,36.47650372840365,2394.451674641148,206.45263157894738,2376,185,2413,232,44.31811150845912,32.2283146082294,0.8840947546531303,0.0,0.0,0.0,0.0,0.0,0.0,0.0,0.0,1.0,0.0,0.0,0.0,0.0,0.0,0.0,0.0,0.0
2458,Quartz,1.0,1118,37.72905791315113,2388.995527728086,4042.4042933810374,2362,4024,2411,4067,52.44316240863597,28.93210925592844,0.8287620459599704,0.0,0.0,0.0,0.0,0.0,0.0,1.0,0.0,0.0,0.0,0.0,0.0,0.0,0.0,0.0,0.0,0.0
2459,Quartz,1.0,415,22.98683125324351,2394.1855421686746,1017.6240963855422,2380,1008,2409,1029,29.695952545972506,18.883636928728485,0.840080971659919,0.0,0.0,0.0,0.0,0.0,0.0,1.0,0.0,0.0,0.0,0.0,0.0,0.0,0.0,0.0,0.0,0.0
2460,Quartz,1.0,481,24.747287144606645,2395.711018711019,997.952182952183,2386,983,2410,1010,30.601008305331128,21.345629473977038,0.9431372549019608,0.0,0.0,0.0,0.0,0.0,0.0,1.0,0.0,0.0,0.0,0.0,0.0,0.0,0.0,0.0,0.0,0.0
2461,Quartz,1.0,2557,57.05850958347765,2396.879937426672,4328.982401251466,2365,4298,2431,4357,64.31397519861764,54.370154330899055,0.8747861785836469,0.0,0.0,0.0,0.0,0.0,0.0,1.0,0.0,0.0,0.0,0.0,0.0,0.0,0.0,0.0,0.0,0.0
2462,Quartz,1.0,15388,139.9736050631857,2393.385170262542,2169.3710683649597,2291,2097,2476,2241,166.410207276856,124.51985608737793,0.866197579510273,0.0,0.0,0.0,0.0,0.0,0.0,1.0,0.0,0.0,0.0,0.0,0.0,0.0,0.0,0.0,0.0,0.0
2463,Quartz,1.0,234,17.26088217525478,2406.1794871794873,2234.636752136752,2397,2228,2420,2243,23.994202954346584,14.019899178223016,0.841726618705036,0.0,0.0,0.0,0.0,0.0,0.0,1.0,0.0,0.0,0.0,0.0,0.0,0.0,0.0,0.0,0.0,0.0
2464,Orthoclase,1.0,819,32.29215364663835,2398.6996336996335,281.99389499389497,2383,262,2416,306,43.73520769839673,25.651462040596954,0.8703506907545164,0.0,0.0,0.0,0.0,0.0,0.0,0.0,0.0,1.0,0.0,0.0,0.0,0.0,0.0,0.0,0.0,0.0
2465,Quartz,1.0,417,23.04215463350949,2401.6882494004794,500.9928057553957,2390,488,2413,515,26.45312983565293,21.71429508818745,0.8323353293413174,0.0,0.0,0.0,0.0,0.0,0.0,1.0,0.0,0.0,0.0,0.0,0.0,0.0,0.0,0.0,0.0,0.0
2466,Quartz,1.0,2285,53.93841265480332,2405.463894967177,1349.111159737418,2370,1329,2439,1375,69.51089408215549,43.158589759895484,0.9292395282635217,0.0,0.0,0.0,0.0,0.0,0.0,1.0,0.0,0.0,0.0,0.0,0.0,0.0,0.0,0.0,0.0,0.0
2467,Quartz,1.0,203,16.07692842495848,2404.886699507389,3453.9704433497536,2396,3445,2415,3464,21.07985212115508,13.383018869413542,0.8023715415019763,0.0,0.0,0.0,0.0,0.0,0.0,1.0,0.0,0.0,0.0,0.0,0.0,0.0,0.0,0.0,0.0,0.0
2468,Quartz,1.0,5041,80.11492086378139,2398.7248561793294,4409.997421146598,2345,4361,2448,4464,125.15630094957409,57.48632406586271,0.8186099382916532,0.0,0.0,0.0,0.0,0.0,0.0,1.0,0.0,0.0,0.0,0.0,0.0,0.0,0.0,0.0,0.0,0.0
2469,Quartz,1.0,263,18.29923496393627,2408.300380228137,30.247148288973385,2398,23,2420,41,20.5933002831294,18.006039208492528,0.8538961038961039,0.0,0.0,0.0,0.0,0.0,0.0,1.0,0.0,0.0,0.0,0.0,0.0,0.0,0.0,0.0,0.0,0.0
2470,Quartz,1.0,7440,97.32883546426316,2394.7747311827957,3626.161693548387,2335,3566,2452,3676,114.58309766620846,87.46959921908058,0.8429639700883752,0.0,0.0,0.0,0.0,0.0,0.0,1.0,0.0,0.0,0.0,0.0,0.0,0.0,0.0,0.0,0.0,0.0
2471,Quartz,1.0,142,13.446189622059965,2408.1197183098593,4631.140845070423,2398,4624,2417,4636,18.933550014484794,11.435767741134198,0.8711656441717791,0.0,0.0,0.0,0.0,0.0,0.0,1.0,0.0,0.0,0.0,0.0,0.0,0.0,0.0,0.0,0.0,0.0
2472,Quartz,1.0,1440,42.81897878766651,2404.11875,1055.1027777777779,2374,1032,2432,1080,65.15909395467888,30.567921709852172,0.8294930875576036,0.0,0.0,0.0,0.0,0.0,0.0,1.0,0.0,0.0,0.0,0.0,0.0,0.0,0.0,0.0,0.0,0.0
2473,Chromite,1.0,103,11.451797811161432,2413.368932038835,239.25242718446603,2408,232,2421,246,16.44914108921308,8.44946866063598,0.8583333333333333,0.0,0.0,0.0,0.0,0.0,0.0,0.0,1.0,0.0,0.0,0.0,0.0,0.0,0.0,0.0,0.0,0.0
2474,Quartz,1.0,470,24.462677409178383,2410.472340425532,658.0404255319149,2391,644,2427,668,38.412742166798346,17.594410372272826,0.8438061041292639,0.0,0.0,0.0,0.0,0.0,0.0,1.0,0.0,0.0,0.0,0.0,0.0,0.0,0.0,0.0,0.0,0.0
2475,Quartz,1.0,549,26.438769072322643,2415.8834244080144,3535.4207650273224,2402,3523,2433,3548,30.514025402282808,23.61671879941245,0.9,0.0,0.0,0.0,0.0,0.0,0.0,1.0,0.0,0.0,0.0,0.0,0.0,0.0,0.0,0.0,0.0,0.0
2476,Quartz,1.0,698,29.811427376513585,2419.2320916905446,4580.103151862464,2404,4560,2435,4602,41.892276022936144,23.100985469558708,0.8022988505747126,0.0,0.0,0.0,0.0,0.0,0.0,1.0,0.0,0.0,0.0,0.0,0.0,0.0,0.0,0.0,0.0,0.0
2477,Quartz,1.0,1269,40.196280701937106,2421.7399527186762,3998.5500394011033,2398,3973,2441,4028,55.51861833537819,32.14349059533438,0.8580121703853956,0.0,0.0,0.0,0.0,0.0,0.0,1.0,0.0,0.0,0.0,0.0,0.0,0.0,0.0,0.0,0.0,0.0
2478,Quartz,1.0,633,28.38944578214513,2419.448657187994,4038.4265402843603,2403,4024,2435,4056,35.571818083543455,24.21642193028143,0.8473895582329317,0.0,0.0,0.0,0.0,0.0,0.0,1.0,0.0,0.0,0.0,0.0,0.0,0.0,0.0,0.0,0.0,0.0
2479,Quartz,1.0,1696,46.46949825284146,2419.442216981132,805.2965801886793,2394,781,2447,830,52.887608601264205,42.417027576357796,0.8733264675592173,0.0,0.0,0.0,0.0,0.0,0.0,1.0,0.0,0.0,0.0,0.0,0.0,0.0,0.0,0.0,0.0,0.0
2480,Quartz,1.0,1221,39.42873931692001,2423.4045864045866,2813.6740376740377,2399,2796,2449,2834,49.01769320831936,34.52255259750452,0.8420689655172414,0.0,0.0,0.0,0.0,0.0,0.0,1.0,0.0,0.0,0.0,0.0,0.0,0.0,0.0,0.0,0.0,0.0
2481,Quartz,1.0,5375,82.72643200907132,2414.788093023256,156.5633488372093,2357,114,2464,200,100.75475566619652,71.57050820451543,0.8732737611697806,0.0,0.0,0.0,0.0,0.0,0.0,1.0,0.0,0.0,0.0,0.0,0.0,0.0,0.0,0.0,0.0,0.0
2482,Quartz,1.0,1405,42.295408265589586,2423.9153024911034,1265.3274021352313,2394,1247,2451,1285,54.70294070183374,36.01583862356504,0.8463855421686747,0.0,0.0,0.0,0.0,0.0,0.0,1.0,0.0,0.0,0.0,0.0,0.0,0.0,0.0,0.0,0.0,0.0
2483,Quartz,1.0,3251,64.33740560462485,2426.221777914488,2310.9083358966473,2384,2277,2463,2340,78.25658207385105,56.64942716034281,0.8739247311827957,0.0,0.0,0.0,0.0,0.0,0.0,1.0,0.0,0.0,0.0,0.0,0.0,0.0,0.0,0.0,0.0,0.0
2484,Quartz,1.0,1276,40.306992682189374,2423.819749216301,405.40987460815046,2396,382,2445,433,51.413836706040215,34.77169878708852,0.8523714094856379,0.0,0.0,0.0,0.0,0.0,0.0,1.0,0.0,0.0,0.0,0.0,0.0,0.0,0.0,0.0,0.0,0.0
2485,Quartz,1.0,5337,82.43348500610394,2425.761101742552,911.5656735994004,2387,846,2478,954,104.15389792553844,73.98010344550602,0.7983545250560957,0.0,0.0,0.0,0.0,0.0,0.0,1.0,0.0,0.0,0.0,0.0,0.0,0.0,0.0,0.0,0.0,0.0
2486,Quartz,1.0,176,14.96964127403822,2424.244318181818,4629.704545454545,2415,4621,2438,4636,23.98736937854392,12.089807484324853,0.7822222222222223,0.0,0.0,0.0,0.0,0.0,0.0,1.0,0.0,0.0,0.0,0.0,0.0,0.0,0.0,0.0,0.0,0.0
2487,Quartz,1.0,852,32.9363035587535,2416.9354460093896,3306.4014084507044,2392,3289,2441,3325,53.12755644297925,24.698770791512676,0.7421602787456446,0.0,0.0,0.0,0.0,0.0,0.0,1.0,0.0,0.0,0.0,0.0,0.0,0.0,0.0,0.0,0.0,0.0
2488,Quartz,1.0,174,14.884343478431232,2429.5114942528735,4282.040229885058,2422,4273,2437,4292,20.44157098465702,11.483087264842851,0.87,0.0,0.0,0.0,0.0,0.0,0.0,1.0,0.0,0.0,0.0,0.0,0.0,0.0,0.0,0.0,0.0,0.0
2489,Chromite,1.0,647,28.701672171559103,2426.2333848531684,221.5579598145286,2407,201,2441,241,33.80048371360436,28.458856928474926,0.7602820211515864,0.0,0.0,0.0,0.0,0.0,0.0,0.0,1.0,0.0,0.0,0.0,0.0,0.0,0.0,0.0,0.0,0.0
2490,Orthoclase,1.0,191,15.594510349620345,2428.0314136125653,2097.916230366492,2421,2088,2436,2107,18.050655999575316,13.94355459238934,0.8925233644859814,0.0,0.0,0.0,0.0,0.0,0.0,0.0,0.0,1.0,0.0,0.0,0.0,0.0,0.0,0.0,0.0,0.0
2491,Quartz,1.0,11737,122.24570559556113,2429.1646928516657,2637.0443895373605,2371,2569,2488,2709,142.3125890917212,107.5550514917741,0.9298843289494534,0.0,0.0,0.0,0.0,0.0,0.0,1.0,0.0,0.0,0.0,0.0,0.0,0.0,0.0,0.0,0.0,0.0
2492,Quartz,1.0,1637,45.654059345598846,2429.150274893097,299.52596212583995,2411,271,2449,332,63.125615381015436,35.35413262444017,0.86022070415134,0.0,0.0,0.0,0.0,0.0,0.0,1.0,0.0,0.0,0.0,0.0,0.0,0.0,0.0,0.0,0.0,0.0
2493,Quartz,1.0,1340,41.30545956583848,2425.9410447761193,361.7097014925373,2396,342,2453,382,53.99837690547125,33.299383184155865,0.8578745198463509,0.0,0.0,0.0,0.0,0.0,0.0,1.0,0.0,0.0,0.0,0.0,0.0,0.0,0.0,0.0,0.0,0.0
2494,Quartz,1.0,2615,57.7020052466329,2417.3391969407267,1775.4520076481836,2386,1748,2456,1814,73.90399371630595,50.816228709970375,0.8650347337082368,0.0,0.0,0.0,0.0,0.0,0.0,1.0,0.0,0.0,0.0,0.0,0.0,0.0,0.0,0.0,0.0,0.0
2495,Quartz,1.0,1744,47.12249745098538,2430.9122706422017,2428.469610091743,2406,2399,2454,2454,51.61372294424471,45.13512226668386,0.9064449064449065,0.0,0.0,0.0,0.0,0.0,0.0,1.0,0.0,0.0,0.0,0.0,0.0,0.0,0.0,0.0,0.0,0.0
2496,Quartz,1.0,532,26.026206750102993,2428.2988721804513,1742.3327067669172,2407,1729,2458,1750,54.25690923687631,15.965973760577162,0.7789165446559297,0.0,0.0,0.0,0.0,0.0,0.0,1.0,0.0,0.0,0.0,0.0,0.0,0.0,0.0,0.0,0.0,0.0
2497,Quartz,1.0,431,23.42576026046658,2430.074245939675,2386.213457076566,2410,2377,2448,2399,40.083688139821405,15.753848394006152,0.8132075471698114,0.0,0.0,0.0,0.0,0.0,0.0,1.0,0.0,0.0,0.0,0.0,0.0,0.0,0.0,0.0,0.0,0.0
2498,Quartz,1.0,2118,51.929965874715094,2433.908404154863,470.81775259678943,2397,449,2471,494,69.50261066476823,40.65558155066589,0.8613257421716145,0.0,0.0,0.0,0.0,0.0,0.0,1.0,0.0,0.0,0.0,0.0,0.0,0.0,0.0,0.0,0.0,0.0
2499,Quartz,1.0,1471,43.27742333255787,2434.6594153636984,1410.5887151597553,2405,1387,2465,1436,57.571840229029725,34.83095470862386,0.8236282194848824,0.0,0.0,0.0,0.0,0.0,0.0,1.0,0.0,0.0,0.0,0.0,0.0,0.0,0.0,0.0,0.0,0.0
2500,Quartz,1.0,1497,43.65821341361255,2426.7154308617232,3271.684034736139,2401,3246,2453,3297,53.5319856985091,36.86828577848209,0.9034399517199758,0.0,0.0,0.0,0.0,0.0,0.0,1.0,0.0,0.0,0.0,0.0,0.0,0.0,0.0,0.0,0.0,0.0
2501,Quartz,0.9474852071005917,1352,41.489997161749,2438.4526627218934,3893.366124260355,2416,3872,2460,3919,47.13875987908166,39.433029467481845,0.8578680203045685,0.0,0.0,0.0,0.0,0.0,0.0,0.9474852071005917,0.0,0.0,0.0,0.0,0.0,0.0,0.0,0.0,0.0,0.05251479289940828
2502,Quartz,1.0,2003,50.50048324624756,2440.7219171243137,983.3150274588118,2410,958,2472,1013,57.43617261345813,46.08871937517587,0.882767739092111,0.0,0.0,0.0,0.0,0.0,0.0,1.0,0.0,0.0,0.0,0.0,0.0,0.0,0.0,0.0,0.0,0.0
2503,Quartz,1.0,1056,36.667982753900326,2448.024621212121,3251.5833333333335,2424,3235,2467,3275,45.536541075793565,31.400147820396317,0.9378330373001776,0.0,0.0,0.0,0.0,0.0,0.0,1.0,0.0,0.0,0.0,0.0,0.0,0.0,0.0,0.0,0.0,0.0
2504,Quartz,1.0,1870,48.7950606993654,2449.214973262032,1722.587165775401,2419,1699,2481,1748,59.54874817028915,42.31886906401875,0.8427219468228931,0.0,0.0,0.0,0.0,0.0,0.0,1.0,0.0,0.0,0.0,0.0,0.0,0.0,0.0,0.0,0.0,0.0
2505,Quartz,1.0,4859,78.65539363494506,2432.454002881251,3416.132949166495,2378,3376,2474,3460,89.01565247380162,73.90143687346624,0.8428447528187337,0.0,0.0,0.0,0.0,0.0,0.0,1.0,0.0,0.0,0.0,0.0,0.0,0.0,0.0,0.0,0.0,0.0
2506,Quartz,1.0,2787,59.56944360304953,2440.9924650161465,1932.4937208467886,2401,1897,2474,1969,69.98274099517141,58.37613888487737,0.7895184135977337,0.0,0.0,0.0,0.0,0.0,0.0,1.0,0.0,0.0,0.0,0.0,0.0,0.0,0.0,0.0,0.0,0.0
2507,Quartz,1.0,1181,38.77751800118501,2444.594411515665,1587.5520745131246,2424,1561,2463,1613,59.27530455049078,26.822967238775206,0.8658357771260997,0.0,0.0,0.0,0.0,0.0,0.0,1.0,0.0,0.0,0.0,0.0,0.0,0.0,0.0,0.0,0.0,0.0
2508,Quartz,1.0,887,33.60600357347016,2442.2638105975198,524.0078917700113,2423,508,2465,539,42.58740586759297,29.317969090228768,0.8463740458015268,0.0,0.0,0.0,0.0,0.0,0.0,1.0,0.0,0.0,0.0,0.0,0.0,0.0,0.0,0.0,0.0,0.0
2509,Quartz,1.0,715,30.172276587716105,2448.5958041958042,503.1958041958042,2428,490,2469,514,40.90008577255604,22.710714350696982,0.9420289855072463,0.0,0.0,0.0,0.0,0.0,0.0,1.0,0.0,0.0,0.0,0.0,0.0,0.0,0.0,0.0,0.0,0.0
2510,Quartz,1.0,731,30.508000708034015,2444.5868673050613,1301.2476060191518,2427,1286,2463,1320,41.04949762398081,24.503242428986727,0.838302752293578,0.0,0.0,0.0,0.0,0.0,0.0,1.0,0.0,0.0,0.0,0.0,0.0,0.0,0.0,0.0,0.0,0.0
2511,Quartz,1.0,749,30.881327999401787,2448.939919893191,642.9692923898531,2430,628,2471,660,39.96950877238483,25.545576431154274,0.823076923076923,0.0,0.0,0.0,0.0,0.0,0.0,1.0,0.0,0.0,0.0,0.0,0.0,0.0,0.0,0.0,0.0,0.0
2512,Quartz,1.0,107,11.67204486311899,2449.4205607476633,345.22429906542055,2442,340,2458,352,15.721525376975697,9.246502183533405,0.856,0.0,0.0,0.0,0.0,0.0,0.0,1.0,0.0,0.0,0.0,0.0,0.0,0.0,0.0,0.0,0.0,0.0
2513,Quartz,1.0,511,25.507359866510456,2449.146771037182,2771.328767123288,2441,2748,2459,2798,43.84175036610947,15.709416157386737,0.8268608414239482,0.0,0.0,0.0,0.0,0.0,0.0,1.0,0.0,0.0,0.0,0.0,0.0,0.0,0.0,0.0,0.0,0.0
2514,Quartz,0.9889903329752954,3724,68.8588706311231,2448.9618689581093,1650.2075725026853,2413,1612,2489,1695,84.42732189767833,59.752280962532666,0.8911222780569514,0.0,0.0,0.0,0.0,0.0,0.0,0.9889903329752954,0.0,0.01100966702470462,0.0,0.0,0.0,0.0,0.0,0.0,0.0,0.0
2515,Quartz,1.0,753,30.96367835360614,2451.2244355909693,3962.7450199203186,2435,3943,2472,3984,48.30620002082827,21.58957498093642,0.8096774193548387,0.0,0.0,0.0,0.0,0.0,0.0,1.0,0.0,0.0,0.0,0.0,0.0,0.0,0.0,0.0,0.0,0.0
2516,Quartz,1.0,424,23.23474912642073,2448.443396226415,608.7311320754717,2436,597,2461,622,24.99523910994657,22.59219947589822,0.8670756646216768,0.0,0.0,0.0,0.0,0.0,0.0,1.0,0.0,0.0,0.0,0.0,0.0,0.0,0.0,0.0,0.0,0.0
2517,Quartz,1.0,645,28.65727667372076,2450.671317829457,4507.908527131783,2435,4490,2465,4524,34.6535811237587,26.22541426894959,0.8301158301158301,0.0,0.0,0.0,0.0,0.0,0.0,1.0,0.0,0.0,0.0,0.0,0.0,0.0,0.0,0.0,0.0,0.0
2518,Quartz,1.0,596,27.547246117573295,2454.087248322148,1160.8959731543623,2434,1148,2473,1174,35.672496176404124,22.570030190378617,0.8869047619047619,0.0,0.0,0.0,0.0,0.0,0.0,1.0,0.0,0.0,0.0,0.0,0.0,0.0,0.0,0.0,0.0,0.0
2519,Quartz,1.0,451,23.96311821686732,2454.713968957871,1440.430155210643,2443,1426,2467,1458,30.139478534959476,20.090668489890362,0.833641404805915,0.0,0.0,0.0,0.0,0.0,0.0,1.0,0.0,0.0,0.0,0.0,0.0,0.0,0.0,0.0,0.0,0.0
2520,Quartz,1.0,1394,42.129513709047444,2449.4784791965567,1196.980631276901,2429,1170,2477,1218,56.92989503704241,33.869879839525694,0.9105160026126714,0.0,0.0,0.0,0.0,0.0,0.0,1.0,0.0,0.0,0.0,0.0,0.0,0.0,0.0,0.0,0.0,0.0
2521,Quartz,1.0,1731,46.946540361740894,2453.4049682264585,2859.874638937031,2427,2831,2491,2885,56.42545010328783,48.53182674010071,0.6926770708283313,0.0,0.0,0.0,0.0,0.0,0.0,1.0,0.0,0.0,0.0,0.0,0.0,0.0,0.0,0.0,0.0,0.0
2522,Quartz,1.0,2845,60.18609893298899,2452.2854130052724,47.4622144112478,2413,23,2495,76,82.9455926613189,47.209693589253014,0.8631674757281553,0.0,0.0,0.0,0.0,0.0,0.0,1.0,0.0,0.0,0.0,0.0,0.0,0.0,0.0,0.0,0.0,0.0
2523,Quartz,1.0,996,35.61104585035691,2454.479919678715,1231.741967871486,2434,1217,2475,1256,38.421398618443696,37.33396294301883,0.8571428571428571,0.0,0.0,0.0,0.0,0.0,0.0,1.0,0.0,0.0,0.0,0.0,0.0,0.0,0.0,0.0,0.0,0.0
2524,Chromite,1.0,559,26.678472698169138,2451.4454382826475,223.5134168157424,2437,206,2466,243,40.33233697627535,21.470115434215653,0.7453333333333333,0.0,0.0,0.0,0.0,0.0,0.0,0.0,1.0,0.0,0.0,0.0,0.0,0.0,0.0,0.0,0.0,0.0
2525,Quartz,1.0,1040,36.38913473173784,2457.589423076923,4587.658653846154,2445,4562,2472,4621,55.880942621556926,24.9446532366967,0.8609271523178808,0.0,0.0,0.0,0.0,0.0,0.0,1.0,0.0,0.0,0.0,0.0,0.0,0.0,0.0,0.0,0.0,0.0
2526,Quartz,1.0,4263,73.67374144975942,2474.155289702088,2491.0928923293454,2426,2462,2529,2532,102.62302021840667,57.62014368546479,0.8204387990762124,0.0,0.0,0.0,0.0,0.0,0.0,1.0,0.0,0.0,0.0,0.0,0.0,0.0,0.0,0.0,0.0,0.0
2527,Quartz,1.0,397,22.48279562821002,2461.073047858942,4010.4609571788415,2449,3994,2473,4027,31.22617598644789,18.089618679736052,0.7462406015037594,0.0,0.0,0.0,0.0,0.0,0.0,1.0,0.0,0.0,0.0,0.0,0.0,0.0,0.0,0.0,0.0,0.0
2528,Quartz,1.0,2633,57.900256659946535,2467.703000379795,4456.262818078238,2434,4428,2504,4484,71.21792357686736,53.499606543642564,0.8510019392372333,0.0,0.0,0.0,0.0,0.0,0.0,1.0,0.0,0.0,0.0,0.0,0.0,0.0,0.0,0.0,0.0,0.0
2529,Quartz,1.0,3486,66.62216637836671,2466.582329317269,1055.9446356855995,2433,1018,2500,1102,83.49840869702801,57.61012519493244,0.8984536082474227,0.0,0.0,0.0,0.0,0.0,0.0,1.0,0.0,0.0,0.0,0.0,0.0,0.0,0.0,0.0,0.0,0.0
2530,Quartz,1.0,820,32.31186201200472,2484.163414634146,4498.456097560976,2461,4485,2511,4517,58.22892879918466,20.932809728232883,0.7529843893480257,0.0,0.0,0.0,0.0,0.0,0.0,1.0,0.0,0.0,0.0,0.0,0.0,0.0,0.0,0.0,0.0,0.0
2531,Quartz,1.0,2153,52.35727972130337,2472.6293543892243,2941.262888992104,2447,2912,2496,2976,64.83800322391116,45.387420636372326,0.8483057525610717,0.0,0.0,0.0,0.0,0.0,0.0,1.0,0.0,0.0,0.0,0.0,0.0,0.0,0.0,0.0,0.0,0.0
2532,Quartz,1.0,3904,70.50338419286038,2467.5525102459014,756.125256147541,2423,714,2514,796,85.74876346183932,61.86293280064948,0.8601013439083498,0.0,0.0,0.0,0.0,0.0,0.0,1.0,0.0,0.0,0.0,0.0,0.0,0.0,0.0,0.0,0.0,0.0
2533,Chromite,1.0,823,32.37091511398834,2467.314702308627,1346.475091130012,2451,1321,2482,1375,55.544138828862444,21.419950038464773,0.804496578690127,0.0,0.0,0.0,0.0,0.0,0.0,0.0,1.0,0.0,0.0,0.0,0.0,0.0,0.0,0.0,0.0,0.0
2534,Quartz,1.0,1721,46.810738687711556,2475.625217896572,3671.985473561883,2444,3651,2507,3693,58.3929647320842,38.62192351609494,0.9015191199580932,0.0,0.0,0.0,0.0,0.0,0.0,1.0,0.0,0.0,0.0,0.0,0.0,0.0,0.0,0.0,0.0,0.0
2535,Quartz,1.0,1062,36.772005609005646,2471.4717514124295,4104.838983050848,2449,4086,2495,4124,40.748130281471965,35.8726344632447,0.8009049773755657,0.0,0.0,0.0,0.0,0.0,0.0,1.0,0.0,0.0,0.0,0.0,0.0,0.0,0.0,0.0,0.0,0.0
2536,Quartz,1.0,796,31.83549399034338,2467.331658291457,2268.097989949749,2447,2249,2488,2285,38.027230420088884,30.041446708602532,0.8139059304703476,0.0,0.0,0.0,0.0,0.0,0.0,1.0,0.0,0.0,0.0,0.0,0.0,0.0,0.0,0.0,0.0,0.0
2537,Orthoclase,1.0,273,18.643883600599406,2475.227106227106,1307.161172161172,2461,1299,2489,1316,27.452595085889044,13.126067612459973,0.8863636363636364,0.0,0.0,0.0,0.0,0.0,0.0,0.0,0.0,1.0,0.0,0.0,0.0,0.0,0.0,0.0,0.0,0.0
2538,Quartz,1.0,597,27.570346537664197,2474.998324958124,445.98157453936346,2465,422,2488,468,44.98647154113017,17.907565807516644,0.8553008595988538,0.0,0.0,0.0,0.0,0.0,0.0,1.0,0.0,0.0,0.0,0.0,0.0,0.0,0.0,0.0,0.0,0.0
2539,Quartz,1.0,875,33.37790589062273,2476.5268571428574,1474.4342857142858,2460,1453,2495,1493,36.47704605968472,31.61461536308101,0.8901322482197355,0.0,0.0,0.0,0.0,0.0,0.0,1.0,0.0,0.0,0.0,0.0,0.0,0.0,0.0,0.0,0.0,0.0
2540,Chromite,1.0,1400,42.22008245644752,2472.2364285714284,305.3792857142857,2450,289,2499,326,49.90089478045763,36.96896809691222,0.9582477754962354,0.0,0.0,0.0,0.0,0.0,0.0,0.0,1.0,0.0,0.0,0.0,0.0,0.0,0.0,0.0,0.0,0.0
2541,Chromite,1.0,130,12.865501965161373,2478.3307692307694,287.5076923076923,2457,286,2501,290,49.509755331577544,3.4577051118427886,0.8552631578947368,0.0,0.0,0.0,0.0,0.0,0.0,0.0,1.0,0.0,0.0,0.0,0.0,0.0,0.0,0.0,0.0,0.0
2542,Chromite,1.0,1219,39.39643391262924,2480.8712059064806,270.07957342083677,2458,245,2503,287,42.088467538964046,41.86317715907819,0.8839738941261784,0.0,0.0,0.0,0.0,0.0,0.0,0.0,1.0,0.0,0.0,0.0,0.0,0.0,0.0,0.0,0.0,0.0
2543,Quartz,1.0,2233,53.3211393669867,2482.1997313031798,821.4263322884012,2451,789,2513,852,63.92581554980257,47.03672294683909,0.8836565096952909,0.0,0.0,0.0,0.0,0.0,0.0,1.0,0.0,0.0,0.0,0.0,0.0,0.0,0.0,0.0,0.0,0.0
2544,Orthoclase,1.0,2023,50.751981232255694,2489.6134453781515,2815.869995056846,2456,2787,2527,2843,67.17186540034398,44.199610118299844,0.774798927613941,0.0,0.0,0.0,0.0,0.0,0.0,0.0,0.0,1.0,0.0,0.0,0.0,0.0,0.0,0.0,0.0,0.0
2545,Orthoclase,0.9601883561643836,2336,54.53702940664572,2481.7101883561645,589.6922089041096,2455,561,2521,619,63.552600249234295,51.807089345830875,0.8242766407904023,0.0,0.0,0.0,0.0,0.0,0.0,0.03981164383561644,0.0,0.9601883561643836,0.0,0.0,0.0,0.0,0.0,0.0,0.0,0.0
2546,Quartz,1.0,695,29.747293718772774,2480.7323741007194,1433.2820143884892,2466,1418,2500,1452,38.025794843994454,24.78059701949871,0.8786346396965866,0.0,0.0,0.0,0.0,0.0,0.0,1.0,0.0,0.0,0.0,0.0,0.0,0.0,0.0,0.0,0.0,0.0
2547,Quartz,1.0,1000,35.682482323055424,2477.582,4537.184,2452,4519,2505,4556,52.19518611099947,29.03799694948205,0.7530120481927711,0.0,0.0,0.0,0.0,0.0,0.0,1.0,0.0,0.0,0.0,0.0,0.0,0.0,0.0,0.0,0.0,0.0
2548,Orthoclase,1.0,1171,38.61299660586932,2483.8292058070024,178.36208368915456,2466,150,2502,204,49.80276790413433,32.41747597733708,0.8566203365032918,0.0,0.0,0.0,0.0,0.0,0.0,0.0,0.0,1.0,0.0,0.0,0.0,0.0,0.0,0.0,0.0,0.0
2549,Quartz,1.0,1883,48.9643754451776,2482.978757302177,1573.7950079660118,2460,1545,2515,1601,57.161568926860845,49.028682849398656,0.8269653052261748,0.0,0.0,0.0,0.0,0.0,0.0,1.0,0.0,0.0,0.0,0.0,0.0,0.0,0.0,0.0,0.0,0.0
2550,Quartz,1.0,3979,71.17738509176361,2477.0693641618495,1829.8572505654688,2429,1795,2519,1867,86.79514780989261,60.207964543467604,0.8935549068044015,0.0,0.0,0.0,0.0,0.0,0.0,1.0,0.0,0.0,0.0,0.0,0.0,0.0,0.0,0.0,0.0,0.0
2551,Quartz,1.0,332,20.56004690782767,2485.472891566265,1390.9909638554218,2478,1378,2494,1409,30.651184347844953,15.17004904362136,0.8383838383838383,0.0,0.0,0.0,0.0,0.0,0.0,1.0,0.0,0.0,0.0,0.0,0.0,0.0,0.0,0.0,0.0,0.0
2552,Quartz,1.0,387,22.197831060995757,2469.322997416021,3531.059431524548,2456,3519,2484,3544,32.26243486448741,16.164967876606582,0.8130252100840336,0.0,0.0,0.0,0.0,0.0,0.0,1.0,0.0,0.0,0.0,0.0,0.0,0.0,0.0,0.0,0.0,0.0
2553,Orthoclase,0.9635145197319435,2686,58.480094195877,2491.151154132539,3513.2267311988085,2458,3483,2525,3551,72.44753324809076,49.837577462112286,0.8614496472097498,0.0,0.0,0.0,0.0,0.0,0.0,0.0,0.0,0.9635145197319435,0.0,0.0,0.0,0.0,0.0,0.0,0.0,0.03648548026805659
2554,Quartz,1.0,154,14.002817212590296,2488.935064935065,1528.4285714285713,2481,1521,2497,1535,17.65004366763325,12.879646828756204,0.7549019607843137,0.0,0.0,0.0,0.0,0.0,0.0,1.0,0.0,0.0,0.0,0.0,0.0,0.0,0.0,0.0,0.0,0.0
2555,Quartz,1.0,105,11.562445770562215,2486.9904761904763,1538.5904761904762,2482,1534,2495,1547,13.95511477180126,10.960468475914848,0.875,0.0,0.0,0.0,0.0,0.0,0.0,1.0,0.0,0.0,0.0,0.0,0.0,0.0,0.0,0.0,0.0,0.0
2556,Quartz,1.0,1368,41.73477802981229,2490.6637426900584,1101.1776315789473,2464,1066,2509,1127,60.4951335177653,34.160975363527704,0.7925840092699884,0.0,0.0,0.0,0.0,0.0,0.0,1.0,0.0,0.0,0.0,0.0,0.0,0.0,0.0,0.0,0.0,0.0
2557,Quartz,1.0,304,19.67396303746374,2490.753289473684,2522.8486842105262,2478,2509,2505,2535,27.15684027000242,19.080371132675992,0.6893424036281179,0.0,0.0,0.0,0.0,0.0,0.0,1.0,0.0,0.0,0.0,0.0,0.0,0.0,0.0,0.0,0.0,0.0
2558,Quartz,1.0,3844,69.95950835992178,2488.5517689906346,4364.280176899064,2439,4325,2526,4407,84.51429853934543,65.61205578679267,0.8222459893048129,0.0,0.0,0.0,0.0,0.0,0.0,1.0,0.0,0.0,0.0,0.0,0.0,0.0,0.0,0.0,0.0,0.0
2559,Quartz,1.0,1642,45.723728330650566,2522.57856272838,3853.78928136419,2483,3829,2561,3871,85.00865580854295,31.255781465102018,0.738973897389739,0.0,0.0,0.0,0.0,0.0,0.0,1.0,0.0,0.0,0.0,0.0,0.0,0.0,0.0,0.0,0.0,0.0
2560,Orthoclase,1.0,1305,40.76245338395847,2494.4996168582375,4591.547892720307,2478,4570,2514,4622,53.40423223501951,34.36941990728451,0.8551769331585846,0.0,0.0,0.0,0.0,0.0,0.0,0.0,0.0,1.0,0.0,0.0,0.0,0.0,0.0,0.0,0.0,0.0
2561,Quartz,1.0,3393,65.72748112689553,2494.7155909224875,366.42263483642796,2457,334,2537,400,80.10720103071097,55.36683522902136,0.9195121951219513,0.0,0.0,0.0,0.0,0.0,0.0,1.0,0.0,0.0,0.0,0.0,0.0,0.0,0.0,0.0,0.0,0.0
2562,Quartz,1.0,5156,81.02359590054307,2494.0436384794416,2713.074088440652,2459,2653,2534,2766,108.08318543620013,67.42541077078866,0.8722720351886314,0.0,0.0,0.0,0.0,0.0,0.0,1.0,0.0,0.0,0.0,0.0,0.0,0.0,0.0,0.0,0.0,0.0
2564,Quartz,1.0,1439,42.804108504603846,2499.0625434329395,1275.2738012508687,2480,1242,2518,1307,60.07667513403646,33.88398606465361,0.8270114942528736,0.0,0.0,0.0,0.0,0.0,0.0,1.0,0.0,0.0,0.0,0.0,0.0,0.0,0.0,0.0,0.0,0.0
2565,Quartz,1.0,179,15.09668435477122,2503.4748603351954,1503.441340782123,2490,1497,2521,1511,32.66683031656732,10.166637428211109,0.5986622073578596,0.0,0.0,0.0,0.0,0.0,0.0,1.0,0.0,0.0,0.0,0.0,0.0,0.0,0.0,0.0,0.0,0.0
2566,Quartz,1.0,407,22.764193258431348,2504.324324324324,4150.673218673219,2491,4135,2516,4165,28.69485958114307,21.27310913110904,0.8107569721115537,0.0,0.0,0.0,0.0,0.0,0.0,1.0,0.0,0.0,0.0,0.0,0.0,0.0,0.0,0.0,0.0,0.0
2567,Quartz,1.0,1121,37.77964438223469,2507.914362176628,458.43175735950047,2492,431,2531,479,50.75407284399958,30.901182548362502,0.8689922480620155,0.0,0.0,0.0,0.0,0.0,0.0,1.0,0.0,0.0,0.0,0.0,0.0,0.0,0.0,0.0,0.0,0.0
2568,Quartz,1.0,326,20.37341629633241,2509.542944785276,2888.0490797546013,2494,2878,2527,2900,32.07177961727004,16.74406097091091,0.6892177589852009,0.0,0.0,0.0,0.0,0.0,0.0,1.0,0.0,0.0,0.0,0.0,0.0,0.0,0.0,0.0,0.0,0.0
2569,Quartz,1.0,890,33.66278649806482,2507.7539325842695,3773.4741573033707,2492,3753,2524,3795,41.42762945989803,28.252694414404967,0.9008097165991903,0.0,0.0,0.0,0.0,0.0,0.0,1.0,0.0,0.0,0.0,0.0,0.0,0.0,0.0,0.0,0.0,0.0
2570,Quartz,1.0,1501,43.71650210901461,2506.7668221185877,971.4083944037309,2479,945,2538,994,53.39491593175605,43.5723882785547,0.7350636630754163,0.0,0.0,0.0,0.0,0.0,0.0,1.0,0.0,0.0,0.0,0.0,0.0,0.0,0.0,0.0,0.0,0.0
2571,Quartz,1.0,1188,38.89226888657144,2510.1178451178453,1631.4284511784513,2492,1610,2533,1653,43.720974364711715,36.43910889341212,0.8522238163558106,0.0,0.0,0.0,0.0,0.0,0.0,1.0,0.0,0.0,0.0,0.0,0.0,0.0,0.0,0.0,0.0,0.0
2572,Quartz,0.9720653789004458,3365,65.45571837535527,2501.199108469539,4267.833878157504,2471,4233,2540,4311,76.66556178695227,59.30210166994635,0.8345734126984127,0.0,0.0,0.0,0.0,0.0,0.0,0.9720653789004458,0.0,0.027934621099554236,0.0,0.0,0.0,0.0,0.0,0.0,0.0,0.0
2573,Orthoclase,1.0,1342,41.3362730423848,2543.8792846497763,4243.698956780924,2506,4224,2568,4267,50.480275193774936,39.64878109131483,0.7779710144927536,0.0,0.0,0.0,0.0,0.0,0.0,0.0,0.0,1.0,0.0,0.0,0.0,0.0,0.0,0.0,0.0,0.0
2574,Chromite,1.0,797,31.85548488335917,2501.814303638645,655.1355081555835,2485,640,2525,674,41.82960320259668,26.211060543471316,0.9139908256880734,0.0,0.0,0.0,0.0,0.0,0.0,0.0,1.0,0.0,0.0,0.0,0.0,0.0,0.0,0.0,0.0,0.0
2575,Quartz,1.0,266,18.403307281560924,2511.996240601504,2371.966165413534,2500,2363,2528,2382,28.398672343345236,13.890842780579064,0.7940298507462686,0.0,0.0,0.0,0.0,0.0,0.0,1.0,0.0,0.0,0.0,0.0,0.0,0.0,0.0,0.0,0.0,0.0
2576,Chromite,1.0,968,35.10692067532608,2523.848140495868,634.7210743801653,2497,621,2547,651,48.02955301916808,27.92542310419184,0.8461538461538461,0.0,0.0,0.0,0.0,0.0,0.0,0.0,1.0,0.0,0.0,0.0,0.0,0.0,0.0,0.0,0.0,0.0
2577,Quartz,1.0,653,28.834448541840736,2510.1087289433385,881.551301684533,2494,869,2529,900,33.858253139319686,27.44991244349186,0.8660477453580901,0.0,0.0,0.0,0.0,0.0,0.0,1.0,0.0,0.0,0.0,0.0,0.0,0.0,0.0,0.0,0.0,0.0
2578,Quartz,1.0,396,22.45446191105733,2514.8914141414143,3984.4166666666665,2504,3960,2538,4001,43.88218131591313,21.309500267900706,0.5251989389920424,0.0,0.0,0.0,0.0,0.0,0.0,1.0,0.0,0.0,0.0,0.0,0.0,0.0,0.0,0.0,0.0,0.0
2579,Quartz,1.0,774,31.39247374172695,2514.6937984496126,860.219638242894,2493,845,2537,872,45.9287046519176,23.707365720063756,0.8138801261829653,0.0,0.0,0.0,0.0,0.0,0.0,1.0,0.0,0.0,0.0,0.0,0.0,0.0,0.0,0.0,0.0,0.0
2580,Quartz,1.0,283,18.982275710779543,2517.2791519434627,3716.0671378091874,2507,3701,2524,3732,27.054641715267834,16.106081900971017,0.8299120234604106,0.0,0.0,0.0,0.0,0.0,0.0,1.0,0.0,0.0,0.0,0.0,0.0,0.0,0.0,0.0,0.0,0.0
2581,Quartz,1.0,605,27.754457742221764,2510.0578512396696,1383.4446280991735,2500,1363,2521,1403,40.9004967959784,19.189325884543802,0.9138972809667674,0.0,0.0,0.0,0.0,0.0,0.0,1.0,0.0,0.0,0.0,0.0,0.0,0.0,0.0,0.0,0.0,0.0
2582,Quartz,1.0,1753,47.24393000080264,2522.6092413006277,2630.9634911580147,2500,2602,2552,2657,57.63625912573389,41.55792350765068,0.880462079357107,0.0,0.0,0.0,0.0,0.0,0.0,1.0,0.0,0.0,0.0,0.0,0.0,0.0,0.0,0.0,0.0,0.0
2583,Quartz,1.0,565,26.821266613927218,2520.61592920354,2115.378761061947,2504,2103,2537,2129,33.57325685616009,24.09164684373018,0.7935393258426966,0.0,0.0,0.0,0.0,0.0,0.0,1.0,0.0,0.0,0.0,0.0,0.0,0.0,0.0,0.0,0.0,0.0
2584,Quartz,1.0,485,24.849973424463737,2515.263917525773,3628.282474226804,2503,3616,2532,3642,30.755451513298958,21.158210196333073,0.885036496350365,0.0,0.0,0.0,0.0,0.0,0.0,1.0,0.0,0.0,0.0,0.0,0.0,0.0,0.0,0.0,0.0,0.0
2585,Quartz,1.0,275,18.712051592547777,2518.36,1005.6618181818181,2502,997,2533,1016,30.075797132779815,14.612362491112624,0.7142857142857143,0.0,0.0,0.0,0.0,0.0,0.0,1.0,0.0,0.0,0.0,0.0,0.0,0.0,0.0,0.0,0.0,0.0
2586,Quartz,1.0,2050,51.08953969950291,2524.460975609756,2435.142926829268,2499,2408,2554,2468,63.05689346140019,43.30407399946597,0.8573818485989126,0.0,0.0,0.0,0.0,0.0,0.0,1.0,0.0,0.0,0.0,0.0,0.0,0.0,0.0,0.0,0.0,0.0
2587,Orthoclase,1.0,246,17.697935698969246,2526.7845528455287,190.7439024390244,2512,181,2541,204,32.33978388523698,12.405938048861987,0.7365269461077845,0.0,0.0,0.0,0.0,0.0,0.0,0.0,0.0,1.0,0.0,0.0,0.0,0.0,0.0,0.0,0.0,0.0
2588,Quartz,1.0,1934,49.62303174452167,2522.4937952430196,415.83609100310235,2486,389,2550,447,65.91571544987735,40.599938344458295,0.8703870387038704,0.0,0.0,0.0,0.0,0.0,0.0,1.0,0.0,0.0,0.0,0.0,0.0,0.0,0.0,0.0,0.0,0.0
2589,Quartz,1.0,407,22.764193258431348,2527.1277641277643,1394.2186732186733,2516,1380,2539,1412,30.569555805840352,18.552649599879175,0.8205645161290323,0.0,0.0,0.0,0.0,0.0,0.0,1.0,0.0,0.0,0.0,0.0,0.0,0.0,0.0,0.0,0.0,0.0
2591,Orthoclase,1.0,4500,75.6939756606048,2527.6877777777777,3444.7355555555555,2490,3393,2562,3495,99.94207871175092,61.44079767405015,0.8699014111734004,0.0,0.0,0.0,0.0,0.0,0.0,0.0,0.0,1.0,0.0,0.0,0.0,0.0,0.0,0.0,0.0,0.0
2592,Quartz,1.0,613,27.93735565372383,2530.011419249592,3615.858075040783,2511,3603,2547,3633,37.42443701107512,22.82354540481952,0.8466850828729282,0.0,0.0,0.0,0.0,0.0,0.0,1.0,0.0,0.0,0.0,0.0,0.0,0.0,0.0,0.0,0.0,0.0
2593,Orthoclase,1.0,1069,36.89299490854448,2528.0701590271283,165.02993451824133,2502,149,2553,185,54.63715704008464,26.19544885708565,0.8878737541528239,0.0,0.0,0.0,0.0,0.0,0.0,0.0,0.0,1.0,0.0,0.0,0.0,0.0,0.0,0.0,0.0,0.0
2594,Quartz,1.0,2441,55.74923971408518,2528.8385907414995,1333.9385497746825,2497,1308,2567,1361,66.75357857753775,48.811691343964206,0.9064240623839585,0.0,0.0,0.0,0.0,0.0,0.0,1.0,0.0,0.0,0.0,0.0,0.0,0.0,0.0,0.0,0.0,0.0
2595,Quartz,1.0,4182,72.97045824223972,2519.687230989957,1202.831181252989,2476,1164,2560,1240,82.67995861755755,66.42939894390953,0.8833967046894804,0.0,0.0,0.0,0.0,0.0,0.0,1.0,0.0,0.0,0.0,0.0,0.0,0.0,0.0,0.0,0.0,0.0
2596,Quartz,1.0,1276,40.306992682189374,2529.724921630094,2913.67868338558,2508,2884,2553,2943,63.88353316226538,26.92157876123327,0.8461538461538461,0.0,0.0,0.0,0.0,0.0,0.0,1.0,0.0,0.0,0.0,0.0,0.0,0.0,0.0,0.0,0.0,0.0
2597,Orthoclase,1.0,950,34.77898169151024,2527.9673684210525,1440.9052631578948,2508,1421,2549,1462,42.7658518724339,29.668044329636263,0.8788159111933395,0.0,0.0,0.0,0.0,0.0,0.0,0.0,0.0,1.0,0.0,0.0,0.0,0.0,0.0,0.0,0.0,0.0
2598,Orthoclase,0.9767230955259976,3308,64.89897082376514,2523.093409915357,2064.528113663845,2479,2038,2565,2093,89.3403292437715,50.612939472345204,0.8605619146722164,0.0,0.0,0.0,0.0,0.0,0.0,0.0,0.0,0.9767230955259976,0.0,0.0,0.0,0.0,0.0,0.0,0.0,0.023276904474002418
2600,Quartz,1.0,623,28.16430784468183,2534.585874799358,900.5939004815409,2518,884,2552,916,35.35479326136662,24.21998710449152,0.8628808864265928,0.0,0.0,0.0,0.0,0.0,0.0,1.0,0.0,0.0,0.0,0.0,0.0,0.0,0.0,0.0,0.0,0.0
2601,Quartz,1.0,1091,37.2706901372387,2528.8707607699357,2770.3629697525207,2507,2750,2548,2791,41.04808885583885,35.7538818278618,0.8834008097165992,0.0,0.0,0.0,0.0,0.0,0.0,1.0,0.0,0.0,0.0,0.0,0.0,0.0,0.0,0.0,0.0,0.0
2602,Quartz,1.0,1545,44.352622206762774,2534.044012944984,1551.9514563106795,2503,1532,2565,1575,56.58372950255841,36.39700959356283,0.8554817275747508,0.0,0.0,0.0,0.0,0.0,0.0,1.0,0.0,0.0,0.0,0.0,0.0,0.0,0.0,0.0,0.0,0.0
2603,Quartz,1.0,1118,37.72905791315113,2535.0849731663684,1780.5134168157424,2518,1755,2555,1804,47.80816695549718,30.938214373596836,0.8659953524399691,0.0,0.0,0.0,0.0,0.0,0.0,1.0,0.0,0.0,0.0,0.0,0.0,0.0,0.0,0.0,0.0,0.0
2604,Chromite,1.0,902,33.88896677904354,2533.9135254988914,604.0432372505543,2516,580,2550,622,40.45946314261779,29.920364025672328,0.9120323559150657,0.0,0.0,0.0,0.0,0.0,0.0,0.0,1.0,0.0,0.0,0.0,0.0,0.0,0.0,0.0,0.0,0.0
2605,Quartz,1.0,894,33.73834840345975,2540.4261744966443,31.983221476510067,2514,23,2566,47,53.47686262188189,22.333432922741103,0.9030303030303031,0.0,0.0,0.0,0.0,0.0,0.0,1.0,0.0,0.0,0.0,0.0,0.0,0.0,0.0,0.0,0.0,0.0
2606,Quartz,1.0,1527,44.09350048261754,2538.506876227898,306.39423706614275,2515,281,2562,337,60.4983715238946,32.9120266519952,0.9165666266506602,0.0,0.0,0.0,0.0,0.0,0.0,1.0,0.0,0.0,0.0,0.0,0.0,0.0,0.0,0.0,0.0,0.0
2607,Quartz,1.0,748,30.860706075232656,2541.9010695187167,228.6350267379679,2530,207,2558,256,49.97230873139397,22.76147522844482,0.7465069860279441,0.0,0.0,0.0,0.0,0.0,0.0,1.0,0.0,0.0,0.0,0.0,0.0,0.0,0.0,0.0,0.0,0.0
2608,Quartz,1.0,187,15.430353037616328,2539.652406417112,2518.2459893048126,2530,2510,2549,2530,18.60336781265338,16.11248968711116,0.7601626016260162,0.0,0.0,0.0,0.0,0.0,0.0,1.0,0.0,0.0,0.0,0.0,0.0,0.0,0.0,0.0,0.0,0.0
2609,Quartz,1.0,3194,63.7708954452116,2543.6984971822167,2572.631809643081,2512,2534,2578,2615,75.653678646564,61.67083514516081,0.7923592160754155,0.0,0.0,0.0,0.0,0.0,0.0,1.0,0.0,0.0,0.0,0.0,0.0,0.0,0.0,0.0,0.0,0.0
2610,Quartz,1.0,1830,48.27036737860349,2541.6524590163935,4511.208196721312,2514,4490,2568,4539,53.68738758318812,46.30160175125392,0.8726752503576538,0.0,0.0,0.0,0.0,0.0,0.0,1.0,0.0,0.0,0.0,0.0,0.0,0.0,0.0,0.0,0.0,0.0
2611,Quartz,0.9903825603761488,4679,77.18476423372573,2542.900406069673,3173.986963026288,2503,3124,2582,3216,94.22571327316936,70.97982638726968,0.8192960952547715,0.0,0.0,0.0,0.0,0.0,0.0,0.9903825603761488,0.0,0.00961743962385125,0.0,0.0,0.0,0.0,0.0,0.0,0.0,0.0
2612,Quartz,1.0,1227,39.525497104907416,2540.713936430318,3727.5786471067645,2524,3700,2565,3752,54.352085724122425,31.698957582193916,0.8586424072778167,0.0,0.0,0.0,0.0,0.0,0.0,1.0,0.0,0.0,0.0,0.0,0.0,0.0,0.0,0.0,0.0,0.0
2613,Quartz,1.0,2672,58.32748977568257,2552.93375748503,4324.668038922156,2521,4296,2585,4353,66.54778412406787,57.53636502270174,0.8407803650094399,0.0,0.0,0.0,0.0,0.0,0.0,1.0,0.0,0.0,0.0,0.0,0.0,0.0,0.0,0.0,0.0,0.0
2614,Quartz,1.0,722,30.319613310508885,2537.0498614958447,3803.083102493075,2518,3791,2557,3818,40.07167272136518,23.802627246811156,0.8657074340527577,0.0,0.0,0.0,0.0,0.0,0.0,1.0,0.0,0.0,0.0,0.0,0.0,0.0,0.0,0.0,0.0,0.0
2615,Quartz,1.0,198,15.877702285203682,2544.5858585858587,1506.0959595959596,2539,1494,2551,1521,27.149980391370285,10.246810434417617,0.8284518828451883,0.0,0.0,0.0,0.0,0.0,0.0,1.0,0.0,0.0,0.0,0.0,0.0,0.0,0.0,0.0,0.0,0.0
2616,Quartz,1.0,13842,132.75609883626487,2558.127727207051,1915.4096228868661,2485,1852,2643,2003,166.28684613218294,122.37227237721422,0.8020163393012342,0.0,0.0,0.0,0.0,0.0,0.0,1.0,0.0,0.0,0.0,0.0,0.0,0.0,0.0,0.0,0.0,0.0
2617,Quartz,1.0,9586,110.4774831168382,2532.5448570832464,3305.368871270603,2463,3251,2602,3361,136.37096001604377,93.36535316649018,0.8803379557351455,0.0,0.0,0.0,0.0,0.0,0.0,1.0,0.0,0.0,0.0,0.0,0.0,0.0,0.0,0.0,0.0,0.0
2618,Quartz,1.0,2112,51.856358515428596,2545.600378787879,1602.0714962121212,2515,1573,2580,1628,70.97801093828984,39.6823583920381,0.9014084507042254,0.0,0.0,0.0,0.0,0.0,0.0,1.0,0.0,0.0,0.0,0.0,0.0,0.0,0.0,0.0,0.0,0.0
2619,Quartz,1.0,4599,76.52207959953135,2553.235703413786,1073.0084801043706,2510,1040,2597,1111,87.83713542363961,68.42199739581523,0.9179640718562875,0.0,0.0,0.0,0.0,0.0,0.0,1.0,0.0,0.0,0.0,0.0,0.0,0.0,0.0,0.0,0.0,0.0
2620,Quartz,1.0,1098,37.390065794529015,2549.5273224043717,68.39162112932604,2532,48,2566,89,41.123845881844005,34.82952371710036,0.9273648648648649,0.0,0.0,0.0,0.0,0.0,0.0,1.0,0.0,0.0,0.0,0.0,0.0,0.0,0.0,0.0,0.0,0.0
2621,Quartz,1.0,1859,48.651334140624215,2572.3797740720815,1424.3313609467455,2524,1404,2616,1448,90.51581150781877,28.897555354800065,0.807909604519774,0.0,0.0,0.0,0.0,0.0,0.0,1.0,0.0,0.0,0.0,0.0,0.0,0.0,0.0,0.0,0.0,0.0
2622,Quartz,1.0,1009,35.84269382507095,2554.2765113974233,4558.648166501486,2536,4539,2574,4580,40.63862228709846,33.304525460052375,0.8720829732065687,0.0,0.0,0.0,0.0,0.0,0.0,1.0,0.0,0.0,0.0,0.0,0.0,0.0,0.0,0.0,0.0,0.0
2623,Quartz,1.0,1019,36.01987085047822,2552.9774288518156,2711.3267909715405,2538,2686,2569,2736,50.45016015253756,27.620318245022496,0.8291293734743694,0.0,0.0,0.0,0.0,0.0,0.0,1.0,0.0,0.0,0.0,0.0,0.0,0.0,0.0,0.0,0.0,0.0
2624,Quartz,1.0,1842,48.42837227702548,2562.3957654723126,540.3675352877307,2540,509,2594,566,52.29347250595809,47.92638256201343,0.8763082778306375,0.0,0.0,0.0,0.0,0.0,0.0,1.0,0.0,0.0,0.0,0.0,0.0,0.0,0.0,0.0,0.0,0.0
2625,Quartz,1.0,886,33.5870545989873,2562.518058690745,372.26975169300226,2542,356,2582,394,47.474388470555084,25.08984955159986,0.8886659979939819,0.0,0.0,0.0,0.0,0.0,0.0,1.0,0.0,0.0,0.0,0.0,0.0,0.0,0.0,0.0,0.0,0.0
2626,Quartz,1.0,543,26.29389801439097,2559.6040515653776,2527.2154696132598,2546,2513,2574,2540,28.266219066865336,26.25743444897823,0.8729903536977492,0.0,0.0,0.0,0.0,0.0,0.0,1.0,0.0,0.0,0.0,0.0,0.0,0.0,0.0,0.0,0.0,0.0
2627,Quartz,1.0,6040,87.69473673032141,2569.9201986754965,3545.458940397351,2513,3505,2632,3588,124.71780565147264,67.11910699860204,0.8394718554551772,0.0,0.0,0.0,0.0,0.0,0.0,1.0,0.0,0.0,0.0,0.0,0.0,0.0,0.0,0.0,0.0,0.0
2628,Unknown,1.0,151,13.86575534383214,2563.9602649006624,1276.0264900662253,2557,1269,2572,1284,14.108629802566364,13.791594857431152,0.8830409356725146,0.0,0.0,0.0,0.0,0.0,0.0,0.0,0.0,0.0,0.0,0.0,0.0,0.0,0.0,0.0,0.0,1.0
2629,Quartz,1.0,195,15.756957549709801,2563.7076923076925,3859.0410256410255,2557,3851,2573,3867,16.673654330353493,15.35028072917628,0.8986175115207373,0.0,0.0,0.0,0.0,0.0,0.0,1.0,0.0,0.0,0.0,0.0,0.0,0.0,0.0,0.0,0.0,0.0
2630,Quartz,1.0,1303,40.73120581065477,2563.5034535686877,4416.547966231773,2535,4401,2593,4434,55.67482603141862,31.10288668217096,0.8827913279132791,0.0,0.0,0.0,0.0,0.0,0.0,1.0,0.0,0.0,0.0,0.0,0.0,0.0,0.0,0.0,0.0,0.0
2631,Quartz,1.0,833,32.56698544176895,2570.5870348139256,250.2785114045618,2554,231,2591,269,40.65682368740882,28.724696137325815,0.815068493150685,0.0,0.0,0.0,0.0,0.0,0.0,1.0,0.0,0.0,0.0,0.0,0.0,0.0,0.0,0.0,0.0,0.0
2632,Quartz,1.0,125,12.6156626101008,2567.888,1381.496,2559,1375,2578,1387,20.85179514154667,8.784172093884015,0.78125,0.0,0.0,0.0,0.0,0.0,0.0,1.0,0.0,0.0,0.0,0.0,0.0,0.0,0.0,0.0,0.0,0.0
2634,Quartz,1.0,2863,60.37619412133205,2584.5455815578066,2758.8714634998255,2549,2731,2628,2789,80.39393591035234,48.4697209330141,0.8841877702285361,0.0,0.0,0.0,0.0,0.0,0.0,1.0,0.0,0.0,0.0,0.0,0.0,0.0,0.0,0.0,0.0,0.0
2635,Quartz,1.0,1408,42.34053942720982,2573.625,4605.526988636364,2548,4575,2597,4625,53.630803945779384,39.16106293640569,0.8616891064871481,0.0,0.0,0.0,0.0,0.0,0.0,1.0,0.0,0.0,0.0,0.0,0.0,0.0,0.0,0.0,0.0,0.0
2637,Quartz,1.0,5913,86.76788246822102,2541.82208692711,2278.126839167935,2493,2228,2585,2326,101.8999014298026,79.42850597535453,0.8889055923030668,0.0,0.0,0.0,0.0,0.0,0.0,1.0,0.0,0.0,0.0,0.0,0.0,0.0,0.0,0.0,0.0,0.0
2638,Quartz,1.0,1008,35.82492792865108,2578.0704365079364,73.38492063492063,2558,52,2595,95,43.65348417053122,33.24229686334499,0.8076923076923077,0.0,0.0,0.0,0.0,0.0,0.0,1.0,0.0,0.0,0.0,0.0,0.0,0.0,0.0,0.0,0.0,0.0
2639,Quartz,1.0,3938,70.80972621869873,2585.0284408329103,656.5652615540884,2544,620,2632,695,78.52036559984826,75.43193917196926,0.7744346116027532,0.0,0.0,0.0,0.0,0.0,0.0,1.0,0.0,0.0,0.0,0.0,0.0,0.0,0.0,0.0,0.0,0.0
2640,Quartz,1.0,1152,38.298458918537534,2574.1892361111113,1476.2300347222222,2547,1456,2595,1500,44.50733287074601,36.05816952029982,0.8141342756183746,0.0,0.0,0.0,0.0,0.0,0.0,1.0,0.0,0.0,0.0,0.0,0.0,0.0,0.0,0.0,0.0,0.0
2641,Quartz,1.0,781,31.534109856442154,2576.3956466069144,877.4878361075545,2562,858,2590,901,41.68563495758134,25.221489929622287,0.8610804851157663,0.0,0.0,0.0,0.0,0.0,0.0,1.0,0.0,0.0,0.0,0.0,0.0,0.0,0.0,0.0,0.0,0.0
2642,Quartz,1.0,6053,87.78905947942454,2616.062613580043,2278.022798612258,2576,2234,2681,2337,109.76865634254406,82.85596162512958,0.8390629331854726,0.0,0.0,0.0,0.0,0.0,0.0,1.0,0.0,0.0,0.0,0.0,0.0,0.0,0.0,0.0,0.0,0.0
2643,Quartz,1.0,1229,39.55769710788932,2584.0374288039056,1553.6232709519934,2563,1527,2603,1584,59.67431123644643,33.90231334151473,0.6971072036301759,0.0,0.0,0.0,0.0,0.0,0.0,1.0,0.0,0.0,0.0,0.0,0.0,0.0,0.0,0.0,0.0,0.0
2645,Quartz,1.0,159,14.228319915326999,2578.4654088050315,982.2075471698113,2564,975,2589,989,25.37367261481882,11.250009760137026,0.6853448275862069,0.0,0.0,0.0,0.0,0.0,0.0,1.0,0.0,0.0,0.0,0.0,0.0,0.0,0.0,0.0,0.0,0.0
2646,Quartz,1.0,5592,84.37982895312736,2588.017167381974,3679.5409513590844,2544,3632,2631,3735,102.3245663413191,73.75502166322904,0.8443303638834365,0.0,0.0,0.0,0.0,0.0,0.0,1.0,0.0,0.0,0.0,0.0,0.0,0.0,0.0,0.0,0.0,0.0
2647,Quartz,0.9639759839893263,1499,43.687367482580235,2583.418945963976,493.0433622414943,2561,468,2602,523,52.90884300857349,37.31929712691593,0.8864577173270254,0.0,0.0,0.0,0.0,0.0,0.0,0.9639759839893263,0.0,0.0,0.0,0.0,0.0,0.0,0.0,0.0,0.0,0.03602401601067378
2648,Quartz,1.0,248,17.769732893161912,2581.5,4501.794354838709,2572,4493,2590,4513,19.535721498136002,16.81593651340957,0.8888888888888888,0.0,0.0,0.0,0.0,0.0,0.0,1.0,0.0,0.0,0.0,0.0,0.0,0.0,0.0,0.0,0.0,0.0
2649,Quartz,1.0,168,14.625465582862905,2585.9523809523807,213.73214285714286,2575,208,2597,222,23.240505033153642,10.16667851895668,0.8076923076923077,0.0,0.0,0.0,0.0,0.0,0.0,1.0,0.0,0.0,0.0,0.0,0.0,0.0,0.0,0.0,0.0,0.0
2650,Quartz,1.0,1432,42.69987152276635,2580.2108938547485,1743.9490223463688,2557,1713,2603,1780,73.12674843398186,26.123990786525745,0.8839506172839506,0.0,0.0,0.0,0.0,0.0,0.0,1.0,0.0,0.0,0.0,0.0,0.0,0.0,0.0,0.0,0.0,0.0
2651,Orthoclase,1.0,271,18.575465448360347,2586.239852398524,423.2952029520295,2575,414,2597,433,22.526499846628766,16.570946409509478,0.8237082066869301,0.0,0.0,0.0,0.0,0.0,0.0,0.0,0.0,1.0,0.0,0.0,0.0,0.0,0.0,0.0,0.0,0.0
2652,Quartz,1.0,3477,66.5361097227976,2587.6655162496404,309.8849582973828,2549,273,2624,348,80.3093704901552,58.80944666039051,0.8668661181750187,0.0,0.0,0.0,0.0,0.0,0.0,1.0,0.0,0.0,0.0,0.0,0.0,0.0,0.0,0.0,0.0,0.0
2653,Quartz,1.0,3713,68.75709730349048,2585.7392943711284,2821.1400484783194,2529,2781,2627,2861,86.54272513374475,67.26154279776748,0.762422997946612,0.0,0.0,0.0,0.0,0.0,0.0,1.0,0.0,0.0,0.0,0.0,0.0,0.0,0.0,0.0,0.0,0.0
2654,Quartz,1.0,529,25.95272084319679,2585.633270321361,1337.6824196597354,2571,1319,2606,1350,40.11521921435586,21.652213866258816,0.7546362339514978,0.0,0.0,0.0,0.0,0.0,0.0,1.0,0.0,0.0,0.0,0.0,0.0,0.0,0.0,0.0,0.0,0.0
2655,Quartz,1.0,5375,82.72643200907132,2589.228093023256,3074.1771162790697,2537,3030,2635,3126,100.78451919501312,79.9908850670508,0.7488158261354138,0.0,0.0,0.0,0.0,0.0,0.0,1.0,0.0,0.0,0.0,0.0,0.0,0.0,0.0,0.0,0.0,0.0
2656,Quartz,1.0,4447,75.24690196571065,2600.087474702046,1651.2763660894987,2562,1605,2643,1697,91.42162066394846,66.58158893095063,0.8462416745956232,0.0,0.0,0.0,0.0,0.0,0.0,1.0,0.0,0.0,0.0,0.0,0.0,0.0,0.0,0.0,0.0,0.0
2658,Quartz,1.0,649,28.745999104799274,2591.491525423729,4548.174114021572,2575,4525,2608,4570,47.29892641333983,20.48988470876718,0.735827664399093,0.0,0.0,0.0,0.0,0.0,0.0,1.0,0.0,0.0,0.0,0.0,0.0,0.0,0.0,0.0,0.0,0.0
2659,Quartz,1.0,217,16.622063085174787,2599.7972350230416,4499.709677419355,2593,4492,2611,4509,17.65620035843024,16.98314725611616,0.9004149377593361,0.0,0.0,0.0,0.0,0.0,0.0,1.0,0.0,0.0,0.0,0.0,0.0,0.0,0.0,0.0,0.0,0.0
2660,Quartz,1.0,4559,76.18857581322548,2591.7394165387145,2399.0239087519194,2544,2359,2643,2439,103.3773989796047,59.47150632267587,0.8743766781741465,0.0,0.0,0.0,0.0,0.0,0.0,1.0,0.0,0.0,0.0,0.0,0.0,0.0,0.0,0.0,0.0,0.0
2661,Quartz,1.0,2898,60.744120708448,2599.576259489303,2681.3205659075225,2565,2650,2640,2712,68.5626624082874,56.36925658927315,0.8548672566371681,0.0,0.0,0.0,0.0,0.0,0.0,1.0,0.0,0.0,0.0,0.0,0.0,0.0,0.0,0.0,0.0,0.0
2662,Quartz,1.0,13365,130.4486355443607,2588.5250280583614,3952.6048634493077,2513,3871,2658,4037,146.3919214535837,122.86187344051113,0.8630375823324293,0.0,0.0,0.0,0.0,0.0,0.0,1.0,0.0,0.0,0.0,0.0,0.0,0.0,0.0,0.0,0.0,0.0
2663,Quartz,1.0,173,14.841510746523857,2570.635838150289,3890.2947976878613,2564,3880,2581,3900,18.902856320966407,14.61180928398858,0.7393162393162394,0.0,0.0,0.0,0.0,0.0,0.0,1.0,0.0,0.0,0.0,0.0,0.0,0.0,0.0,0.0,0.0,0.0
2664,Quartz,1.0,250,17.841241161527712,2596.908,2083.556,2587,2072,2607,2095,23.29164835673856,15.396672264682325,0.7961783439490446,0.0,0.0,0.0,0.0,0.0,0.0,1.0,0.0,0.0,0.0,0.0,0.0,0.0,0.0,0.0,0.0,0.0
2665,Quartz,1.0,807,32.05470811910906,2600.271375464684,360.457249070632,2581,346,2621,377,38.616990902906885,29.038217966140586,0.8209562563580874,0.0,0.0,0.0,0.0,0.0,0.0,1.0,0.0,0.0,0.0,0.0,0.0,0.0,0.0,0.0,0.0,0.0
2666,Quartz,1.0,434,23.507147049675353,2584.4631336405528,1357.6589861751152,2569,1344,2602,1373,39.6728010091125,16.33357111953272,0.7495682210708118,0.0,0.0,0.0,0.0,0.0,0.0,1.0,0.0,0.0,0.0,0.0,0.0,0.0,0.0,0.0,0.0,0.0
2667,Quartz,1.0,238,17.407785949022028,2594.1974789915967,3606.7436974789916,2579,3598,2606,3616,26.528006429675308,15.32400554797589,0.7677419354838709,0.0,0.0,0.0,0.0,0.0,0.0,1.0,0.0,0.0,0.0,0.0,0.0,0.0,0.0,0.0,0.0,0.0
2669,Quartz,1.0,299,19.511499785403828,2599.4715719063547,1846.76254180602,2589,1836,2612,1857,21.32451275524035,18.969846063362116,0.8542857142857143,0.0,0.0,0.0,0.0,0.0,0.0,1.0,0.0,0.0,0.0,0.0,0.0,0.0,0.0,0.0,0.0,0.0
2670,Quartz,1.0,214,16.50676414605009,2604.504672897196,1360.443925233645,2598,1351,2613,1373,21.95959189261331,13.480566177413762,0.8629032258064516,0.0,0.0,0.0,0.0,0.0,0.0,1.0,0.0,0.0,0.0,0.0,0.0,0.0,0.0,0.0,0.0,0.0
2671,Orthoclase,1.0,396,22.45446191105733,2600.75,3794.429292929293,2591,3779,2611,3811,29.39114075677401,18.563841378154564,0.8181818181818182,0.0,0.0,0.0,0.0,0.0,0.0,0.0,0.0,1.0,0.0,0.0,0.0,0.0,0.0,0.0,0.0,0.0
2672,Quartz,1.0,242,17.55346033766304,2596.5743801652893,3257.1570247933882,2584,3248,2611,3268,29.77534240906345,13.668586423915757,0.6505376344086021,0.0,0.0,0.0,0.0,0.0,0.0,1.0,0.0,0.0,0.0,0.0,0.0,0.0,0.0,0.0,0.0,0.0
2673,Quartz,1.0,197,15.837556323903858,2606.9289340101523,1252.3096446700508,2599,1243,2615,1265,21.21161066229778,13.138307597010217,0.8106995884773662,0.0,0.0,0.0,0.0,0.0,0.0,1.0,0.0,0.0,0.0,0.0,0.0,0.0,0.0,0.0,0.0,0.0
2674,Quartz,1.0,1317,40.94943809646488,2607.485193621868,722.575550493546,2590,693,2626,754,58.825512037682394,30.17119570053157,0.8821165438713998,0.0,0.0,0.0,0.0,0.0,0.0,1.0,0.0,0.0,0.0,0.0,0.0,0.0,0.0,0.0,0.0,0.0
2675,Quartz,1.0,10263,114.31210542902696,2596.697651758745,4191.18259768099,2513,4142,2666,4277,149.8614024713076,108.71804383738285,0.7960750853242321,0.0,0.0,0.0,0.0,0.0,0.0,1.0,0.0,0.0,0.0,0.0,0.0,0.0,0.0,0.0,0.0,0.0
2676,Chromite,0.9907439748515543,5726,85.38483257085852,2607.9544184421934,3406.1191058330423,2564,3360,2660,3451,92.2353349471305,80.57858330991115,0.9530625832223701,0.0,0.0,0.0,0.0,0.0,0.0,0.0,0.9907439748515543,0.0,0.0,0.0,0.0,0.0,0.0,0.0,0.0,0.009256025148445686
2677,Quartz,1.0,173,14.841510746523857,2610.4104046242774,3577.526011560694,2601,3569,2625,3586,22.176342548804392,11.729171258415867,0.7757847533632287,0.0,0.0,0.0,0.0,0.0,0.0,1.0,0.0,0.0,0.0,0.0,0.0,0.0,0.0,0.0,0.0,0.0
2678,Quartz,1.0,1383,41.962963317296,2608.2082429501083,2159.3803326102675,2589,2135,2628,2187,53.253870762695506,35.706427884538854,0.8703587161736942,0.0,0.0,0.0,0.0,0.0,0.0,1.0,0.0,0.0,0.0,0.0,0.0,0.0,0.0,0.0,0.0,0.0
2680,Quartz,1.0,653,28.834448541840736,2613.9464012251146,838.3920367534456,2600,819,2630,860,46.62018443019314,18.70226295799073,0.8580814717477004,0.0,0.0,0.0,0.0,0.0,0.0,1.0,0.0,0.0,0.0,0.0,0.0,0.0,0.0,0.0,0.0,0.0
2681,Quartz,1.0,1348,41.42857596276994,2612.5548961424333,888.673590504451,2595,864,2640,915,45.73313605764363,39.91843017464555,0.8980679546968687,0.0,0.0,0.0,0.0,0.0,0.0,1.0,0.0,0.0,0.0,0.0,0.0,0.0,0.0,0.0,0.0,0.0
2682,Orthoclase,1.0,859,33.0713285026094,2614.0779976717113,3824.199068684517,2598,3805,2633,3847,39.77291707583045,31.926949822863964,0.7902483900643974,0.0,0.0,0.0,0.0,0.0,0.0,0.0,0.0,1.0,0.0,0.0,0.0,0.0,0.0,0.0,0.0,0.0
2683,Quartz,1.0,2839,60.12260030556835,2618.48045086298,514.9207467418105,2596,457,2638,564,102.15530994030004,38.62971754274123,0.8396923986986099,0.0,0.0,0.0,0.0,0.0,0.0,1.0,0.0,0.0,0.0,0.0,0.0,0.0,0.0,0.0,0.0,0.0
2684,Quartz,1.0,2507,56.49788968316474,2614.5767850019943,942.0343039489429,2580,914,2643,973,59.751021342361526,57.157322934184194,0.8588557725248372,0.0,0.0,0.0,0.0,0.0,0.0,1.0,0.0,0.0,0.0,0.0,0.0,0.0,0.0,0.0,0.0,0.0
2685,Quartz,1.0,2630,57.8672619246278,2613.622813688213,1020.0885931558936,2582,988,2648,1058,70.89419411654654,52.84816419379623,0.7962458371177717,0.0,0.0,0.0,0.0,0.0,0.0,1.0,0.0,0.0,0.0,0.0,0.0,0.0,0.0,0.0,0.0,0.0
2686,Orthoclase,1.0,578,27.128075067297424,2617.8823529411766,1305.8633217993079,2607,1287,2629,1327,38.97240033443331,20.024772797423953,0.8975155279503105,0.0,0.0,0.0,0.0,0.0,0.0,0.0,0.0,1.0,0.0,0.0,0.0,0.0,0.0,0.0,0.0,0.0
2687,Quartz,1.0,724,30.361578193306386,2618.4185082872928,2121.3977900552486,2598,2105,2637,2139,35.66185540596906,28.45258907150654,0.7810140237324703,0.0,0.0,0.0,0.0,0.0,0.0,1.0,0.0,0.0,0.0,0.0,0.0,0.0,0.0,0.0,0.0,0.0
2688,Quartz,1.0,1277,40.3227838650409,2618.536413469068,107.24745497259201,2599,86,2637,133,45.08079699453075,37.024515582430276,0.9246922519913107,0.0,0.0,0.0,0.0,0.0,0.0,1.0,0.0,0.0,0.0,0.0,0.0,0.0,0.0,0.0,0.0,0.0
2690,Quartz,1.0,666,29.120053859730724,2619.051051051051,1475.1066066066066,2602,1462,2639,1489,35.72356037783254,25.452070628563547,0.8717277486910995,0.0,0.0,0.0,0.0,0.0,0.0,1.0,0.0,0.0,0.0,0.0,0.0,0.0,0.0,0.0,0.0,0.0
2691,Quartz,1.0,1379,41.90223540802793,2622.615663524293,1829.9361856417695,2595,1806,2647,1858,61.29785042736224,30.088964993806588,0.8629536921151439,0.0,0.0,0.0,0.0,0.0,0.0,1.0,0.0,0.0,0.0,0.0,0.0,0.0,0.0,0.0,0.0,0.0
2692,Orthoclase,1.0,218,16.66031874701878,2621.0,3795.6743119266057,2615,3783,2631,3809,26.79997804111789,11.993491150242189,0.7870036101083032,0.0,0.0,0.0,0.0,0.0,0.0,0.0,0.0,1.0,0.0,0.0,0.0,0.0,0.0,0.0,0.0,0.0
2693,Orthoclase,1.0,1599,45.12105973967727,2620.1125703564726,402.86741713570984,2593,374,2644,425,50.71193277029033,43.65128155569235,0.8898163606010017,0.0,0.0,0.0,0.0,0.0,0.0,0.0,0.0,1.0,0.0,0.0,0.0,0.0,0.0,0.0,0.0,0.0
2694,Quartz,0.8966666666666666,300,19.544100476116796,2628.7166666666667,4384.626666666667,2615,4376,2646,4395,31.89716662529553,15.506222591460205,0.7518796992481203,0.0,0.0,0.10333333333333333,0.0,0.0,0.0,0.8966666666666666,0.0,0.0,0.0,0.0,0.0,0.0,0.0,0.0,0.0,0.0
2695,Quartz,1.0,1905,49.24958205630262,2624.438320209974,3345.0430446194227,2597,3318,2649,3378,66.1788651591188,39.4166730537473,0.8819444444444444,0.0,0.0,0.0,0.0,0.0,0.0,1.0,0.0,0.0,0.0,0.0,0.0,0.0,0.0,0.0,0.0,0.0
2696,Quartz,0.9352014010507881,1142,38.13187066074199,2624.0761821366023,3609.5525394045535,2603,3585,2647,3631,42.13514988828709,36.79100341851063,0.845925925925926,0.0,0.0,0.0,0.0,0.0,0.0,0.9352014010507881,0.0,0.0,0.0,0.0,0.0,0.0,0.0,0.0,0.0,0.0647985989492119
2697,Quartz,1.0,1067,36.85846706297507,2623.930646672915,1563.1761949390816,2607,1534,2638,1598,60.28098996494315,27.183669962961364,0.7384083044982699,0.0,0.0,0.0,0.0,0.0,0.0,1.0,0.0,0.0,0.0,0.0,0.0,0.0,0.0,0.0,0.0,0.0
2698,Quartz,1.0,2973,61.5251263021673,2604.1897073662967,4459.438614194416,2570,4423,2633,4499,67.69370905425014,61.57378737502658,0.8845581672121392,0.0,0.0,0.0,0.0,0.0,0.0,1.0,0.0,0.0,0.0,0.0,0.0,0.0,0.0,0.0,0.0,0.0
2699,Quartz,1.0,280,18.881394877652593,2628.8214285714284,2936.625,2620,2926,2639,2948,24.200743294477455,15.106038241105548,0.9302325581395349,0.0,0.0,0.0,0.0,0.0,0.0,1.0,0.0,0.0,0.0,0.0,0.0,0.0,0.0,0.0,0.0,0.0
2700,Quartz,1.0,1074,36.97917347704738,2623.122905027933,4581.464618249534,2609,4554,2642,4609,51.09824521225866,30.603975770271482,0.8557768924302789,0.0,0.0,0.0,0.0,0.0,0.0,1.0,0.0,0.0,0.0,0.0,0.0,0.0,0.0,0.0,0.0,0.0
2701,Quartz,1.0,14164,134.2913433979601,2636.2744987291726,1177.3326037842417,2560,1094,2713,1264,178.30182477732893,118.93625018519839,0.7631876717495555,0.0,0.0,0.0,0.0,0.0,0.0,1.0,0.0,0.0,0.0,0.0,0.0,0.0,0.0,0.0,0.0,0.0
2702,Quartz,1.0,526,25.879026267050612,2624.1007604562737,3283.7813688212927,2609,3270,2639,3305,34.35838144458778,24.361431224055025,0.7079407806191117,0.0,0.0,0.0,0.0,0.0,0.0,1.0,0.0,0.0,0.0,0.0,0.0,0.0,0.0,0.0,0.0,0.0
2703,Quartz,1.0,695,29.747293718772774,2631.0071942446043,1513.071942446043,2614,1494,2644,1532,35.281621953524464,26.701947800910197,0.9156785243741765,0.0,0.0,0.0,0.0,0.0,0.0,1.0,0.0,0.0,0.0,0.0,0.0,0.0,0.0,0.0,0.0,0.0
2704,Quartz,1.0,2721,58.859874288214186,2651.3840499816242,4473.208379272326,2628,4436,2684,4505,73.19711379893658,50.42990097236008,0.906697767410863,0.0,0.0,0.0,0.0,0.0,0.0,1.0,0.0,0.0,0.0,0.0,0.0,0.0,0.0,0.0,0.0,0.0
2705,Quartz,1.0,663,29.054394128245264,2632.4238310708897,823.8114630467571,2616,797,2647,847,40.91270667569179,26.635212925942092,0.7206521739130435,0.0,0.0,0.0,0.0,0.0,0.0,1.0,0.0,0.0,0.0,0.0,0.0,0.0,0.0,0.0,0.0,0.0
2706,Quartz,1.0,722,30.319613310508885,2632.4667590027702,2462.1994459833795,2617,2443,2658,2493,56.72402812093983,26.674643189567202,0.5846153846153846,0.0,0.0,0.0,0.0,0.0,0.0,1.0,0.0,0.0,0.0,0.0,0.0,0.0,0.0,0.0,0.0,0.0
2707,Quartz,1.0,565,26.821266613927218,2630.566371681416,2795.2938053097346,2610,2783,2648,2810,39.48849435738516,20.103627975844994,0.8652373660030628,0.0,0.0,0.0,0.0,0.0,0.0,1.0,0.0,0.0,0.0,0.0,0.0,0.0,0.0,0.0,0.0,0.0
2708,Quartz,1.0,554,26.558891313141824,2632.182310469314,2606.268953068592,2611,2594,2646,2624,33.040806055233034,26.42588051117672,0.7748251748251749,0.0,0.0,0.0,0.0,0.0,0.0,1.0,0.0,0.0,0.0,0.0,0.0,0.0,0.0,0.0,0.0,0.0
2709,Quartz,1.0,1954,49.8789541832275,2628.9953940634596,2362.4825997952917,2599,2338,2663,2387,69.57296357738653,36.96947219931841,0.905048633626679,0.0,0.0,0.0,0.0,0.0,0.0,1.0,0.0,0.0,0.0,0.0,0.0,0.0,0.0,0.0,0.0,0.0
2710,Quartz,1.0,432,23.452920571340155,2634.974537037037,3258.203703703704,2620,3245,2652,3272,34.88343437629871,18.046992307709225,0.7912087912087912,0.0,0.0,0.0,0.0,0.0,0.0,1.0,0.0,0.0,0.0,0.0,0.0,0.0,0.0,0.0,0.0,0.0
2711,Quartz,1.0,409,22.820056393372074,2638.239608801956,2820.3447432762837,2625,2807,2654,2837,37.85901373452415,15.771042131785467,0.7463503649635036,0.0,0.0,0.0,0.0,0.0,0.0,1.0,0.0,0.0,0.0,0.0,0.0,0.0,0.0,0.0,0.0,0.0
2712,Quartz,1.0,707,30.003005818213616,2636.069306930693,3728.8118811881186,2613,3712,2660,3742,43.19093885515711,24.173673439580508,0.8043230944254836,0.0,0.0,0.0,0.0,0.0,0.0,1.0,0.0,0.0,0.0,0.0,0.0,0.0,0.0,0.0,0.0,0.0
2713,Quartz,1.0,728,30.445334430207833,2639.1758241758243,298.6414835164835,2624,282,2658,317,35.08631174312605,27.849745925534936,0.8494749124854143,0.0,0.0,0.0,0.0,0.0,0.0,1.0,0.0,0.0,0.0,0.0,0.0,0.0,0.0,0.0,0.0,0.0
2714,Quartz,1.0,608,27.823185353208192,2640.159539473684,1734.9128289473683,2628,1720,2656,1751,34.51873826765363,23.90730978548837,0.8660968660968661,0.0,0.0,0.0,0.0,0.0,0.0,1.0,0.0,0.0,0.0,0.0,0.0,0.0,0.0,0.0,0.0,0.0
2715,Quartz,1.0,157,14.138550439257221,2638.6751592356686,1754.4522292993631,2629,1750,2650,1760,21.120202954860954,9.903132977233893,0.8971428571428571,0.0,0.0,0.0,0.0,0.0,0.0,1.0,0.0,0.0,0.0,0.0,0.0,0.0,0.0,0.0,0.0,0.0
2716,Quartz,1.0,146,13.63425735166143,2641.554794520548,1919.3698630136987,2636,1910,2648,1930,20.312138291922235,9.860781668621692,0.8439306358381503,0.0,0.0,0.0,0.0,0.0,0.0,1.0,0.0,0.0,0.0,0.0,0.0,0.0,0.0,0.0,0.0,0.0
2717,Quartz,1.0,709,30.045412914740087,2640.59802538787,4531.71509167842,2625,4516,2660,4551,37.44332172738957,25.644925748689282,0.87422934648582,0.0,0.0,0.0,0.0,0.0,0.0,1.0,0.0,0.0,0.0,0.0,0.0,0.0,0.0,0.0,0.0,0.0
2718,Quartz,1.0,1371,41.780514786583325,2645.4996353026986,740.5215171407732,2621,717,2671,768,57.31156755919048,34.41614310009835,0.8126852400711322,0.0,0.0,0.0,0.0,0.0,0.0,1.0,0.0,0.0,0.0,0.0,0.0,0.0,0.0,0.0,0.0,0.0
2719,Quartz,1.0,495,25.104851615652017,2636.70101010101,760.7535353535353,2621,751,2657,772,34.106830754804314,19.359299197472566,0.8792184724689165,0.0,0.0,0.0,0.0,0.0,0.0,1.0,0.0,0.0,0.0,0.0,0.0,0.0,0.0,0.0,0.0,0.0
2720,Quartz,1.0,2089,51.57322375954168,2635.557204404021,1413.0349449497367,2601,1392,2664,1442,65.46509338191385,42.243541116425014,0.9158263919333626,0.0,0.0,0.0,0.0,0.0,0.0,1.0,0.0,0.0,0.0,0.0,0.0,0.0,0.0,0.0,0.0,0.0
2721,Quartz,1.0,448,23.883285285767386,2644.0290178571427,1770.7745535714287,2631,1758,2655,1785,31.254047821485322,19.579525140342106,0.8871287128712871,0.0,0.0,0.0,0.0,0.0,0.0,1.0,0.0,0.0,0.0,0.0,0.0,0.0,0.0,0.0,0.0,0.0
2722,Quartz,1.0,632,28.367012395961314,2639.90664556962,2538.5506329113923,2618,2520,2663,2555,42.174164901171956,23.245957603419384,0.677384780278671,0.0,0.0,0.0,0.0,0.0,0.0,1.0,0.0,0.0,0.0,0.0,0.0,0.0,0.0,0.0,0.0,0.0
2723,Quartz,1.0,1732,46.960098929637084,2651.7569284064666,2310.543302540416,2621,2281,2685,2339,77.68677931254895,29.823833303536567,0.8642714570858283,0.0,0.0,0.0,0.0,0.0,0.0,1.0,0.0,0.0,0.0,0.0,0.0,0.0,0.0,0.0,0.0,0.0
2724,Quartz,1.0,282,18.948708441878455,2646.8333333333335,2640.2872340425533,2636,2627,2658,2653,26.556124529224814,15.61825012721462,0.8011363636363636,0.0,0.0,0.0,0.0,0.0,0.0,1.0,0.0,0.0,0.0,0.0,0.0,0.0,0.0,0.0,0.0,0.0
2725,Quartz,1.0,4269,73.72556962461809,2657.253923635512,3184.3253689388616,2615,3147,2707,3219,91.95541822137396,63.59820451117335,0.8866043613707165,0.0,0.0,0.0,0.0,0.0,0.0,1.0,0.0,0.0,0.0,0.0,0.0,0.0,0.0,0.0,0.0,0.0
2726,Quartz,1.0,436,23.56124872549269,2648.5940366972477,362.6238532110092,2635,350,2664,376,27.905594575001004,20.86503263163276,0.8352490421455939,0.0,0.0,0.0,0.0,0.0,0.0,1.0,0.0,0.0,0.0,0.0,0.0,0.0,0.0,0.0,0.0,0.0
2727,Quartz,1.0,1860,48.66441773213158,2649.1629032258065,1324.4559139784947,2631,1288,2672,1374,84.19706734086546,31.331427826372774,0.8382154123479044,0.0,0.0,0.0,0.0,0.0,0.0,1.0,0.0,0.0,0.0,0.0,0.0,0.0,0.0,0.0,0.0,0.0
2728,Quartz,1.0,626,28.2320377409108,2649.329073482428,455.4456869009585,2634,437,2669,473,43.334223133935296,19.35694076189516,0.8879432624113475,0.0,0.0,0.0,0.0,0.0,0.0,1.0,0.0,0.0,0.0,0.0,0.0,0.0,0.0,0.0,0.0,0.0
2729,Quartz,1.0,204,16.11647812414279,2653.774509803922,1815.264705882353,2646,1805,2668,1825,24.1890283257441,14.582268089816402,0.7259786476868327,0.0,0.0,0.0,0.0,0.0,0.0,1.0,0.0,0.0,0.0,0.0,0.0,0.0,0.0,0.0,0.0,0.0
2730,Quartz,1.0,4476,75.4918552046152,2661.352323503128,47.821045576407506,2618,11,2724,94,107.65491475765145,62.70528682271765,0.8346074958045869,0.0,0.0,0.0,0.0,0.0,0.0,1.0,0.0,0.0,0.0,0.0,0.0,0.0,0.0,0.0,0.0,0.0
2731,Quartz,1.0,184,15.306079714651624,2653.282608695652,2562.5434782608695,2645,2555,2662,2573,18.586191191925185,13.208435173673186,0.8679245283018868,0.0,0.0,0.0,0.0,0.0,0.0,1.0,0.0,0.0,0.0,0.0,0.0,0.0,0.0,0.0,0.0,0.0
2732,Quartz,1.0,356,21.290215544369623,2660.8342696629215,979.7528089887641,2649,969,2677,997,36.28652160533594,16.054170775041264,0.6966731898238747,0.0,0.0,0.0,0.0,0.0,0.0,1.0,0.0,0.0,0.0,0.0,0.0,0.0,0.0,0.0,0.0,0.0
2733,Quartz,1.0,880,33.47313548753602,2658.947727272727,880.425,2640,861,2681,897,45.76843592585427,25.432052240537622,0.9109730848861284,0.0,0.0,0.0,0.0,0.0,0.0,1.0,0.0,0.0,0.0,0.0,0.0,0.0,0.0,0.0,0.0,0.0
2734,Quartz,1.0,1385,41.99329433919421,2663.670036101083,628.4649819494584,2640,605,2688,651,56.08613023783839,34.702670367829576,0.8147058823529412,0.0,0.0,0.0,0.0,0.0,0.0,1.0,0.0,0.0,0.0,0.0,0.0,0.0,0.0,0.0,0.0,0.0
2735,Quartz,1.0,714,30.15116971098976,2657.6470588235293,567.3977591036414,2640,552,2677,583,35.542552003448144,27.114669862371255,0.8782287822878229,0.0,0.0,0.0,0.0,0.0,0.0,1.0,0.0,0.0,0.0,0.0,0.0,0.0,0.0,0.0,0.0,0.0
2736,Quartz,1.0,1075,36.99638510165959,2661.9683720930234,677.1693023255814,2640,661,2684,699,40.07972467574789,36.471978810199005,0.8690379951495554,0.0,0.0,0.0,0.0,0.0,0.0,1.0,0.0,0.0,0.0,0.0,0.0,0.0,0.0,0.0,0.0,0.0
2737,Quartz,1.0,189,15.512648837479231,2663.4285714285716,992.7195767195767,2654,984,2673,1002,20.758799748168315,12.241274730171456,0.863013698630137,0.0,0.0,0.0,0.0,0.0,0.0,1.0,0.0,0.0,0.0,0.0,0.0,0.0,0.0,0.0,0.0,0.0
2738,Orthoclase,1.0,1487,43.51215006203655,2661.1687962340284,214.10221923335575,2631,191,2692,237,58.53670564445512,37.58070224415315,0.8081521739130435,0.0,0.0,0.0,0.0,0.0,0.0,0.0,0.0,1.0,0.0,0.0,0.0,0.0,0.0,0.0,0.0,0.0
2739,Quartz,1.0,737,30.632948674096244,2668.113975576662,3548.1383989145183,2649,3529,2688,3566,43.13087216045503,24.238312169994217,0.841324200913242,0.0,0.0,0.0,0.0,0.0,0.0,1.0,0.0,0.0,0.0,0.0,0.0,0.0,0.0,0.0,0.0,0.0
2740,Quartz,1.0,843,32.7618823667344,2666.2419928825625,137.18386714116252,2644,118,2690,166,59.854256306906805,20.37022896749544,0.8297244094488189,0.0,0.0,0.0,0.0,0.0,0.0,1.0,0.0,0.0,0.0,0.0,0.0,0.0,0.0,0.0,0.0,0.0
2741,Quartz,1.0,367,21.616635097022034,2663.531335149864,501.7983651226158,2647,490,2679,516,36.966805315406425,14.991877500127858,0.8284424379232506,0.0,0.0,0.0,0.0,0.0,0.0,1.0,0.0,0.0,0.0,0.0,0.0,0.0,0.0,0.0,0.0,0.0
2742,Quartz,1.0,206,16.195287778099022,2666.5145631067962,782.8883495145631,2659,773,2677,793,19.56042998812098,15.110670504915822,0.865546218487395,0.0,0.0,0.0,0.0,0.0,0.0,1.0,0.0,0.0,0.0,0.0,0.0,0.0,0.0,0.0,0.0,0.0
2743,Quartz,1.0,296,19.413369239820483,2668.016891891892,1707.787162162162,2656,1699,2681,1718,23.892643583376596,17.97539765348186,0.8043478260869565,0.0,0.0,0.0,0.0,0.0,0.0,1.0,0.0,0.0,0.0,0.0,0.0,0.0,0.0,0.0,0.0,0.0
2744,Quartz,1.0,1405,42.295408265589586,2657.611387900356,1487.7138790035588,2643,1460,2678,1517,59.50437502161591,31.789140649199325,0.8705080545229245,0.0,0.0,0.0,0.0,0.0,0.0,1.0,0.0,0.0,0.0,0.0,0.0,0.0,0.0,0.0,0.0,0.0
2745,Quartz,1.0,2780,59.49458743754555,2663.143884892086,3278.9809352517987,2634,3227,2689,3324,104.86438631014994,36.601033493369435,0.7967899111493264,0.0,0.0,0.0,0.0,0.0,0.0,1.0,0.0,0.0,0.0,0.0,0.0,0.0,0.0,0.0,0.0,0.0
2746,Quartz,1.0,7764,99.42550892665224,2674.4073930963423,3471.4914992272024,2622,3408,2721,3534,120.84633350528931,89.47477725050244,0.9030006978367062,0.0,0.0,0.0,0.0,0.0,0.0,1.0,0.0,0.0,0.0,0.0,0.0,0.0,0.0,0.0,0.0,0.0
2747,Quartz,1.0,173,14.841510746523857,2666.6878612716764,3603.2369942196533,2656,3596,2677,3611,22.83892734569419,10.571849339317247,0.8277511961722488,0.0,0.0,0.0,0.0,0.0,0.0,1.0,0.0,0.0,0.0,0.0,0.0,0.0,0.0,0.0,0.0,0.0
2748,Quartz,1.0,108,11.726460285670077,2669.8611111111113,596.5925925925926,2659,591,2680,603,20.600049385584665,7.60649826080191,0.7605633802816901,0.0,0.0,0.0,0.0,0.0,0.0,1.0,0.0,0.0,0.0,0.0,0.0,0.0,0.0,0.0,0.0,0.0
2749,Quartz,1.0,1254,39.958007821935944,2669.5837320574165,4106.232057416268,2646,4084,2697,4129,45.629932424933585,38.86792230068477,0.8169381107491857,0.0,0.0,0.0,0.0,0.0,0.0,1.0,0.0,0.0,0.0,0.0,0.0,0.0,0.0,0.0,0.0,0.0
2750,Quartz,1.0,1581,44.866376276965944,2686.164452877925,1492.9905123339659,2670,1464,2709,1524,62.55914647185187,34.06952370829697,0.9070567986230637,0.0,0.0,0.0,0.0,0.0,0.0,1.0,0.0,0.0,0.0,0.0,0.0,0.0,0.0,0.0,0.0,0.0
2751,Quartz,1.0,782,31.554291688816235,2682.400255754476,98.40409207161126,2652,87,2706,119,59.89558924334335,22.233295980321888,0.7057761732851986,0.0,0.0,0.0,0.0,0.0,0.0,1.0,0.0,0.0,0.0,0.0,0.0,0.0,0.0,0.0,0.0,0.0
2753,Quartz,1.0,460,24.201036973199617,2676.5760869565215,2562.0782608695654,2665,2547,2691,2578,31.40451995722344,21.35823490108682,0.7944732297063903,0.0,0.0,0.0,0.0,0.0,0.0,1.0,0.0,0.0,0.0,0.0,0.0,0.0,0.0,0.0,0.0,0.0
2754,Quartz,1.0,2388,55.14069307532839,2674.9455611390285,3624.0167504187607,2630,3593,2708,3655,73.42321355200801,48.73586113066336,0.7847518895826487,0.0,0.0,0.0,0.0,0.0,0.0,1.0,0.0,0.0,0.0,0.0,0.0,0.0,0.0,0.0,0.0,0.0
2755,Quartz,1.0,1246,39.830346128799995,2686.4903691813806,1413.892455858748,2666,1390,2713,1433,51.96491777326848,32.88522940451496,0.8688981868898187,0.0,0.0,0.0,0.0,0.0,0.0,1.0,0.0,0.0,0.0,0.0,0.0,0.0,0.0,0.0,0.0,0.0
2756,Quartz,1.0,1619,45.402365829615405,2674.0667078443485,4065.539839407041,2644,4047,2705,4084,61.14401013046272,34.757417925924244,0.8741900647948164,0.0,0.0,0.0,0.0,0.0,0.0,1.0,0.0,0.0,0.0,0.0,0.0,0.0,0.0,0.0,0.0,0.0
2757,Quartz,1.0,1320,40.99605101775554,2681.9772727272725,718.5772727272728,2661,692,2704,743,47.42429001960172,36.49918478872354,0.8955223880597015,0.0,0.0,0.0,0.0,0.0,0.0,1.0,0.0,0.0,0.0,0.0,0.0,0.0,0.0,0.0,0.0,0.0
2758,Quartz,1.0,2102,51.733446850498105,2681.383444338725,1774.2031398667934,2656,1744,2706,1808,60.657647319524045,46.244012009146,0.8865457612821595,0.0,0.0,0.0,0.0,0.0,0.0,1.0,0.0,0.0,0.0,0.0,0.0,0.0,0.0,0.0,0.0,0.0
2759,Quartz,1.0,417,23.04215463350949,2682.3309352517986,4287.764988009592,2666,4276,2701,4298,38.328712609411895,15.998964180357573,0.7958015267175572,0.0,0.0,0.0,0.0,0.0,0.0,1.0,0.0,0.0,0.0,0.0,0.0,0.0,0.0,0.0,0.0,0.0
2760,Quartz,1.0,2853,60.270659703784716,2682.490010515247,324.70276901507185,2641,274,2717,369,92.27158426722495,52.646269389786625,0.7498028909329829,0.0,0.0,0.0,0.0,0.0,0.0,1.0,0.0,0.0,0.0,0.0,0.0,0.0,0.0,0.0,0.0,0.0
2761,Quartz,1.0,6494,90.9308396723034,2679.7323683400064,2074.8015090853096,2625,2035,2734,2120,112.90367797666453,76.40360571102028,0.9265230418033956,0.0,0.0,0.0,0.0,0.0,0.0,1.0,0.0,0.0,0.0,0.0,0.0,0.0,0.0,0.0,0.0,0.0
2762,Orthoclase,1.0,1722,46.8243365786847,2673.943670150987,3808.281649245064,2648,3780,2701,3848,61.56150795577938,46.68431437383084,0.7670378619153675,0.0,0.0,0.0,0.0,0.0,0.0,0.0,0.0,1.0,0.0,0.0,0.0,0.0,0.0,0.0,0.0,0.0
2763,Quartz,1.0,327,20.404639941160397,2681.302752293578,4352.767584097859,2671,4343,2694,4365,23.196972116872836,18.922607637630374,0.9289772727272727,0.0,0.0,0.0,0.0,0.0,0.0,1.0,0.0,0.0,0.0,0.0,0.0,0.0,0.0,0.0,0.0,0.0
2764,Quartz,1.0,557,26.63070457981699,2683.2639138240575,1453.120287253142,2662,1445,2706,1465,41.802126149254725,17.70061413835045,0.9146141215106732,0.0,0.0,0.0,0.0,0.0,0.0,1.0,0.0,0.0,0.0,0.0,0.0,0.0,0.0,0.0,0.0,0.0
2765,Quartz,1.0,724,30.361578193306386,2674.984806629834,3710.527624309392,2659,3693,2689,3729,35.22471096472083,28.532417738788332,0.8775757575757576,0.0,0.0,0.0,0.0,0.0,0.0,1.0,0.0,0.0,0.0,0.0,0.0,0.0,0.0,0.0,0.0,0.0
2766,Quartz,1.0,4062,71.91591639348157,2691.6459871984243,411.7902511078287,2646,368,2732,453,86.04661798440111,65.91003006654972,0.8320360507988529,0.0,0.0,0.0,0.0,0.0,0.0,1.0,0.0,0.0,0.0,0.0,0.0,0.0,0.0,0.0,0.0,0.0
2767,Quartz,1.0,498,25.180812005932435,2687.4076305220883,555.4056224899598,2670,542,2704,566,33.11967622253789,20.690800467258832,0.8397976391231029,0.0,0.0,0.0,0.0,0.0,0.0,1.0,0.0,0.0,0.0,0.0,0.0,0.0,0.0,0.0,0.0,0.0
2768,Quartz,1.0,129,12.815923738491737,2686.68992248062,1717.5736434108528,2680,1711,2694,1725,15.178622741233522,11.101355003467301,0.9148936170212766,0.0,0.0,0.0,0.0,0.0,0.0,1.0,0.0,0.0,0.0,0.0,0.0,0.0,0.0,0.0,0.0,0.0
2769,Quartz,1.0,704,29.93928254807644,2691.197443181818,151.078125,2677,129,2704,172,43.14504301398474,21.845787043849157,0.9025641025641026,0.0,0.0,0.0,0.0,0.0,0.0,1.0,0.0,0.0,0.0,0.0,0.0,0.0,0.0,0.0,0.0,0.0
2770,Quartz,1.0,1163,38.48087304787918,2675.824591573517,2681.829750644884,2659,2657,2692,2708,51.867977766531766,30.245601133835436,0.9029503105590062,0.0,0.0,0.0,0.0,0.0,0.0,1.0,0.0,0.0,0.0,0.0,0.0,0.0,0.0,0.0,0.0,0.0
2771,Quartz,1.0,515,25.60699837034026,2695.965048543689,3706.568932038835,2684,3692,2711,3726,33.086508723829695,22.269989163158836,0.8306451612903226,0.0,0.0,0.0,0.0,0.0,0.0,1.0,0.0,0.0,0.0,0.0,0.0,0.0,0.0,0.0,0.0,0.0
2772,Quartz,1.0,1352,41.489997161749,2701.996301775148,1305.5747041420118,2677,1283,2734,1329,60.04137571441642,32.97223899312998,0.7629796839729119,0.0,0.0,0.0,0.0,0.0,0.0,1.0,0.0,0.0,0.0,0.0,0.0,0.0,0.0,0.0,0.0,0.0
2773,Quartz,1.0,4379,74.66937770194203,2687.512445763873,1632.3290705640557,2652,1586,2724,1691,101.50915979316514,58.4733198907965,0.8714427860696518,0.0,0.0,0.0,0.0,0.0,0.0,1.0,0.0,0.0,0.0,0.0,0.0,0.0,0.0,0.0,0.0,0.0
2774,Quartz,1.0,3558,67.30665866144084,2691.231309724564,4424.200674536256,2657,4387,2725,4462,70.63698701575683,66.14330679909881,0.9046529366895499,0.0,0.0,0.0,0.0,0.0,0.0,1.0,0.0,0.0,0.0,0.0,0.0,0.0,0.0,0.0,0.0,0.0
2775,Quartz,1.0,100,11.283791670955125,2662.53,4399.46,2654,4395,2676,4405,22.83165304162997,7.458928836410003,0.6802721088435374,0.0,0.0,0.0,0.0,0.0,0.0,1.0,0.0,0.0,0.0,0.0,0.0,0.0,0.0,0.0,0.0,0.0
2776,Quartz,1.0,1293,40.57460697705605,2701.872389791183,2697.149265274555,2683,2669,2721,2725,55.58451239366418,31.799986630394024,0.8347320852162685,0.0,0.0,0.0,0.0,0.0,0.0,1.0,0.0,0.0,0.0,0.0,0.0,0.0,0.0,0.0,0.0,0.0
2777,Quartz,1.0,2080,51.46200786064549,2694.728846153846,1370.9365384615385,2662,1339,2725,1407,80.8179765478824,34.15280132439452,0.8836023789294817,0.0,0.0,0.0,0.0,0.0,0.0,1.0,0.0,0.0,0.0,0.0,0.0,0.0,0.0,0.0,0.0,0.0
2778,Quartz,1.0,1048,36.52882482208332,2693.108778625954,4572.874045801526,2672,4553,2715,4592,48.136310427261,29.120606352985178,0.8784576697401508,0.0,0.0,0.0,0.0,0.0,0.0,1.0,0.0,0.0,0.0,0.0,0.0,0.0,0.0,0.0,0.0,0.0
2779,Quartz,1.0,316,20.0585068271871,2697.6012658227846,68.7626582278481,2687,55,2706,82,25.001481089485353,17.688938460995637,0.8951841359773371,0.0,0.0,0.0,0.0,0.0,0.0,1.0,0.0,0.0,0.0,0.0,0.0,0.0,0.0,0.0,0.0,0.0
2781,Quartz,1.0,8296,102.77546041309137,2715.223842815815,3078.5144648023143,2656,3015,2770,3146,138.49296814349088,81.66569769518772,0.8813343248698609,0.0,0.0,0.0,0.0,0.0,0.0,1.0,0.0,0.0,0.0,0.0,0.0,0.0,0.0,0.0,0.0,0.0
2783,Quartz,1.0,243,17.58969042850512,2704.01646090535,856.2510288065844,2693,847,2717,865,23.52683824417261,15.732655584028716,0.7738853503184714,0.0,0.0,0.0,0.0,0.0,0.0,1.0,0.0,0.0,0.0,0.0,0.0,0.0,0.0,0.0,0.0,0.0
2784,Quartz,1.0,897,33.79490896018868,2700.7658862876256,2393.581939799331,2685,2370,2722,2412,37.042931518186386,34.43088265197122,0.8559160305343512,0.0,0.0,0.0,0.0,0.0,0.0,1.0,0.0,0.0,0.0,0.0,0.0,0.0,0.0,0.0,0.0,0.0
2785,Quartz,1.0,1466,43.203809699860365,2705.556616643929,4534.988403819918,2680,4515,2737,4558,52.1244939214846,37.29238203082121,0.8664302600472813,0.0,0.0,0.0,0.0,0.0,0.0,1.0,0.0,0.0,0.0,0.0,0.0,0.0,0.0,0.0,0.0,0.0
2786,Quartz,1.0,2663,58.22917574231786,2710.1573413443484,1959.3387157341344,2675,1927,2760,1990,77.80052964690131,52.07985308202761,0.7350262213635109,0.0,0.0,0.0,0.0,0.0,0.0,1.0,0.0,0.0,0.0,0.0,0.0,0.0,0.0,0.0,0.0,0.0
2788,Quartz,1.0,669,29.185565874723483,2705.8729446935727,3857.7264573991033,2684,3843,2723,3872,35.13402055324939,25.510895508996214,0.8837516512549538,0.0,0.0,0.0,0.0,0.0,0.0,1.0,0.0,0.0,0.0,0.0,0.0,0.0,0.0,0.0,0.0,0.0
2789,Quartz,1.0,6357,89.96657037967731,2704.2347019034137,3976.7242409941796,2649,3931,2751,4031,110.02873022877046,77.89268833497648,0.8415409054805401,0.0,0.0,0.0,0.0,0.0,0.0,1.0,0.0,0.0,0.0,0.0,0.0,0.0,0.0,0.0,0.0,0.0
2790,Orthoclase,1.0,100,11.283791670955125,2662.89,3987.41,2654,3980,2672,3996,19.437678654038795,8.713980063227394,0.6756756756756757,0.0,0.0,0.0,0.0,0.0,0.0,0.0,0.0,1.0,0.0,0.0,0.0,0.0,0.0,0.0,0.0,0.0
2791,Quartz,1.0,2960,61.39046385568431,2711.8050675675677,1045.9753378378377,2684,1000,2742,1091,88.35841893262251,46.61561258809234,0.8559861191440139,0.0,0.0,0.0,0.0,0.0,0.0,1.0,0.0,0.0,0.0,0.0,0.0,0.0,0.0,0.0,0.0,0.0
2792,Quartz,1.0,584,27.26851470332286,2709.3818493150684,592.0616438356165,2696,576,2731,608,36.118286821447924,24.93402799949736,0.7807486631016043,0.0,0.0,0.0,0.0,0.0,0.0,1.0,0.0,0.0,0.0,0.0,0.0,0.0,0.0,0.0,0.0,0.0
2794,Quartz,1.0,2822,59.942322237652995,2709.6541459957475,238.47306874557052,2667,209,2755,266,80.18745953753296,49.34884823833535,0.8001134108307343,0.0,0.0,0.0,0.0,0.0,0.0,1.0,0.0,0.0,0.0,0.0,0.0,0.0,0.0,0.0,0.0,0.0
2795,Quartz,1.0,717,30.2144461073691,2716.2608089260807,3316.8926080892606,2697,3300,2738,3336,48.2233634935192,20.301665837305034,0.8289017341040462,0.0,0.0,0.0,0.0,0.0,0.0,1.0,0.0,0.0,0.0,0.0,0.0,0.0,0.0,0.0,0.0,0.0
2796,Orthoclase,1.0,1254,39.958007821935944,2716.602870813397,808.9545454545455,2696,779,2736,834,53.882698482719746,30.82180280871898,0.8899929027679205,0.0,0.0,0.0,0.0,0.0,0.0,0.0,0.0,1.0,0.0,0.0,0.0,0.0,0.0,0.0,0.0,0.0
2797,Quartz,1.0,2707,58.70825706489749,2712.794237162911,1846.1281861839675,2678,1810,2748,1879,70.09939725761392,53.83893612828593,0.7957084068195179,0.0,0.0,0.0,0.0,0.0,0.0,1.0,0.0,0.0,0.0,0.0,0.0,0.0,0.0,0.0,0.0,0.0
2798,Quartz,1.0,13590,131.5421050954821,2717.0139072847683,2194.4177336276675,2642,2140,2799,2264,151.98623199050732,118.53135512590853,0.9043119510247538,0.0,0.0,0.0,0.0,0.0,0.0,1.0,0.0,0.0,0.0,0.0,0.0,0.0,0.0,0.0,0.0,0.0
2799,Quartz,1.0,5778,85.77166250854516,2715.8248528902736,947.1469366562825,2676,889,2756,999,117.64389422042771,63.940825886422445,0.9311845286059629,0.0,0.0,0.0,0.0,0.0,0.0,1.0,0.0,0.0,0.0,0.0,0.0,0.0,0.0,0.0,0.0,0.0
2800,Quartz,1.0,312,19.931149940667517,2717.605769230769,59.47435897435897,2709,47,2730,73,24.038940075078138,18.324464533376712,0.8838526912181303,0.0,0.0,0.0,0.0,0.0,0.0,1.0,0.0,0.0,0.0,0.0,0.0,0.0,0.0,0.0,0.0,0.0
2801,Quartz,1.0,1923,49.48171020211122,2716.854394175767,2956.9329173166925,2696,2917,2742,2991,74.25756728665296,40.85567468217674,0.7676646706586826,0.0,0.0,0.0,0.0,0.0,0.0,1.0,0.0,0.0,0.0,0.0,0.0,0.0,0.0,0.0,0.0,0.0
2802,Quartz,1.0,1647,45.79329132284349,2740.789313904068,2789.684881602914,2709,2772,2773,2816,66.43178827646075,35.57222367150389,0.7765205091937766,0.0,0.0,0.0,0.0,0.0,0.0,1.0,0.0,0.0,0.0,0.0,0.0,0.0,0.0,0.0,0.0,0.0
2803,Quartz,1.0,385,22.140398025397776,2722.1766233766234,110.45454545454545,2713,101,2737,126,26.410014431131774,20.265375405551893,0.8974358974358975,0.0,0.0,0.0,0.0,0.0,0.0,1.0,0.0,0.0,0.0,0.0,0.0,0.0,0.0,0.0,0.0,0.0
2804,Quartz,1.0,302,19.60913925979463,2725.3973509933776,94.01986754966887,2714,87,2738,102,24.807085997368542,16.28989662421451,0.9179331306990881,0.0,0.0,0.0,0.0,0.0,0.0,1.0,0.0,0.0,0.0,0.0,0.0,0.0,0.0,0.0,0.0,0.0
2805,Quartz,1.0,755,31.004771508189638,2727.5337748344373,2754.626490066225,2707,2739,2749,2770,40.41881852077132,26.12785351524124,0.8398220244716351,0.0,0.0,0.0,0.0,0.0,0.0,1.0,0.0,0.0,0.0,0.0,0.0,0.0,0.0,0.0,0.0,0.0
2806,Quartz,1.0,3754,69.13567278139269,2725.3806606286626,640.0250399573788,2695,591,2761,697,104.04824304019678,51.02632451464763,0.7744996905302248,0.0,0.0,0.0,0.0,0.0,0.0,1.0,0.0,0.0,0.0,0.0,0.0,0.0,0.0,0.0,0.0,0.0
2807,Quartz,1.0,525,25.854414729132053,2727.7371428571428,2519.7542857142857,2715,2508,2744,2533,30.338599148015394,23.48099101722509,0.8735440931780366,0.0,0.0,0.0,0.0,0.0,0.0,1.0,0.0,0.0,0.0,0.0,0.0,0.0,0.0,0.0,0.0,0.0
2808,Quartz,1.0,216,16.583719174624104,2729.1296296296296,4594.75,2721,4584,2739,4605,24.0572960716868,12.182860448581051,0.907563025210084,0.0,0.0,0.0,0.0,0.0,0.0,1.0,0.0,0.0,0.0,0.0,0.0,0.0,0.0,0.0,0.0,0.0
2809,Quartz,1.0,1747,47.16300970731543,2726.9816828849457,1346.0429307384088,2700,1322,2755,1372,51.38712467167062,45.38323106891637,0.9108446298227321,0.0,0.0,0.0,0.0,0.0,0.0,1.0,0.0,0.0,0.0,0.0,0.0,0.0,0.0,0.0,0.0,0.0
2810,Quartz,1.0,809,32.09440436728413,2729.521631644005,3216.540173053152,2709,3196,2749,3240,41.03368368165251,32.02765776322762,0.8171717171717172,0.0,0.0,0.0,0.0,0.0,0.0,1.0,0.0,0.0,0.0,0.0,0.0,0.0,0.0,0.0,0.0,0.0
2811,Quartz,1.0,172,14.798554040663838,2731.220930232558,3528.8546511627906,2722,3519,2739,3536,21.36997506589296,11.944467285233047,0.8229665071770335,0.0,0.0,0.0,0.0,0.0,0.0,1.0,0.0,0.0,0.0,0.0,0.0,0.0,0.0,0.0,0.0,0.0
2812,Quartz,1.0,2206,52.997796517268235,2727.763825929284,3665.1210335448777,2694,3634,2757,3692,63.472852607828116,47.05980232918831,0.9119470855725507,0.0,0.0,0.0,0.0,0.0,0.0,1.0,0.0,0.0,0.0,0.0,0.0,0.0,0.0,0.0,0.0,0.0
2813,Quartz,1.0,653,28.834448541840736,2730.9617151607963,716.6998468606432,2712,700,2749,732,38.017875224822845,25.8465280061697,0.7867469879518072,0.0,0.0,0.0,0.0,0.0,0.0,1.0,0.0,0.0,0.0,0.0,0.0,0.0,0.0,0.0,0.0,0.0
2814,Quartz,1.0,1513,43.89090374080148,2728.7977528089887,1774.981493721084,2711,1738,2748,1811,75.48343703891953,32.68341265976969,0.7291566265060241,0.0,0.0,0.0,0.0,0.0,0.0,1.0,0.0,0.0,0.0,0.0,0.0,0.0,0.0,0.0,0.0,0.0
2815,Quartz,1.0,114,12.047792665040703,2732.0701754385964,3540.8245614035086,2726,3535,2737,3549,15.540738740885473,9.891613177627228,0.926829268292683,0.0,0.0,0.0,0.0,0.0,0.0,1.0,0.0,0.0,0.0,0.0,0.0,0.0,0.0,0.0,0.0,0.0
2816,Quartz,1.0,971,35.16127981086358,2730.333676622039,3714.2708547888774,2708,3693,2757,3733,45.4803661924933,32.27067874225215,0.8277919863597613,0.0,0.0,0.0,0.0,0.0,0.0,1.0,0.0,0.0,0.0,0.0,0.0,0.0,0.0,0.0,0.0,0.0
2817,Quartz,1.0,850,32.897623212397704,2727.5223529411765,756.2517647058824,2703,742,2749,774,51.218465770585325,22.254876844101666,0.9013785790031813,0.0,0.0,0.0,0.0,0.0,0.0,1.0,0.0,0.0,0.0,0.0,0.0,0.0,0.0,0.0,0.0,0.0
2819,Quartz,1.0,305,19.706294962377495,2730.5311475409835,841.4393442622951,2721,831,2742,853,23.619119951408887,18.137286036545902,0.8764367816091954,0.0,0.0,0.0,0.0,0.0,0.0,1.0,0.0,0.0,0.0,0.0,0.0,0.0,0.0,0.0,0.0,0.0
2820,Quartz,1.0,406,22.736210219877808,2731.0098522167486,340.89162561576353,2712,332,2747,351,35.55747233165423,16.89459757219934,0.8235294117647058,0.0,0.0,0.0,0.0,0.0,0.0,1.0,0.0,0.0,0.0,0.0,0.0,0.0,0.0,0.0,0.0,0.0
2821,Unknown,1.0,176,14.96964127403822,2736.494318181818,478.9886363636364,2730,471,2745,488,16.796179475034375,14.227832826655655,0.88,0.0,0.0,0.0,0.0,0.0,0.0,0.0,0.0,0.0,0.0,0.0,0.0,0.0,0.0,0.0,0.0,1.0
2822,Quartz,1.0,647,28.701672171559103,2736.9119010819163,1146.7248840803709,2725,1130,2750,1167,38.60264758906802,23.07248695331697,0.8359173126614987,0.0,0.0,0.0,0.0,0.0,0.0,1.0,0.0,0.0,0.0,0.0,0.0,0.0,0.0,0.0,0.0,0.0
2823,Quartz,1.0,485,24.849973424463737,2734.719587628866,4379.680412371134,2722,4365,2748,4396,33.893687034902634,19.486922141867787,0.8319039451114922,0.0,0.0,0.0,0.0,0.0,0.0,1.0,0.0,0.0,0.0,0.0,0.0,0.0,0.0,0.0,0.0,0.0
2824,Quartz,1.0,640,28.54598585844434,2730.7921875,572.6765625,2715,554,2752,585,41.62117159963708,22.424613910802663,0.8311688311688312,0.0,0.0,0.0,0.0,0.0,0.0,1.0,0.0,0.0,0.0,0.0,0.0,0.0,0.0,0.0,0.0,0.0
2825,Quartz,1.0,2437,55.70354360828036,2731.845301600328,4491.017234304472,2696,4457,2769,4521,63.74625754445295,53.469965866204326,0.8058862433862434,0.0,0.0,0.0,0.0,0.0,0.0,1.0,0.0,0.0,0.0,0.0,0.0,0.0,0.0,0.0,0.0,0.0
2826,Quartz,1.0,417,23.04215463350949,2736.1846522781775,3291.5251798561153,2717,3281,2750,3306,31.833026109620942,19.539595861836517,0.8192534381139489,0.0,0.0,0.0,0.0,0.0,0.0,1.0,0.0,0.0,0.0,0.0,0.0,0.0,0.0,0.0,0.0,0.0
2828,Quartz,1.0,3782,69.39302528488281,2755.5729772607087,1475.5449497620307,2713,1436,2802,1511,89.73958265350734,58.78717068936756,0.8143841515934539,0.0,0.0,0.0,0.0,0.0,0.0,1.0,0.0,0.0,0.0,0.0,0.0,0.0,0.0,0.0,0.0,0.0
2829,Quartz,1.0,2007,50.550882942669475,2746.2740408570003,4559.411061285501,2724,4530,2774,4593,62.280949618621506,42.29316529348252,0.9291666666666667,0.0,0.0,0.0,0.0,0.0,0.0,1.0,0.0,0.0,0.0,0.0,0.0,0.0,0.0,0.0,0.0,0.0
2830,Quartz,1.0,3101,62.835625470140265,2745.419542083199,1534.8793937439536,2697,1505,2784,1570,84.8432446890492,51.564959526186385,0.8900688863375431,0.0,0.0,0.0,0.0,0.0,0.0,1.0,0.0,0.0,0.0,0.0,0.0,0.0,0.0,0.0,0.0,0.0
2831,Quartz,1.0,291,19.248706645328987,2743.147766323024,373.07216494845363,2733,358,2754,387,30.100736594864312,14.615845491323755,0.7538860103626943,0.0,0.0,0.0,0.0,0.0,0.0,1.0,0.0,0.0,0.0,0.0,0.0,0.0,0.0,0.0,0.0,0.0
2832,Quartz,1.0,892,33.70058862844632,2755.2724215246635,1314.152466367713,2735,1294,2778,1335,51.807680149154166,23.95401971289886,0.8266913809082483,0.0,0.0,0.0,0.0,0.0,0.0,1.0,0.0,0.0,0.0,0.0,0.0,0.0,0.0,0.0,0.0,0.0
2833,Quartz,1.0,1708,46.63360529068772,2749.103044496487,4142.427985948478,2730,4108,2769,4175,65.96006642482777,33.86618386394614,0.8989473684210526,0.0,0.0,0.0,0.0,0.0,0.0,1.0,0.0,0.0,0.0,0.0,0.0,0.0,0.0,0.0,0.0,0.0
2834,Quartz,1.0,391,22.312253628700276,2748.9616368286447,1637.002557544757,2737,1628,2763,1652,24.09773102695353,23.443287470611565,0.8826185101580135,0.0,0.0,0.0,0.0,0.0,0.0,1.0,0.0,0.0,0.0,0.0,0.0,0.0,0.0,0.0,0.0,0.0
2835,Quartz,1.0,935,34.503318308930474,2764.163636363636,4380.911229946524,2743,4363,2782,4401,40.50304716977826,34.64448927119539,0.8385650224215246,0.0,0.0,0.0,0.0,0.0,0.0,1.0,0.0,0.0,0.0,0.0,0.0,0.0,0.0,0.0,0.0,0.0
2836,Quartz,1.0,2181,52.69663601281765,2749.3227877120585,2667.6675836772124,2729,2626,2773,2698,69.70471522006082,42.2982802256823,0.8826386078510724,0.0,0.0,0.0,0.0,0.0,0.0,1.0,0.0,0.0,0.0,0.0,0.0,0.0,0.0,0.0,0.0,0.0
2838,Quartz,1.0,248,17.769732893161912,2754.3467741935483,1180.3024193548388,2741,1172,2767,1192,28.403742556793162,12.073754002732937,0.8464163822525598,0.0,0.0,0.0,0.0,0.0,0.0,1.0,0.0,0.0,0.0,0.0,0.0,0.0,0.0,0.0,0.0,0.0
2839,Quartz,1.0,5249,81.75105118782797,2750.7870070489616,167.8384454181749,2707,124,2797,217,96.87681291521093,70.9149194175751,0.8751250416805602,0.0,0.0,0.0,0.0,0.0,0.0,1.0,0.0,0.0,0.0,0.0,0.0,0.0,0.0,0.0,0.0,0.0
2840,Quartz,1.0,265,18.36868202552426,2755.735849056604,682.4452830188679,2746,670,2767,693,23.311389693826417,17.607129869882726,0.803030303030303,0.0,0.0,0.0,0.0,0.0,0.0,1.0,0.0,0.0,0.0,0.0,0.0,0.0,0.0,0.0,0.0,0.0
2841,Quartz,1.0,101,11.340070282773887,2756.2475247524753,1885.3465346534654,2751,1878,2761,1893,13.947227738821665,10.207689477616208,0.8782608695652174,0.0,0.0,0.0,0.0,0.0,0.0,1.0,0.0,0.0,0.0,0.0,0.0,0.0,0.0,0.0,0.0,0.0
2842,Quartz,1.0,991,35.52154823248202,2758.4460141271443,3338.1715438950555,2738,3317,2786,3360,38.556476003250765,36.46660227133974,0.7821625887924231,0.0,0.0,0.0,0.0,0.0,0.0,1.0,0.0,0.0,0.0,0.0,0.0,0.0,0.0,0.0,0.0,0.0
2843,Quartz,1.0,1447,42.92292652221864,2760.693849343469,306.21630960608155,2734,282,2782,331,49.55921253484275,38.39916501107476,0.9228316326530612,0.0,0.0,0.0,0.0,0.0,0.0,1.0,0.0,0.0,0.0,0.0,0.0,0.0,0.0,0.0,0.0,0.0
2844,Quartz,1.0,545,26.34227689249097,2756.3174311926605,36.35412844036697,2742,16,2770,57,42.88585143706964,18.77192143303346,0.7276368491321762,0.0,0.0,0.0,0.0,0.0,0.0,1.0,0.0,0.0,0.0,0.0,0.0,0.0,0.0,0.0,0.0,0.0
2845,Quartz,1.0,877,33.416030295843605,2758.550741163056,1612.1413911060433,2736,1593,2779,1630,40.00986645402287,30.188821142102555,0.8598039215686275,0.0,0.0,0.0,0.0,0.0,0.0,1.0,0.0,0.0,0.0,0.0,0.0,0.0,0.0,0.0,0.0,0.0
2846,Quartz,1.0,902,33.88896677904354,2762.09977827051,4462.888026607538,2742,4446,2784,4481,41.786111382729594,29.47869346008226,0.8656429942418427,0.0,0.0,0.0,0.0,0.0,0.0,1.0,0.0,0.0,0.0,0.0,0.0,0.0,0.0,0.0,0.0,0.0
2847,Quartz,1.0,184,15.306079714651624,2762.086956521739,60.505434782608695,2754,54,2770,70,17.919276939924966,13.60929244973483,0.92,0.0,0.0,0.0,0.0,0.0,0.0,1.0,0.0,0.0,0.0,0.0,0.0,0.0,0.0,0.0,0.0,0.0
2848,Orthoclase,0.9643539147040102,3142,63.249653355238884,2763.0576066199874,4291.449077021006,2709,4252,2807,4320,107.38358387278038,43.441735426794395,0.762621359223301,0.0,0.0,0.0,0.0,0.0,0.0,0.0,0.0,0.9643539147040102,0.0,0.0,0.0,0.0,0.0,0.0,0.0,0.03564608529598982
2849,Quartz,1.0,511,25.507359866510456,2763.4168297455967,2900.412915851272,2748,2888,2783,2917,39.517818813549695,18.42030490627198,0.8502495840266223,0.0,0.0,0.0,0.0,0.0,0.0,1.0,0.0,0.0,0.0,0.0,0.0,0.0,0.0,0.0,0.0,0.0
2850,Quartz,1.0,1033,36.266464532835606,2758.6040658276866,3219.9351403678606,2741,3195,2786,3241,52.24727406777678,28.947981643104082,0.8474159146841673,0.0,0.0,0.0,0.0,0.0,0.0,1.0,0.0,0.0,0.0,0.0,0.0,0.0,0.0,0.0,0.0,0.0
2851,Quartz,1.0,854,32.97493853222215,2767.7330210772834,722.2622950819672,2745,703,2799,737,50.94993832522255,27.2211566064604,0.7362068965517241,0.0,0.0,0.0,0.0,0.0,0.0,1.0,0.0,0.0,0.0,0.0,0.0,0.0,0.0,0.0,0.0,0.0
2853,Quartz,1.0,1366,41.70425899243664,2759.6661786237187,3156.806734992679,2733,3132,2790,3189,66.40513983659937,31.943493080262023,0.7136886102403344,0.0,0.0,0.0,0.0,0.0,0.0,1.0,0.0,0.0,0.0,0.0,0.0,0.0,0.0,0.0,0.0,0.0
2854,Quartz,1.0,2686,58.480094195877,2779.54765450484,2386.7572598659717,2738,2360,2823,2414,87.45622385387053,42.841021412437954,0.7860696517412935,0.0,0.0,0.0,0.0,0.0,0.0,1.0,0.0,0.0,0.0,0.0,0.0,0.0,0.0,0.0,0.0,0.0
2855,Quartz,1.0,2714,58.784114558367136,2770.7903463522475,2933.3260869565215,2738,2897,2802,2968,72.2635809456926,54.09422207806712,0.8189499094749547,0.0,0.0,0.0,0.0,0.0,0.0,1.0,0.0,0.0,0.0,0.0,0.0,0.0,0.0,0.0,0.0,0.0
2856,Quartz,0.9581839904420549,837,32.64508384034771,2773.994026284349,3126.6762246117087,2754,3113,2795,3139,42.51669367828704,25.906192250528154,0.9029126213592233,0.0,0.0,0.0,0.0,0.0,0.0,0.9581839904420549,0.0,0.04181600955794504,0.0,0.0,0.0,0.0,0.0,0.0,0.0,0.0
2857,Quartz,1.0,617,28.02835705319874,2771.0145867098868,4510.803889789303,2756,4496,2791,4533,41.166900924571834,21.731672084363783,0.8012987012987013,0.0,0.0,0.0,0.0,0.0,0.0,1.0,0.0,0.0,0.0,0.0,0.0,0.0,0.0,0.0,0.0,0.0
2858,Quartz,1.0,1119,37.7459276023076,2761.7605004468273,1903.7506702412868,2734,1878,2787,1925,60.10564250049342,28.531622618877844,0.6915945611866502,0.0,0.0,0.0,0.0,0.0,0.0,1.0,0.0,0.0,0.0,0.0,0.0,0.0,0.0,0.0,0.0,0.0
2859,Quartz,1.0,2565,57.147698398498015,2778.482261208577,2331.3961013645226,2739,2307,2825,2357,82.84559134640716,41.671019974589704,0.8330626826891848,0.0,0.0,0.0,0.0,0.0,0.0,1.0,0.0,0.0,0.0,0.0,0.0,0.0,0.0,0.0,0.0,0.0
2860,Quartz,1.0,1424,42.580431088739246,2771.3462078651687,3684.8553370786517,2751,3657,2794,3713,48.18918126968085,38.80648748646706,0.8972904851921865,0.0,0.0,0.0,0.0,0.0,0.0,1.0,0.0,0.0,0.0,0.0,0.0,0.0,0.0,0.0,0.0,0.0
2861,Quartz,1.0,377,21.909160375631842,2772.7984084880636,337.7612732095491,2761,328,2786,351,23.455585626655946,22.338550301004197,0.8303964757709251,0.0,0.0,0.0,0.0,0.0,0.0,1.0,0.0,0.0,0.0,0.0,0.0,0.0,0.0,0.0,0.0,0.0
2862,Orthoclase,1.0,150,13.81976597885342,2766.266666666667,554.52,2752,550,2780,560,28.94835222978026,7.841474695667802,0.7692307692307693,0.0,0.0,0.0,0.0,0.0,0.0,0.0,0.0,1.0,0.0,0.0,0.0,0.0,0.0,0.0,0.0,0.0
2863,Quartz,1.0,2545,56.92446434838882,2775.2695481335954,3282.4777996070725,2751,3248,2803,3324,73.85526091954767,45.462726702138475,0.9201012292118583,0.0,0.0,0.0,0.0,0.0,0.0,1.0,0.0,0.0,0.0,0.0,0.0,0.0,0.0,0.0,0.0,0.0
2864,Quartz,1.0,818,32.27243324562564,2771.718826405868,4420.355745721271,2749,4406,2796,4436,46.04470058486331,24.53118636351649,0.8051181102362205,0.0,0.0,0.0,0.0,0.0,0.0,1.0,0.0,0.0,0.0,0.0,0.0,0.0,0.0,0.0,0.0,0.0
2865,Quartz,1.0,1434,42.72967946463235,2780.731520223152,865.1199442119944,2756,845,2810,887,52.91623408730559,36.42390254167723,0.8525564803804994,0.0,0.0,0.0,0.0,0.0,0.0,1.0,0.0,0.0,0.0,0.0,0.0,0.0,0.0,0.0,0.0,0.0
2867,Quartz,1.0,2734,59.00031284074632,2785.3218727139724,925.0384052670081,2757,893,2820,958,65.37247937989048,58.032353475839464,0.8712555768005099,0.0,0.0,0.0,0.0,0.0,0.0,1.0,0.0,0.0,0.0,0.0,0.0,0.0,0.0,0.0,0.0,0.0
2868,Quartz,1.0,661,29.010538413996088,2778.245083207262,4192.768532526475,2764,4175,2796,4211,35.75158869813941,25.8468582419123,0.876657824933687,0.0,0.0,0.0,0.0,0.0,0.0,1.0,0.0,0.0,0.0,0.0,0.0,0.0,0.0,0.0,0.0,0.0
2869,Quartz,1.0,200,15.957691216057308,2779.48,1132.6,2770,1120,2788,1151,37.52374795866183,10.038024662991335,0.6309148264984227,0.0,0.0,0.0,0.0,0.0,0.0,1.0,0.0,0.0,0.0,0.0,0.0,0.0,0.0,0.0,0.0,0.0
2870,Quartz,1.0,215,16.545286401814263,2784.093023255814,3397.781395348837,2777,3385,2795,3413,30.878163709701884,10.982380843368174,0.7142857142857143,0.0,0.0,0.0,0.0,0.0,0.0,1.0,0.0,0.0,0.0,0.0,0.0,0.0,0.0,0.0,0.0,0.0
2871,Quartz,1.0,795,31.815490536285218,2782.6767295597483,34.99748427672956,2767,12,2801,53,37.344528670451076,28.832211268241295,0.8843159065628476,0.0,0.0,0.0,0.0,0.0,0.0,1.0,0.0,0.0,0.0,0.0,0.0,0.0,0.0,0.0,0.0,0.0
2872,Quartz,1.0,1005,35.77157729900708,2788.3303482587066,4214.170149253731,2768,4189,2812,4244,49.24153020581564,31.715396753627978,0.7724827056110684,0.0,0.0,0.0,0.0,0.0,0.0,1.0,0.0,0.0,0.0,0.0,0.0,0.0,0.0,0.0,0.0,0.0
2873,Quartz,1.0,263,18.29923496393627,2787.9125475285173,1990.3574144486693,2780,1971,2795,2007,36.97017649866979,10.302544486096002,0.8042813455657493,0.0,0.0,0.0,0.0,0.0,0.0,1.0,0.0,0.0,0.0,0.0,0.0,0.0,0.0,0.0,0.0,0.0
2874,Quartz,1.0,877,33.416030295843605,2783.498289623717,2759.4834663625998,2762,2734,2806,2785,53.77842203285289,27.316967215017936,0.704417670682731,0.0,0.0,0.0,0.0,0.0,0.0,1.0,0.0,0.0,0.0,0.0,0.0,0.0,0.0,0.0,0.0,0.0
2875,Quartz,1.0,231,17.14987856615383,2788.025974025974,4591.160173160173,2778,4584,2801,4603,24.085348878750242,13.945262956441987,0.8076923076923077,0.0,0.0,0.0,0.0,0.0,0.0,1.0,0.0,0.0,0.0,0.0,0.0,0.0,0.0,0.0,0.0,0.0
2876,Quartz,1.0,3944,70.8636491047101,2782.6191683569978,1034.3265720081135,2747,998,2828,1080,75.14631781428886,71.37818848692528,0.875277407900577,0.0,0.0,0.0,0.0,0.0,0.0,1.0,0.0,0.0,0.0,0.0,0.0,0.0,0.0,0.0,0.0,0.0
2877,Quartz,1.0,1345,41.382450237616354,2795.3442379182156,1946.2780669144981,2770,1926,2831,1966,62.46944794934723,33.86874941184004,0.7568936409679234,0.0,0.0,0.0,0.0,0.0,0.0,1.0,0.0,0.0,0.0,0.0,0.0,0.0,0.0,0.0,0.0,0.0
2878,Quartz,1.0,6414,90.36901260903171,2792.9753663860306,3510.3638914873713,2741,3468,2849,3556,113.13461580831178,73.93685532489859,0.9075986981746144,0.0,0.0,0.0,0.0,0.0,0.0,1.0,0.0,0.0,0.0,0.0,0.0,0.0,0.0,0.0,0.0,0.0
2879,Quartz,1.0,1360,41.61256758288079,2783.605882352941,1679.8727941176471,2759,1656,2809,1707,59.80139318491523,31.528919132366173,0.8292682926829268,0.0,0.0,0.0,0.0,0.0,0.0,1.0,0.0,0.0,0.0,0.0,0.0,0.0,0.0,0.0,0.0,0.0
2880,Quartz,1.0,931,34.42943531556155,2790.027926960258,123.04296455424274,2773,103,2807,146,44.35867458446287,28.439538122211086,0.8510054844606947,0.0,0.0,0.0,0.0,0.0,0.0,1.0,0.0,0.0,0.0,0.0,0.0,0.0,0.0,0.0,0.0,0.0
2882,Quartz,1.0,1098,37.390065794529015,2791.745901639344,3898.183970856102,2770,3876,2813,3919,44.50194639536654,33.21254620216228,0.9014778325123153,0.0,0.0,0.0,0.0,0.0,0.0,1.0,0.0,0.0,0.0,0.0,0.0,0.0,0.0,0.0,0.0,0.0
2883,Orthoclase,1.0,793,31.775445850136926,2798.718789407314,1272.8297604035308,2775,1255,2824,1288,54.380583245976,19.790433910690425,0.8303664921465969,0.0,0.0,0.0,0.0,0.0,0.0,0.0,0.0,1.0,0.0,0.0,0.0,0.0,0.0,0.0,0.0,0.0
2884,Quartz,1.0,171,14.755472278097805,2794.216374269006,1755.1052631578948,2785,1746,2804,1763,17.830832802140378,14.298834515506876,0.75,0.0,0.0,0.0,0.0,0.0,0.0,1.0,0.0,0.0,0.0,0.0,0.0,0.0,0.0,0.0,0.0,0.0
2885,Quartz,1.0,1938,49.67432171350451,2794.888544891641,654.859649122807,2773,622,2817,687,63.63805105548196,41.262385109227075,0.8733663812528166,0.0,0.0,0.0,0.0,0.0,0.0,1.0,0.0,0.0,0.0,0.0,0.0,0.0,0.0,0.0,0.0,0.0
2886,Quartz,1.0,1846,48.48092614194896,2793.9620801733477,1212.4772481040086,2770,1185,2817,1242,59.307366524778125,42.46388310397849,0.8562152133580705,0.0,0.0,0.0,0.0,0.0,0.0,1.0,0.0,0.0,0.0,0.0,0.0,0.0,0.0,0.0,0.0,0.0
2887,Quartz,1.0,131,12.914889870235298,2791.7251908396947,1571.2519083969466,2785,1563,2798,1578,14.617947606914411,12.460639375246783,0.891156462585034,0.0,0.0,0.0,0.0,0.0,0.0,1.0,0.0,0.0,0.0,0.0,0.0,0.0,0.0,0.0,0.0,0.0
2888,Quartz,1.0,111,11.888212206450685,2793.810810810811,1731.972972972973,2787,1725,2803,1741,21.090032567802922,7.929590808442052,0.7655172413793103,0.0,0.0,0.0,0.0,0.0,0.0,1.0,0.0,0.0,0.0,0.0,0.0,0.0,0.0,0.0,0.0,0.0
2889,Quartz,1.0,579,27.151532118863187,2793.704663212435,4132.390328151986,2779,4120,2815,4150,32.5882506275783,26.070383021050244,0.8132022471910112,0.0,0.0,0.0,0.0,0.0,0.0,1.0,0.0,0.0,0.0,0.0,0.0,0.0,0.0,0.0,0.0,0.0
2890,Quartz,1.0,197,15.837556323903858,2802.395939086294,1566.1421319796955,2797,1557,2810,1579,22.689734960698452,11.841133373224974,0.8565217391304348,0.0,0.0,0.0,0.0,0.0,0.0,1.0,0.0,0.0,0.0,0.0,0.0,0.0,0.0,0.0,0.0,0.0
2891,Quartz,1.0,11856,122.86385978952512,2793.8977732793524,2577.370782726046,2746,2474,2860,2671,183.1592853682014,94.14391022793812,0.8053800692887711,0.0,0.0,0.0,0.0,0.0,0.0,1.0,0.0,0.0,0.0,0.0,0.0,0.0,0.0,0.0,0.0,0.0
2892,Quartz,1.0,118,12.257335203001883,2798.9576271186443,3404.6525423728813,2793,3396,2803,3417,21.686292409392422,7.975510773267904,0.8309859154929577,0.0,0.0,0.0,0.0,0.0,0.0,1.0,0.0,0.0,0.0,0.0,0.0,0.0,0.0,0.0,0.0,0.0
2893,Quartz,1.0,2617,57.72406680555278,2804.188001528468,383.0179594956057,2779,338,2831,422,83.15768830273514,43.62539498962924,0.8552287581699346,0.0,0.0,0.0,0.0,0.0,0.0,1.0,0.0,0.0,0.0,0.0,0.0,0.0,0.0,0.0,0.0,0.0
2894,Quartz,1.0,324,20.310825007719227,2801.4413580246915,2732.635802469136,2792,2719,2810,2749,29.52110550101958,15.381764377725077,0.8120300751879699,0.0,0.0,0.0,0.0,0.0,0.0,1.0,0.0,0.0,0.0,0.0,0.0,0.0,0.0,0.0,0.0,0.0
2895,Quartz,1.0,306,19.738573927438622,2805.5555555555557,4564.326797385621,2796,4555,2821,4577,26.20403345582938,17.67782611379253,0.8052631578947368,0.0,0.0,0.0,0.0,0.0,0.0,1.0,0.0,0.0,0.0,0.0,0.0,0.0,0.0,0.0,0.0,0.0
2896,Quartz,1.0,727,30.424416987387996,2804.305364511692,4363.199449793673,2782,4347,2825,4387,50.98391190429712,21.40891682664575,0.7365754812563323,0.0,0.0,0.0,0.0,0.0,0.0,1.0,0.0,0.0,0.0,0.0,0.0,0.0,0.0,0.0,0.0,0.0
2897,Orthoclase,1.0,572,26.986904594423443,2802.854895104895,1808.062937062937,2788,1790,2819,1829,42.12126090269045,18.814529717303607,0.823021582733813,0.0,0.0,0.0,0.0,0.0,0.0,0.0,0.0,1.0,0.0,0.0,0.0,0.0,0.0,0.0,0.0,0.0
2898,Quartz,1.0,108,11.726460285670077,2807.1111111111113,1182.611111111111,2800,1176,2817,1190,18.732983462750756,9.900181927078155,0.6967741935483871,0.0,0.0,0.0,0.0,0.0,0.0,1.0,0.0,0.0,0.0,0.0,0.0,0.0,0.0,0.0,0.0,0.0
2899,Quartz,1.0,354,21.23032733700184,2805.3050847457625,287.55367231638417,2788,278,2818,301,31.114791447695985,19.28747652846985,0.7468354430379747,0.0,0.0,0.0,0.0,0.0,0.0,1.0,0.0,0.0,0.0,0.0,0.0,0.0,0.0,0.0,0.0,0.0
2900,Quartz,1.0,2468,56.05671410639748,2812.5607779578604,594.9108589951378,2780,565,2846,624,64.21644598906376,51.77845438662869,0.8492773571920165,0.0,0.0,0.0,0.0,0.0,0.0,1.0,0.0,0.0,0.0,0.0,0.0,0.0,0.0,0.0,0.0,0.0
2901,Quartz,1.0,2272,53.78475848823986,2814.143485915493,63.14304577464789,2792,17,2834,102,81.14455859328815,39.29764896690005,0.9091636654661864,0.0,0.0,0.0,0.0,0.0,0.0,1.0,0.0,0.0,0.0,0.0,0.0,0.0,0.0,0.0,0.0,0.0
2902,Quartz,1.0,387,22.197831060995757,2812.1291989664082,1779.5064599483205,2801,1761,2824,1796,35.528540670360265,16.79540244022087,0.7233644859813084,0.0,0.0,0.0,0.0,0.0,0.0,1.0,0.0,0.0,0.0,0.0,0.0,0.0,0.0,0.0,0.0,0.0
2903,Orthoclase,1.0,1245,39.81435963562993,2812.976706827309,3325.837751004016,2785,3306,2840,3343,53.79376969475459,32.55504549495497,0.8645833333333334,0.0,0.0,0.0,0.0,0.0,0.0,0.0,0.0,1.0,0.0,0.0,0.0,0.0,0.0,0.0,0.0,0.0
2904,Quartz,1.0,197,15.837556323903858,2820.1065989847716,283.8984771573604,2814,276,2831,296,19.364538084318657,14.906065333361953,0.9162790697674419,0.0,0.0,0.0,0.0,0.0,0.0,1.0,0.0,0.0,0.0,0.0,0.0,0.0,0.0,0.0,0.0,0.0
2905,Quartz,1.0,1285,40.44889139376608,2802.243579766537,2006.747859922179,2782,1974,2817,2036,57.68040979976161,32.01303147129245,0.7893120393120393,0.0,0.0,0.0,0.0,0.0,0.0,1.0,0.0,0.0,0.0,0.0,0.0,0.0,0.0,0.0,0.0,0.0
2906,Quartz,1.0,583,27.245158369526866,2816.4579759862777,2126.6826758147513,2800,2116,2837,2146,35.05932711273543,26.135747210052095,0.7620915032679738,0.0,0.0,0.0,0.0,0.0,0.0,1.0,0.0,0.0,0.0,0.0,0.0,0.0,0.0,0.0,0.0,0.0
2907,Quartz,1.0,297,19.44613444328572,2817.5286195286194,3863.989898989899,2805,3855,2831,3873,27.60350266186323,14.13207008031152,0.8735294117647059,0.0,0.0,0.0,0.0,0.0,0.0,1.0,0.0,0.0,0.0,0.0,0.0,0.0,0.0,0.0,0.0,0.0
2908,Quartz,1.0,661,29.010538413996088,2819.1028744326777,4310.583963691377,2805,4290,2838,4333,44.99092866889424,20.934597093135768,0.7859690844233056,0.0,0.0,0.0,0.0,0.0,0.0,1.0,0.0,0.0,0.0,0.0,0.0,0.0,0.0,0.0,0.0,0.0
2909,Quartz,1.0,1222,39.44488209725527,2827.29705400982,2016.8625204582652,2808,1988,2847,2046,53.4044746670946,32.97962017408464,0.8066006600660066,0.0,0.0,0.0,0.0,0.0,0.0,1.0,0.0,0.0,0.0,0.0,0.0,0.0,0.0,0.0,0.0,0.0
2910,Quartz,1.0,409,22.820056393372074,2817.5427872860637,4539.195599022005,2804,4525,2828,4556,29.8395550211509,19.504901513805905,0.797270955165692,0.0,0.0,0.0,0.0,0.0,0.0,1.0,0.0,0.0,0.0,0.0,0.0,0.0,0.0,0.0,0.0,0.0
2911,Quartz,1.0,3869,70.18663546986951,2820.6521064874646,2875.4166451279402,2776,2837,2866,2913,81.85466654373654,63.85779209356867,0.8477212971078002,0.0,0.0,0.0,0.0,0.0,0.0,1.0,0.0,0.0,0.0,0.0,0.0,0.0,0.0,0.0,0.0,0.0
2912,Quartz,1.0,4884,78.85747863384002,2819.483824733825,2993.480548730549,2775,2955,2862,3040,81.74972714898048,77.96997812975809,0.9152923538230885,0.0,0.0,0.0,0.0,0.0,0.0,1.0,0.0,0.0,0.0,0.0,0.0,0.0,0.0,0.0,0.0,0.0
2913,Quartz,1.0,395,22.42609239636699,2819.46582278481,1517.8481012658228,2800,1510,2840,1528,44.27192215710017,13.75017365141401,0.6683587140439933,0.0,0.0,0.0,0.0,0.0,0.0,1.0,0.0,0.0,0.0,0.0,0.0,0.0,0.0,0.0,0.0,0.0
2914,Quartz,1.0,286,19.08262324195121,2821.4335664335663,4458.804195804196,2811,4448,2831,4470,25.745763291103174,14.704417060095869,0.9137380191693291,0.0,0.0,0.0,0.0,0.0,0.0,1.0,0.0,0.0,0.0,0.0,0.0,0.0,0.0,0.0,0.0,0.0
2915,Quartz,0.9947405329593267,2852,60.26009609670967,2822.896914446003,4104.028050490883,2781,4067,2859,4136,73.86342257163727,55.17668537138083,0.7973161867486721,0.0,0.0,0.0,0.0,0.0,0.0,0.9947405329593267,0.0,0.005259467040673212,0.0,0.0,0.0,0.0,0.0,0.0,0.0,0.0
2916,Quartz,1.0,276,18.746042631630413,2825.4239130434785,771.5615942028985,2813,763,2837,781,23.60520659438335,15.94475134338872,0.8679245283018868,0.0,0.0,0.0,0.0,0.0,0.0,1.0,0.0,0.0,0.0,0.0,0.0,0.0,0.0,0.0,0.0,0.0
2917,Quartz,1.0,919,34.20682887394876,2827.13710554951,4498.903155603917,2803,4483,2853,4516,47.97565699555888,25.485167792323402,0.8686200378071833,0.0,0.0,0.0,0.0,0.0,0.0,1.0,0.0,0.0,0.0,0.0,0.0,0.0,0.0,0.0,0.0,0.0
2918,Quartz,1.0,432,23.452920571340155,2825.8356481481483,2748.9768518518517,2810,2732,2841,2761,34.16793134561657,20.149456532686045,0.7435456110154905,0.0,0.0,0.0,0.0,0.0,0.0,1.0,0.0,0.0,0.0,0.0,0.0,0.0,0.0,0.0,0.0,0.0
2919,Quartz,1.0,2058,51.18912954002017,2827.7482993197277,2689.62342079689,2800,2658,2858,2720,58.54745866749428,47.54427022285434,0.8469135802469135,0.0,0.0,0.0,0.0,0.0,0.0,1.0,0.0,0.0,0.0,0.0,0.0,0.0,0.0,0.0,0.0,0.0
2920,Orthoclase,1.0,1146,38.19859314512115,2829.7268760907505,3964.7757417102966,2800,3950,2858,3981,54.50201661699019,28.427299838504133,0.8655589123867069,0.0,0.0,0.0,0.0,0.0,0.0,0.0,0.0,1.0,0.0,0.0,0.0,0.0,0.0,0.0,0.0,0.0
2921,Quartz,1.0,1547,44.38132012125481,2830.3800904977375,1116.1447963800906,2810,1087,2848,1144,57.39543276981561,35.580644183616606,0.9191919191919192,0.0,0.0,0.0,0.0,0.0,0.0,1.0,0.0,0.0,0.0,0.0,0.0,0.0,0.0,0.0,0.0,0.0
2922,Quartz,1.0,2407,55.35962052053407,2836.7457415870376,1670.35978396344,2807,1642,2875,1702,71.83734386300539,49.18942203626351,0.7794689119170984,0.0,0.0,0.0,0.0,0.0,0.0,1.0,0.0,0.0,0.0,0.0,0.0,0.0,0.0,0.0,0.0,0.0
2923,Quartz,1.0,740,30.695231927842155,2832.7256756756756,3052.7797297297298,2815,3036,2848,3072,34.75232768003143,31.227555467158993,0.806979280261723,0.0,0.0,0.0,0.0,0.0,0.0,1.0,0.0,0.0,0.0,0.0,0.0,0.0,0.0,0.0,0.0,0.0
2924,Quartz,1.0,366,21.587164551489145,2834.210382513661,4370.024590163935,2825,4353,2849,4383,33.60401162176903,15.526395226039016,0.8299319727891157,0.0,0.0,0.0,0.0,0.0,0.0,1.0,0.0,0.0,0.0,0.0,0.0,0.0,0.0,0.0,0.0,0.0
2925,Quartz,1.0,2729,58.94633760957723,2831.080982044705,1455.5569805789667,2809,1405,2858,1508,98.05132733311751,38.65559764635944,0.8425439950602037,0.0,0.0,0.0,0.0,0.0,0.0,1.0,0.0,0.0,0.0,0.0,0.0,0.0,0.0,0.0,0.0,0.0
2926,Quartz,1.0,15505,140.50472995995082,2806.5409222831345,3799.5895517574977,2714,3733,2899,3863,180.21807721436235,113.79327315943388,0.8537995594713657,0.0,0.0,0.0,0.0,0.0,0.0,1.0,0.0,0.0,0.0,0.0,0.0,0.0,0.0,0.0,0.0,0.0
2927,Quartz,1.0,251,17.876888032555495,2833.812749003984,4547.011952191235,2826,4536,2844,4557,19.782122383001713,16.940743889486917,0.8964285714285715,0.0,0.0,0.0,0.0,0.0,0.0,1.0,0.0,0.0,0.0,0.0,0.0,0.0,0.0,0.0,0.0,0.0
2928,Quartz,1.0,532,26.026206750102993,2835.8947368421054,308.56954887218046,2817,297,2854,323,34.513452060854945,21.71161017667127,0.7777777777777778,0.0,0.0,0.0,0.0,0.0,0.0,1.0,0.0,0.0,0.0,0.0,0.0,0.0,0.0,0.0,0.0,0.0
2929,Quartz,1.0,4812,78.27406140775885,2835.084164588529,1599.6074397339983,2785,1556,2882,1647,85.31534970804047,75.64845559033444,0.9021372328458943,0.0,0.0,0.0,0.0,0.0,0.0,1.0,0.0,0.0,0.0,0.0,0.0,0.0,0.0,0.0,0.0,0.0
2930,Quartz,1.0,117,12.205286835384658,2836.7863247863247,4211.991452991453,2831,4205,2846,4219,17.768250579802157,9.043219071927568,0.8796992481203008,0.0,0.0,0.0,0.0,0.0,0.0,1.0,0.0,0.0,0.0,0.0,0.0,0.0,0.0,0.0,0.0,0.0
2931,Quartz,1.0,932,34.44792091974742,2836.662017167382,656.7210300429184,2821,632,2854,685,56.38677330801918,22.73866470637835,0.8351254480286738,0.0,0.0,0.0,0.0,0.0,0.0,1.0,0.0,0.0,0.0,0.0,0.0,0.0,0.0,0.0,0.0,0.0
2933,Quartz,1.0,157,14.138550439257221,2833.8980891719743,1736.8471337579617,2827,1729,2840,1748,18.91992275846696,12.290264458662106,0.8177083333333334,0.0,0.0,0.0,0.0,0.0,0.0,1.0,0.0,0.0,0.0,0.0,0.0,0.0,0.0,0.0,0.0,0.0
2934,Quartz,1.0,6631,91.88499018413653,2830.6018700045242,501.2354094405067,2770,431,2878,557,116.52158643614739,85.10462040456507,0.8123239005267672,0.0,0.0,0.0,0.0,0.0,0.0,1.0,0.0,0.0,0.0,0.0,0.0,0.0,0.0,0.0,0.0,0.0
2935,Quartz,1.0,418,23.06976657227589,2837.9545454545455,3994.909090909091,2825,3980,2855,4011,36.199637657423715,16.294093998714875,0.7857142857142857,0.0,0.0,0.0,0.0,0.0,0.0,1.0,0.0,0.0,0.0,0.0,0.0,0.0,0.0,0.0,0.0,0.0
2936,Quartz,1.0,2950,61.28667601500941,2843.1833898305085,4602.216610169491,2808,4574,2884,4625,78.41854382441605,50.38612705694455,0.9276729559748428,0.0,0.0,0.0,0.0,0.0,0.0,1.0,0.0,0.0,0.0,0.0,0.0,0.0,0.0,0.0,0.0,0.0
2937,Quartz,1.0,1234,39.63808267566925,2837.0858995137764,1167.0875202593193,2810,1147,2860,1189,46.66126869133847,36.511970112587804,0.8394557823129252,0.0,0.0,0.0,0.0,0.0,0.0,1.0,0.0,0.0,0.0,0.0,0.0,0.0,0.0,0.0,0.0,0.0
2938,Quartz,1.0,3252,64.34729986160063,2840.0950184501844,3272.551045510455,2803,3239,2886,3302,75.4315489244728,58.26791478164276,0.8961146321300634,0.0,0.0,0.0,0.0,0.0,0.0,1.0,0.0,0.0,0.0,0.0,0.0,0.0,0.0,0.0,0.0,0.0
2939,Quartz,1.0,2590,57.42552064077497,2844.056756756757,4173.4034749034745,2806,4143,2881,4208,71.4453942280064,47.86584181448586,0.871760350050488,0.0,0.0,0.0,0.0,0.0,0.0,1.0,0.0,0.0,0.0,0.0,0.0,0.0,0.0,0.0,0.0,0.0
2940,Quartz,1.0,1168,38.563503319209346,2840.1224315068494,1024.2337328767123,2815,1005,2863,1051,53.96264296692025,30.280221899121013,0.8575624082232012,0.0,0.0,0.0,0.0,0.0,0.0,1.0,0.0,0.0,0.0,0.0,0.0,0.0,0.0,0.0,0.0,0.0
2941,Quartz,1.0,115,12.100518486599809,2844.182608695652,1737.1304347826087,2840,1729,2851,1746,16.255364315211434,10.015683003520511,0.8273381294964028,0.0,0.0,0.0,0.0,0.0,0.0,1.0,0.0,0.0,0.0,0.0,0.0,0.0,0.0,0.0,0.0,0.0
2942,Quartz,1.0,287,19.115955360352558,2843.268292682927,3741.630662020906,2832,3730,2856,3756,25.982257489526617,15.740022566355123,0.7493472584856397,0.0,0.0,0.0,0.0,0.0,0.0,1.0,0.0,0.0,0.0,0.0,0.0,0.0,0.0,0.0,0.0,0.0
2943,Quartz,1.0,197,15.837556323903858,2842.6192893401017,1796.7969543147208,2833,1787,2851,1806,18.08476954074152,14.83968420334252,0.8418803418803419,0.0,0.0,0.0,0.0,0.0,0.0,1.0,0.0,0.0,0.0,0.0,0.0,0.0,0.0,0.0,0.0,0.0
2944,Quartz,1.0,362,21.468877828012552,2836.756906077348,1286.5635359116022,2824,1272,2847,1305,34.91359954991377,15.158374561448106,0.7718550106609808,0.0,0.0,0.0,0.0,0.0,0.0,1.0,0.0,0.0,0.0,0.0,0.0,0.0,0.0,0.0,0.0,0.0
2945,Quartz,1.0,1358,41.581958849365805,2845.8755522827687,3919.2349042709866,2817,3904,2874,3936,58.81987086548943,30.903802148342766,0.859493670886076,0.0,0.0,0.0,0.0,0.0,0.0,1.0,0.0,0.0,0.0,0.0,0.0,0.0,0.0,0.0,0.0,0.0
2946,Quartz,1.0,231,17.14987856615383,2850.125541125541,1284.2683982683982,2844,1275,2860,1296,21.667425277515353,14.631141155793985,0.8816793893129771,0.0,0.0,0.0,0.0,0.0,0.0,1.0,0.0,0.0,0.0,0.0,0.0,0.0,0.0,0.0,0.0,0.0
2947,Quartz,1.0,2435,55.68068149214879,2836.2718685831624,884.859137577002,2799,857,2866,914,64.16253473688334,54.869702525442314,0.8370574080440014,0.0,0.0,0.0,0.0,0.0,0.0,1.0,0.0,0.0,0.0,0.0,0.0,0.0,0.0,0.0,0.0,0.0
2948,Quartz,1.0,770,31.311251163856024,2836.061038961039,169.55454545454546,2815,154,2857,187,41.351082823088404,26.47765941811656,0.7971014492753623,0.0,0.0,0.0,0.0,0.0,0.0,1.0,0.0,0.0,0.0,0.0,0.0,0.0,0.0,0.0,0.0,0.0
2949,Quartz,1.0,651,28.79025779013781,2852.2764976958524,426.32872503840247,2836,413,2870,442,33.759591421441,25.27388875214116,0.8917808219178082,0.0,0.0,0.0,0.0,0.0,0.0,1.0,0.0,0.0,0.0,0.0,0.0,0.0,0.0,0.0,0.0,0.0
2950,Quartz,1.0,387,22.197831060995757,2847.3049095607234,1341.8785529715763,2831,1333,2871,1351,38.12804473073979,14.306772390565904,0.7755511022044088,0.0,0.0,0.0,0.0,0.0,0.0,1.0,0.0,0.0,0.0,0.0,0.0,0.0,0.0,0.0,0.0,0.0
2951,Quartz,1.0,593,27.47782833536798,2857.1028667790893,162.03709949409782,2844,146,2869,182,37.16166419565954,21.445247610412725,0.8733431516936672,0.0,0.0,0.0,0.0,0.0,0.0,1.0,0.0,0.0,0.0,0.0,0.0,0.0,0.0,0.0,0.0,0.0
2952,Quartz,1.0,839,32.684063058818154,2849.8009535160904,395.3778307508939,2831,381,2867,411,37.01258099618528,30.32292535008507,0.8916046758767269,0.0,0.0,0.0,0.0,0.0,0.0,1.0,0.0,0.0,0.0,0.0,0.0,0.0,0.0,0.0,0.0,0.0
2953,Orthoclase,0.9733157199471598,3785,69.42054218185415,2853.797357992074,2176.428533685601,2819,2135,2889,2217,80.55052061248975,61.51295780634039,0.8996909912051343,0.0,0.0,0.0,0.0,0.0,0.0,0.0,0.0,0.9733157199471598,0.0,0.0,0.0,0.0,0.0,0.0,0.0,0.026684280052840157
2954,Quartz,1.0,2098,51.68420034066863,2855.2597712106767,4308.969018112488,2837,4265,2870,4366,97.63513805427888,29.06769842302346,0.8480194017784963,0.0,0.0,0.0,0.0,0.0,0.0,1.0,0.0,0.0,0.0,0.0,0.0,0.0,0.0,0.0,0.0,0.0
2955,Quartz,1.0,3503,66.78441528685622,2853.629174992863,4426.700827861832,2818,4387,2894,4461,84.08693940339276,55.02380454597963,0.9103430353430353,0.0,0.0,0.0,0.0,0.0,0.0,1.0,0.0,0.0,0.0,0.0,0.0,0.0,0.0,0.0,0.0,0.0
2956,Quartz,1.0,1108,37.55994429663814,2854.138989169675,1258.4990974729242,2828,1239,2879,1277,50.105461620932445,29.715255859175592,0.8562596599690881,0.0,0.0,0.0,0.0,0.0,0.0,1.0,0.0,0.0,0.0,0.0,0.0,0.0,0.0,0.0,0.0,0.0
2957,Quartz,1.0,2955,61.3385918871016,2858.6294416243654,240.34483925549915,2825,205,2899,272,67.07797075628913,65.67189766652646,0.7807133421400264,0.0,0.0,0.0,0.0,0.0,0.0,1.0,0.0,0.0,0.0,0.0,0.0,0.0,0.0,0.0,0.0,0.0
2958,Quartz,1.0,385,22.140398025397776,2854.083116883117,1370.3194805194805,2843,1354,2867,1384,27.675920116823203,19.965908156843188,0.8261802575107297,0.0,0.0,0.0,0.0,0.0,0.0,1.0,0.0,0.0,0.0,0.0,0.0,0.0,0.0,0.0,0.0,0.0
2960,Quartz,1.0,842,32.74244487919323,2860.878859857482,647.8206650831354,2846,620,2877,676,59.964804318736874,19.247486640605395,0.8254901960784313,0.0,0.0,0.0,0.0,0.0,0.0,1.0,0.0,0.0,0.0,0.0,0.0,0.0,0.0,0.0,0.0,0.0
2961,Quartz,1.0,462,24.253590861306396,2858.677489177489,2746.603896103896,2840,2738,2876,2760,36.16550239016983,17.356549708979063,0.8309352517985612,0.0,0.0,0.0,0.0,0.0,0.0,1.0,0.0,0.0,0.0,0.0,0.0,0.0,0.0,0.0,0.0,0.0
2962,Quartz,1.0,1007,35.80715321759479,2856.87090367428,723.3624627606753,2831,702,2877,750,59.27157749893161,24.278076194948536,0.8570212765957447,0.0,0.0,0.0,0.0,0.0,0.0,1.0,0.0,0.0,0.0,0.0,0.0,0.0,0.0,0.0,0.0,0.0
2963,Quartz,0.9791174152876281,2538,56.84612532563537,2875.2147360126082,2353.5681639085897,2837,2324,2912,2382,79.54611752131163,43.9810501209418,0.8307692307692308,0.0,0.0,0.0,0.0,0.0,0.0,0.9791174152876281,0.0,0.020882584712371945,0.0,0.0,0.0,0.0,0.0,0.0,0.0,0.0
2964,Quartz,1.0,135,13.110581167104948,2853.822222222222,2733.562962962963,2845,2726,2866,2739,20.11767493523284,10.64506713177915,0.7941176470588235,0.0,0.0,0.0,0.0,0.0,0.0,1.0,0.0,0.0,0.0,0.0,0.0,0.0,0.0,0.0,0.0,0.0
2965,Quartz,1.0,1179,38.7446696107059,2861.704834605598,1091.576759966073,2839,1073,2881,1123,48.756788200776505,35.079043280888705,0.8164819944598338,0.0,0.0,0.0,0.0,0.0,0.0,1.0,0.0,0.0,0.0,0.0,0.0,0.0,0.0,0.0,0.0,0.0
2966,Quartz,1.0,2340,54.58370209760676,2852.7858974358974,3346.255982905983,2819,3305,2887,3401,106.48350907707074,38.38295663841652,0.7488,0.0,0.0,0.0,0.0,0.0,0.0,1.0,0.0,0.0,0.0,0.0,0.0,0.0,0.0,0.0,0.0,0.0
2967,Quartz,1.0,501,25.25654394235911,2866.9580838323354,2724.702594810379,2853,2702,2876,2745,37.7457516653473,21.00894572487264,0.8093699515347335,0.0,0.0,0.0,0.0,0.0,0.0,1.0,0.0,0.0,0.0,0.0,0.0,0.0,0.0,0.0,0.0,0.0
2968,Quartz,1.0,645,28.65727667372076,2863.2062015503875,3399.798449612403,2847,3379,2881,3416,35.942985105872054,24.89779583898217,0.8728010825439784,0.0,0.0,0.0,0.0,0.0,0.0,1.0,0.0,0.0,0.0,0.0,0.0,0.0,0.0,0.0,0.0,0.0
2969,Quartz,1.0,1981,50.22238084878452,2858.6723876829883,976.3154972236244,2833,942,2883,1007,59.41744086880184,47.33397487188032,0.8444160272804774,0.0,0.0,0.0,0.0,0.0,0.0,1.0,0.0,0.0,0.0,0.0,0.0,0.0,0.0,0.0,0.0,0.0
2970,Quartz,1.0,817,32.252700786889584,2864.3317013463893,3718.6646266829866,2843,3699,2881,3738,39.53241142246561,29.116791532251362,0.8880434782608696,0.0,0.0,0.0,0.0,0.0,0.0,1.0,0.0,0.0,0.0,0.0,0.0,0.0,0.0,0.0,0.0,0.0
2971,Quartz,1.0,744,30.77808020788433,2865.6612903225805,1782.592741935484,2848,1767,2882,1805,37.59011543906321,28.200879173805504,0.8322147651006712,0.0,0.0,0.0,0.0,0.0,0.0,1.0,0.0,0.0,0.0,0.0,0.0,0.0,0.0,0.0,0.0,0.0
2972,Quartz,1.0,8241,102.43420858366835,2866.5044290741416,3121.6936051450066,2812,3055,2909,3189,127.5956722015892,87.75722194136115,0.8887091556130702,0.0,0.0,0.0,0.0,0.0,0.0,1.0,0.0,0.0,0.0,0.0,0.0,0.0,0.0,0.0,0.0,0.0
2973,Quartz,1.0,415,22.98683125324351,2862.6819277108434,3641.587951807229,2849,3633,2881,3650,31.91828744144837,17.296868028633675,0.9242761692650334,0.0,0.0,0.0,0.0,0.0,0.0,1.0,0.0,0.0,0.0,0.0,0.0,0.0,0.0,0.0,0.0,0.0
2974,Quartz,1.0,562,26.749964937194992,2873.482206405694,3660.3896797153025,2857,3647,2890,3677,31.745114259244847,25.014548589462006,0.8301329394387001,0.0,0.0,0.0,0.0,0.0,0.0,1.0,0.0,0.0,0.0,0.0,0.0,0.0,0.0,0.0,0.0,0.0
2975,Quartz,1.0,1461,43.130070424914365,2861.4681724845996,333.75770020533884,2837,312,2893,358,56.230300704253914,35.61354171391011,0.8244920993227991,0.0,0.0,0.0,0.0,0.0,0.0,1.0,0.0,0.0,0.0,0.0,0.0,0.0,0.0,0.0,0.0,0.0
2976,Quartz,1.0,2552,57.00269570962531,2871.8601097178685,1964.348354231975,2842,1925,2903,1999,82.42869069024118,40.633337838857614,0.9020855425945564,0.0,0.0,0.0,0.0,0.0,0.0,1.0,0.0,0.0,0.0,0.0,0.0,0.0,0.0,0.0,0.0,0.0
2978,Quartz,1.0,287,19.115955360352558,2869.1602787456445,690.4355400696865,2858,680,2881,701,23.943063972534294,17.14727912377669,0.8084507042253521,0.0,0.0,0.0,0.0,0.0,0.0,1.0,0.0,0.0,0.0,0.0,0.0,0.0,0.0,0.0,0.0,0.0
2979,Quartz,1.0,644,28.635053113438516,2880.697204968944,3880.30900621118,2861,3868,2907,3893,45.53590090363254,20.584232234138558,0.7796610169491526,0.0,0.0,0.0,0.0,0.0,0.0,1.0,0.0,0.0,0.0,0.0,0.0,0.0,0.0,0.0,0.0,0.0
2980,Orthoclase,1.0,1323,41.04261099984527,2877.1783824640966,1155.0204081632653,2856,1133,2902,1185,49.32434351932349,37.97452102545429,0.8310301507537688,0.0,0.0,0.0,0.0,0.0,0.0,0.0,0.0,1.0,0.0,0.0,0.0,0.0,0.0,0.0,0.0,0.0
2981,Quartz,1.0,119,12.309163489997376,2874.294117647059,2057.36974789916,2868,2051,2881,2064,12.842885310601813,12.487024165137733,0.9153846153846154,0.0,0.0,0.0,0.0,0.0,0.0,1.0,0.0,0.0,0.0,0.0,0.0,0.0,0.0,0.0,0.0,0.0
2982,Quartz,1.0,230,17.112717355495807,2876.8217391304347,21.243478260869566,2869,11,2884,33,23.17791136758652,13.935460244841122,0.8455882352941176,0.0,0.0,0.0,0.0,0.0,0.0,1.0,0.0,0.0,0.0,0.0,0.0,0.0,0.0,0.0,0.0,0.0
2983,Quartz,1.0,425,23.26213245840639,2877.3011764705884,3388.5011764705882,2863,3374,2892,3406,34.07331444145686,19.271320321094866,0.7870370370370371,0.0,0.0,0.0,0.0,0.0,0.0,1.0,0.0,0.0,0.0,0.0,0.0,0.0,0.0,0.0,0.0,0.0
2984,Quartz,1.0,228,17.03815178355966,2875.434210526316,2261.592105263158,2867,2248,2884,2276,30.247369017473265,10.522178613515491,0.8351648351648352,0.0,0.0,0.0,0.0,0.0,0.0,1.0,0.0,0.0,0.0,0.0,0.0,0.0,0.0,0.0,0.0,0.0
2985,Quartz,1.0,460,24.201036973199617,2879.9282608695653,3370.0152173913043,2868,3355,2892,3382,27.087425192390057,22.773614583776062,0.9019607843137255,0.0,0.0,0.0,0.0,0.0,0.0,1.0,0.0,0.0,0.0,0.0,0.0,0.0,0.0,0.0,0.0,0.0
2986,Quartz,1.0,256,18.0540666735282,2879.39453125,2015.69140625,2869,2006,2892,2028,25.16246460285425,14.477092765947754,0.8025078369905956,0.0,0.0,0.0,0.0,0.0,0.0,1.0,0.0,0.0,0.0,0.0,0.0,0.0,0.0,0.0,0.0,0.0
2987,Quartz,1.0,1045,36.47650372840365,2879.8612440191387,2291.0086124401914,2860,2268,2899,2312,50.39687222057291,27.69241693111328,0.885593220338983,0.0,0.0,0.0,0.0,0.0,0.0,1.0,0.0,0.0,0.0,0.0,0.0,0.0,0.0,0.0,0.0,0.0
2989,Quartz,1.0,2057,51.17669140849406,2886.1920272241127,862.8891589693728,2859,833,2917,893,59.46237776777825,46.81820861423593,0.8095238095238095,0.0,0.0,0.0,0.0,0.0,0.0,1.0,0.0,0.0,0.0,0.0,0.0,0.0,0.0,0.0,0.0,0.0
2990,Quartz,1.0,129,12.815923738491737,2886.5968992248063,2056.3255813953488,2877,2051,2896,2063,19.487996389975415,9.366752613010075,0.8376623376623377,0.0,0.0,0.0,0.0,0.0,0.0,1.0,0.0,0.0,0.0,0.0,0.0,0.0,0.0,0.0,0.0,0.0
2992,Quartz,1.0,1898,49.15901398428714,2881.913593256059,926.5194942044257,2853,905,2909,957,53.088361527586926,48.72857466011352,0.8957055214723927,0.0,0.0,0.0,0.0,0.0,0.0,1.0,0.0,0.0,0.0,0.0,0.0,0.0,0.0,0.0,0.0,0.0
2993,Quartz,1.0,111,11.888212206450685,2883.6036036036035,2047.837837837838,2876,2042,2894,2053,18.20866000331202,8.34805692034708,0.8604651162790697,0.0,0.0,0.0,0.0,0.0,0.0,1.0,0.0,0.0,0.0,0.0,0.0,0.0,0.0,0.0,0.0,0.0
2994,Quartz,1.0,589,27.384997568906428,2882.7402376910018,156.6672325976231,2872,137,2896,175,36.24739374748439,21.764015264331768,0.8843843843843844,0.0,0.0,0.0,0.0,0.0,0.0,1.0,0.0,0.0,0.0,0.0,0.0,0.0,0.0,0.0,0.0,0.0
2996,Quartz,1.0,2178,52.66038101298911,2881.6042240587694,3542.5743801652893,2849,3516,2914,3570,64.05690387566798,46.54808686074185,0.8608695652173913,0.0,0.0,0.0,0.0,0.0,0.0,1.0,0.0,0.0,0.0,0.0,0.0,0.0,0.0,0.0,0.0,0.0
2997,Quartz,1.0,130,12.865501965161373,2882.7,4252.3,2875,4245,2890,4262,15.244244827693688,12.18551787111161,0.7831325301204819,0.0,0.0,0.0,0.0,0.0,0.0,1.0,0.0,0.0,0.0,0.0,0.0,0.0,0.0,0.0,0.0,0.0
2998,Quartz,1.0,697,29.790064831759068,2888.8479196556673,1370.426111908178,2870,1352,2910,1384,41.824828350450794,23.38461861167826,0.8357314148681055,0.0,0.0,0.0,0.0,0.0,0.0,1.0,0.0,0.0,0.0,0.0,0.0,0.0,0.0,0.0,0.0,0.0
2999,Quartz,1.0,128,12.766152972845846,2885.3125,3725.71875,2880,3716,2890,3736,18.325658497917022,9.609480507172158,0.8827586206896552,0.0,0.0,0.0,0.0,0.0,0.0,1.0,0.0,0.0,0.0,0.0,0.0,0.0,0.0,0.0,0.0,0.0
3000,Orthoclase,1.0,213,16.46815177937675,2885.1361502347418,447.63849765258215,2876,436,2895,458,25.79246347581251,11.965709169104294,0.8007518796992481,0.0,0.0,0.0,0.0,0.0,0.0,0.0,0.0,1.0,0.0,0.0,0.0,0.0,0.0,0.0,0.0,0.0
3001,Quartz,1.0,145,13.58748446131949,2885.689655172414,1862.558620689655,2879,1856,2893,1870,14.711515851986523,12.72478385540256,0.9415584415584416,0.0,0.0,0.0,0.0,0.0,0.0,1.0,0.0,0.0,0.0,0.0,0.0,0.0,0.0,0.0,0.0,0.0
3002,Quartz,1.0,236,17.334489682638438,2886.258474576271,4315.3050847457625,2877,4308,2900,4325,20.60569016093281,16.86335624309822,0.7788778877887789,0.0,0.0,0.0,0.0,0.0,0.0,1.0,0.0,0.0,0.0,0.0,0.0,0.0,0.0,0.0,0.0,0.0
3003,Quartz,1.0,489,24.952237121658943,2884.1329243353784,530.3292433537832,2868,515,2902,543,38.45936611504176,18.242322422832757,0.7664576802507836,0.0,0.0,0.0,0.0,0.0,0.0,1.0,0.0,0.0,0.0,0.0,0.0,0.0,0.0,0.0,0.0,0.0
3004,Quartz,1.0,850,32.897623212397704,2884.2517647058826,4382.470588235294,2863,4367,2909,4399,43.684604227003476,26.26313102255568,0.8700102354145343,0.0,0.0,0.0,0.0,0.0,0.0,1.0,0.0,0.0,0.0,0.0,0.0,0.0,0.0,0.0,0.0,0.0
3005,Quartz,1.0,1407,42.32550105364819,2890.5152807391614,619.1151385927506,2868,594,2913,647,49.99173810852834,38.650684050867504,0.8821316614420063,0.0,0.0,0.0,0.0,0.0,0.0,1.0,0.0,0.0,0.0,0.0,0.0,0.0,0.0,0.0,0.0,0.0
3006,Quartz,1.0,761,31.127725479762553,2892.9908015768724,1072.9605781865966,2878,1054,2908,1097,47.937953252965215,21.40744232902424,0.8921453692848769,0.0,0.0,0.0,0.0,0.0,0.0,1.0,0.0,0.0,0.0,0.0,0.0,0.0,0.0,0.0,0.0,0.0
3007,Quartz,1.0,773,31.372187811504013,2891.974126778784,1274.8240620957308,2878,1255,2909,1294,38.923042941733584,27.295881311128312,0.8627232142857143,0.0,0.0,0.0,0.0,0.0,0.0,1.0,0.0,0.0,0.0,0.0,0.0,0.0,0.0,0.0,0.0,0.0
3008,Quartz,1.0,1347,41.41320642932957,2895.1002227171493,808.9665924276169,2866,781,2918,837,53.21234155724145,37.565337076972526,0.8168587022437841,0.0,0.0,0.0,0.0,0.0,0.0,1.0,0.0,0.0,0.0,0.0,0.0,0.0,0.0,0.0,0.0,0.0
3009,Quartz,1.0,809,32.09440436728413,2894.0148331273176,1320.9629171817057,2875,1305,2915,1337,36.50839696120018,30.065711837835025,0.845350052246604,0.0,0.0,0.0,0.0,0.0,0.0,1.0,0.0,0.0,0.0,0.0,0.0,0.0,0.0,0.0,0.0,0.0
3010,Quartz,1.0,689,29.618609797263055,2894.3076923076924,1403.6255442670538,2876,1387,2910,1425,33.779122354679444,29.85347623073273,0.7785310734463277,0.0,0.0,0.0,0.0,0.0,0.0,1.0,0.0,0.0,0.0,0.0,0.0,0.0,0.0,0.0,0.0,0.0
3011,Quartz,1.0,458,24.148368712786887,2891.711790393013,2772.2707423580787,2880,2757,2904,2787,32.02605433181792,19.750967749992537,0.8674242424242424,0.0,0.0,0.0,0.0,0.0,0.0,1.0,0.0,0.0,0.0,0.0,0.0,0.0,0.0,0.0,0.0,0.0
3012,Quartz,1.0,507,25.40733061895184,2898.9881656804732,1193.0059171597634,2883,1182,2918,1205,32.75694517618261,20.670932103073778,0.8863636363636364,0.0,0.0,0.0,0.0,0.0,0.0,1.0,0.0,0.0,0.0,0.0,0.0,0.0,0.0,0.0,0.0,0.0
3013,Quartz,1.0,952,34.815571898044055,2898.2888655462184,563.4737394957983,2881,546,2915,585,38.71019035560111,33.33391404955507,0.8568856885688569,0.0,0.0,0.0,0.0,0.0,0.0,1.0,0.0,0.0,0.0,0.0,0.0,0.0,0.0,0.0,0.0,0.0
3014,Quartz,1.0,1452,42.997021047456954,2901.7134986225897,1231.2837465564737,2874,1209,2930,1253,50.29698190476255,39.060283573250366,0.88,0.0,0.0,0.0,0.0,0.0,0.0,1.0,0.0,0.0,0.0,0.0,0.0,0.0,0.0,0.0,0.0,0.0
3015,Quartz,1.0,5759,85.63052340217128,2894.599583260983,2510.904844591075,2856,2452,2942,2569,107.43983526251169,75.83129663703309,0.8425749817117776,0.0,0.0,0.0,0.0,0.0,0.0,1.0,0.0,0.0,0.0,0.0,0.0,0.0,0.0,0.0,0.0,0.0
3016,Quartz,1.0,191,15.594510349620345,2899.9057591623036,669.6492146596859,2891,660,2909,679,18.960061983609982,15.223188124249438,0.7701612903225806,0.0,0.0,0.0,0.0,0.0,0.0,1.0,0.0,0.0,0.0,0.0,0.0,0.0,0.0,0.0,0.0,0.0
3017,Rutile,1.0,286,19.08262324195121,2898.916083916084,4292.751748251748,2884,4286,2914,4304,26.78513164484807,15.25368062306746,0.7835616438356164,0.0,0.0,1.0,0.0,0.0,0.0,0.0,0.0,0.0,0.0,0.0,0.0,0.0,0.0,0.0,0.0,0.0
3018,Quartz,1.0,958,34.92511251028815,2899.9937369519835,1786.3141962421712,2885,1761,2918,1814,51.29450464512213,24.738028747810677,0.8756855575868373,0.0,0.0,0.0,0.0,0.0,0.0,1.0,0.0,0.0,0.0,0.0,0.0,0.0,0.0,0.0,0.0,0.0
3019,Quartz,1.0,484,24.824341676101277,2911.396694214876,3861.285123966942,2890,3853,2936,3870,49.25353908200965,14.291737730068844,0.7768860353130016,0.0,0.0,0.0,0.0,0.0,0.0,1.0,0.0,0.0,0.0,0.0,0.0,0.0,0.0,0.0,0.0,0.0
3020,Quartz,1.0,120,12.360774464742066,2903.2,4070.6583333333333,2898,4063,2910,4080,16.282285924110813,10.39131306946938,0.8275862068965517,0.0,0.0,0.0,0.0,0.0,0.0,1.0,0.0,0.0,0.0,0.0,0.0,0.0,0.0,0.0,0.0,0.0
3021,Chromite,1.0,756,31.025297674958463,2903.2949735449733,3772.3531746031745,2887,3750,2920,3793,48.29266915584485,20.556454092588275,0.896797153024911,0.0,0.0,0.0,0.0,0.0,0.0,0.0,1.0,0.0,0.0,0.0,0.0,0.0,0.0,0.0,0.0,0.0
3022,Quartz,1.0,141,13.398760233979036,2909.7021276595747,3944.9078014184397,2903,3933,2918,3959,28.60361334884872,7.675672290280949,0.746031746031746,0.0,0.0,0.0,0.0,0.0,0.0,1.0,0.0,0.0,0.0,0.0,0.0,0.0,0.0,0.0,0.0,0.0
3023,Quartz,1.0,447,23.85661494212072,2908.8791946308725,389.19910514541385,2898,372,2921,406,34.303536139065514,18.515646081596056,0.8293135435992579,0.0,0.0,0.0,0.0,0.0,0.0,1.0,0.0,0.0,0.0,0.0,0.0,0.0,0.0,0.0,0.0,0.0
3024,Quartz,1.0,730,30.487126261041215,2907.9205479452053,3701.880821917808,2891,3682,2925,3719,33.768698689817086,33.62474452566945,0.7381193124368048,0.0,0.0,0.0,0.0,0.0,0.0,1.0,0.0,0.0,0.0,0.0,0.0,0.0,0.0,0.0,0.0,0.0
3025,Quartz,1.0,180,15.138795132120961,2912.238888888889,4093.9166666666665,2902,4086,2923,4102,20.510337694504347,12.299578362867063,0.7860262008733624,0.0,0.0,0.0,0.0,0.0,0.0,1.0,0.0,0.0,0.0,0.0,0.0,0.0,0.0,0.0,0.0,0.0
3026,Quartz,1.0,1598,45.106948383666904,2912.5951188986232,4199.937421777222,2883,4169,2935,4237,73.10140829795046,30.967571003291322,0.7918731417244796,0.0,0.0,0.0,0.0,0.0,0.0,1.0,0.0,0.0,0.0,0.0,0.0,0.0,0.0,0.0,0.0,0.0
3027,Quartz,1.0,1932,49.597366869908875,2911.6708074534163,735.0729813664597,2889,704,2935,773,62.917918780023754,44.06663544069157,0.8060075093867334,0.0,0.0,0.0,0.0,0.0,0.0,1.0,0.0,0.0,0.0,0.0,0.0,0.0,0.0,0.0,0.0,0.0
3028,Quartz,1.0,1227,39.525497104907416,2909.925020374898,1138.8280358598206,2889,1112,2931,1168,57.714733309965894,28.658114679774837,0.8218352310783658,0.0,0.0,0.0,0.0,0.0,0.0,1.0,0.0,0.0,0.0,0.0,0.0,0.0,0.0,0.0,0.0,0.0
3029,Orthoclase,1.0,1833,48.30991705125929,2928.025095471904,4272.132024004364,2898,4245,2966,4300,68.02290010944928,38.90245925502323,0.819400983459991,0.0,0.0,0.0,0.0,0.0,0.0,0.0,0.0,1.0,0.0,0.0,0.0,0.0,0.0,0.0,0.0,0.0
3030,Quartz,1.0,5684,85.07110891645098,2917.3464109781844,3626.606263194933,2876,3573,2959,3677,96.52579899812208,78.16310959008044,0.8821977339748565,0.0,0.0,0.0,0.0,0.0,0.0,1.0,0.0,0.0,0.0,0.0,0.0,0.0,0.0,0.0,0.0,0.0
3031,Quartz,1.0,104,11.507254783503184,2915.25,4065.4423076923076,2910,4060,2921,4072,13.071411201799439,10.73135023342941,0.8813559322033898,0.0,0.0,0.0,0.0,0.0,0.0,1.0,0.0,0.0,0.0,0.0,0.0,0.0,0.0,0.0,0.0,0.0
3032,Quartz,1.0,140,13.351162356249091,2914.292857142857,2355.042857142857,2903,2347,2922,2364,23.84898264848819,9.668585048298999,0.7329842931937173,0.0,0.0,0.0,0.0,0.0,0.0,1.0,0.0,0.0,0.0,0.0,0.0,0.0,0.0,0.0,0.0,0.0
3033,Chromite,1.0,1393,42.11439998166995,2911.5068198133526,4353.186647523331,2884,4333,2946,4374,61.02349923836171,30.358555302237058,0.9463315217391305,0.0,0.0,0.0,0.0,0.0,0.0,0.0,1.0,0.0,0.0,0.0,0.0,0.0,0.0,0.0,0.0,0.0
3034,Quartz,1.0,756,31.025297674958463,2917.154761904762,600.2671957671957,2902,583,2931,624,38.25141905728418,27.07859879772882,0.842809364548495,0.0,0.0,0.0,0.0,0.0,0.0,1.0,0.0,0.0,0.0,0.0,0.0,0.0,0.0,0.0,0.0,0.0
3035,Quartz,1.0,596,27.547246117573295,2919.9261744966443,1956.265100671141,2904,1940,2935,1969,32.21703801261193,28.97890576019048,0.7862796833773087,0.0,0.0,0.0,0.0,0.0,0.0,1.0,0.0,0.0,0.0,0.0,0.0,0.0,0.0,0.0,0.0,0.0
3036,Quartz,1.0,287,19.115955360352558,2918.8606271777003,1974.2160278745644,2905,1969,2933,1983,27.278190180092558,14.729606993355358,0.9258064516129032,0.0,0.0,0.0,0.0,0.0,0.0,1.0,0.0,0.0,0.0,0.0,0.0,0.0,0.0,0.0,0.0,0.0
3037,Quartz,1.0,324,20.310825007719227,2919.182098765432,2177.9598765432097,2908,2168,2931,2188,21.88688595735689,19.7043080900345,0.8975069252077562,0.0,0.0,0.0,0.0,0.0,0.0,1.0,0.0,0.0,0.0,0.0,0.0,0.0,0.0,0.0,0.0,0.0
3038,Quartz,1.0,1231,39.58987092134787,2918.5207148659624,2753.9333874898457,2897,2732,2944,2781,45.751202910358096,38.22245292040123,0.8045751633986928,0.0,0.0,0.0,0.0,0.0,0.0,1.0,0.0,0.0,0.0,0.0,0.0,0.0,0.0,0.0,0.0,0.0
3039,Quartz,1.0,226,16.96325844612841,2921.5575221238937,285.35840707964604,2911,277,2932,296,24.47893043173456,12.093343428746063,0.8968253968253969,0.0,0.0,0.0,0.0,0.0,0.0,1.0,0.0,0.0,0.0,0.0,0.0,0.0,0.0,0.0,0.0,0.0
3040,Quartz,1.0,715,30.172276587716105,2925.86013986014,633.9580419580419,2913,614,2942,654,40.35819949175965,23.436966007229007,0.89937106918239,0.0,0.0,0.0,0.0,0.0,0.0,1.0,0.0,0.0,0.0,0.0,0.0,0.0,0.0,0.0,0.0,0.0
3041,Quartz,1.0,772,31.35188875547286,2918.2396373056995,1835.8911917098446,2900,1817,2938,1854,42.31079724519753,24.654379956237225,0.8230277185501066,0.0,0.0,0.0,0.0,0.0,0.0,1.0,0.0,0.0,0.0,0.0,0.0,0.0,0.0,0.0,0.0,0.0
3042,Quartz,1.0,2064,51.26369495396695,2924.077034883721,3825.9932170542634,2893,3798,2948,3858,61.45813937774237,49.41301831865462,0.8543046357615894,0.0,0.0,0.0,0.0,0.0,0.0,1.0,0.0,0.0,0.0,0.0,0.0,0.0,0.0,0.0,0.0,0.0
3043,Quartz,1.0,470,24.462677409178383,2922.0829787234043,24.029787234042555,2909,11,2934,44,32.0363372739565,20.426927532097977,0.8231173380035026,0.0,0.0,0.0,0.0,0.0,0.0,1.0,0.0,0.0,0.0,0.0,0.0,0.0,0.0,0.0,0.0,0.0
3044,Orthoclase,1.0,710,30.066594033278285,2921.8042253521126,333.6,2902,317,2938,348,38.298211181153235,25.19513650846659,0.9366754617414248,0.0,0.0,0.0,0.0,0.0,0.0,0.0,0.0,1.0,0.0,0.0,0.0,0.0,0.0,0.0,0.0,0.0
3045,Quartz,1.0,376,21.880083839428522,2928.5877659574467,3101.0079787234044,2918,3089,2940,3116,26.690911366856007,20.71135794040906,0.7899159663865546,0.0,0.0,0.0,0.0,0.0,0.0,1.0,0.0,0.0,0.0,0.0,0.0,0.0,0.0,0.0,0.0,0.0
3046,Quartz,1.0,277,18.77997214831907,2929.2274368231047,2235.6137184115523,2917,2228,2942,2245,24.25736953579399,15.176113669264813,0.8549382716049383,0.0,0.0,0.0,0.0,0.0,0.0,1.0,0.0,0.0,0.0,0.0,0.0,0.0,0.0,0.0,0.0,0.0
3047,Quartz,1.0,2623,57.790200949990925,2931.149065955013,437.70644300419366,2905,406,2964,472,62.66991989325503,55.68557518437076,0.8642504118616144,0.0,0.0,0.0,0.0,0.0,0.0,1.0,0.0,0.0,0.0,0.0,0.0,0.0,0.0,0.0,0.0,0.0
3048,Quartz,1.0,217,16.622063085174787,2928.9953917050693,549.479262672811,2921,539,2938,559,20.61017811130017,15.109019236022863,0.8314176245210728,0.0,0.0,0.0,0.0,0.0,0.0,1.0,0.0,0.0,0.0,0.0,0.0,0.0,0.0,0.0,0.0,0.0
3049,Quartz,1.0,100,11.283791670955125,2931.43,1554.7,2928,1546,2938,1562,16.31094401083451,8.842777022826136,0.8928571428571429,0.0,0.0,0.0,0.0,0.0,0.0,1.0,0.0,0.0,0.0,0.0,0.0,0.0,0.0,0.0,0.0,0.0
3050,Quartz,1.0,809,32.09440436728413,2937.7379480840546,1310.8059332509272,2915,1297,2961,1329,43.636353953166676,25.037853485404405,0.9039106145251397,0.0,0.0,0.0,0.0,0.0,0.0,1.0,0.0,0.0,0.0,0.0,0.0,0.0,0.0,0.0,0.0,0.0
3051,Quartz,1.0,3577,67.48613080861635,2940.484763768521,3513.625104836455,2908,3471,2974,3557,90.75042489157516,55.175750533751945,0.8673617846750727,0.0,0.0,0.0,0.0,0.0,0.0,1.0,0.0,0.0,0.0,0.0,0.0,0.0,0.0,0.0,0.0,0.0
3052,Chromite,1.0,2510,56.531683658681686,2929.892828685259,3751.8426294820715,2898,3722,2961,3783,67.20031236794011,50.796870599146494,0.8549046321525886,0.0,0.0,0.0,0.0,0.0,0.0,0.0,1.0,0.0,0.0,0.0,0.0,0.0,0.0,0.0,0.0,0.0
3053,Quartz,1.0,328,20.435815879801165,2936.442073170732,4336.4786585365855,2924,4323,2948,4351,25.748987028080535,19.74599456026669,0.7540229885057471,0.0,0.0,0.0,0.0,0.0,0.0,1.0,0.0,0.0,0.0,0.0,0.0,0.0,0.0,0.0,0.0,0.0
3054,Quartz,1.0,3502,66.77488214637701,2939.1624785836666,119.27698458023987,2895,89,2990,160,90.7921980107173,57.022659936196256,0.7411640211640211,0.0,0.0,0.0,0.0,0.0,0.0,1.0,0.0,0.0,0.0,0.0,0.0,0.0,0.0,0.0,0.0,0.0
3055,Orthoclase,1.0,1570,44.710022201226934,2929.2464968152867,969.1726114649681,2902,948,2959,995,56.07010118923514,38.965336057001664,0.8311275807305453,0.0,0.0,0.0,0.0,0.0,0.0,0.0,0.0,1.0,0.0,0.0,0.0,0.0,0.0,0.0,0.0,0.0
3056,Quartz,1.0,1205,39.16955005365611,2937.658091286307,1199.377593360996,2920,1163,2951,1229,61.56437875810105,28.671484759762855,0.8613295210864903,0.0,0.0,0.0,0.0,0.0,0.0,1.0,0.0,0.0,0.0,0.0,0.0,0.0,0.0,0.0,0.0,0.0
3057,Quartz,1.0,972,35.17938085701024,2930.4166666666665,2682.0246913580245,2913,2663,2951,2706,42.14877513529132,31.45631584544563,0.8466898954703833,0.0,0.0,0.0,0.0,0.0,0.0,1.0,0.0,0.0,0.0,0.0,0.0,0.0,0.0,0.0,0.0,0.0
3058,Quartz,1.0,12149,124.37277527251489,2938.8743929541524,1489.6737180014816,2864,1415,3025,1545,148.83594940858617,117.23918403640342,0.9001926496739775,0.0,0.0,0.0,0.0,0.0,0.0,1.0,0.0,0.0,0.0,0.0,0.0,0.0,0.0,0.0,0.0,0.0
3059,Quartz,1.0,864,33.16743834924821,2930.9236111111113,1603.7696759259259,2906,1587,2952,1623,48.5993861775148,27.046429782090215,0.7897623400365631,0.0,0.0,0.0,0.0,0.0,0.0,1.0,0.0,0.0,0.0,0.0,0.0,0.0,0.0,0.0,0.0,0.0
3060,Quartz,1.0,668,29.163744887841286,2937.5269461077846,2780.002994011976,2916,2765,2960,2797,49.19503826029448,17.94280452131107,0.8597168597168597,0.0,0.0,0.0,0.0,0.0,0.0,1.0,0.0,0.0,0.0,0.0,0.0,0.0,0.0,0.0,0.0,0.0
3061,Quartz,1.0,807,32.05470811910906,2934.815365551425,4405.614622057001,2916,4383,2956,4426,50.96087494215719,21.565912783565345,0.8168016194331984,0.0,0.0,0.0,0.0,0.0,0.0,1.0,0.0,0.0,0.0,0.0,0.0,0.0,0.0,0.0,0.0,0.0
3062,Quartz,1.0,535,26.099485750361293,2948.977570093458,4231.970093457944,2931,4217,2968,4244,35.3799630608427,22.357594280384046,0.8008982035928144,0.0,0.0,0.0,0.0,0.0,0.0,1.0,0.0,0.0,0.0,0.0,0.0,0.0,0.0,0.0,0.0,0.0
3063,Quartz,1.0,715,30.172276587716105,2942.369230769231,359.85174825174823,2928,342,2959,378,33.34450163802739,28.21248160966265,0.8971141781681304,0.0,0.0,0.0,0.0,0.0,0.0,1.0,0.0,0.0,0.0,0.0,0.0,0.0,0.0,0.0,0.0,0.0
3064,Quartz,1.0,1805,47.93951791838304,2945.9041551246537,4056.664265927978,2923,4029,2975,4092,66.97961525429128,37.32005863947684,0.8591147072822466,0.0,0.0,0.0,0.0,0.0,0.0,1.0,0.0,0.0,0.0,0.0,0.0,0.0,0.0,0.0,0.0,0.0
3065,Quartz,1.0,1723,46.837930521946475,2945.8380731282646,3151.336622170633,2920,3125,2970,3182,60.62105289288703,38.72254863060778,0.8487684729064039,0.0,0.0,0.0,0.0,0.0,0.0,1.0,0.0,0.0,0.0,0.0,0.0,0.0,0.0,0.0,0.0,0.0
3066,Quartz,1.0,5525,83.87281135541943,2943.244343891403,4578.595837104072,2896,4533,2994,4614,94.08161811241486,80.81020577739001,0.8958975190530242,0.0,0.0,0.0,0.0,0.0,0.0,1.0,0.0,0.0,0.0,0.0,0.0,0.0,0.0,0.0,0.0,0.0
3067,Quartz,1.0,665,29.098183744847088,2947.3714285714286,254.21804511278197,2924,237,2966,268,44.227218995656244,21.689506179079075,0.8260869565217391,0.0,0.0,0.0,0.0,0.0,0.0,1.0,0.0,0.0,0.0,0.0,0.0,0.0,0.0,0.0,0.0,0.0
3068,Quartz,1.0,1617,45.37431370100002,2944.5689548546693,2325.9239332096477,2927,2296,2968,2352,56.33544915685524,38.21132323532983,0.9033519553072625,0.0,0.0,0.0,0.0,0.0,0.0,1.0,0.0,0.0,0.0,0.0,0.0,0.0,0.0,0.0,0.0,0.0
3069,Orthoclase,1.0,317,20.090219901261573,2947.5362776025236,1777.9684542586751,2940,1767,2958,1791,25.212232713773663,17.012994712935427,0.8805555555555555,0.0,0.0,0.0,0.0,0.0,0.0,0.0,0.0,1.0,0.0,0.0,0.0,0.0,0.0,0.0,0.0,0.0
3071,Orthoclase,1.0,1031,36.23133961947795,2950.7710960232785,2809.1483996120273,2932,2789,2971,2838,43.246653750323816,34.33673680658066,0.8254603682946358,0.0,0.0,0.0,0.0,0.0,0.0,0.0,0.0,1.0,0.0,0.0,0.0,0.0,0.0,0.0,0.0,0.0
3072,Quartz,1.0,608,27.823185353208192,2948.0378289473683,300.88651315789474,2936,278,2960,323,49.11129100439593,17.497654719241176,0.8150134048257373,0.0,0.0,0.0,0.0,0.0,0.0,1.0,0.0,0.0,0.0,0.0,0.0,0.0,0.0,0.0,0.0,0.0
3073,Orthoclase,1.0,648,28.723844188903154,2950.5123456790125,1640.8302469135801,2933,1627,2968,1656,32.29135143785316,26.290216740628072,0.9037656903765691,0.0,0.0,0.0,0.0,0.0,0.0,0.0,0.0,1.0,0.0,0.0,0.0,0.0,0.0,0.0,0.0,0.0
3074,Quartz,0.8538283062645011,431,23.42576026046658,2947.6380510440836,1934.9907192575406,2932,1923,2964,1947,30.178063153424937,20.955460600789127,0.8434442270058709,0.0,0.0,0.0,0.0,0.0,0.0,0.8538283062645011,0.0,0.14617169373549885,0.0,0.0,0.0,0.0,0.0,0.0,0.0,0.0
3076,Quartz,1.0,917,34.16958680642984,2949.8942202835333,1854.73173391494,2936,1831,2967,1877,45.05819948667319,27.683375420801,0.875,0.0,0.0,0.0,0.0,0.0,0.0,1.0,0.0,0.0,0.0,0.0,0.0,0.0,0.0,0.0,0.0,0.0
3077,Quartz,0.9060240963855422,415,22.98683125324351,2954.9951807228917,1949.110843373494,2940,1939,2972,1961,30.78030352937705,18.281864384875732,0.8609958506224067,0.0,0.0,0.0,0.0,0.0,0.0,0.9060240963855422,0.0,0.09397590361445783,0.0,0.0,0.0,0.0,0.0,0.0,0.0,0.0
3078,Quartz,1.0,4672,77.12700663841869,2924.8390410958905,4479.167594178082,2873,4445,2982,4517,101.54719868738948,61.42718522648489,0.8866957676978554,0.0,0.0,0.0,0.0,0.0,0.0,1.0,0.0,0.0,0.0,0.0,0.0,0.0,0.0,0.0,0.0,0.0
3080,Quartz,1.0,2579,57.30344479934853,2965.4769290422646,4517.043427685149,2926,4485,3001,4546,72.79331583089584,50.770590252315564,0.8400651465798046,0.0,0.0,0.0,0.0,0.0,0.0,1.0,0.0,0.0,0.0,0.0,0.0,0.0,0.0,0.0,0.0,0.0
3081,Quartz,1.0,1319,40.9805192683753,2956.235784685368,717.6937073540561,2939,692,2980,747,51.24146419177107,36.025566337344024,0.8504190844616376,0.0,0.0,0.0,0.0,0.0,0.0,1.0,0.0,0.0,0.0,0.0,0.0,0.0,0.0,0.0,0.0,0.0
3082,Quartz,1.0,2666,58.261965520088175,2943.7415603900977,2001.5682670667668,2914,1966,2980,2044,91.19453672400034,40.23946382849905,0.8542133931432233,0.0,0.0,0.0,0.0,0.0,0.0,1.0,0.0,0.0,0.0,0.0,0.0,0.0,0.0,0.0,0.0,0.0
3083,Quartz,1.0,473,24.54062559633988,2958.9936575052852,4390.002114164905,2946,4374,2972,4408,34.997049237335816,19.106486803837946,0.8615664845173042,0.0,0.0,0.0,0.0,0.0,0.0,1.0,0.0,0.0,0.0,0.0,0.0,0.0,0.0,0.0,0.0,0.0
3084,Quartz,1.0,551,26.486883341553696,2958.3248638838477,382.04900181488205,2943,371,2978,399,32.633022227510246,23.508299884926647,0.837386018237082,0.0,0.0,0.0,0.0,0.0,0.0,1.0,0.0,0.0,0.0,0.0,0.0,0.0,0.0,0.0,0.0,0.0
3085,Quartz,1.0,777,31.453253031430968,2947.7310167310166,1102.111969111969,2934,1082,2961,1122,38.95547215673182,27.028579488770557,0.8799546998867497,0.0,0.0,0.0,0.0,0.0,0.0,1.0,0.0,0.0,0.0,0.0,0.0,0.0,0.0,0.0,0.0,0.0
3086,Quartz,1.0,679,29.40288507740653,2960.00441826215,2907.6111929307804,2941,2895,2980,2922,40.67876044689958,24.13823632165994,0.8092967818831943,0.0,0.0,0.0,0.0,0.0,0.0,1.0,0.0,0.0,0.0,0.0,0.0,0.0,0.0,0.0,0.0,0.0
3087,Quartz,1.0,355,21.260292528114064,2951.6957746478874,4014.1605633802815,2935,4004,2967,4026,30.992383202160752,16.745021535835225,0.8105022831050228,0.0,0.0,0.0,0.0,0.0,0.0,1.0,0.0,0.0,0.0,0.0,0.0,0.0,0.0,0.0,0.0,0.0
3088,Quartz,1.0,1746,47.149509489575756,2960.183848797251,2169.3413516609394,2927,2148,2999,2194,66.04069105684633,37.676348107467206,0.8220338983050848,0.0,0.0,0.0,0.0,0.0,0.0,1.0,0.0,0.0,0.0,0.0,0.0,0.0,0.0,0.0,0.0,0.0
3089,Quartz,1.0,932,34.44792091974742,2974.315450643777,1110.128755364807,2958,1085,3001,1129,50.030679647333685,27.351171395761817,0.8306595365418895,0.0,0.0,0.0,0.0,0.0,0.0,1.0,0.0,0.0,0.0,0.0,0.0,0.0,0.0,0.0,0.0,0.0
3090,Quartz,1.0,392,22.34076770248023,2962.5408163265306,3064.168367346939,2953,3049,2974,3081,28.670169156378787,18.478624172679595,0.8412017167381974,0.0,0.0,0.0,0.0,0.0,0.0,1.0,0.0,0.0,0.0,0.0,0.0,0.0,0.0,0.0,0.0,0.0
3091,Orthoclase,1.0,218,16.66031874701878,2964.1605504587155,1777.9449541284403,2957,1768,2975,1789,22.772463735245804,14.389083868748145,0.734006734006734,0.0,0.0,0.0,0.0,0.0,0.0,0.0,0.0,1.0,0.0,0.0,0.0,0.0,0.0,0.0,0.0,0.0
3092,Quartz,1.0,575,27.05758189903005,2967.664347826087,4204.114782608695,2951,4192,2987,4217,35.42801719083294,21.315283941225005,0.8846153846153846,0.0,0.0,0.0,0.0,0.0,0.0,1.0,0.0,0.0,0.0,0.0,0.0,0.0,0.0,0.0,0.0,0.0
3093,Quartz,1.0,1616,45.36028113109555,2960.1225247524753,3923.1726485148515,2936,3900,2983,3949,49.494615656558445,43.73560937700013,0.9027932960893855,0.0,0.0,0.0,0.0,0.0,0.0,1.0,0.0,0.0,0.0,0.0,0.0,0.0,0.0,0.0,0.0,0.0
3094,Quartz,1.0,1139,38.08175207961617,2966.7655838454784,2853.046532045654,2946,2833,2991,2875,42.832724897617574,36.303538285951916,0.8622255866767601,0.0,0.0,0.0,0.0,0.0,0.0,1.0,0.0,0.0,0.0,0.0,0.0,0.0,0.0,0.0,0.0,0.0
3095,Quartz,1.0,2660,58.196367489694175,2970.9296992481204,3855.9936090225565,2943,3809,2996,3895,85.74908226706243,44.26212220921538,0.8152007355194606,0.0,0.0,0.0,0.0,0.0,0.0,1.0,0.0,0.0,0.0,0.0,0.0,0.0,0.0,0.0,0.0,0.0
3096,Quartz,1.0,2256,53.595040935916145,2964.4929078014184,2574.385195035461,2919,2545,2999,2617,97.07872286582244,38.50604566601312,0.7107750472589792,0.0,0.0,0.0,0.0,0.0,0.0,1.0,0.0,0.0,0.0,0.0,0.0,0.0,0.0,0.0,0.0,0.0
3097,Quartz,1.0,134,13.061933202803933,2971.5149253731342,4343.455223880597,2966,4335,2978,4355,20.402684434193272,9.95778648916414,0.7701149425287356,0.0,0.0,0.0,0.0,0.0,0.0,1.0,0.0,0.0,0.0,0.0,0.0,0.0,0.0,0.0,0.0,0.0
3098,Quartz,1.0,662,29.03247455203703,2970.1253776435046,195.97432024169186,2955,174,2989,213,32.46208644490564,29.353030957903282,0.7985524728588661,0.0,0.0,0.0,0.0,0.0,0.0,1.0,0.0,0.0,0.0,0.0,0.0,0.0,0.0,0.0,0.0,0.0
3099,Quartz,1.0,1005,35.77157729900708,2974.2348258706465,1296.931343283582,2957,1275,2994,1320,46.71561475083377,29.404184486478762,0.8271604938271605,0.0,0.0,0.0,0.0,0.0,0.0,1.0,0.0,0.0,0.0,0.0,0.0,0.0,0.0,0.0,0.0,0.0
3100,Quartz,1.0,1618,45.38834193249951,2972.6705809641535,4304.938195302843,2951,4277,2996,4333,54.21097688839642,40.475792505684915,0.9105233539673607,0.0,0.0,0.0,0.0,0.0,0.0,1.0,0.0,0.0,0.0,0.0,0.0,0.0,0.0,0.0,0.0,0.0
3101,Quartz,1.0,348,21.049640414216977,2977.712643678161,1641.1350574712644,2967,1627,2988,1661,33.921749413384475,15.754606851396298,0.7326315789473684,0.0,0.0,0.0,0.0,0.0,0.0,1.0,0.0,0.0,0.0,0.0,0.0,0.0,0.0,0.0,0.0,0.0
3102,Quartz,1.0,4472,75.45811582630226,2974.87969588551,1183.8088103756709,2950,1127,3005,1243,111.7433036296462,52.45363020845899,0.9133986928104575,0.0,0.0,0.0,0.0,0.0,0.0,1.0,0.0,0.0,0.0,0.0,0.0,0.0,0.0,0.0,0.0,0.0
3103,Quartz,1.0,581,27.19838553096727,2975.1876075731498,2288.693631669535,2957,2277,2995,2302,39.099118264931086,19.591425899693526,0.8723723723723724,0.0,0.0,0.0,0.0,0.0,0.0,1.0,0.0,0.0,0.0,0.0,0.0,0.0,0.0,0.0,0.0,0.0
3104,Quartz,1.0,8735,105.45969572903975,2972.481396680023,3410.3491700057243,2921,3337,3031,3468,124.25606369742346,96.34431535355901,0.8641669964384646,0.0,0.0,0.0,0.0,0.0,0.0,1.0,0.0,0.0,0.0,0.0,0.0,0.0,0.0,0.0,0.0,0.0
3106,Quartz,1.0,225,16.925687506432688,2982.3555555555554,2614.5377777777776,2968,2606,3001,2625,37.990705396837235,8.513171334277953,0.7867132867132867,0.0,0.0,0.0,0.0,0.0,0.0,1.0,0.0,0.0,0.0,0.0,0.0,0.0,0.0,0.0,0.0,0.0
3107,Quartz,1.0,3469,66.45952136967493,2960.4765061977514,3216.2069760737963,2922,3174,3005,3257,93.62187048140039,59.803514887637604,0.7577544779379641,0.0,0.0,0.0,0.0,0.0,0.0,1.0,0.0,0.0,0.0,0.0,0.0,0.0,0.0,0.0,0.0,0.0
3108,Quartz,1.0,368,21.646065519224038,2976.209239130435,792.8586956521739,2958,786,2994,802,36.160446347512966,14.895650838398662,0.7896995708154506,0.0,0.0,0.0,0.0,0.0,0.0,1.0,0.0,0.0,0.0,0.0,0.0,0.0,0.0,0.0,0.0,0.0
3109,Orthoclase,1.0,1405,42.295408265589586,2985.417081850534,316.99572953736657,2958,299,3021,340,65.36731212620212,29.17705078144689,0.8971902937420179,0.0,0.0,0.0,0.0,0.0,0.0,0.0,0.0,1.0,0.0,0.0,0.0,0.0,0.0,0.0,0.0,0.0
3110,Quartz,0.9863568215892053,6670,92.15480325725586,2978.3455772113944,517.1673163418291,2928,465,3019,586,107.79960332177443,86.12573629282095,0.8768239779150783,0.0,0.0,0.0,0.0,0.0,0.0,0.9863568215892053,0.0,0.0,0.0,0.0,0.0,0.0,0.0,0.0,0.0,0.013643178410794602
3111,Orthoclase,1.0,1091,37.2706901372387,2982.2190650779103,1927.6168652612282,2965,1905,3003,1947,45.36589287438385,32.12538177494221,0.885551948051948,0.0,0.0,0.0,0.0,0.0,0.0,0.0,0.0,1.0,0.0,0.0,0.0,0.0,0.0,0.0,0.0,0.0
3112,Quartz,1.0,1429,42.65512055341712,2975.666200139958,1745.6494051784464,2937,1726,3006,1771,69.93138677750805,33.08980195142665,0.7173694779116466,0.0,0.0,0.0,0.0,0.0,0.0,1.0,0.0,0.0,0.0,0.0,0.0,0.0,0.0,0.0,0.0,0.0
3113,Quartz,1.0,941,34.61384710770804,2982.4282678002123,765.4580233793837,2964,746,3003,784,38.01930555988725,33.449233392123645,0.8577939835916135,0.0,0.0,0.0,0.0,0.0,0.0,1.0,0.0,0.0,0.0,0.0,0.0,0.0,0.0,0.0,0.0,0.0
3114,Quartz,1.0,150,13.81976597885342,2984.766666666667,882.8466666666667,2978,874,2992,891,15.242227583965716,13.097603192558012,0.872093023255814,0.0,0.0,0.0,0.0,0.0,0.0,1.0,0.0,0.0,0.0,0.0,0.0,0.0,0.0,0.0,0.0,0.0
3115,Quartz,1.0,7349,96.73178078717827,2986.0668118111307,2414.738603891686,2944,2361,3034,2485,126.23565155490049,81.85960049654804,0.8218519346902259,0.0,0.0,0.0,0.0,0.0,0.0,1.0,0.0,0.0,0.0,0.0,0.0,0.0,0.0,0.0,0.0,0.0
3116,Quartz,1.0,1488,43.52677845379694,2985.621639784946,670.3333333333334,2967,644,3009,705,62.12056549043473,33.55991861435724,0.8546812176909822,0.0,0.0,0.0,0.0,0.0,0.0,1.0,0.0,0.0,0.0,0.0,0.0,0.0,0.0,0.0,0.0,0.0
3117,Quartz,1.0,726,30.403485153477522,2988.785123966942,2309.162534435262,2969,2295,3012,2324,44.16193915546881,21.933778270349364,0.8581560283687943,0.0,0.0,0.0,0.0,0.0,0.0,1.0,0.0,0.0,0.0,0.0,0.0,0.0,0.0,0.0,0.0,0.0
3118,Quartz,1.0,1912,49.339983882583816,2986.074267782427,3026.4717573221756,2958,3000,3010,3053,52.510871469396875,48.46200513074777,0.8811059907834101,0.0,0.0,0.0,0.0,0.0,0.0,1.0,0.0,0.0,0.0,0.0,0.0,0.0,0.0,0.0,0.0,0.0
3119,Quartz,1.0,1018,36.00219238519226,2988.41257367387,4258.335952848723,2965,4241,3017,4276,47.04985323017105,30.06943643315835,0.8316993464052288,0.0,0.0,0.0,0.0,0.0,0.0,1.0,0.0,0.0,0.0,0.0,0.0,0.0,0.0,0.0,0.0,0.0
3120,Quartz,1.0,753,30.96367835360614,2985.277556440903,171.25099601593627,2971,151,3000,189,36.74959152946167,27.554072968824006,0.8827667057444314,0.0,0.0,0.0,0.0,0.0,0.0,1.0,0.0,0.0,0.0,0.0,0.0,0.0,0.0,0.0,0.0,0.0
3121,Quartz,1.0,3182,63.650987669849144,3004.1307353865495,1050.8318667504714,2962,1026,3048,1078,89.94245672974722,48.542109965575854,0.8544575725026853,0.0,0.0,0.0,0.0,0.0,0.0,1.0,0.0,0.0,0.0,0.0,0.0,0.0,0.0,0.0,0.0,0.0
3122,Quartz,1.0,625,28.209479177387816,2989.5856,2124.2816,2976,2109,3005,2141,33.07681018793305,24.938857493306475,0.8692628650904033,0.0,0.0,0.0,0.0,0.0,0.0,1.0,0.0,0.0,0.0,0.0,0.0,0.0,0.0,0.0,0.0,0.0
3123,Quartz,1.0,7748,99.32300837473683,2990.6677852348994,2711.844217862674,2941,2656,3052,2763,105.41804231365089,98.17097814431347,0.9157310010637041,0.0,0.0,0.0,0.0,0.0,0.0,1.0,0.0,0.0,0.0,0.0,0.0,0.0,0.0,0.0,0.0,0.0
3124,Quartz,1.0,774,31.39247374172695,2988.687338501292,2809.6201550387595,2977,2788,3002,2836,46.02070046727589,23.829286625587105,0.8054110301768991,0.0,0.0,0.0,0.0,0.0,0.0,1.0,0.0,0.0,0.0,0.0,0.0,0.0,0.0,0.0,0.0,0.0
3125,Quartz,1.0,806,32.03484154879717,2991.426799007444,3077.1352357320097,2975,3058,3010,3099,41.486593770081605,28.280460252245,0.7742555235350624,0.0,0.0,0.0,0.0,0.0,0.0,1.0,0.0,0.0,0.0,0.0,0.0,0.0,0.0,0.0,0.0,0.0
3126,Quartz,1.0,1209,39.23450789273152,2991.5020678246483,54.488833746898266,2971,20,3006,86,67.02254508300433,27.964284384098228,0.6896748431260696,0.0,0.0,0.0,0.0,0.0,0.0,1.0,0.0,0.0,0.0,0.0,0.0,0.0,0.0,0.0,0.0,0.0
3127,Quartz,1.0,877,33.416030295843605,2992.4047890535917,1869.6225769669327,2976,1853,3011,1892,40.324180473475536,28.68841969220609,0.9154488517745303,0.0,0.0,0.0,0.0,0.0,0.0,1.0,0.0,0.0,0.0,0.0,0.0,0.0,0.0,0.0,0.0,0.0
3128,Quartz,1.0,996,35.61104585035691,2995.8303212851406,2340.2319277108436,2977,2323,3021,2360,40.50423327635724,33.06919607731946,0.8698689956331878,0.0,0.0,0.0,0.0,0.0,0.0,1.0,0.0,0.0,0.0,0.0,0.0,0.0,0.0,0.0,0.0,0.0
3129,Quartz,1.0,5096,80.5507834845223,2994.3916797488228,947.7341051805338,2960,899,3038,1004,99.65915245424955,68.5001439459242,0.9016277423920736,0.0,0.0,0.0,0.0,0.0,0.0,1.0,0.0,0.0,0.0,0.0,0.0,0.0,0.0,0.0,0.0,0.0
3130,Quartz,1.0,1297,40.63731892634535,2996.8380878951425,4341.285273708559,2976,4319,3017,4367,46.08902858917329,37.87796037790664,0.8745785569790965,0.0,0.0,0.0,0.0,0.0,0.0,1.0,0.0,0.0,0.0,0.0,0.0,0.0,0.0,0.0,0.0,0.0
3131,Quartz,1.0,1697,46.48319596817296,3006.7371832645845,1441.078962875663,2977,1411,3035,1465,59.33118455085545,41.92246490697314,0.814299424184261,0.0,0.0,0.0,0.0,0.0,0.0,1.0,0.0,0.0,0.0,0.0,0.0,0.0,0.0,0.0,0.0,0.0
3132,Quartz,1.0,943,34.65061169280073,2992.3997879109224,1578.3806998939554,2977,1554,3011,1603,47.69279730511813,27.217111268402906,0.8580527752502275,0.0,0.0,0.0,0.0,0.0,0.0,1.0,0.0,0.0,0.0,0.0,0.0,0.0,0.0,0.0,0.0,0.0
3133,Quartz,1.0,623,28.16430784468183,2999.921348314607,4394.817014446228,2983,4379,3024,4410,32.9040305819777,28.17036864188078,0.7128146453089245,0.0,0.0,0.0,0.0,0.0,0.0,1.0,0.0,0.0,0.0,0.0,0.0,0.0,0.0,0.0,0.0,0.0
3134,Quartz,1.0,817,32.252700786889584,3010.1664626682987,1563.8531211750305,2992,1545,3025,1586,43.51280370143855,24.879767471781513,0.8899782135076253,0.0,0.0,0.0,0.0,0.0,0.0,1.0,0.0,0.0,0.0,0.0,0.0,0.0,0.0,0.0,0.0,0.0
3135,Quartz,1.0,1019,36.01987085047822,3010.549558390579,337.72325809617274,2984,319,3035,359,48.93214225701976,30.00130869107864,0.845643153526971,0.0,0.0,0.0,0.0,0.0,0.0,1.0,0.0,0.0,0.0,0.0,0.0,0.0,0.0,0.0,0.0,0.0
3136,Quartz,1.0,7421,97.20447860813638,3009.0202129093113,2052.9163185554507,2952,1997,3058,2109,106.31960342866059,94.81111888496017,0.8826117982873454,0.0,0.0,0.0,0.0,0.0,0.0,1.0,0.0,0.0,0.0,0.0,0.0,0.0,0.0,0.0,0.0,0.0
3137,Quartz,1.0,2746,59.12965237376892,3000.384195193008,1685.6270939548433,2961,1637,3034,1728,100.1953431036787,38.38275568902012,0.8097906222353288,0.0,0.0,0.0,0.0,0.0,0.0,1.0,0.0,0.0,0.0,0.0,0.0,0.0,0.0,0.0,0.0,0.0
3138,Quartz,1.0,1361,41.62786350972815,3009.2064658339455,3115.7905951506245,2983,3095,3037,3141,50.16574115692887,36.8288741345078,0.9025198938992043,0.0,0.0,0.0,0.0,0.0,0.0,1.0,0.0,0.0,0.0,0.0,0.0,0.0,0.0,0.0,0.0,0.0
3139,Quartz,1.0,398,22.511093682995384,3010.072864321608,284.2110552763819,2998,271,3020,299,28.536739455184055,20.08856172001351,0.8414376321353065,0.0,0.0,0.0,0.0,0.0,0.0,1.0,0.0,0.0,0.0,0.0,0.0,0.0,0.0,0.0,0.0,0.0
3140,Quartz,1.0,492,25.028660691489268,3009.790650406504,1396.4634146341464,2994,1377,3022,1412,33.67526644583168,22.036594598957745,0.8078817733990148,0.0,0.0,0.0,0.0,0.0,0.0,1.0,0.0,0.0,0.0,0.0,0.0,0.0,0.0,0.0,0.0,0.0
3141,Quartz,1.0,189,15.512648837479231,3010.708994708995,4288.671957671958,3003,4279,3019,4300,19.993243487806293,14.556143443612866,0.7590361445783133,0.0,0.0,0.0,0.0,0.0,0.0,1.0,0.0,0.0,0.0,0.0,0.0,0.0,0.0,0.0,0.0,0.0
3143,Quartz,1.0,2764,59.323132938576244,3016.8947178002895,2887.6038350217077,2984,2854,3063,2917,72.43955660421702,56.375717854477166,0.8041897003200466,0.0,0.0,0.0,0.0,0.0,0.0,1.0,0.0,0.0,0.0,0.0,0.0,0.0,0.0,0.0,0.0,0.0
3144,Quartz,1.0,1472,43.292131038448076,3016.7697010869565,4188.344429347826,2991,4163,3051,4208,59.91680186624169,34.5242784089047,0.842587292501431,0.0,0.0,0.0,0.0,0.0,0.0,1.0,0.0,0.0,0.0,0.0,0.0,0.0,0.0,0.0,0.0,0.0
3145,Orthoclase,1.0,586,27.315167457198672,3012.6723549488056,841.3464163822525,2996,826,3032,857,40.00555851098723,20.423824711776707,0.8407460545193687,0.0,0.0,0.0,0.0,0.0,0.0,0.0,0.0,1.0,0.0,0.0,0.0,0.0,0.0,0.0,0.0,0.0
3146,Quartz,1.0,1058,36.70268979693181,3015.695652173913,1101.6058601134216,2995,1080,3033,1129,50.374800409878056,28.207303623145936,0.8913226621735467,0.0,0.0,0.0,0.0,0.0,0.0,1.0,0.0,0.0,0.0,0.0,0.0,0.0,0.0,0.0,0.0,0.0
3147,Orthoclase,1.0,515,25.60699837034026,3020.0252427184464,825.8252427184466,3005,814,3034,840,30.620490576265333,22.328512001195637,0.8910034602076125,0.0,0.0,0.0,0.0,0.0,0.0,0.0,0.0,1.0,0.0,0.0,0.0,0.0,0.0,0.0,0.0,0.0
3148,Quartz,1.0,549,26.438769072322643,3011.1948998178505,4119.369763205828,2998,4099,3026,4146,49.54194989578541,16.332893141536967,0.7865329512893983,0.0,0.0,0.0,0.0,0.0,0.0,1.0,0.0,0.0,0.0,0.0,0.0,0.0,0.0,0.0,0.0,0.0
3149,Quartz,1.0,1008,35.82492792865108,3018.5575396825398,425.56051587301585,2997,407,3047,444,47.19199589664134,31.259449161258985,0.8089887640449438,0.0,0.0,0.0,0.0,0.0,0.0,1.0,0.0,0.0,0.0,0.0,0.0,0.0,0.0,0.0,0.0,0.0
3150,Quartz,1.0,4366,74.55845929412517,3025.3392120934495,2228.3364635822263,2976,2192,3079,2266,104.08536121130955,56.43507588357707,0.911482254697286,0.0,0.0,0.0,0.0,0.0,0.0,1.0,0.0,0.0,0.0,0.0,0.0,0.0,0.0,0.0,0.0,0.0
3151,Quartz,1.0,358,21.349935761383176,3023.86312849162,16.706703910614525,3008,11,3042,25,35.00816712311372,14.226152575544132,0.8483412322274881,0.0,0.0,0.0,0.0,0.0,0.0,1.0,0.0,0.0,0.0,0.0,0.0,0.0,0.0,0.0,0.0,0.0
3152,Quartz,1.0,750,30.90193616185517,3017.8,1905.5426666666667,2997,1888,3038,1920,45.702179025432244,21.794105591869627,0.8982035928143712,0.0,0.0,0.0,0.0,0.0,0.0,1.0,0.0,0.0,0.0,0.0,0.0,0.0,0.0,0.0,0.0,0.0
3153,Quartz,1.0,387,22.197831060995757,3011.9173126614987,2588.5710594315246,2996,2580,3029,2600,36.12772522739712,15.461642860726387,0.7946611909650924,0.0,0.0,0.0,0.0,0.0,0.0,1.0,0.0,0.0,0.0,0.0,0.0,0.0,0.0,0.0,0.0,0.0
3154,Quartz,1.0,939,34.57704343211429,3021.0532481363152,4231.159744408946,3003,4214,3041,4250,40.166531380362805,33.390932183574805,0.845945945945946,0.0,0.0,0.0,0.0,0.0,0.0,1.0,0.0,0.0,0.0,0.0,0.0,0.0,0.0,0.0,0.0,0.0
3155,Quartz,1.0,844,32.78130832893156,3028.915876777251,1207.3909952606634,3010,1185,3052,1232,48.93794151169058,26.491474803867778,0.7800369685767098,0.0,0.0,0.0,0.0,0.0,0.0,1.0,0.0,0.0,0.0,0.0,0.0,0.0,0.0,0.0,0.0,0.0
3156,Quartz,1.0,659,28.96661630188228,3023.2761760242793,4151.244309559939,3006,4136,3041,4170,34.200805289976955,26.302586596399284,0.8470437017994858,0.0,0.0,0.0,0.0,0.0,0.0,1.0,0.0,0.0,0.0,0.0,0.0,0.0,0.0,0.0,0.0,0.0
3159,Quartz,1.0,632,28.367012395961314,3024.7452531645567,2842.2879746835442,3008,2825,3044,2860,34.674749801024404,25.50612363971989,0.8020304568527918,0.0,0.0,0.0,0.0,0.0,0.0,1.0,0.0,0.0,0.0,0.0,0.0,0.0,0.0,0.0,0.0,0.0
3160,Quartz,1.0,412,22.903595622322865,3027.1868932038833,758.0849514563107,3017,742,3040,773,32.793655787534014,16.97339040182085,0.8391038696537678,0.0,0.0,0.0,0.0,0.0,0.0,1.0,0.0,0.0,0.0,0.0,0.0,0.0,0.0,0.0,0.0,0.0
3161,Quartz,1.0,512,25.532305945691693,3028.564453125,661.498046875,3020,644,3043,682,37.75895200947893,18.98703544067778,0.8152866242038217,0.0,0.0,0.0,0.0,0.0,0.0,1.0,0.0,0.0,0.0,0.0,0.0,0.0,0.0,0.0,0.0,0.0
3162,Quartz,1.0,594,27.500987065425246,3029.4175084175085,989.1279461279461,3018,971,3040,1010,39.702290217439696,20.319098597949566,0.8366197183098592,0.0,0.0,0.0,0.0,0.0,0.0,1.0,0.0,0.0,0.0,0.0,0.0,0.0,0.0,0.0,0.0,0.0
3163,Quartz,1.0,823,32.37091511398834,3029.609963547995,1794.0765492102066,3016,1770,3050,1818,43.80935129201326,28.843762309356528,0.7684407096171803,0.0,0.0,0.0,0.0,0.0,0.0,1.0,0.0,0.0,0.0,0.0,0.0,0.0,0.0,0.0,0.0,0.0
3164,Quartz,1.0,5729,85.40719730671267,3033.8010123930876,203.3169837668005,2992,157,3083,257,104.31857088054375,73.10092864454055,0.8923676012461059,0.0,0.0,0.0,0.0,0.0,0.0,1.0,0.0,0.0,0.0,0.0,0.0,0.0,0.0,0.0,0.0,0.0
3165,Quartz,1.0,2510,56.531683658681686,3031.443027888446,1949.8733067729083,2993,1922,3068,1980,77.43868740934347,44.88433013633866,0.8375041708375042,0.0,0.0,0.0,0.0,0.0,0.0,1.0,0.0,0.0,0.0,0.0,0.0,0.0,0.0,0.0,0.0,0.0
3166,Quartz,1.0,612,27.914558950087667,3035.2140522875816,2322.3611111111113,3020,2305,3053,2340,36.134683230245464,24.090538451361276,0.7937743190661478,0.0,0.0,0.0,0.0,0.0,0.0,1.0,0.0,0.0,0.0,0.0,0.0,0.0,0.0,0.0,0.0,0.0
3167,Quartz,1.0,1443,42.863558683954835,3033.085932085932,3658.018018018018,3011,3626,3057,3687,59.36385509968698,32.584076572126406,0.8483245149911817,0.0,0.0,0.0,0.0,0.0,0.0,1.0,0.0,0.0,0.0,0.0,0.0,0.0,0.0,0.0,0.0,0.0
3168,Orthoclase,1.0,1168,38.563503319209346,3032.474315068493,133.21318493150685,3011,109,3050,157,44.31778325291544,36.97987879305595,0.8835098335854765,0.0,0.0,0.0,0.0,0.0,0.0,0.0,0.0,1.0,0.0,0.0,0.0,0.0,0.0,0.0,0.0,0.0
3169,Quartz,1.0,402,22.623931952327283,3040.064676616915,2363.594527363184,3025,2353,3061,2376,31.56089262772937,18.62162284451048,0.7992047713717694,0.0,0.0,0.0,0.0,0.0,0.0,1.0,0.0,0.0,0.0,0.0,0.0,0.0,0.0,0.0,0.0,0.0
3170,Quartz,0.9932711604297013,8471,103.85380196916992,3025.9915004131744,3736.591429583284,2964,3691,3083,3792,123.01249972464191,91.29229808720422,0.8946979298690325,0.0,0.0,0.0,0.0,0.0,0.0,0.9932711604297013,0.0,0.0,0.0,0.0,0.0,0.0,0.0,0.0,0.0,0.006728839570298666
3171,Quartz,1.0,547,26.390567083147985,3038.1901279707495,799.2979890310786,3022,783,3052,815,31.706985948530416,24.853109364847036,0.8250377073906485,0.0,0.0,0.0,0.0,0.0,0.0,1.0,0.0,0.0,0.0,0.0,0.0,0.0,0.0,0.0,0.0,0.0
3172,Quartz,1.0,1002,35.71814698195629,3038.7185628742513,1993.4281437125749,3014,1977,3061,2014,43.83098762589822,30.679750583074554,0.8455696202531645,0.0,0.0,0.0,0.0,0.0,0.0,1.0,0.0,0.0,0.0,0.0,0.0,0.0,0.0,0.0,0.0,0.0
3173,Orthoclase,1.0,1539,44.266416834293416,3038.163092917479,3180.4925276153344,3020,3156,3062,3209,50.63009827562947,40.17570651731168,0.9221090473337328,0.0,0.0,0.0,0.0,0.0,0.0,0.0,0.0,1.0,0.0,0.0,0.0,0.0,0.0,0.0,0.0,0.0
3174,Quartz,1.0,1783,47.64647005039088,3036.6231071228267,2608.3365114974763,3005,2584,3072,2634,59.54302272984116,43.15015490618107,0.7924444444444444,0.0,0.0,0.0,0.0,0.0,0.0,1.0,0.0,0.0,0.0,0.0,0.0,0.0,0.0,0.0,0.0,0.0
3175,Quartz,1.0,2817,59.8891959999377,3037.7905573304934,3316.919417820376,2999,3280,3073,3345,71.21178448275086,54.72162124769541,0.8244073748902546,0.0,0.0,0.0,0.0,0.0,0.0,1.0,0.0,0.0,0.0,0.0,0.0,0.0,0.0,0.0,0.0,0.0
3176,Quartz,1.0,3547,67.20253466332667,3046.8319706794473,4505.684522131379,3009,4461,3078,4547,89.76798991577796,58.79854216447254,0.7901537090666073,0.0,0.0,0.0,0.0,0.0,0.0,1.0,0.0,0.0,0.0,0.0,0.0,0.0,0.0,0.0,0.0,0.0
3177,Orthoclase,0.9552368535419383,4602,76.54703380844498,3049.7083876575402,1704.852672750978,3011,1652,3089,1750,106.54860115960875,59.556872273808025,0.8647125140924464,0.0,0.0,0.0,0.0,0.0,0.0,0.0,0.0,0.9552368535419383,0.0,0.0,0.0,0.0,0.0,0.0,0.0,0.04476314645806171
3178,Quartz,1.0,1728,46.90584114268031,3040.678240740741,2794.8425925925926,3013,2772,3068,2822,53.78082530527688,42.54426372758755,0.9023498694516972,0.0,0.0,0.0,0.0,0.0,0.0,1.0,0.0,0.0,0.0,0.0,0.0,0.0,0.0,0.0,0.0,0.0
3179,Quartz,1.0,249,17.805522925178455,3043.5582329317267,2309.120481927711,3030,2304,3057,2316,26.849621485868322,12.487426177947448,0.939622641509434,0.0,0.0,0.0,0.0,0.0,0.0,1.0,0.0,0.0,0.0,0.0,0.0,0.0,0.0,0.0,0.0,0.0
3180,Orthoclase,0.9823424228877962,4474,75.47498740076158,3045.857174787662,3556.6613768439875,2995,3516,3098,3597,100.12836694505826,59.149332288250164,0.8751956181533647,0.0,0.0,0.0,0.0,0.0,0.0,0.0,0.0,0.9823424228877962,0.0,0.0,0.0,0.0,0.0,0.0,0.0,0.017657577112203844
3181,Quartz,1.0,449,23.90992587997897,3047.216035634744,2295.9064587973276,3029,2286,3067,2305,35.15489999671351,17.31006200943469,0.8455743879472694,0.0,0.0,0.0,0.0,0.0,0.0,1.0,0.0,0.0,0.0,0.0,0.0,0.0,0.0,0.0,0.0,0.0
3182,Quartz,1.0,257,18.089294154193436,3043.9727626459144,4127.311284046693,3032,4118,3054,4145,25.47191807330423,18.189247580710603,0.7002724795640327,0.0,0.0,0.0,0.0,0.0,0.0,1.0,0.0,0.0,0.0,0.0,0.0,0.0,0.0,0.0,0.0,0.0
3183,Quartz,1.0,570,26.939683377854365,3046.2877192982455,1091.5315789473684,3031,1078,3060,1107,28.784961255240617,25.87136712285335,0.890625,0.0,0.0,0.0,0.0,0.0,0.0,1.0,0.0,0.0,0.0,0.0,0.0,0.0,0.0,0.0,0.0,0.0
3184,Quartz,1.0,567,26.86869594648831,3047.414462081129,523.2504409171075,3034,504,3065,541,33.51962354994359,24.94194930180021,0.7651821862348178,0.0,0.0,0.0,0.0,0.0,0.0,1.0,0.0,0.0,0.0,0.0,0.0,0.0,0.0,0.0,0.0,0.0
3185,Quartz,1.0,5125,80.77965503001178,3056.5787317073173,2162.3719024390243,3004,2127,3110,2198,102.22900500468788,65.45718044354074,0.8885228848821082,0.0,0.0,0.0,0.0,0.0,0.0,1.0,0.0,0.0,0.0,0.0,0.0,0.0,0.0,0.0,0.0,0.0
3186,Quartz,1.0,113,11.994835078277376,3050.150442477876,1472.3362831858408,3044,1466,3057,1479,13.07101442799959,11.219613521268203,0.875968992248062,0.0,0.0,0.0,0.0,0.0,0.0,1.0,0.0,0.0,0.0,0.0,0.0,0.0,0.0,0.0,0.0,0.0
3187,Quartz,1.0,4206,73.17954307835008,3046.478839752734,3024.35877318117,3016,2982,3085,3077,89.74014785745244,62.73062159624726,0.8969929622520794,0.0,0.0,0.0,0.0,0.0,0.0,1.0,0.0,0.0,0.0,0.0,0.0,0.0,0.0,0.0,0.0,0.0
3188,Quartz,1.0,684,29.51094455619561,3062.3289473684213,1339.3347953216373,3041,1322,3086,1355,50.95288647026869,20.733853645145803,0.76,0.0,0.0,0.0,0.0,0.0,0.0,1.0,0.0,0.0,0.0,0.0,0.0,0.0,0.0,0.0,0.0,0.0
3189,Quartz,1.0,1817,48.098609676203644,3050.9609246009904,887.8772702256467,3013,863,3093,907,83.92662487499415,31.29072690179859,0.7751706484641638,0.0,0.0,0.0,0.0,0.0,0.0,1.0,0.0,0.0,0.0,0.0,0.0,0.0,0.0,0.0,0.0,0.0
3190,Quartz,1.0,346,20.98906578384008,3054.699421965318,4243.156069364162,3043,4232,3066,4259,24.79053055311296,19.65744457761273,0.8628428927680798,0.0,0.0,0.0,0.0,0.0,0.0,1.0,0.0,0.0,0.0,0.0,0.0,0.0,0.0,0.0,0.0,0.0
3191,Quartz,1.0,151,13.86575534383214,3051.417218543046,7.198675496688741,3046,0,3057,17,18.205905624740883,11.061051088348059,0.9207317073170732,0.0,0.0,0.0,0.0,0.0,0.0,1.0,0.0,0.0,0.0,0.0,0.0,0.0,0.0,0.0,0.0,0.0
3192,Quartz,1.0,208,16.273715780512877,3060.0096153846152,2589.8076923076924,3047,2580,3074,2601,34.170415760115496,9.483846143228206,0.7402135231316725,0.0,0.0,0.0,0.0,0.0,0.0,1.0,0.0,0.0,0.0,0.0,0.0,0.0,0.0,0.0,0.0,0.0
3193,Quartz,1.0,139,13.303394180365686,3060.3309352517986,8.70503597122302,3056,1,3066,18,17.9608597687344,10.139523078098938,0.9328859060402684,0.0,0.0,0.0,0.0,0.0,0.0,1.0,0.0,0.0,0.0,0.0,0.0,0.0,0.0,0.0,0.0,0.0
3194,Quartz,1.0,1811,48.01912968302716,3062.0701270016566,270.63666482606294,3041,241,3088,305,65.5395276336147,38.28505621939804,0.8685851318944844,0.0,0.0,0.0,0.0,0.0,0.0,1.0,0.0,0.0,0.0,0.0,0.0,0.0,0.0,0.0,0.0,0.0
3195,Quartz,1.0,577,27.104597715372734,3062.7261698440207,750.630849220104,3045,738,3088,761,45.4768005878234,17.54959609830211,0.8729198184568835,0.0,0.0,0.0,0.0,0.0,0.0,1.0,0.0,0.0,0.0,0.0,0.0,0.0,0.0,0.0,0.0,0.0
3196,Quartz,1.0,1701,46.5379465124377,3058.833039388595,3130.522633744856,3037,3099,3083,3162,63.726874656067054,38.266950674688985,0.7944885567491826,0.0,0.0,0.0,0.0,0.0,0.0,1.0,0.0,0.0,0.0,0.0,0.0,0.0,0.0,0.0,0.0,0.0
3197,Quartz,1.0,469,24.436639426909572,3060.324093816631,4281.720682302772,3046,4268,3079,4294,33.8788846492569,19.84406615551677,0.8330373001776199,0.0,0.0,0.0,0.0,0.0,0.0,1.0,0.0,0.0,0.0,0.0,0.0,0.0,0.0,0.0,0.0,0.0
3198,Orthoclase,1.0,241,17.517155313611116,3061.9211618257264,354.17427385892114,3053,344,3070,366,20.79087897988184,16.064716732629176,0.8731884057971014,0.0,0.0,0.0,0.0,0.0,0.0,0.0,0.0,1.0,0.0,0.0,0.0,0.0,0.0,0.0,0.0,0.0
3199,Quartz,1.0,733,30.549706811864404,3051.774897680764,2831.4979536152796,3021,2814,3076,2848,59.95336386756956,19.027595410545008,0.7864806866952789,0.0,0.0,0.0,0.0,0.0,0.0,1.0,0.0,0.0,0.0,0.0,0.0,0.0,0.0,0.0,0.0,0.0
3200,Quartz,1.0,480,24.721548929484133,3062.0104166666665,794.6791666666667,3052,773,3070,820,49.455830264676315,13.94413277843541,0.7843137254901961,0.0,0.0,0.0,0.0,0.0,0.0,1.0,0.0,0.0,0.0,0.0,0.0,0.0,0.0,0.0,0.0,0.0
3201,Quartz,1.0,1912,49.339983882583816,3055.0591004184103,3235.755230125523,3024,3206,3089,3263,65.14964543881243,41.079049359502136,0.7966666666666666,0.0,0.0,0.0,0.0,0.0,0.0,1.0,0.0,0.0,0.0,0.0,0.0,0.0,0.0,0.0,0.0,0.0
3202,Quartz,1.0,177,15.012108426804138,3063.864406779661,1611.8587570621469,3057,1597,3070,1625,24.703879190546765,11.197150439161922,0.7468354430379747,0.0,0.0,0.0,0.0,0.0,0.0,1.0,0.0,0.0,0.0,0.0,0.0,0.0,0.0,0.0,0.0,0.0
3203,Quartz,1.0,132,12.964089628857149,3058.8257575757575,400.0681818181818,3049,392,3067,408,19.36675674227148,11.781036829844023,0.7096774193548387,0.0,0.0,0.0,0.0,0.0,0.0,1.0,0.0,0.0,0.0,0.0,0.0,0.0,0.0,0.0,0.0,0.0
3204,Quartz,0.6885245901639344,183,15.26443044094783,3062.6284153005463,504.78688524590166,3055,496,3070,516,20.817565970741242,12.201368182551102,0.8097345132743363,0.0,0.0,0.0,0.0,0.0,0.0,0.6885245901639344,0.0,0.3114754098360656,0.0,0.0,0.0,0.0,0.0,0.0,0.0,0.0
3205,Quartz,1.0,775,31.412746571571088,3062.054193548387,843.098064516129,3039,829,3081,864,42.09188889695047,30.253719036138015,0.7673267326732673,0.0,0.0,0.0,0.0,0.0,0.0,1.0,0.0,0.0,0.0,0.0,0.0,0.0,0.0,0.0,0.0,0.0
3206,Quartz,1.0,291,19.248706645328987,3073.340206185567,14.965635738831615,3062,4,3090,25,25.64426642618806,16.889956201676675,0.8410404624277457,0.0,0.0,0.0,0.0,0.0,0.0,1.0,0.0,0.0,0.0,0.0,0.0,0.0,0.0,0.0,0.0,0.0
3207,Quartz,1.0,123,12.514330345744634,3070.9024390243903,406.9268292682927,3067,397,3076,418,20.268354996288203,8.420632497478204,0.82,0.0,0.0,0.0,0.0,0.0,0.0,1.0,0.0,0.0,0.0,0.0,0.0,0.0,0.0,0.0,0.0,0.0
3208,Quartz,1.0,897,33.79490896018868,3069.1638795986623,1542.2976588628762,3054,1522,3089,1567,41.04410096420344,30.109284590295843,0.8313253012048193,0.0,0.0,0.0,0.0,0.0,0.0,1.0,0.0,0.0,0.0,0.0,0.0,0.0,0.0,0.0,0.0,0.0
3209,Quartz,1.0,10130,113.56899483647462,3059.6780848963476,3939.104047384008,2993,3885,3124,3999,133.73990010494575,98.33314317722387,0.9300403966213735,0.0,0.0,0.0,0.0,0.0,0.0,1.0,0.0,0.0,0.0,0.0,0.0,0.0,0.0,0.0,0.0,0.0
3210,Quartz,1.0,598,27.59342761875783,3074.2140468227426,4314.5518394648825,3059,4300,3096,4330,35.36994869174727,25.931799669758078,0.7941567065073041,0.0,0.0,0.0,0.0,0.0,0.0,1.0,0.0,0.0,0.0,0.0,0.0,0.0,0.0,0.0,0.0,0.0
3211,Quartz,1.0,525,25.854414729132053,3076.7466666666664,312.18285714285713,3064,293,3092,327,30.74947737240183,25.01141072125798,0.8164852255054432,0.0,0.0,0.0,0.0,0.0,0.0,1.0,0.0,0.0,0.0,0.0,0.0,0.0,0.0,0.0,0.0,0.0
3212,Quartz,1.0,7907,100.33695769865126,3065.6928038446945,4071.5251043379285,3010,4006,3127,4131,132.12859707155823,79.29868306229302,0.8996472863807031,0.0,0.0,0.0,0.0,0.0,0.0,1.0,0.0,0.0,0.0,0.0,0.0,0.0,0.0,0.0,0.0,0.0
3213,Quartz,1.0,2513,56.56545744462308,3067.948666931954,4415.563867886987,3033,4383,3104,4447,71.55354079969628,49.45394708734133,0.7872807017543859,0.0,0.0,0.0,0.0,0.0,0.0,1.0,0.0,0.0,0.0,0.0,0.0,0.0,0.0,0.0,0.0,0.0
3214,Quartz,1.0,598,27.59342761875783,3074.4297658862874,4261.068561872909,3060,4241,3097,4274,40.040204636700835,22.23286118508958,0.843441466854725,0.0,0.0,0.0,0.0,0.0,0.0,1.0,0.0,0.0,0.0,0.0,0.0,0.0,0.0,0.0,0.0,0.0
3215,Quartz,1.0,4164,72.8132506091935,3082.0420268972143,2460.79707012488,3046,2410,3117,2508,95.07286553667167,66.71091286238149,0.7862537764350453,0.0,0.0,0.0,0.0,0.0,0.0,1.0,0.0,0.0,0.0,0.0,0.0,0.0,0.0,0.0,0.0,0.0
3216,Quartz,1.0,357,21.320096563347295,3080.2212885154063,2007.859943977591,3067,2000,3094,2019,27.759144440408477,17.731479924833497,0.85,0.0,0.0,0.0,0.0,0.0,0.0,1.0,0.0,0.0,0.0,0.0,0.0,0.0,0.0,0.0,0.0,0.0
3217,Quartz,1.0,1248,39.86229988133503,3077.7820512820513,4219.385416666667,3060,4195,3099,4247,52.99897058762349,31.02745757346856,0.8461016949152542,0.0,0.0,0.0,0.0,0.0,0.0,1.0,0.0,0.0,0.0,0.0,0.0,0.0,0.0,0.0,0.0,0.0
3218,Quartz,1.0,924,34.29975713230766,3078.2976190476193,83.1948051948052,3059,62,3098,105,47.32144174732976,26.3862178029928,0.8859060402684564,0.0,0.0,0.0,0.0,0.0,0.0,1.0,0.0,0.0,0.0,0.0,0.0,0.0,0.0,0.0,0.0,0.0
3219,Quartz,1.0,162,14.361922094451577,3080.074074074074,927.9444444444445,3072,918,3088,937,17.69479810458014,14.024367071380606,0.7570093457943925,0.0,0.0,0.0,0.0,0.0,0.0,1.0,0.0,0.0,0.0,0.0,0.0,0.0,0.0,0.0,0.0,0.0
3220,Quartz,1.0,771,31.331576548121713,3075.739299610895,1981.5758754863814,3058,1959,3090,2001,43.18600449791476,25.510499327502252,0.8290322580645161,0.0,0.0,0.0,0.0,0.0,0.0,1.0,0.0,0.0,0.0,0.0,0.0,0.0,0.0,0.0,0.0,0.0
3221,Quartz,1.0,829,32.48869930584249,3083.6658624849215,3078.1133896260553,3064,3057,3110,3095,43.01835985489461,29.604109550691533,0.7488708220415538,0.0,0.0,0.0,0.0,0.0,0.0,1.0,0.0,0.0,0.0,0.0,0.0,0.0,0.0,0.0,0.0,0.0
3223,Orthoclase,1.0,926,34.3368580162012,3085.679265658747,1646.3617710583153,3065,1627,3106,1668,39.67097902264181,32.51493107082347,0.8349864743011722,0.0,0.0,0.0,0.0,0.0,0.0,0.0,0.0,1.0,0.0,0.0,0.0,0.0,0.0,0.0,0.0,0.0
3224,Orthoclase,1.0,101,11.340070282773887,3083.920792079208,4356.811881188119,3079,4350,3090,4366,15.240649172387053,8.904697370096153,0.8706896551724138,0.0,0.0,0.0,0.0,0.0,0.0,0.0,0.0,1.0,0.0,0.0,0.0,0.0,0.0,0.0,0.0,0.0
3225,Quartz,1.0,355,21.260292528114064,3083.7323943661972,161.7943661971831,3074,150,3095,174,25.24921255405384,19.75458501758295,0.8392434988179669,0.0,0.0,0.0,0.0,0.0,0.0,1.0,0.0,0.0,0.0,0.0,0.0,0.0,0.0,0.0,0.0,0.0
3226,Quartz,1.0,423,23.207333483685147,3085.65011820331,4185.439716312057,3073,4169,3100,4204,36.968111154142115,15.845414477579476,0.8277886497064579,0.0,0.0,0.0,0.0,0.0,0.0,1.0,0.0,0.0,0.0,0.0,0.0,0.0,0.0,0.0,0.0,0.0
3227,Quartz,1.0,350,21.11004122822376,3088.982857142857,1201.3657142857144,3077,1190,3104,1212,26.369055414737677,18.20619142847872,0.8536585365853658,0.0,0.0,0.0,0.0,0.0,0.0,1.0,0.0,0.0,0.0,0.0,0.0,0.0,0.0,0.0,0.0,0.0
3228,Quartz,1.0,1345,41.382450237616354,3083.6185873605946,1483.5791821561338,3061,1459,3105,1515,54.98972059652135,36.00431752595246,0.7738780207134638,0.0,0.0,0.0,0.0,0.0,0.0,1.0,0.0,0.0,0.0,0.0,0.0,0.0,0.0,0.0,0.0,0.0
3229,Quartz,1.0,154,14.002817212590296,3095.012987012987,2880.8506493506493,3085,2875,3107,2889,27.14119700017619,12.447645917288716,0.5877862595419847,0.0,0.0,0.0,0.0,0.0,0.0,1.0,0.0,0.0,0.0,0.0,0.0,0.0,0.0,0.0,0.0,0.0
3230,Quartz,1.0,355,21.260292528114064,3086.6535211267606,1237.1577464788732,3072,1228,3108,1245,32.53800080910558,15.509620587294851,0.7906458797327395,0.0,0.0,0.0,0.0,0.0,0.0,1.0,0.0,0.0,0.0,0.0,0.0,0.0,0.0,0.0,0.0,0.0
3231,Quartz,1.0,1971,50.09546030004122,3088.2019279553524,2352.937595129376,3066,2319,3116,2389,68.51745036883652,39.05072147628023,0.8854447439353099,0.0,0.0,0.0,0.0,0.0,0.0,1.0,0.0,0.0,0.0,0.0,0.0,0.0,0.0,0.0,0.0,0.0
3232,Quartz,1.0,9594,110.5235730158465,3098.7877840316864,1006.9955180321034,3041,942,3173,1058,129.64088839211163,101.52364624982229,0.8853003598781951,0.0,0.0,0.0,0.0,0.0,0.0,1.0,0.0,0.0,0.0,0.0,0.0,0.0,0.0,0.0,0.0,0.0
3233,Quartz,1.0,3238,64.20864152006688,3088.1584311303272,3506.210623841878,3045,3473,3135,3533,83.40117223974694,52.03491267721165,0.8454308093994778,0.0,0.0,0.0,0.0,0.0,0.0,1.0,0.0,0.0,0.0,0.0,0.0,0.0,0.0,0.0,0.0,0.0
3235,Quartz,1.0,584,27.26851470332286,3101.39897260274,4343.280821917808,3085,4326,3118,4363,40.75190491633065,19.816823181492534,0.8133704735376045,0.0,0.0,0.0,0.0,0.0,0.0,1.0,0.0,0.0,0.0,0.0,0.0,0.0,0.0,0.0,0.0,0.0
3236,Quartz,1.0,298,19.47884453275087,3093.0536912751677,508.1275167785235,3082,500,3103,518,23.506569749566303,17.409227289694975,0.9030303030303031,0.0,0.0,0.0,0.0,0.0,0.0,1.0,0.0,0.0,0.0,0.0,0.0,0.0,0.0,0.0,0.0,0.0
3237,Quartz,1.0,1202,39.1207608920336,3102.212146422629,3464.8560732113147,3079,3441,3123,3486,45.555459119638854,35.99632106839956,0.8792977322604243,0.0,0.0,0.0,0.0,0.0,0.0,1.0,0.0,0.0,0.0,0.0,0.0,0.0,0.0,0.0,0.0,0.0
3239,Quartz,1.0,1235,39.65414023463283,3097.7773279352227,354.1862348178138,3081,324,3120,378,55.134258463341844,30.47274783355978,0.8783783783783784,0.0,0.0,0.0,0.0,0.0,0.0,1.0,0.0,0.0,0.0,0.0,0.0,0.0,0.0,0.0,0.0,0.0
3240,Quartz,1.0,340,20.806283791440396,3102.044117647059,2388.9411764705883,3088,2379,3114,2400,25.405941259733197,18.083593376290782,0.8900523560209425,0.0,0.0,0.0,0.0,0.0,0.0,1.0,0.0,0.0,0.0,0.0,0.0,0.0,0.0,0.0,0.0,0.0
3241,Quartz,1.0,221,16.774562271083887,3108.8823529411766,511.03619909502265,3103,500,3117,522,21.96534324932359,13.210300749463627,0.9132231404958677,0.0,0.0,0.0,0.0,0.0,0.0,1.0,0.0,0.0,0.0,0.0,0.0,0.0,0.0,0.0,0.0,0.0
3242,Quartz,1.0,372,21.76338922689847,3103.8360215053763,1847.8225806451612,3091,1836,3117,1861,26.214114253573285,19.053244701628007,0.8211920529801324,0.0,0.0,0.0,0.0,0.0,0.0,1.0,0.0,0.0,0.0,0.0,0.0,0.0,0.0,0.0,0.0,0.0
3243,Quartz,1.0,546,26.366433043273013,3106.785714285714,1896.60989010989,3089,1883,3126,1912,35.51338971155225,23.193630677647192,0.7459016393442623,0.0,0.0,0.0,0.0,0.0,0.0,1.0,0.0,0.0,0.0,0.0,0.0,0.0,0.0,0.0,0.0,0.0
3244,Unknown,1.0,124,12.565098628628435,3107.1693548387098,3155.6209677419356,3099,3149,3115,3166,15.091095688886424,12.859714399085354,0.7425149700598802,0.0,0.0,0.0,0.0,0.0,0.0,0.0,0.0,0.0,0.0,0.0,0.0,0.0,0.0,0.0,0.0,1.0
3245,Quartz,1.0,853,32.9556267071208,3109.012895662368,416.9695193434936,3090,395,3127,440,39.2911716066129,32.37947116824616,0.7684684684684685,0.0,0.0,0.0,0.0,0.0,0.0,1.0,0.0,0.0,0.0,0.0,0.0,0.0,0.0,0.0,0.0,0.0
3246,Orthoclase,0.9885354432423704,6193,88.7984937966003,3109.433554012595,3650.07476182787,3064,3599,3159,3705,95.50877926974944,86.10305850483782,0.8757070135746606,0.0,0.0,0.0,0.0,0.0,0.0,0.0,0.0,0.9885354432423704,0.0,0.0,0.0,0.0,0.0,0.0,0.0,0.011464556757629581
3247,Quartz,1.0,768,31.270560761786875,3107.7799479166665,774.5091145833334,3094,753,3125,796,40.175478080948274,26.42459141999687,0.7975077881619937,0.0,0.0,0.0,0.0,0.0,0.0,1.0,0.0,0.0,0.0,0.0,0.0,0.0,0.0,0.0,0.0,0.0
3248,Quartz,1.0,780,31.513915099419602,3113.102564102564,939.6717948717949,3096,924,3132,957,41.332392037774426,24.586384003415414,0.9219858156028369,0.0,0.0,0.0,0.0,0.0,0.0,1.0,0.0,0.0,0.0,0.0,0.0,0.0,0.0,0.0,0.0,0.0
3249,Quartz,1.0,2617,57.72406680555278,3113.8567061520826,1596.1184562476117,3078,1569,3150,1632,68.91932188230813,50.84977252145704,0.8720426524491836,0.0,0.0,0.0,0.0,0.0,0.0,1.0,0.0,0.0,0.0,0.0,0.0,0.0,0.0,0.0,0.0,0.0
3250,Quartz,1.0,3177,63.60095937659755,3113.938936103242,1988.0635819955933,3088,1939,3137,2047,110.59954518961885,39.267277238433444,0.8588807785888077,0.0,0.0,0.0,0.0,0.0,0.0,1.0,0.0,0.0,0.0,0.0,0.0,0.0,0.0,0.0,0.0,0.0
3251,Quartz,1.0,419,23.09734550211416,3114.6229116945105,4312.727923627685,3105,4295,3125,4329,33.59860193461894,17.06617596376475,0.8551020408163266,0.0,0.0,0.0,0.0,0.0,0.0,1.0,0.0,0.0,0.0,0.0,0.0,0.0,0.0,0.0,0.0,0.0
3252,Quartz,1.0,4151,72.6995003435076,3139.6480366176825,2858.0303541315348,3084,2831,3203,2888,124.55825547280824,48.02130207260237,0.8155206286836936,0.0,0.0,0.0,0.0,0.0,0.0,1.0,0.0,0.0,0.0,0.0,0.0,0.0,0.0,0.0,0.0,0.0
3253,Quartz,1.0,1068,36.875735026940866,3110.4850187265915,3726.5280898876404,3086,3712,3135,3740,50.28439424795667,27.957213765466516,0.8937238493723849,0.0,0.0,0.0,0.0,0.0,0.0,1.0,0.0,0.0,0.0,0.0,0.0,0.0,0.0,0.0,0.0,0.0
3254,Quartz,1.0,952,34.815571898044055,3119.551470588235,1475.9779411764705,3102,1457,3141,1500,42.11143024518316,32.162493827290376,0.8292682926829268,0.0,0.0,0.0,0.0,0.0,0.0,1.0,0.0,0.0,0.0,0.0,0.0,0.0,0.0,0.0,0.0,0.0
3255,Quartz,1.0,900,33.851375012865375,3124.6511111111113,3748.6244444444446,3100,3735,3150,3768,47.8854614040057,27.05296256708947,0.8108108108108109,0.0,0.0,0.0,0.0,0.0,0.0,1.0,0.0,0.0,0.0,0.0,0.0,0.0,0.0,0.0,0.0,0.0
3257,Quartz,1.0,3745,69.05274864212998,3112.582109479306,1144.4707610146863,3051,1108,3151,1176,95.45319382846901,58.26132501176215,0.9054642166344294,0.0,0.0,0.0,0.0,0.0,0.0,1.0,0.0,0.0,0.0,0.0,0.0,0.0,0.0,0.0,0.0,0.0
3258,Quartz,1.0,5907,86.7238490309938,3120.0108346030133,2096.007618080244,3070,2053,3167,2143,95.01223992019756,80.09403892443838,0.941054643938187,0.0,0.0,0.0,0.0,0.0,0.0,1.0,0.0,0.0,0.0,0.0,0.0,0.0,0.0,0.0,0.0,0.0
3259,Quartz,1.0,5487,83.58388230970034,3131.5841078913795,2231.914160743576,3083,2182,3174,2278,90.5918028380999,82.86828908760762,0.8753988513082323,0.0,0.0,0.0,0.0,0.0,0.0,1.0,0.0,0.0,0.0,0.0,0.0,0.0,0.0,0.0,0.0,0.0
3260,Quartz,1.0,560,26.702324712498182,3121.082142857143,3381.9910714285716,3102,3368,3143,3397,41.60726518118908,22.25207452973554,0.7397622192866579,0.0,0.0,0.0,0.0,0.0,0.0,1.0,0.0,0.0,0.0,0.0,0.0,0.0,0.0,0.0,0.0,0.0
3261,Quartz,1.0,400,22.56758334191025,3123.5,4266.4425,3110,4254,3139,4283,32.61877241345132,17.867366516626547,0.8602150537634409,0.0,0.0,0.0,0.0,0.0,0.0,1.0,0.0,0.0,0.0,0.0,0.0,0.0,0.0,0.0,0.0,0.0
3262,Quartz,1.0,5765,85.67511876500792,3120.5436253252383,4557.528187337381,3070,4511,3170,4607,114.72815010479161,67.90367582822722,0.8753416337686001,0.0,0.0,0.0,0.0,0.0,0.0,1.0,0.0,0.0,0.0,0.0,0.0,0.0,0.0,0.0,0.0,0.0
3263,Quartz,1.0,1493,43.59984679204272,3120.8827863362358,4481.921634293369,3098,4455,3141,4510,50.58549009608125,39.25627778947431,0.8902802623732856,0.0,0.0,0.0,0.0,0.0,0.0,1.0,0.0,0.0,0.0,0.0,0.0,0.0,0.0,0.0,0.0,0.0
3264,Quartz,1.0,837,32.64508384034771,3129.764635603345,1350.8040621266427,3112,1334,3154,1364,41.92379343379252,27.63054300327821,0.8709677419354839,0.0,0.0,0.0,0.0,0.0,0.0,1.0,0.0,0.0,0.0,0.0,0.0,0.0,0.0,0.0,0.0,0.0
3265,Quartz,1.0,2598,57.51414032411467,3125.172440338722,4156.7948421862975,3100,4125,3158,4195,75.46993660683336,46.077437258404395,0.8842750170183798,0.0,0.0,0.0,0.0,0.0,0.0,1.0,0.0,0.0,0.0,0.0,0.0,0.0,0.0,0.0,0.0,0.0
3266,Quartz,1.0,723,30.340603007249587,3127.701244813278,199.24343015214384,3112,175,3144,217,35.77235928120816,27.769417139789184,0.8669064748201439,0.0,0.0,0.0,0.0,0.0,0.0,1.0,0.0,0.0,0.0,0.0,0.0,0.0,0.0,0.0,0.0,0.0
3267,Quartz,1.0,501,25.25654394235911,3130.2355289421157,1824.1576846307385,3114,1811,3145,1834,31.984460675612407,22.273124963004467,0.8391959798994975,0.0,0.0,0.0,0.0,0.0,0.0,1.0,0.0,0.0,0.0,0.0,0.0,0.0,0.0,0.0,0.0,0.0
3268,Quartz,1.0,446,23.829914749152643,3127.0224215246635,1843.4439461883408,3115,1834,3141,1861,27.301495337063283,23.242638845502093,0.8884462151394422,0.0,0.0,0.0,0.0,0.0,0.0,1.0,0.0,0.0,0.0,0.0,0.0,0.0,0.0,0.0,0.0,0.0
3269,Quartz,1.0,157,14.138550439257221,3128.235668789809,138.77070063694268,3120,130,3135,147,17.614164631731015,13.03639606779973,0.785,0.0,0.0,0.0,0.0,0.0,0.0,1.0,0.0,0.0,0.0,0.0,0.0,0.0,0.0,0.0,0.0,0.0
3270,Quartz,1.0,1576,44.79537389622523,3126.575507614213,3236.8369289340103,3105,3204,3151,3268,58.77164311794889,40.00084528342525,0.821689259645464,0.0,0.0,0.0,0.0,0.0,0.0,1.0,0.0,0.0,0.0,0.0,0.0,0.0,0.0,0.0,0.0,0.0
3271,Quartz,1.0,657,28.92262748940701,3131.144596651446,1716.193302891933,3115,1700,3152,1738,43.26177000936698,21.39029469462701,0.833756345177665,0.0,0.0,0.0,0.0,0.0,0.0,1.0,0.0,0.0,0.0,0.0,0.0,0.0,0.0,0.0,0.0,0.0
3272,Quartz,1.0,1294,40.59029404780533,3123.6383307573415,3353.904173106646,3091,3337,3157,3374,67.66259998048656,28.238050198134676,0.7536400698893418,0.0,0.0,0.0,0.0,0.0,0.0,1.0,0.0,0.0,0.0,0.0,0.0,0.0,0.0,0.0,0.0,0.0
3273,Quartz,1.0,342,20.867389014906145,3129.590643274854,358.2690058479532,3117,347,3141,373,27.511658360151923,20.887209220788975,0.76,0.0,0.0,0.0,0.0,0.0,0.0,1.0,0.0,0.0,0.0,0.0,0.0,0.0,0.0,0.0,0.0,0.0
3274,Quartz,1.0,3341,65.22187760989543,3132.0565698892547,2303.68183178689,3090,2279,3173,2342,84.90916993015047,53.92128387284071,0.8551318146915792,0.0,0.0,0.0,0.0,0.0,0.0,1.0,0.0,0.0,0.0,0.0,0.0,0.0,0.0,0.0,0.0,0.0
3275,Orthoclase,0.9750800996796013,2809,59.80409585606217,3129.385546457814,2734.2801708793163,3099,2688,3166,2782,91.5147585390462,48.811382364267054,0.7693782525335524,0.0,0.0,0.0,0.0,0.0,0.0,0.0,0.0,0.9750800996796013,0.0,0.0,0.0,0.0,0.0,0.0,0.0,0.02491990032039872
3276,Quartz,1.0,147,13.680870333281758,3132.612244897959,2340.8571428571427,3125,2332,3141,2348,16.914558276587023,13.04031737077953,0.8032786885245902,0.0,0.0,0.0,0.0,0.0,0.0,1.0,0.0,0.0,0.0,0.0,0.0,0.0,0.0,0.0,0.0,0.0
3278,Quartz,1.0,2051,51.101999043597296,3133.756216479766,4224.466601657728,3110,4188,3157,4257,69.35258842963725,41.506370049477766,0.8378267973856209,0.0,0.0,0.0,0.0,0.0,0.0,1.0,0.0,0.0,0.0,0.0,0.0,0.0,0.0,0.0,0.0,0.0
3279,Quartz,1.0,3070,62.520759770950875,3132.012377850163,1295.1957654723128,3090,1260,3168,1328,69.74704035314892,59.08418221374656,0.8427120505078233,0.0,0.0,0.0,0.0,0.0,0.0,1.0,0.0,0.0,0.0,0.0,0.0,0.0,0.0,0.0,0.0,0.0
3280,Quartz,1.0,6595,91.63522683732712,3150.7536012130404,3035.616527672479,3101,2963,3208,3095,136.1004396228745,68.4895875530791,0.8137956564659428,0.0,0.0,0.0,0.0,0.0,0.0,1.0,0.0,0.0,0.0,0.0,0.0,0.0,0.0,0.0,0.0,0.0
3282,Chromite,1.0,276,18.746042631630413,3135.945652173913,4016.282608695652,3126,4006,3149,4029,24.470107970941733,15.753683035594568,0.8518518518518519,0.0,0.0,0.0,0.0,0.0,0.0,0.0,1.0,0.0,0.0,0.0,0.0,0.0,0.0,0.0,0.0,0.0
3283,Quartz,1.0,121,12.412170838050638,3133.8347107438017,373.11570247933884,3126,367,3142,381,19.41353547335862,9.176894077481382,0.8231292517006803,0.0,0.0,0.0,0.0,0.0,0.0,1.0,0.0,0.0,0.0,0.0,0.0,0.0,0.0,0.0,0.0,0.0
3284,Quartz,1.0,7629,98.55731574461916,3130.98413946782,717.7093983484074,3077,661,3185,778,126.33949152527681,78.24708757627695,0.9108166189111748,0.0,0.0,0.0,0.0,0.0,0.0,1.0,0.0,0.0,0.0,0.0,0.0,0.0,0.0,0.0,0.0,0.0
3285,Quartz,1.0,952,34.815571898044055,3136.1638655462184,248.8813025210084,3119,229,3153,268,41.60545627227901,30.424639411631723,0.8972667295004713,0.0,0.0,0.0,0.0,0.0,0.0,1.0,0.0,0.0,0.0,0.0,0.0,0.0,0.0,0.0,0.0,0.0
3286,Quartz,0.9835902536051716,2011,50.6012324401532,3136.409249129786,3904.41223272004,3109,3880,3165,3935,58.609737109987584,45.04550144645604,0.8859030837004406,0.0,0.0,0.0,0.0,0.0,0.0,0.9835902536051716,0.0,0.016409746394828444,0.0,0.0,0.0,0.0,0.0,0.0,0.0,0.0
3287,Quartz,1.0,6385,90.16448576426316,3128.5642913077527,579.6133124510571,3078,521,3180,637,118.26889726756893,84.62823007210001,0.7297976911647045,0.0,0.0,0.0,0.0,0.0,0.0,1.0,0.0,0.0,0.0,0.0,0.0,0.0,0.0,0.0,0.0,0.0
3288,Quartz,1.0,814,32.19343084255579,3142.766584766585,2375.561425061425,3127,2357,3161,2394,34.35985648342849,31.920376431531572,0.8809523809523809,0.0,0.0,0.0,0.0,0.0,0.0,1.0,0.0,0.0,0.0,0.0,0.0,0.0,0.0,0.0,0.0,0.0
3289,Quartz,1.0,426,23.28948359361322,3137.8638497652582,1389.3826291079813,3126,1377,3155,1401,31.15825618516709,18.835788052707088,0.8693877551020408,0.0,0.0,0.0,0.0,0.0,0.0,1.0,0.0,0.0,0.0,0.0,0.0,0.0,0.0,0.0,0.0,0.0
3290,Quartz,1.0,218,16.66031874701878,3144.619266055046,1404.3715596330276,3135,1397,3155,1412,21.92407490504391,13.500231200933317,0.8755020080321285,0.0,0.0,0.0,0.0,0.0,0.0,1.0,0.0,0.0,0.0,0.0,0.0,0.0,0.0,0.0,0.0,0.0
3291,Quartz,1.0,668,29.163744887841286,3145.6467065868264,309.375748502994,3131,295,3163,329,32.185964023541636,29.512189782347303,0.8318804483188045,0.0,0.0,0.0,0.0,0.0,0.0,1.0,0.0,0.0,0.0,0.0,0.0,0.0,0.0,0.0,0.0,0.0
3292,Quartz,1.0,1362,41.643153818236335,3152.2518355359766,4465.749632892805,3133,4442,3173,4498,57.14323642049377,33.712156652537054,0.8620253164556962,0.0,0.0,0.0,0.0,0.0,0.0,1.0,0.0,0.0,0.0,0.0,0.0,0.0,0.0,0.0,0.0,0.0
3293,Quartz,1.0,1096,37.355997390375464,3146.8047445255474,168.42244525547446,3125,145,3164,197,47.268871273724855,32.13495926068486,0.8824476650563607,0.0,0.0,0.0,0.0,0.0,0.0,1.0,0.0,0.0,0.0,0.0,0.0,0.0,0.0,0.0,0.0,0.0
3294,Quartz,1.0,749,30.881327999401787,3142.728971962617,1925.3791722296396,3131,1904,3157,1949,46.82508393115683,21.64194509822628,0.8285398230088495,0.0,0.0,0.0,0.0,0.0,0.0,1.0,0.0,0.0,0.0,0.0,0.0,0.0,0.0,0.0,0.0,0.0
3295,Quartz,1.0,143,13.493452297211721,3150.5104895104896,855.9580419580419,3142,850,3161,864,18.872615891627248,10.418718061666661,0.8461538461538461,0.0,0.0,0.0,0.0,0.0,0.0,1.0,0.0,0.0,0.0,0.0,0.0,0.0,0.0,0.0,0.0,0.0
3296,Orthoclase,1.0,4028,71.61430643518958,3153.7611717974182,1509.0508937437935,3114,1442,3182,1555,102.89205721346643,57.20959557402724,0.8379446640316206,0.0,0.0,0.0,0.0,0.0,0.0,0.0,0.0,1.0,0.0,0.0,0.0,0.0,0.0,0.0,0.0,0.0
3297,Unknown,1.0,140,13.351162356249091,3151.285714285714,2151.2785714285715,3144,2144,3158,2160,14.704567033991195,12.643438008286752,0.89171974522293,0.0,0.0,0.0,0.0,0.0,0.0,0.0,0.0,0.0,0.0,0.0,0.0,0.0,0.0,0.0,0.0,1.0
3298,Orthoclase,1.0,5291,82.0774660378459,3153.097335097335,2437.717633717634,3115,2393,3199,2487,89.76619534814918,80.67207996997516,0.8762835375952303,0.0,0.0,0.0,0.0,0.0,0.0,0.0,0.0,1.0,0.0,0.0,0.0,0.0,0.0,0.0,0.0,0.0
3299,Quartz,1.0,935,34.503318308930474,3165.018181818182,1918.977540106952,3151,1900,3186,1939,37.657963543502326,33.15243087147936,0.9139784946236559,0.0,0.0,0.0,0.0,0.0,0.0,1.0,0.0,0.0,0.0,0.0,0.0,0.0,0.0,0.0,0.0,0.0
3300,Orthoclase,1.0,238,17.407785949022028,3156.046218487395,1982.5252100840337,3147,1972,3166,1993,22.109415054946133,15.700024309386007,0.8321678321678322,0.0,0.0,0.0,0.0,0.0,0.0,0.0,0.0,1.0,0.0,0.0,0.0,0.0,0.0,0.0,0.0,0.0
3301,Quartz,1.0,4645,76.90382100581759,3153.5578040904197,4066.0600645855757,3118,4017,3191,4116,91.79210777332644,67.34773620320388,0.8929257977700884,0.0,0.0,0.0,0.0,0.0,0.0,1.0,0.0,0.0,0.0,0.0,0.0,0.0,0.0,0.0,0.0,0.0
3302,Quartz,1.0,7654,98.71866832267814,3158.197935719885,4363.84726940162,3117,4301,3202,4434,134.11501240749232,75.52582191749647,0.8835276463119012,0.0,0.0,0.0,0.0,0.0,0.0,1.0,0.0,0.0,0.0,0.0,0.0,0.0,0.0,0.0,0.0,0.0
3303,Quartz,1.0,2202,52.94972594364232,3151.0149863760216,2531.88919164396,3127,2498,3178,2565,67.21541319387806,44.51517907452514,0.8929440389294404,0.0,0.0,0.0,0.0,0.0,0.0,1.0,0.0,0.0,0.0,0.0,0.0,0.0,0.0,0.0,0.0,0.0
3304,Quartz,1.0,629,28.299605538565682,3156.5007949125597,2632.2368839427663,3141,2618,3173,2650,29.878626704571897,29.372846452647206,0.8409090909090909,0.0,0.0,0.0,0.0,0.0,0.0,1.0,0.0,0.0,0.0,0.0,0.0,0.0,0.0,0.0,0.0,0.0
3305,Quartz,1.0,1758,47.311257853120075,3155.6359499431173,3434.3418657565417,3125,3417,3183,3458,60.99976407159364,39.06726315895844,0.8987730061349694,0.0,0.0,0.0,0.0,0.0,0.0,1.0,0.0,0.0,0.0,0.0,0.0,0.0,0.0,0.0,0.0,0.0
3306,Quartz,1.0,1473,43.30683374936218,3158.257298031229,3403.6103190767144,3131,3387,3188,3419,57.801052767237444,33.75186328682436,0.9424184261036468,0.0,0.0,0.0,0.0,0.0,0.0,1.0,0.0,0.0,0.0,0.0,0.0,0.0,0.0,0.0,0.0,0.0
3307,Quartz,1.0,1449,42.952579670157775,3158.231884057971,451.24016563147,3137,431,3181,472,45.628661049075646,42.144537483616894,0.898326100433974,0.0,0.0,0.0,0.0,0.0,0.0,1.0,0.0,0.0,0.0,0.0,0.0,0.0,0.0,0.0,0.0,0.0
3308,Quartz,1.0,1668,46.08430926701898,3155.162470023981,1213.3729016786572,3136,1180,3178,1245,68.21451689375232,34.74094715827985,0.8057971014492754,0.0,0.0,0.0,0.0,0.0,0.0,1.0,0.0,0.0,0.0,0.0,0.0,0.0,0.0,0.0,0.0,0.0
3309,Quartz,1.0,720,30.277590264241923,3160.5680555555555,111.84027777777777,3137,95,3182,127,37.21533949068359,31.55000616971755,0.7236180904522613,0.0,0.0,0.0,0.0,0.0,0.0,1.0,0.0,0.0,0.0,0.0,0.0,0.0,0.0,0.0,0.0,0.0
3310,Quartz,1.0,1537,44.23764437962249,3164.096291476903,373.2407286922576,3145,344,3180,415,70.51291616988279,31.561582849816848,0.8567447045707915,0.0,0.0,0.0,0.0,0.0,0.0,1.0,0.0,0.0,0.0,0.0,0.0,0.0,0.0,0.0,0.0,0.0
3311,Quartz,1.0,1720,46.797136845585754,3161.2831395348835,3571.609302325581,3131,3550,3189,3595,59.577860360550616,39.54755828250405,0.8861411643482741,0.0,0.0,0.0,0.0,0.0,0.0,1.0,0.0,0.0,0.0,0.0,0.0,0.0,0.0,0.0,0.0,0.0
3312,Quartz,1.0,1013,35.91366952591617,3167.5459032576505,2668.4096742349457,3150,2647,3186,2695,45.5761122070701,31.385138067314873,0.8130016051364366,0.0,0.0,0.0,0.0,0.0,0.0,1.0,0.0,0.0,0.0,0.0,0.0,0.0,0.0,0.0,0.0,0.0
3313,Quartz,1.0,363,21.498510523728477,3170.1404958677685,1995.7382920110192,3157,1984,3184,2010,26.80174047616946,19.116330407356926,0.7773019271948608,0.0,0.0,0.0,0.0,0.0,0.0,1.0,0.0,0.0,0.0,0.0,0.0,0.0,0.0,0.0,0.0,0.0
3314,Quartz,1.0,2125,52.01570947860099,3174.316705882353,3518.808470588235,3144,3488,3205,3552,75.78945811416965,36.381904383073085,0.8846794338051623,0.0,0.0,0.0,0.0,0.0,0.0,1.0,0.0,0.0,0.0,0.0,0.0,0.0,0.0,0.0,0.0,0.0
3315,Quartz,1.0,201,15.99753570059363,3171.6965174129355,852.681592039801,3160,844,3184,859,22.66773500509334,13.540189483541752,0.8481012658227848,0.0,0.0,0.0,0.0,0.0,0.0,1.0,0.0,0.0,0.0,0.0,0.0,0.0,0.0,0.0,0.0,0.0
3316,Quartz,1.0,689,29.618609797263055,3172.8867924528304,1155.7779390420899,3156,1139,3195,1170,42.38224421379849,22.35222965172916,0.8721518987341772,0.0,0.0,0.0,0.0,0.0,0.0,1.0,0.0,0.0,0.0,0.0,0.0,0.0,0.0,0.0,0.0,0.0
3317,Quartz,1.0,5447,83.27866353498014,3181.737102992473,1610.384982559207,3137,1565,3231,1659,105.97394087850766,69.5206171703351,0.8536279580003134,0.0,0.0,0.0,0.0,0.0,0.0,1.0,0.0,0.0,0.0,0.0,0.0,0.0,0.0,0.0,0.0,0.0
3318,Quartz,0.9837855724685639,3022,62.03007257927127,3173.0387160820646,1838.7759761747188,3144,1800,3203,1877,75.14097900645416,52.36212885745464,0.9050613956274334,0.0,0.0,0.0,0.0,0.0,0.0,0.9837855724685639,0.0,0.016214427531436135,0.0,0.0,0.0,0.0,0.0,0.0,0.0,0.0
3319,Quartz,1.0,800,31.915382432114615,3185.93375,2337.42875,3166,2322,3210,2356,49.79983063195274,22.091750021870652,0.8316008316008316,0.0,0.0,0.0,0.0,0.0,0.0,1.0,0.0,0.0,0.0,0.0,0.0,0.0,0.0,0.0,0.0,0.0
3320,Orthoclase,0.9853448275862069,3480,66.56480763645581,3177.385057471264,3324.498275862069,3137,3295,3226,3358,84.81440872052913,56.37147964818544,0.901788027986525,0.0,0.0,0.0,0.0,0.0,0.0,0.0,0.0,0.9853448275862069,0.0,0.0,0.0,0.0,0.0,0.0,0.0,0.014655172413793103
3321,Quartz,1.0,452,23.98967015655475,3171.4756637168143,2178.3761061946902,3160,2162,3182,2195,33.27689558297,18.70886068336092,0.8776699029126214,0.0,0.0,0.0,0.0,0.0,0.0,1.0,0.0,0.0,0.0,0.0,0.0,0.0,0.0,0.0,0.0,0.0
3322,Quartz,1.0,388,22.22649192646566,3179.992268041237,2640.2809278350514,3171,2624,3190,2658,33.4124336665981,18.55932880121471,0.7171903881700554,0.0,0.0,0.0,0.0,0.0,0.0,1.0,0.0,0.0,0.0,0.0,0.0,0.0,0.0,0.0,0.0,0.0
3323,Quartz,1.0,740,30.695231927842155,3180.3864864864863,307.1783783783784,3165,292,3202,323,35.60682113761229,28.511185007024267,0.8851674641148325,0.0,0.0,0.0,0.0,0.0,0.0,1.0,0.0,0.0,0.0,0.0,0.0,0.0,0.0,0.0,0.0,0.0
3324,Quartz,1.0,1351,41.47465038957176,3179.3264248704663,3683.0547742413028,3160,3661,3203,3709,47.026429249837314,38.8846306786936,0.9153116531165312,0.0,0.0,0.0,0.0,0.0,0.0,1.0,0.0,0.0,0.0,0.0,0.0,0.0,0.0,0.0,0.0,0.0
3325,Quartz,1.0,230,17.112717355495807,3181.0782608695654,4202.960869565218,3174,4189,3190,4218,24.727129933478352,13.694604855660858,0.759075907590759,0.0,0.0,0.0,0.0,0.0,0.0,1.0,0.0,0.0,0.0,0.0,0.0,0.0,0.0,0.0,0.0,0.0
3326,Quartz,1.0,492,25.028660691489268,3185.599593495935,1943.5223577235772,3173,1924,3200,1962,39.83165251214504,19.654029828949913,0.7332339791356185,0.0,0.0,0.0,0.0,0.0,0.0,1.0,0.0,0.0,0.0,0.0,0.0,0.0,0.0,0.0,0.0,0.0
3327,Quartz,1.0,287,19.115955360352558,3185.651567944251,2029.567944250871,3172,2020,3201,2039,25.743309440040335,15.551336765296858,0.8084507042253521,0.0,0.0,0.0,0.0,0.0,0.0,1.0,0.0,0.0,0.0,0.0,0.0,0.0,0.0,0.0,0.0,0.0
3328,Quartz,1.0,3146,63.28990130926751,3185.983153210426,3743.2326764144946,3153,3713,3230,3778,73.76996753524955,58.966170366452,0.8809857182861943,0.0,0.0,0.0,0.0,0.0,0.0,1.0,0.0,0.0,0.0,0.0,0.0,0.0,0.0,0.0,0.0,0.0
3329,Quartz,1.0,678,29.381225490616288,3183.2625368731565,178.72566371681415,3168,160,3203,198,38.68563783851194,24.362418358650352,0.8528301886792453,0.0,0.0,0.0,0.0,0.0,0.0,1.0,0.0,0.0,0.0,0.0,0.0,0.0,0.0,0.0,0.0,0.0
3330,Quartz,1.0,1747,47.16300970731543,3176.8133943903836,221.23068116771609,3144,200,3205,246,60.35942146288525,38.152260508649135,0.8695868591338974,0.0,0.0,0.0,0.0,0.0,0.0,1.0,0.0,0.0,0.0,0.0,0.0,0.0,0.0,0.0,0.0,0.0
3331,Quartz,1.0,667,29.14190756176324,3189.8665667166415,2187.238380809595,3176,2167,3203,2207,38.8540395489688,24.261076191316874,0.8306351183063512,0.0,0.0,0.0,0.0,0.0,0.0,1.0,0.0,0.0,0.0,0.0,0.0,0.0,0.0,0.0,0.0,0.0
3332,Orthoclase,1.0,348,21.049640414216977,3183.9827586206898,4135.232758620689,3172,4126,3196,4147,22.78463011870017,20.18165983587458,0.9015544041450777,0.0,0.0,0.0,0.0,0.0,0.0,0.0,0.0,1.0,0.0,0.0,0.0,0.0,0.0,0.0,0.0,0.0
3333,Quartz,1.0,4383,74.70347330997548,3173.5037645448324,805.2977412731007,3118,772,3223,839,101.49557153598985,58.518629246897994,0.8757242757242757,0.0,0.0,0.0,0.0,0.0,0.0,1.0,0.0,0.0,0.0,0.0,0.0,0.0,0.0,0.0,0.0,0.0
3334,Quartz,1.0,667,29.14190756176324,3185.6371814092954,151.8575712143928,3162,139,3208,166,47.47379547146105,18.585670860073765,0.8379396984924623,0.0,0.0,0.0,0.0,0.0,0.0,1.0,0.0,0.0,0.0,0.0,0.0,0.0,0.0,0.0,0.0,0.0
3335,Quartz,1.0,426,23.28948359361322,3192.7276995305165,277.84976525821594,3179,253,3209,300,53.92938103355785,11.799944585168102,0.7282051282051282,0.0,0.0,0.0,0.0,0.0,0.0,1.0,0.0,0.0,0.0,0.0,0.0,0.0,0.0,0.0,0.0,0.0
3336,Quartz,1.0,2845,60.18609893298899,3192.1880492091386,903.9831282952548,3163,868,3227,941,67.42498230450477,56.75757500606918,0.8528177458033573,0.0,0.0,0.0,0.0,0.0,0.0,1.0,0.0,0.0,0.0,0.0,0.0,0.0,0.0,0.0,0.0,0.0
3337,Quartz,1.0,465,24.33220886606579,3191.0301075268817,1777.2387096774194,3178,1761,3203,1795,31.936341957888803,20.482244422917848,0.8157894736842105,0.0,0.0,0.0,0.0,0.0,0.0,1.0,0.0,0.0,0.0,0.0,0.0,0.0,0.0,0.0,0.0,0.0
3338,Quartz,1.0,697,29.790064831759068,3192.4662840746055,2497.252510760402,3178,2471,3205,2518,48.61571829446756,21.601619014650083,0.7902494331065759,0.0,0.0,0.0,0.0,0.0,0.0,1.0,0.0,0.0,0.0,0.0,0.0,0.0,0.0,0.0,0.0,0.0
3339,Quartz,1.0,1379,41.90223540802793,3197.1921682378534,4250.918056562727,3173,4227,3230,4269,52.74577404269616,36.48328167782338,0.8908268733850129,0.0,0.0,0.0,0.0,0.0,0.0,1.0,0.0,0.0,0.0,0.0,0.0,0.0,0.0,0.0,0.0,0.0
3340,Quartz,1.0,773,31.372187811504013,3186.5873221216043,1068.5666235446313,3157,1054,3210,1082,50.388609572621,22.05539708582406,0.7653465346534654,0.0,0.0,0.0,0.0,0.0,0.0,1.0,0.0,0.0,0.0,0.0,0.0,0.0,0.0,0.0,0.0,0.0
3341,Quartz,1.0,2094,51.63490686227129,3194.227793696275,1426.0477554918816,3168,1401,3222,1459,56.11273278440232,49.22920421753508,0.9096437880104257,0.0,0.0,0.0,0.0,0.0,0.0,1.0,0.0,0.0,0.0,0.0,0.0,0.0,0.0,0.0,0.0,0.0
3342,Quartz,1.0,406,22.736210219877808,3196.6453201970444,4605.967980295566,3182,4594,3213,4614,30.265824608864968,18.564756926742653,0.9144144144144144,0.0,0.0,0.0,0.0,0.0,0.0,1.0,0.0,0.0,0.0,0.0,0.0,0.0,0.0,0.0,0.0,0.0
3343,Quartz,1.0,667,29.14190756176324,3197.0944527736133,2295.685157421289,3183,2279,3213,2316,36.24455421758571,24.19779060137259,0.898921832884097,0.0,0.0,0.0,0.0,0.0,0.0,1.0,0.0,0.0,0.0,0.0,0.0,0.0,0.0,0.0,0.0,0.0
3344,Quartz,1.0,8841,106.0976475469818,3198.02273498473,3828.577875805904,3129,3773,3267,3883,138.31137598876344,83.64818405792484,0.899206672091131,0.0,0.0,0.0,0.0,0.0,0.0,1.0,0.0,0.0,0.0,0.0,0.0,0.0,0.0,0.0,0.0,0.0
3345,Orthoclase,1.0,465,24.33220886606579,3197.006451612903,1975.494623655914,3179,1966,3216,1987,40.55511697064885,15.295922005900003,0.8908045977011494,0.0,0.0,0.0,0.0,0.0,0.0,0.0,0.0,1.0,0.0,0.0,0.0,0.0,0.0,0.0,0.0,0.0
3346,Orthoclase,1.0,1781,47.61973991081141,3201.722066254913,2380.463222908478,3172,2354,3234,2403,65.78377805700013,36.50107492426101,0.9059003051881994,0.0,0.0,0.0,0.0,0.0,0.0,0.0,0.0,1.0,0.0,0.0,0.0,0.0,0.0,0.0,0.0,0.0
3347,Quartz,1.0,1925,49.507435033691536,3200.7428571428572,4449.768831168831,3176,4417,3226,4480,62.944648776569906,41.09081515218946,0.893686165273909,0.0,0.0,0.0,0.0,0.0,0.0,1.0,0.0,0.0,0.0,0.0,0.0,0.0,0.0,0.0,0.0,0.0
3348,Quartz,1.0,1990,50.33633572304378,3215.2547738693465,2232.983417085427,3183,2205,3248,2257,68.2119735337219,43.33579639100155,0.7746204748929545,0.0,0.0,0.0,0.0,0.0,0.0,1.0,0.0,0.0,0.0,0.0,0.0,0.0,0.0,0.0,0.0,0.0
3349,Quartz,1.0,771,31.331576548121713,3198.90402075227,3137.6173800259403,3178,3122,3223,3151,46.71757135156549,25.99103478623506,0.7656405163853028,0.0,0.0,0.0,0.0,0.0,0.0,1.0,0.0,0.0,0.0,0.0,0.0,0.0,0.0,0.0,0.0,0.0
3350,Quartz,1.0,1933,49.6102009668684,3204.631143300569,2073.3378168649765,3177,2041,3236,2102,59.90513296205152,45.10989360056038,0.8641037103263299,0.0,0.0,0.0,0.0,0.0,0.0,1.0,0.0,0.0,0.0,0.0,0.0,0.0,0.0,0.0,0.0,0.0
3351,Quartz,1.0,1257,40.005775929634204,3205.6666666666665,341.8560063643596,3182,323,3228,363,45.37989207567672,36.35304578125816,0.9283604135893648,0.0,0.0,0.0,0.0,0.0,0.0,1.0,0.0,0.0,0.0,0.0,0.0,0.0,0.0,0.0,0.0,0.0
3352,Quartz,1.0,702,29.896724911001275,3208.4202279202277,2785.5484330484333,3195,2764,3220,2809,40.58826892267474,23.653182013469397,0.8698884758364313,0.0,0.0,0.0,0.0,0.0,0.0,1.0,0.0,0.0,0.0,0.0,0.0,0.0,0.0,0.0,0.0,0.0
3353,Quartz,1.0,1499,43.687367482580235,3209.396931287525,430.0366911274183,3188,404,3230,456,53.76769783187532,37.873634701698194,0.8922619047619048,0.0,0.0,0.0,0.0,0.0,0.0,1.0,0.0,0.0,0.0,0.0,0.0,0.0,0.0,0.0,0.0,0.0
3354,Quartz,1.0,1140,38.09846559899868,3206.717543859649,1348.6526315789474,3184,1324,3229,1372,46.404113557266406,36.52096560699159,0.7770961145194274,0.0,0.0,0.0,0.0,0.0,0.0,1.0,0.0,0.0,0.0,0.0,0.0,0.0,0.0,0.0,0.0,0.0
3355,Quartz,1.0,730,30.487126261041215,3203.2205479452055,3090.3273972602738,3174,3069,3223,3109,55.234869130078145,22.79310280390821,0.6228668941979523,0.0,0.0,0.0,0.0,0.0,0.0,1.0,0.0,0.0,0.0,0.0,0.0,0.0,0.0,0.0,0.0,0.0
3356,Orthoclase,1.0,302,19.60913925979463,3209.774834437086,172.49006622516555,3200,160,3220,185,23.97727776879935,18.609597376824176,0.8206521739130435,0.0,0.0,0.0,0.0,0.0,0.0,0.0,0.0,1.0,0.0,0.0,0.0,0.0,0.0,0.0,0.0,0.0
3357,Quartz,1.0,596,27.547246117573295,3218.1476510067114,1899.278523489933,3195,1886,3240,1918,49.44805444422239,16.496020282476945,0.8335664335664336,0.0,0.0,0.0,0.0,0.0,0.0,1.0,0.0,0.0,0.0,0.0,0.0,0.0,0.0,0.0,0.0,0.0
3358,Quartz,1.0,633,28.38944578214513,3211.870458135861,1932.9810426540284,3194,1917,3228,1948,34.25180146118302,26.585809220311642,0.788293897882939,0.0,0.0,0.0,0.0,0.0,0.0,1.0,0.0,0.0,0.0,0.0,0.0,0.0,0.0,0.0,0.0,0.0
3359,Quartz,1.0,1177,38.71179334716084,3214.5955819881056,2149.0127442650805,3199,2118,3235,2179,61.78842352106144,27.019539954277747,0.8294573643410853,0.0,0.0,0.0,0.0,0.0,0.0,1.0,0.0,0.0,0.0,0.0,0.0,0.0,0.0,0.0,0.0,0.0
3361,Quartz,1.0,133,13.013103375051497,3213.7293233082705,4157.992481203008,3207,4147,3220,4167,20.914017157987363,10.072775339662856,0.7869822485207101,0.0,0.0,0.0,0.0,0.0,0.0,1.0,0.0,0.0,0.0,0.0,0.0,0.0,0.0,0.0,0.0,0.0
3362,Quartz,1.0,341,20.83685880248485,3214.841642228739,1010.3489736070381,3208,995,3224,1025,32.78409127572873,14.482781629730265,0.8157894736842105,0.0,0.0,0.0,0.0,0.0,0.0,1.0,0.0,0.0,0.0,0.0,0.0,0.0,0.0,0.0,0.0,0.0
3363,Orthoclase,1.0,230,17.112717355495807,3221.7478260869566,167.01739130434783,3216,157,3230,179,22.227570549999413,13.677328794239902,0.9163346613545816,0.0,0.0,0.0,0.0,0.0,0.0,0.0,0.0,1.0,0.0,0.0,0.0,0.0,0.0,0.0,0.0,0.0
3364,Quartz,1.0,1374,41.82620153045354,3217.0262008733625,1812.8508005822416,3194,1790,3239,1840,47.38915467891441,37.97696950210352,0.888745148771022,0.0,0.0,0.0,0.0,0.0,0.0,1.0,0.0,0.0,0.0,0.0,0.0,0.0,0.0,0.0,0.0,0.0
3365,Quartz,1.0,4029,71.62319544489739,3211.1536361379995,3630.3042938694466,3173,3580,3247,3683,93.96364754245458,57.972912591260155,0.8586956521739131,0.0,0.0,0.0,0.0,0.0,0.0,1.0,0.0,0.0,0.0,0.0,0.0,0.0,0.0,0.0,0.0,0.0
3366,Quartz,1.0,536,26.123866405607867,3218.3078358208954,16.190298507462686,3209,0,3230,36,38.00740649759306,18.937397149111323,0.8859504132231405,0.0,0.0,0.0,0.0,0.0,0.0,1.0,0.0,0.0,0.0,0.0,0.0,0.0,0.0,0.0,0.0,0.0
3367,Quartz,1.0,887,33.60600357347016,3217.4825253664035,663.6493799323563,3200,645,3234,687,42.12713450232203,28.639423530337865,0.8611650485436894,0.0,0.0,0.0,0.0,0.0,0.0,1.0,0.0,0.0,0.0,0.0,0.0,0.0,0.0,0.0,0.0,0.0
3368,Quartz,1.0,613,27.93735565372383,3217.6247960848286,1152.9706362153345,3205,1135,3232,1173,40.66133751225727,20.694259043566593,0.8478561549100968,0.0,0.0,0.0,0.0,0.0,0.0,1.0,0.0,0.0,0.0,0.0,0.0,0.0,0.0,0.0,0.0,0.0
3369,Orthoclase,1.0,698,29.811427376513585,3221.558739255014,858.0616045845272,3199,848,3241,874,39.68201393385811,24.769795321316323,0.8735919899874843,0.0,0.0,0.0,0.0,0.0,0.0,0.0,0.0,1.0,0.0,0.0,0.0,0.0,0.0,0.0,0.0,0.0
3370,Quartz,1.0,1817,48.098609676203644,3219.3219592735277,4110.424325811778,3190,4085,3250,4136,52.37954493597239,47.047654290291945,0.8554613935969868,0.0,0.0,0.0,0.0,0.0,0.0,1.0,0.0,0.0,0.0,0.0,0.0,0.0,0.0,0.0,0.0,0.0
3371,Quartz,1.0,1343,41.351671170332686,3231.571109456441,2019.0327624720774,3200,2002,3274,2035,73.11615727867193,27.122282764653505,0.8290123456790124,0.0,0.0,0.0,0.0,0.0,0.0,1.0,0.0,0.0,0.0,0.0,0.0,0.0,0.0,0.0,0.0,0.0
3372,Quartz,1.0,8511,104.0987116406393,3215.0783691693105,3241.0623898484314,3153,3191,3270,3290,116.9426906091604,95.43360809575942,0.9104621309370988,0.0,0.0,0.0,0.0,0.0,0.0,1.0,0.0,0.0,0.0,0.0,0.0,0.0,0.0,0.0,0.0,0.0
3373,Quartz,1.0,1085,37.1680629847407,3225.18801843318,249.82488479262673,3208,227,3242,273,45.176624946536585,31.833201279431858,0.8922697368421053,0.0,0.0,0.0,0.0,0.0,0.0,1.0,0.0,0.0,0.0,0.0,0.0,0.0,0.0,0.0,0.0,0.0
3374,Quartz,1.0,1313,40.887204871906675,3226.0586443259713,2526.986290936786,3207,2498,3250,2551,49.13973288238011,38.653155043379165,0.7890625,0.0,0.0,0.0,0.0,0.0,0.0,1.0,0.0,0.0,0.0,0.0,0.0,0.0,0.0,0.0,0.0,0.0
3375,Quartz,1.0,1338,41.274623085567335,3225.252615844544,204.45889387144993,3200,184,3250,225,49.65882133679945,35.79375021857968,0.8722294654498044,0.0,0.0,0.0,0.0,0.0,0.0,1.0,0.0,0.0,0.0,0.0,0.0,0.0,0.0,0.0,0.0,0.0
3376,Quartz,1.0,3078,62.602167044718435,3215.0227420402857,3957.862897985705,3181,3921,3265,3990,80.48728388189488,56.14083629430678,0.7914631010542555,0.0,0.0,0.0,0.0,0.0,0.0,1.0,0.0,0.0,0.0,0.0,0.0,0.0,0.0,0.0,0.0,0.0
3377,Quartz,1.0,1660,45.97366250648702,3225.6686746987953,4039.928313253012,3199,4014,3255,4067,58.15078246063672,38.38200063283619,0.881104033970276,0.0,0.0,0.0,0.0,0.0,0.0,1.0,0.0,0.0,0.0,0.0,0.0,0.0,0.0,0.0,0.0,0.0
3378,Quartz,1.0,2354,54.74674317533942,3234.3130841121497,3921.5760407816483,3198,3897,3273,3942,68.23647085129768,45.93456048199135,0.9356120826709062,0.0,0.0,0.0,0.0,0.0,0.0,1.0,0.0,0.0,0.0,0.0,0.0,0.0,0.0,0.0,0.0,0.0
3379,Quartz,1.0,1634,45.61220687598064,3229.564871481028,3437.4296205630353,3199,3420,3258,3460,57.59475357835446,38.18341489257176,0.9108138238573021,0.0,0.0,0.0,0.0,0.0,0.0,1.0,0.0,0.0,0.0,0.0,0.0,0.0,0.0,0.0,0.0,0.0
3380,Quartz,1.0,419,23.09734550211416,3229.0429594272077,3995.6420047732695,3217,3982,3243,4011,28.547126596810248,21.207759312302016,0.7905660377358491,0.0,0.0,0.0,0.0,0.0,0.0,1.0,0.0,0.0,0.0,0.0,0.0,0.0,0.0,0.0,0.0,0.0
3381,Quartz,1.0,215,16.545286401814263,3228.6697674418606,492.1162790697674,3214,484,3239,500,24.32233368130153,14.451445941909087,0.7312925170068028,0.0,0.0,0.0,0.0,0.0,0.0,1.0,0.0,0.0,0.0,0.0,0.0,0.0,0.0,0.0,0.0,0.0
3382,Quartz,1.0,905,33.94527637220416,3229.558011049724,1049.4198895027625,3213,1026,3249,1070,39.82349956944082,33.042293018870325,0.799469964664311,0.0,0.0,0.0,0.0,0.0,0.0,1.0,0.0,0.0,0.0,0.0,0.0,0.0,0.0,0.0,0.0,0.0
3383,Quartz,1.0,728,30.445334430207833,3233.631868131868,324.6881868131868,3222,301,3244,354,53.06160998410091,19.714858235766027,0.8272727272727273,0.0,0.0,0.0,0.0,0.0,0.0,1.0,0.0,0.0,0.0,0.0,0.0,0.0,0.0,0.0,0.0,0.0
3384,Quartz,1.0,5666,84.93630119371477,3227.673843981645,1276.5377691493118,3184,1223,3274,1332,112.33754278751682,78.27353613325623,0.797803435651929,0.0,0.0,0.0,0.0,0.0,0.0,1.0,0.0,0.0,0.0,0.0,0.0,0.0,0.0,0.0,0.0,0.0
3385,Quartz,1.0,655,28.878571671769564,3232.309923664122,88.14656488549619,3217,74,3255,104,37.19163997281102,24.75678330490043,0.8301647655259823,0.0,0.0,0.0,0.0,0.0,0.0,1.0,0.0,0.0,0.0,0.0,0.0,0.0,0.0,0.0,0.0,0.0
3386,Quartz,1.0,782,31.554291688816235,3237.865728900256,2736.9309462915603,3216,2725,3268,2751,49.064009223125005,22.554740098991964,0.8266384778012685,0.0,0.0,0.0,0.0,0.0,0.0,1.0,0.0,0.0,0.0,0.0,0.0,0.0,0.0,0.0,0.0,0.0
3387,Quartz,1.0,479,24.695783889727878,3232.265135699374,4160.160751565762,3221,4145,3247,4175,30.896863388371962,20.791140227168377,0.8599640933572711,0.0,0.0,0.0,0.0,0.0,0.0,1.0,0.0,0.0,0.0,0.0,0.0,0.0,0.0,0.0,0.0,0.0
3388,Quartz,1.0,737,30.632948674096244,3230.689280868385,288.9606512890095,3210,271,3250,305,42.84786714882975,24.59935946498965,0.838452787258248,0.0,0.0,0.0,0.0,0.0,0.0,1.0,0.0,0.0,0.0,0.0,0.0,0.0,0.0,0.0,0.0,0.0
3389,Quartz,1.0,888,33.62494186946387,3241.8693693693695,1989.231981981982,3214,1976,3271,2002,58.87271993662633,20.245438405887807,0.8299065420560747,0.0,0.0,0.0,0.0,0.0,0.0,1.0,0.0,0.0,0.0,0.0,0.0,0.0,0.0,0.0,0.0,0.0
3390,Quartz,1.0,643,28.61281229213077,3237.3654743390357,2275.311041990669,3219,2261,3254,2293,33.84479286690213,26.26498740961254,0.8067754077791719,0.0,0.0,0.0,0.0,0.0,0.0,1.0,0.0,0.0,0.0,0.0,0.0,0.0,0.0,0.0,0.0,0.0
3391,Quartz,1.0,2767,59.355318382451586,3230.6523310444527,4526.371882905674,3204,4494,3265,4569,77.32741900033196,48.96860045271815,0.9010094431781179,0.0,0.0,0.0,0.0,0.0,0.0,1.0,0.0,0.0,0.0,0.0,0.0,0.0,0.0,0.0,0.0,0.0
3392,Quartz,1.0,1280,40.370120352322566,3236.71953125,807.66015625,3219,779,3259,831,46.81269358180169,37.701329097395124,0.8707482993197279,0.0,0.0,0.0,0.0,0.0,0.0,1.0,0.0,0.0,0.0,0.0,0.0,0.0,0.0,0.0,0.0,0.0
3393,Quartz,1.0,326,20.37341629633241,3237.0766871165642,2336.527607361963,3223,2328,3253,2351,25.825337705826207,18.85725191654375,0.8253164556962025,0.0,0.0,0.0,0.0,0.0,0.0,1.0,0.0,0.0,0.0,0.0,0.0,0.0,0.0,0.0,0.0,0.0
3394,Quartz,1.0,375,21.850968611841584,3230.528,1091.3706666666667,3217,1078,3241,1102,25.213081238766176,21.4659813814696,0.8907363420427553,0.0,0.0,0.0,0.0,0.0,0.0,1.0,0.0,0.0,0.0,0.0,0.0,0.0,0.0,0.0,0.0,0.0
3395,Quartz,1.0,469,24.436639426909572,3246.7121535181236,1085.9381663113006,3234,1071,3259,1102,33.45776149618959,20.307483602467833,0.7869127516778524,0.0,0.0,0.0,0.0,0.0,0.0,1.0,0.0,0.0,0.0,0.0,0.0,0.0,0.0,0.0,0.0,0.0
3396,Orthoclase,1.0,1922,49.46884276977765,3246.34703433923,966.7315296566077,3223,940,3271,998,56.99547644433005,45.020316065396464,0.8768248175182481,0.0,0.0,0.0,0.0,0.0,0.0,0.0,0.0,1.0,0.0,0.0,0.0,0.0,0.0,0.0,0.0,0.0
3399,Quartz,1.0,331,20.529059630371258,3250.595166163142,21.057401812688823,3240,11,3261,33,23.58869170432685,19.596646819972495,0.8710526315789474,0.0,0.0,0.0,0.0,0.0,0.0,1.0,0.0,0.0,0.0,0.0,0.0,0.0,0.0,0.0,0.0,0.0
3401,Quartz,1.0,727,30.424416987387996,3248.5969738651993,4398.019257221458,3233,4380,3266,4422,39.906285087606946,25.580640201057864,0.8997524752475248,0.0,0.0,0.0,0.0,0.0,0.0,1.0,0.0,0.0,0.0,0.0,0.0,0.0,0.0,0.0,0.0,0.0
3402,Quartz,1.0,1418,42.490630431125176,3248.536671368124,382.058533145275,3221,351,3269,407,60.56349320677541,32.301793383006626,0.850629874025195,0.0,0.0,0.0,0.0,0.0,0.0,1.0,0.0,0.0,0.0,0.0,0.0,0.0,0.0,0.0,0.0,0.0
3403,Quartz,1.0,520,25.731003930322746,3226.8057692307693,1549.1134615384615,3208,1536,3244,1566,32.47254254123882,24.06883899346278,0.7624633431085044,0.0,0.0,0.0,0.0,0.0,0.0,1.0,0.0,0.0,0.0,0.0,0.0,0.0,0.0,0.0,0.0,0.0
3404,Quartz,1.0,1553,44.467302740032565,3255.4816484224084,1555.1416613007084,3236,1525,3281,1584,56.978318088597284,39.712082457381364,0.8046632124352332,0.0,0.0,0.0,0.0,0.0,0.0,1.0,0.0,0.0,0.0,0.0,0.0,0.0,0.0,0.0,0.0,0.0
3405,Quartz,1.0,911,34.05761625912379,3250.4917672886936,3565.0109769484084,3232,3545,3267,3589,47.899909400952374,26.911605776003256,0.8170403587443946,0.0,0.0,0.0,0.0,0.0,0.0,1.0,0.0,0.0,0.0,0.0,0.0,0.0,0.0,0.0,0.0,0.0
3406,Quartz,1.0,938,34.558626896356614,3252.10447761194,438.80277185501063,3237,414,3269,464,47.57846903964114,28.448504557488757,0.7849372384937239,0.0,0.0,0.0,0.0,0.0,0.0,1.0,0.0,0.0,0.0,0.0,0.0,0.0,0.0,0.0,0.0,0.0
3407,Quartz,1.0,283,18.982275710779543,3258.4840989399295,916.3321554770318,3247,906,3275,930,32.57108695294512,13.177165800805483,0.7927170868347339,0.0,0.0,0.0,0.0,0.0,0.0,1.0,0.0,0.0,0.0,0.0,0.0,0.0,0.0,0.0,0.0,0.0
3408,Quartz,1.0,867,33.224970809398556,3250.40830449827,2105.4671280276816,3232,2085,3268,2127,45.134152894346954,26.14425909619502,0.8233618233618234,0.0,0.0,0.0,0.0,0.0,0.0,1.0,0.0,0.0,0.0,0.0,0.0,0.0,0.0,0.0,0.0,0.0
3409,Orthoclase,1.0,349,21.079862454783044,3255.971346704871,2180.9799426934096,3241,2169,3270,2192,24.365746471083355,20.070613043586945,0.8116279069767441,0.0,0.0,0.0,0.0,0.0,0.0,0.0,0.0,1.0,0.0,0.0,0.0,0.0,0.0,0.0,0.0,0.0
3410,Quartz,1.0,734,30.570538527078803,3252.3228882833787,178.56948228882834,3238,158,3264,197,37.93232525270237,25.89800568209394,0.9028290282902829,0.0,0.0,0.0,0.0,0.0,0.0,1.0,0.0,0.0,0.0,0.0,0.0,0.0,0.0,0.0,0.0,0.0
3412,Quartz,1.0,5621,84.59834206978498,3263.6521971179504,1172.0106742572495,3202,1137,3330,1212,125.82155894810566,60.40606208129389,0.8112281714533122,0.0,0.0,0.0,0.0,0.0,0.0,1.0,0.0,0.0,0.0,0.0,0.0,0.0,0.0,0.0,0.0,0.0
3413,Quartz,1.0,5257,81.81332585021067,3262.7738253756897,3361.577705915922,3215,3312,3310,3406,94.94759530941833,75.01161574893881,0.8375019913971643,0.0,0.0,0.0,0.0,0.0,0.0,1.0,0.0,0.0,0.0,0.0,0.0,0.0,0.0,0.0,0.0,0.0
3414,Quartz,1.0,134,13.061933202803933,3262.3582089552237,1131.7761194029852,3254,1127,3274,1138,20.529692798137614,9.389054623189583,0.8375,0.0,0.0,0.0,0.0,0.0,0.0,1.0,0.0,0.0,0.0,0.0,0.0,0.0,0.0,0.0,0.0,0.0
3415,Quartz,1.0,5392,82.85715192553988,3261.387240356083,2482.8811201780413,3215,2437,3300,2556,112.70829259526164,72.79497616764432,0.8336425479282622,0.0,0.0,0.0,0.0,0.0,0.0,1.0,0.0,0.0,0.0,0.0,0.0,0.0,0.0,0.0,0.0,0.0
3416,Orthoclase,1.0,334,20.62188177498708,3260.6497005988026,288.3922155688623,3251,271,3274,306,37.23319712561818,13.651598611336553,0.7877358490566038,0.0,0.0,0.0,0.0,0.0,0.0,0.0,0.0,1.0,0.0,0.0,0.0,0.0,0.0,0.0,0.0,0.0
3417,Quartz,1.0,1713,46.70181302831116,3260.7734967892584,875.3415061295972,3230,846,3285,902,50.730278697665234,46.59546988429929,0.8603716725263687,0.0,0.0,0.0,0.0,0.0,0.0,1.0,0.0,0.0,0.0,0.0,0.0,0.0,0.0,0.0,0.0,0.0
3418,Quartz,1.0,936,34.52176435050956,3261.147435897436,3527.678418803419,3234,3512,3294,3546,50.77909163311935,28.73059755597722,0.7703703703703704,0.0,0.0,0.0,0.0,0.0,0.0,1.0,0.0,0.0,0.0,0.0,0.0,0.0,0.0,0.0,0.0,0.0
3419,Quartz,1.0,1400,42.22008245644752,3263.7307142857144,3610.3464285714285,3235,3584,3289,3637,68.33024000613429,26.828782569722996,0.8760951188986232,0.0,0.0,0.0,0.0,0.0,0.0,1.0,0.0,0.0,0.0,0.0,0.0,0.0,0.0,0.0,0.0,0.0
3420,Quartz,1.0,214,16.50676414605009,3265.1028037383176,4490.6682242990655,3251,4480,3276,4499,26.17876304730366,13.464873314933039,0.6645962732919255,0.0,0.0,0.0,0.0,0.0,0.0,1.0,0.0,0.0,0.0,0.0,0.0,0.0,0.0,0.0,0.0,0.0
3421,Quartz,1.0,1518,43.963366896860585,3263.0533596837945,609.0592885375494,3235,589,3291,638,50.09496729378274,43.32309404192669,0.8734177215189873,0.0,0.0,0.0,0.0,0.0,0.0,1.0,0.0,0.0,0.0,0.0,0.0,0.0,0.0,0.0,0.0,0.0
3422,Quartz,1.0,1045,36.47650372840365,3266.9856459330144,656.9856459330143,3243,638,3295,677,52.09281133689759,28.383588700913926,0.7868975903614458,0.0,0.0,0.0,0.0,0.0,0.0,1.0,0.0,0.0,0.0,0.0,0.0,0.0,0.0,0.0,0.0,0.0
3423,Quartz,1.0,1193,38.97402695217738,3257.637049455155,1356.1391450125734,3241,1325,3277,1386,59.206543694937054,27.62514060870686,0.8708029197080291,0.0,0.0,0.0,0.0,0.0,0.0,1.0,0.0,0.0,0.0,0.0,0.0,0.0,0.0,0.0,0.0,0.0
3424,Quartz,1.0,875,33.37790589062273,3260.0834285714286,2138.390857142857,3239,2117,3283,2161,53.97722839489687,21.252636760037994,0.9011328527291452,0.0,0.0,0.0,0.0,0.0,0.0,1.0,0.0,0.0,0.0,0.0,0.0,0.0,0.0,0.0,0.0,0.0
3425,Quartz,1.0,202,16.03728119216293,3266.3564356435645,2052.0940594059407,3260,2044,3273,2066,21.62089131524018,12.81036050837029,0.9351851851851852,0.0,0.0,0.0,0.0,0.0,0.0,1.0,0.0,0.0,0.0,0.0,0.0,0.0,0.0,0.0,0.0,0.0
3427,Quartz,1.0,3149,63.32007048615018,3275.7850111146395,3712.826294061607,3241,3681,3317,3748,82.26094834876056,51.95606461720225,0.849703184025904,0.0,0.0,0.0,0.0,0.0,0.0,1.0,0.0,0.0,0.0,0.0,0.0,0.0,0.0,0.0,0.0,0.0
3428,Quartz,1.0,1636,45.64011278674415,3267.507946210269,4194.083129584352,3248,4157,3287,4230,67.84393558654497,32.61591439562392,0.856544502617801,0.0,0.0,0.0,0.0,0.0,0.0,1.0,0.0,0.0,0.0,0.0,0.0,0.0,0.0,0.0,0.0,0.0
3429,Quartz,1.0,9527,110.13697445768108,3268.7778944053744,4331.480529022778,3204,4275,3335,4386,143.8531440387576,86.58744990158938,0.9117618910900565,0.0,0.0,0.0,0.0,0.0,0.0,1.0,0.0,0.0,0.0,0.0,0.0,0.0,0.0,0.0,0.0,0.0
3430,Quartz,1.0,286,19.08262324195121,3266.4755244755243,2288.846153846154,3255,2278,3278,2299,22.59261332854878,16.752733251908047,0.8881987577639752,0.0,0.0,0.0,0.0,0.0,0.0,1.0,0.0,0.0,0.0,0.0,0.0,0.0,0.0,0.0,0.0,0.0
3431,Quartz,1.0,1721,46.810738687711556,3266.0238233585123,2358.6670540383498,3239,2332,3292,2381,53.052012759742304,43.08605086379498,0.9043615344193379,0.0,0.0,0.0,0.0,0.0,0.0,1.0,0.0,0.0,0.0,0.0,0.0,0.0,0.0,0.0,0.0,0.0
3432,Quartz,1.0,686,29.554057719513263,3273.067055393586,170.6399416909621,3262,153,3288,191,37.18332056997324,25.40220363501001,0.8932291666666666,0.0,0.0,0.0,0.0,0.0,0.0,1.0,0.0,0.0,0.0,0.0,0.0,0.0,0.0,0.0,0.0,0.0
3433,Quartz,1.0,305,19.706294962377495,3268.1344262295083,3435.8524590163934,3257,3427,3281,3447,24.39470653946583,17.059545302255955,0.8591549295774648,0.0,0.0,0.0,0.0,0.0,0.0,1.0,0.0,0.0,0.0,0.0,0.0,0.0,0.0,0.0,0.0,0.0
3434,Quartz,1.0,4253,73.5872800404978,3286.9910651304963,3471.7119680225724,3233,3444,3350,3503,116.02753990136335,48.0261812480474,0.9103167808219178,0.0,0.0,0.0,0.0,0.0,0.0,1.0,0.0,0.0,0.0,0.0,0.0,0.0,0.0,0.0,0.0,0.0
3435,Quartz,1.0,105,11.562445770562215,3266.1238095238095,4464.0,3259,4458,3275,4471,19.146477998979435,7.823376170280739,0.813953488372093,0.0,0.0,0.0,0.0,0.0,0.0,1.0,0.0,0.0,0.0,0.0,0.0,0.0,0.0,0.0,0.0,0.0
3436,Quartz,1.0,632,28.367012395961314,3271.768987341772,478.80379746835445,3257,463,3286,498,36.24864202691158,24.738819548889825,0.8563685636856369,0.0,0.0,0.0,0.0,0.0,0.0,1.0,0.0,0.0,0.0,0.0,0.0,0.0,0.0,0.0,0.0,0.0
3438,Orthoclase,1.0,600,27.63953195770684,3270.255,136.445,3248,127,3292,150,42.42014016017298,19.746465729119215,0.8391608391608392,0.0,0.0,0.0,0.0,0.0,0.0,0.0,0.0,1.0,0.0,0.0,0.0,0.0,0.0,0.0,0.0,0.0
3440,Quartz,1.0,196,15.797308339337176,3270.1530612244896,2031.1989795918366,3259,2022,3280,2041,24.670015642863135,11.092117000051017,0.8270042194092827,0.0,0.0,0.0,0.0,0.0,0.0,1.0,0.0,0.0,0.0,0.0,0.0,0.0,0.0,0.0,0.0,0.0
3441,Quartz,1.0,223,16.85029431422316,3271.85201793722,1467.5874439461884,3259,1457,3284,1481,31.838785911811186,10.639134683666514,0.7533783783783784,0.0,0.0,0.0,0.0,0.0,0.0,1.0,0.0,0.0,0.0,0.0,0.0,0.0,0.0,0.0,0.0,0.0
3442,Quartz,1.0,1226,39.5093872623369,3277.674551386623,4445.530995106036,3260,4406,3296,4483,71.72931518732426,24.260572967100856,0.7358943577430972,0.0,0.0,0.0,0.0,0.0,0.0,1.0,0.0,0.0,0.0,0.0,0.0,0.0,0.0,0.0,0.0,0.0
3443,Quartz,1.0,675,29.316150714175198,3278.219259259259,4572.099259259259,3259,4560,3298,4588,38.26461303302295,24.150530276071617,0.8823529411764706,0.0,0.0,0.0,0.0,0.0,0.0,1.0,0.0,0.0,0.0,0.0,0.0,0.0,0.0,0.0,0.0,0.0
3444,Quartz,1.0,1089,37.23651251415191,3275.394857667585,45.2534435261708,3260,20,3296,70,45.779334170023205,31.73963195482017,0.9105351170568562,0.0,0.0,0.0,0.0,0.0,0.0,1.0,0.0,0.0,0.0,0.0,0.0,0.0,0.0,0.0,0.0,0.0
3445,Quartz,1.0,1978,50.18433838844697,3283.364509605662,216.2093023255814,3258,190,3314,245,54.07157759239141,48.66565204616813,0.9023722627737226,0.0,0.0,0.0,0.0,0.0,0.0,1.0,0.0,0.0,0.0,0.0,0.0,0.0,0.0,0.0,0.0,0.0
3446,Quartz,1.0,731,30.508000708034015,3280.1504787961694,1437.1928864569084,3262,1424,3299,1452,36.24983222746305,26.40713562409278,0.8589894242068156,0.0,0.0,0.0,0.0,0.0,0.0,1.0,0.0,0.0,0.0,0.0,0.0,0.0,0.0,0.0,0.0,0.0
3447,Quartz,1.0,231,17.14987856615383,3282.883116883117,954.922077922078,3272,944,3294,968,29.46393191172207,10.770849388037238,0.8279569892473119,0.0,0.0,0.0,0.0,0.0,0.0,1.0,0.0,0.0,0.0,0.0,0.0,0.0,0.0,0.0,0.0,0.0
3448,Quartz,1.0,256,18.0540666735282,3284.7578125,2407.47265625,3277,2393,3292,2423,29.941375653863727,14.502192403257226,0.7314285714285714,0.0,0.0,0.0,0.0,0.0,0.0,1.0,0.0,0.0,0.0,0.0,0.0,0.0,0.0,0.0,0.0,0.0
3449,Quartz,1.0,724,30.361578193306386,3284.425414364641,4512.852209944751,3269,4494,3299,4534,37.93906345402283,29.0324838439531,0.8274285714285714,0.0,0.0,0.0,0.0,0.0,0.0,1.0,0.0,0.0,0.0,0.0,0.0,0.0,0.0,0.0,0.0,0.0
3450,Quartz,1.0,281,18.91508160359296,3287.131672597865,460.7402135231317,3279,448,3296,475,25.279796283770164,14.749206272779372,0.8646153846153846,0.0,0.0,0.0,0.0,0.0,0.0,1.0,0.0,0.0,0.0,0.0,0.0,0.0,0.0,0.0,0.0,0.0
3451,Orthoclase,1.0,798,31.875463238965796,3287.9624060150377,914.0037593984962,3274,894,3304,937,44.316453487134496,23.771658922164654,0.8730853391684902,0.0,0.0,0.0,0.0,0.0,0.0,0.0,0.0,1.0,0.0,0.0,0.0,0.0,0.0,0.0,0.0,0.0
3452,Quartz,1.0,322,20.248040236149336,3288.4596273291927,1286.3944099378882,3280,1271,3298,1303,30.728871655306737,14.386987020238672,0.8609625668449198,0.0,0.0,0.0,0.0,0.0,0.0,1.0,0.0,0.0,0.0,0.0,0.0,0.0,0.0,0.0,0.0,0.0
3453,Quartz,1.0,1566,44.653030435293694,3288.3735632183907,831.757343550447,3248,819,3328,849,79.44436717987716,25.844658112088357,0.882750845546787,0.0,0.0,0.0,0.0,0.0,0.0,1.0,0.0,0.0,0.0,0.0,0.0,0.0,0.0,0.0,0.0,0.0
3454,Quartz,1.0,1335,41.228325120254915,3282.6119850187265,782.4089887640449,3257,761,3306,804,46.0977134006981,40.83489456308222,0.8579691516709511,0.0,0.0,0.0,0.0,0.0,0.0,1.0,0.0,0.0,0.0,0.0,0.0,0.0,0.0,0.0,0.0,0.0
3455,Quartz,1.0,183,15.26443044094783,3284.584699453552,4113.07650273224,3275,4105,3295,4125,25.746121811573364,11.243448039364289,0.7439024390243902,0.0,0.0,0.0,0.0,0.0,0.0,1.0,0.0,0.0,0.0,0.0,0.0,0.0,0.0,0.0,0.0,0.0
3456,Quartz,1.0,1773,47.51266897171157,3286.5939086294416,4045.399323181049,3253,4018,3317,4071,70.0190492721075,35.981580491134935,0.7925793473401878,0.0,0.0,0.0,0.0,0.0,0.0,1.0,0.0,0.0,0.0,0.0,0.0,0.0,0.0,0.0,0.0,0.0
3457,Quartz,1.0,1207,39.202042427599885,3281.5443247721623,1854.3024026512014,3264,1830,3304,1884,56.90129420694727,31.18423468110961,0.7822423849643552,0.0,0.0,0.0,0.0,0.0,0.0,1.0,0.0,0.0,0.0,0.0,0.0,0.0,0.0,0.0,0.0,0.0
3458,Quartz,1.0,1013,35.91366952591617,3287.4916090819347,3668.9565646594274,3262,3654,3313,3683,53.390085021219335,25.192145833745233,0.8762975778546713,0.0,0.0,0.0,0.0,0.0,0.0,1.0,0.0,0.0,0.0,0.0,0.0,0.0,0.0,0.0,0.0,0.0
3459,Quartz,1.0,923,34.28119163317628,3287.3575297941493,711.3380281690141,3265,693,3310,729,48.53356798685806,26.420789456080755,0.8436928702010968,0.0,0.0,0.0,0.0,0.0,0.0,1.0,0.0,0.0,0.0,0.0,0.0,0.0,0.0,0.0,0.0,0.0
3460,Quartz,1.0,1085,37.1680629847407,3300.16866359447,10.329953917050691,3270,0,3325,26,57.80269865610758,25.83467978601431,0.9148397976391232,0.0,0.0,0.0,0.0,0.0,0.0,1.0,0.0,0.0,0.0,0.0,0.0,0.0,0.0,0.0,0.0,0.0
3461,Quartz,1.0,1027,36.16098743733379,3292.374878286271,2226.3807205452777,3270,2210,3311,2253,45.86171111710096,31.56408619262206,0.8938207136640557,0.0,0.0,0.0,0.0,0.0,0.0,1.0,0.0,0.0,0.0,0.0,0.0,0.0,0.0,0.0,0.0,0.0
3462,Quartz,1.0,390,22.283703068536735,3302.1923076923076,4183.0641025641025,3287,4170,3321,4197,39.857923327436886,15.621854306774365,0.703971119133574,0.0,0.0,0.0,0.0,0.0,0.0,1.0,0.0,0.0,0.0,0.0,0.0,0.0,0.0,0.0,0.0,0.0
3463,Quartz,1.0,290,19.21560480373171,3294.1758620689657,4088.2655172413793,3281,4080,3307,4099,26.16712648858538,15.60912772266909,0.8787878787878788,0.0,0.0,0.0,0.0,0.0,0.0,1.0,0.0,0.0,0.0,0.0,0.0,0.0,0.0,0.0,0.0,0.0
3464,Quartz,1.0,621,28.11906394744562,3292.9484702093396,115.83735909822866,3274,102,3311,132,34.910643909601404,25.093741799204803,0.8346774193548387,0.0,0.0,0.0,0.0,0.0,0.0,1.0,0.0,0.0,0.0,0.0,0.0,0.0,0.0,0.0,0.0,0.0
3465,Quartz,1.0,1351,41.47465038957176,3294.344929681717,672.4078460399704,3271,651,3321,698,55.50688587436077,32.44735195829735,0.9073203492276696,0.0,0.0,0.0,0.0,0.0,0.0,1.0,0.0,0.0,0.0,0.0,0.0,0.0,0.0,0.0,0.0,0.0
3466,Orthoclase,1.0,1195,39.00668219624068,3292.403347280335,984.7765690376569,3263,969,3319,1001,53.028204532302645,31.86843075275904,0.8397751229796205,0.0,0.0,0.0,0.0,0.0,0.0,0.0,0.0,1.0,0.0,0.0,0.0,0.0,0.0,0.0,0.0,0.0
3467,Quartz,1.0,1443,42.863558683954835,3307.4927234927236,1861.3769923769923,3289,1831,3329,1887,59.38411878554555,33.99429330382792,0.8708509354254678,0.0,0.0,0.0,0.0,0.0,0.0,1.0,0.0,0.0,0.0,0.0,0.0,0.0,0.0,0.0,0.0,0.0
3468,Quartz,1.0,2515,56.58796210333903,3298.452485089463,2306.188866799205,3268,2278,3331,2341,67.62341633831969,49.33784925816077,0.8972529432750624,0.0,0.0,0.0,0.0,0.0,0.0,1.0,0.0,0.0,0.0,0.0,0.0,0.0,0.0,0.0,0.0,0.0
3469,Quartz,1.0,13033,128.81820906429874,3301.052482160669,1693.289956264866,3230,1617,3377,1758,146.3303078806512,119.97700878714863,0.8765216221669244,0.0,0.0,0.0,0.0,0.0,0.0,1.0,0.0,0.0,0.0,0.0,0.0,0.0,0.0,0.0,0.0,0.0
3470,Quartz,1.0,136,13.159049284959082,3297.2573529411766,1318.1911764705883,3292,1309,3303,1330,20.710271850428043,9.388613239796866,0.8553459119496856,0.0,0.0,0.0,0.0,0.0,0.0,1.0,0.0,0.0,0.0,0.0,0.0,0.0,0.0,0.0,0.0,0.0
3471,Quartz,1.0,1385,41.99329433919421,3294.965342960289,3913.012274368231,3270,3873,3317,3946,78.9835210743615,26.195140398095262,0.7539466521502449,0.0,0.0,0.0,0.0,0.0,0.0,1.0,0.0,0.0,0.0,0.0,0.0,0.0,0.0,0.0,0.0,0.0
3472,Quartz,1.0,1340,41.30545956583848,3298.536567164179,2063.7119402985077,3275,2038,3323,2088,47.79895827895589,39.628273882412785,0.7679083094555874,0.0,0.0,0.0,0.0,0.0,0.0,1.0,0.0,0.0,0.0,0.0,0.0,0.0,0.0,0.0,0.0,0.0
3473,Quartz,1.0,1404,42.28035383967556,3301.6688034188032,391.3376068376068,3280,365,3322,423,58.480206277863374,34.77624254809179,0.819614711033275,0.0,0.0,0.0,0.0,0.0,0.0,1.0,0.0,0.0,0.0,0.0,0.0,0.0,0.0,0.0,0.0,0.0
3474,Quartz,1.0,943,34.65061169280073,3303.7009544008483,3413.2778366914104,3283,3389,3320,3438,45.99448629086002,29.89895201205458,0.8122308354866494,0.0,0.0,0.0,0.0,0.0,0.0,1.0,0.0,0.0,0.0,0.0,0.0,0.0,0.0,0.0,0.0,0.0
3475,Quartz,1.0,221,16.774562271083887,3305.547511312217,2503.4117647058824,3297,2490,3316,2517,28.76698644112995,13.809016862060556,0.6758409785932722,0.0,0.0,0.0,0.0,0.0,0.0,1.0,0.0,0.0,0.0,0.0,0.0,0.0,0.0,0.0,0.0,0.0
3476,Quartz,1.0,815,32.21319960760119,3306.723926380368,4234.358282208589,3291,4217,3321,4255,38.33957647510503,28.685407978848854,0.8551941238195173,0.0,0.0,0.0,0.0,0.0,0.0,1.0,0.0,0.0,0.0,0.0,0.0,0.0,0.0,0.0,0.0,0.0
3477,Orthoclase,1.0,512,25.532305945691693,3307.3359375,183.322265625,3293,168,3319,201,29.618847466053598,22.786515279683382,0.8576214405360134,0.0,0.0,0.0,0.0,0.0,0.0,0.0,0.0,1.0,0.0,0.0,0.0,0.0,0.0,0.0,0.0,0.0
3478,Quartz,1.0,880,33.47313548753602,3306.943181818182,1075.853409090909,3292,1051,3322,1101,49.674662742069245,26.555185196125464,0.7599309153713298,0.0,0.0,0.0,0.0,0.0,0.0,1.0,0.0,0.0,0.0,0.0,0.0,0.0,0.0,0.0,0.0,0.0
3479,Quartz,1.0,976,35.25169209643019,3308.6936475409834,4457.754098360656,3296,4427,3323,4483,54.01409021320798,24.88384352596809,0.872207327971403,0.0,0.0,0.0,0.0,0.0,0.0,1.0,0.0,0.0,0.0,0.0,0.0,0.0,0.0,0.0,0.0,0.0
3480,Quartz,1.0,202,16.03728119216293,3310.7475247524753,731.8465346534654,3302,722,3321,741,22.46305206027414,12.306108601035357,0.8244897959183674,0.0,0.0,0.0,0.0,0.0,0.0,1.0,0.0,0.0,0.0,0.0,0.0,0.0,0.0,0.0,0.0,0.0
3481,Orthoclase,1.0,141,13.398760233979036,3302.531914893617,2265.0141843971633,3291,2259,3315,2272,29.750541570257933,8.86898020072351,0.6266666666666667,0.0,0.0,0.0,0.0,0.0,0.0,0.0,0.0,1.0,0.0,0.0,0.0,0.0,0.0,0.0,0.0,0.0
3482,Quartz,1.0,3332,65.1339708835379,3317.3079231692677,3289.065426170468,3273,3244,3359,3328,91.1302509395063,53.15520408273091,0.8528282569746609,0.0,0.0,0.0,0.0,0.0,0.0,1.0,0.0,0.0,0.0,0.0,0.0,0.0,0.0,0.0,0.0,0.0
3483,Quartz,1.0,968,35.10692067532608,3310.2985537190084,477.3956611570248,3297,452,3325,505,50.90116858033225,24.537028014865975,0.9201520912547528,0.0,0.0,0.0,0.0,0.0,0.0,1.0,0.0,0.0,0.0,0.0,0.0,0.0,0.0,0.0,0.0,0.0
3484,Quartz,1.0,260,18.19456736586892,3311.723076923077,1389.176923076923,3302,1379,3322,1402,22.666587995315034,16.87071589834972,0.7558139534883721,0.0,0.0,0.0,0.0,0.0,0.0,1.0,0.0,0.0,0.0,0.0,0.0,0.0,0.0,0.0,0.0,0.0
3485,Quartz,1.0,1046,36.493952427669164,3304.818355640535,308.34416826003826,3283,286,3326,332,48.58328467702353,32.29231933170105,0.8184663536776213,0.0,0.0,0.0,0.0,0.0,0.0,1.0,0.0,0.0,0.0,0.0,0.0,0.0,0.0,0.0,0.0,0.0
3486,Quartz,1.0,147,13.680870333281758,3311.265306122449,1101.5102040816328,3305,1093,3317,1111,17.9656362474439,11.294416016209114,0.84,0.0,0.0,0.0,0.0,0.0,0.0,1.0,0.0,0.0,0.0,0.0,0.0,0.0,0.0,0.0,0.0,0.0
3487,Quartz,1.0,1178,38.728234967501706,3316.050933786078,947.4677419354839,3289,921,3343,973,51.41866003218128,36.24977607149624,0.7714472822527833,0.0,0.0,0.0,0.0,0.0,0.0,1.0,0.0,0.0,0.0,0.0,0.0,0.0,0.0,0.0,0.0,0.0
3488,Orthoclase,1.0,813,32.173649930800316,3311.4317343173434,3631.2250922509224,3292,3613,3331,3649,45.076779214914225,24.216545179594416,0.910414333706607,0.0,0.0,0.0,0.0,0.0,0.0,0.0,0.0,1.0,0.0,0.0,0.0,0.0,0.0,0.0,0.0,0.0
3489,Quartz,1.0,376,21.880083839428522,3314.630319148936,1009.1648936170212,3303,997,3327,1022,23.225001215203594,21.516421184128287,0.8805620608899297,0.0,0.0,0.0,0.0,0.0,0.0,1.0,0.0,0.0,0.0,0.0,0.0,0.0,0.0,0.0,0.0,0.0
3490,Quartz,1.0,498,25.180812005932435,3315.6947791164657,2164.8212851405624,3304,2149,3327,2181,30.990874054271668,21.238128934447552,0.8767605633802817,0.0,0.0,0.0,0.0,0.0,0.0,1.0,0.0,0.0,0.0,0.0,0.0,0.0,0.0,0.0,0.0,0.0
3491,Quartz,1.0,1347,41.41320642932957,3319.4580549368966,4520.967334818114,3298,4498,3340,4540,45.79335709161854,39.67695819385611,0.9132203389830509,0.0,0.0,0.0,0.0,0.0,0.0,1.0,0.0,0.0,0.0,0.0,0.0,0.0,0.0,0.0,0.0,0.0
3492,Quartz,1.0,948,34.74235294865525,3312.7985232067513,4552.117088607595,3291,4540,3337,4572,42.47489801841717,30.490945219604388,0.9089165867689357,0.0,0.0,0.0,0.0,0.0,0.0,1.0,0.0,0.0,0.0,0.0,0.0,0.0,0.0,0.0,0.0,0.0
3493,Quartz,1.0,264,18.333991376950163,3313.3977272727275,615.0113636363636,3305,601,3328,626,30.917861514131793,18.438465878862342,0.639225181598063,0.0,0.0,0.0,0.0,0.0,0.0,1.0,0.0,0.0,0.0,0.0,0.0,0.0,0.0,0.0,0.0,0.0
3494,Quartz,1.0,1118,37.72905791315113,3319.3014311270126,895.2254025044723,3304,868,3336,926,55.06463000548549,27.709116969047393,0.8054755043227666,0.0,0.0,0.0,0.0,0.0,0.0,1.0,0.0,0.0,0.0,0.0,0.0,0.0,0.0,0.0,0.0,0.0
3495,Quartz,1.0,921,34.24403043891132,3316.0358306188923,1318.330076004343,3301,1297,3340,1341,42.815758254859865,35.138818548731905,0.7493897477624084,0.0,0.0,0.0,0.0,0.0,0.0,1.0,0.0,0.0,0.0,0.0,0.0,0.0,0.0,0.0,0.0,0.0
3496,Quartz,1.0,853,32.9556267071208,3318.5603751465414,3134.1230949589685,3301,3114,3340,3151,34.809601353717866,32.82095075940639,0.8757700205338809,0.0,0.0,0.0,0.0,0.0,0.0,1.0,0.0,0.0,0.0,0.0,0.0,0.0,0.0,0.0,0.0,0.0
3497,Quartz,1.0,181,15.180789096653193,3317.756906077348,1552.132596685083,3312,1537,3326,1566,27.165310583780037,10.686970641960889,0.7042801556420234,0.0,0.0,0.0,0.0,0.0,0.0,1.0,0.0,0.0,0.0,0.0,0.0,0.0,0.0,0.0,0.0,0.0
3499,Quartz,1.0,271,18.575465448360347,3325.391143911439,247.9520295202952,3312,234,3340,264,39.7416272801321,9.422840984589675,0.8041543026706232,0.0,0.0,0.0,0.0,0.0,0.0,1.0,0.0,0.0,0.0,0.0,0.0,0.0,0.0,0.0,0.0,0.0
3500,Quartz,1.0,28189,189.45012411328608,3315.471637872929,2827.507538401504,3209,2734,3426,2931,214.62232577744675,173.3803936391883,0.8757883617609594,0.0,0.0,0.0,0.0,0.0,0.0,1.0,0.0,0.0,0.0,0.0,0.0,0.0,0.0,0.0,0.0,0.0
3501,Orthoclase,1.0,428,23.34408972623798,3322.71261682243,1821.161214953271,3308,1812,3338,1833,27.671470105499097,20.752910969100935,0.8611670020120724,0.0,0.0,0.0,0.0,0.0,0.0,0.0,0.0,1.0,0.0,0.0,0.0,0.0,0.0,0.0,0.0,0.0
3502,Quartz,1.0,178,15.054455784347004,3323.7921348314608,3931.387640449438,3316,3923,3334,3940,17.604780203149968,13.46025231741477,0.8599033816425121,0.0,0.0,0.0,0.0,0.0,0.0,1.0,0.0,0.0,0.0,0.0,0.0,0.0,0.0,0.0,0.0,0.0
3503,Quartz,1.0,321,20.216574731145414,3324.9221183800623,4071.526479750779,3318,4056,3337,4089,33.42382596454935,15.257234481250997,0.7906403940886699,0.0,0.0,0.0,0.0,0.0,0.0,1.0,0.0,0.0,0.0,0.0,0.0,0.0,0.0,0.0,0.0,0.0
3504,Quartz,1.0,292,19.281751659604673,3326.345890410959,1497.349315068493,3316,1486,3336,1512,26.077785173535045,17.308650746447835,0.8111111111111111,0.0,0.0,0.0,0.0,0.0,0.0,1.0,0.0,0.0,0.0,0.0,0.0,0.0,0.0,0.0,0.0,0.0
3505,Quartz,1.0,3308,64.89897082376514,3322.222490931076,2567.618198307134,3272,2539,3368,2597,90.2866611818363,49.80721943995169,0.815380823268425,0.0,0.0,0.0,0.0,0.0,0.0,1.0,0.0,0.0,0.0,0.0,0.0,0.0,0.0,0.0,0.0,0.0
3506,Quartz,1.0,227,17.000746355818674,3316.0088105726873,2537.885462555066,3300,2532,3334,2549,36.14531330403849,12.551967134613271,0.5675,0.0,0.0,0.0,0.0,0.0,0.0,1.0,0.0,0.0,0.0,0.0,0.0,0.0,0.0,0.0,0.0,0.0
3507,Quartz,1.0,486,24.875578761936154,3327.253086419753,1047.80658436214,3318,1028,3342,1069,35.77522825747367,20.80497762959654,0.7397260273972602,0.0,0.0,0.0,0.0,0.0,0.0,1.0,0.0,0.0,0.0,0.0,0.0,0.0,0.0,0.0,0.0,0.0
3508,Quartz,1.0,590,27.408234736913393,3328.1101694915255,159.99322033898306,3310,146,3347,174,40.00041371455206,19.407209144649855,0.9049079754601227,0.0,0.0,0.0,0.0,0.0,0.0,1.0,0.0,0.0,0.0,0.0,0.0,0.0,0.0,0.0,0.0,0.0
3509,Quartz,1.0,632,28.367012395961314,3331.0664556962024,1908.9303797468353,3317,1884,3351,1935,57.90345059366488,15.9144602177058,0.8030495552731893,0.0,0.0,0.0,0.0,0.0,0.0,1.0,0.0,0.0,0.0,0.0,0.0,0.0,0.0,0.0,0.0,0.0
3510,Quartz,1.0,3005,61.855354108833325,3329.7138103161396,2106.0153078202993,3294,2060,3355,2143,80.61025049080938,50.678626764960036,0.8337957824639289,0.0,0.0,0.0,0.0,0.0,0.0,1.0,0.0,0.0,0.0,0.0,0.0,0.0,0.0,0.0,0.0,0.0
3511,Quartz,1.0,1049,36.54624854109086,3328.1277407054336,4273.7883698760725,3310,4256,3348,4294,42.5896063099672,32.73459722458438,0.8988860325621251,0.0,0.0,0.0,0.0,0.0,0.0,1.0,0.0,0.0,0.0,0.0,0.0,0.0,0.0,0.0,0.0,0.0
3512,Quartz,1.0,449,23.90992587997897,3330.236080178174,404.60356347438756,3316,392,3347,415,28.149413513168685,22.756172454370247,0.8786692759295499,0.0,0.0,0.0,0.0,0.0,0.0,1.0,0.0,0.0,0.0,0.0,0.0,0.0,0.0,0.0,0.0,0.0
3513,Quartz,1.0,389,22.255115881567058,3327.3856041131107,702.5912596401029,3315,690,3343,715,29.284860564370963,19.881081225745056,0.778,0.0,0.0,0.0,0.0,0.0,0.0,1.0,0.0,0.0,0.0,0.0,0.0,0.0,0.0,0.0,0.0,0.0
3514,Quartz,1.0,3170,63.53085358162966,3314.6451104100947,1977.482334384858,3273,1941,3360,2010,92.40261700583383,49.19571373891152,0.7909181636726547,0.0,0.0,0.0,0.0,0.0,0.0,1.0,0.0,0.0,0.0,0.0,0.0,0.0,0.0,0.0,0.0,0.0
3515,Quartz,1.0,2246,53.4761256774944,3330.260017809439,3528.4910952804985,3300,3499,3358,3558,62.63279606245092,47.51588730792695,0.8832088084939048,0.0,0.0,0.0,0.0,0.0,0.0,1.0,0.0,0.0,0.0,0.0,0.0,0.0,0.0,0.0,0.0,0.0
3516,Quartz,1.0,1664,46.029019134012735,3335.569110576923,548.9242788461538,3307,513,3357,578,64.77852468735745,38.32022918127037,0.8404040404040404,0.0,0.0,0.0,0.0,0.0,0.0,1.0,0.0,0.0,0.0,0.0,0.0,0.0,0.0,0.0,0.0,0.0
3517,Quartz,1.0,1404,42.28035383967556,3333.144586894587,1200.3618233618233,3306,1176,3363,1224,47.74138916241234,41.112244605289774,0.8447653429602888,0.0,0.0,0.0,0.0,0.0,0.0,1.0,0.0,0.0,0.0,0.0,0.0,0.0,0.0,0.0,0.0,0.0
3518,Quartz,1.0,801,31.935323316554435,3325.207240948814,1360.0574282147315,3298,1341,3351,1379,59.9785819060844,19.837342326530365,0.7458100558659218,0.0,0.0,0.0,0.0,0.0,0.0,1.0,0.0,0.0,0.0,0.0,0.0,0.0,0.0,0.0,0.0,0.0
3519,Quartz,1.0,421,23.152404806704283,3333.228028503563,4573.9667458432305,3321,4558,3348,4588,29.106059068927873,19.658534758893055,0.8065134099616859,0.0,0.0,0.0,0.0,0.0,0.0,1.0,0.0,0.0,0.0,0.0,0.0,0.0,0.0,0.0,0.0,0.0
3520,Quartz,1.0,446,23.829914749152643,3334.0829596412555,1373.6255605381166,3320,1362,3352,1389,34.82295194677974,18.464961701828468,0.8228782287822878,0.0,0.0,0.0,0.0,0.0,0.0,1.0,0.0,0.0,0.0,0.0,0.0,0.0,0.0,0.0,0.0,0.0
3521,Quartz,1.0,301,19.576646877473273,3330.893687707641,2490.830564784053,3316,2480,3342,2507,30.699462872434935,19.373556810692868,0.6445396145610278,0.0,0.0,0.0,0.0,0.0,0.0,1.0,0.0,0.0,0.0,0.0,0.0,0.0,0.0,0.0,0.0,0.0
3522,Quartz,1.0,2634,57.91125072757813,3332.27562642369,3076.791192103265,3297,3053,3371,3107,77.48902190140869,48.78479240445398,0.8233823069709284,0.0,0.0,0.0,0.0,0.0,0.0,1.0,0.0,0.0,0.0,0.0,0.0,0.0,0.0,0.0,0.0,0.0
3523,Quartz,1.0,760,31.10726690017501,3338.4236842105265,736.1986842105263,3324,719,3357,754,34.052111250871725,30.625797188486008,0.8180839612486545,0.0,0.0,0.0,0.0,0.0,0.0,1.0,0.0,0.0,0.0,0.0,0.0,0.0,0.0,0.0,0.0,0.0
3524,Quartz,1.0,188,15.471555655790098,3332.2340425531916,810.5,3321,804,3343,818,24.094511044582752,10.936151034571258,0.8430493273542601,0.0,0.0,0.0,0.0,0.0,0.0,1.0,0.0,0.0,0.0,0.0,0.0,0.0,0.0,0.0,0.0,0.0
3525,Quartz,1.0,440,23.66908109081279,3339.1954545454546,2214.890909090909,3333,2193,3349,2237,43.960401007063226,13.489040650778685,0.8494208494208494,0.0,0.0,0.0,0.0,0.0,0.0,1.0,0.0,0.0,0.0,0.0,0.0,0.0,0.0,0.0,0.0,0.0
3526,Quartz,1.0,528,25.928179257714298,3333.4280303030305,3573.5113636363635,3311,3558,3355,3585,41.291440432419186,19.735183334573307,0.8301886792452831,0.0,0.0,0.0,0.0,0.0,0.0,1.0,0.0,0.0,0.0,0.0,0.0,0.0,0.0,0.0,0.0,0.0
3527,Quartz,1.0,1615,45.34624421875849,3335.547368421053,3606.719504643963,3308,3586,3365,3630,54.795010745839825,39.99453885671753,0.8772406300923411,0.0,0.0,0.0,0.0,0.0,0.0,1.0,0.0,0.0,0.0,0.0,0.0,0.0,0.0,0.0,0.0,0.0
3528,Quartz,1.0,1159,38.414640859287665,3343.6134598792064,187.01035375323553,3319,168,3367,207,50.536235588137394,30.52777514354591,0.9040561622464899,0.0,0.0,0.0,0.0,0.0,0.0,1.0,0.0,0.0,0.0,0.0,0.0,0.0,0.0,0.0,0.0,0.0
3529,Quartz,1.0,807,32.05470811910906,3338.907063197026,2305.346964064436,3318,2284,3369,2332,66.74989765879849,17.71151744088673,0.7376599634369287,0.0,0.0,0.0,0.0,0.0,0.0,1.0,0.0,0.0,0.0,0.0,0.0,0.0,0.0,0.0,0.0,0.0
3531,Quartz,1.0,694,29.72588508432008,3339.912103746398,4412.922190201729,3319,4399,3357,4433,38.75403094608332,26.18823995479072,0.7967853042479908,0.0,0.0,0.0,0.0,0.0,0.0,1.0,0.0,0.0,0.0,0.0,0.0,0.0,0.0,0.0,0.0,0.0
3532,Quartz,1.0,2275,53.820256077730576,3341.4105494505493,122.92351648351648,3313,90,3371,154,59.15052599695169,51.09286768959013,0.869316010699274,0.0,0.0,0.0,0.0,0.0,0.0,1.0,0.0,0.0,0.0,0.0,0.0,0.0,0.0,0.0,0.0,0.0
3533,Quartz,1.0,181,15.180789096653193,3346.027624309392,801.4033149171271,3338,793,3355,813,20.315627676722485,13.453324771815653,0.8116591928251121,0.0,0.0,0.0,0.0,0.0,0.0,1.0,0.0,0.0,0.0,0.0,0.0,0.0,0.0,0.0,0.0,0.0
3534,Quartz,1.0,1286,40.464627201166934,3343.230171073095,434.8763608087092,3318,415,3373,456,56.135627244877455,31.522647968161298,0.8567621585609594,0.0,0.0,0.0,0.0,0.0,0.0,1.0,0.0,0.0,0.0,0.0,0.0,0.0,0.0,0.0,0.0,0.0
3535,Quartz,1.0,352,21.17026971360491,3339.2357954545455,675.8863636363636,3329,665,3352,691,29.44266975273886,17.33850926145811,0.822429906542056,0.0,0.0,0.0,0.0,0.0,0.0,1.0,0.0,0.0,0.0,0.0,0.0,0.0,0.0,0.0,0.0,0.0
3537,Quartz,1.0,776,31.433006326383836,3344.634020618557,3659.431701030928,3327,3644,3367,3674,40.19603281328803,25.497916185264824,0.8808172531214529,0.0,0.0,0.0,0.0,0.0,0.0,1.0,0.0,0.0,0.0,0.0,0.0,0.0,0.0,0.0,0.0,0.0
3538,Quartz,1.0,431,23.42576026046658,3344.6102088167054,363.6890951276102,3333,350,3358,379,26.3654968067179,22.810048383552523,0.8193916349809885,0.0,0.0,0.0,0.0,0.0,0.0,1.0,0.0,0.0,0.0,0.0,0.0,0.0,0.0,0.0,0.0,0.0
3539,Quartz,1.0,489,24.952237121658943,3350.3149284253577,976.9284253578733,3332,965,3371,990,40.58111184811492,17.267633953658777,0.6985714285714286,0.0,0.0,0.0,0.0,0.0,0.0,1.0,0.0,0.0,0.0,0.0,0.0,0.0,0.0,0.0,0.0,0.0
3540,Quartz,1.0,1306,40.77806819142028,3339.967840735069,1556.1079632465544,3318,1523,3360,1590,68.15027749222634,26.13531818863448,0.859776168531929,0.0,0.0,0.0,0.0,0.0,0.0,1.0,0.0,0.0,0.0,0.0,0.0,0.0,0.0,0.0,0.0,0.0
3541,Orthoclase,1.0,1084,37.150930896720695,3349.8966789667898,1862.7998154981549,3330,1847,3373,1887,41.75153405527172,36.70060882701073,0.8535433070866142,0.0,0.0,0.0,0.0,0.0,0.0,0.0,0.0,1.0,0.0,0.0,0.0,0.0,0.0,0.0,0.0,0.0
3543,Quartz,1.0,269,18.5067943613625,3349.8475836431226,3412.82156133829,3340,3404,3363,3424,21.720031861737816,17.608251705090836,0.8126888217522659,0.0,0.0,0.0,0.0,0.0,0.0,1.0,0.0,0.0,0.0,0.0,0.0,0.0,0.0,0.0,0.0,0.0
3544,Quartz,1.0,1835,48.33626552174903,3348.0016348773843,1089.2637602179836,3321,1064,3378,1112,55.49277265540549,45.000094569874776,0.8717339667458432,0.0,0.0,0.0,0.0,0.0,0.0,1.0,0.0,0.0,0.0,0.0,0.0,0.0,0.0,0.0,0.0,0.0
3545,Quartz,1.0,239,17.44431859350499,3349.154811715481,383.55230125523013,3338,375,3359,391,23.212759346784757,14.898400162891672,0.8356643356643356,0.0,0.0,0.0,0.0,0.0,0.0,1.0,0.0,0.0,0.0,0.0,0.0,0.0,0.0,0.0,0.0,0.0
3546,Quartz,1.0,342,20.867389014906145,3348.9502923976606,2163.438596491228,3335,2154,3364,2175,28.24789655270994,16.990289310481987,0.8614609571788413,0.0,0.0,0.0,0.0,0.0,0.0,1.0,0.0,0.0,0.0,0.0,0.0,0.0,0.0,0.0,0.0,0.0
3547,Quartz,1.0,217,16.622063085174787,3351.5714285714284,396.2027649769585,3341,390,3362,406,21.8637115701982,13.949347212964486,0.8543307086614174,0.0,0.0,0.0,0.0,0.0,0.0,1.0,0.0,0.0,0.0,0.0,0.0,0.0,0.0,0.0,0.0,0.0
3548,Quartz,1.0,1079,37.06515167605875,3350.964782205746,488.2437442075996,3331,470,3370,510,40.99694171917502,34.020117425603836,0.9214346712211785,0.0,0.0,0.0,0.0,0.0,0.0,1.0,0.0,0.0,0.0,0.0,0.0,0.0,0.0,0.0,0.0,0.0
3549,Quartz,1.0,269,18.5067943613625,3351.985130111524,658.7546468401487,3341,645,3362,670,23.38489694987692,16.723021256963886,0.8251533742331288,0.0,0.0,0.0,0.0,0.0,0.0,1.0,0.0,0.0,0.0,0.0,0.0,0.0,0.0,0.0,0.0,0.0
3550,Unknown,1.0,388,22.22649192646566,3351.556701030928,1262.4046391752577,3341,1251,3364,1275,22.752122157446074,21.829698825432985,0.9304556354916067,0.0,0.0,0.0,0.0,0.0,0.0,0.0,0.0,0.0,0.0,0.0,0.0,0.0,0.0,0.0,0.0,1.0
3551,Quartz,1.0,712,30.10891156869401,3352.4564606741574,1494.7907303370787,3338,1474,3367,1513,39.1292596811007,24.520830511405364,0.8308051341890315,0.0,0.0,0.0,0.0,0.0,0.0,1.0,0.0,0.0,0.0,0.0,0.0,0.0,0.0,0.0,0.0,0.0
3552,Orthoclase,1.0,1826,48.21758401959193,3354.210843373494,2441.578313253012,3331,2398,3376,2472,71.95518813482313,39.61604723409368,0.7959895379250218,0.0,0.0,0.0,0.0,0.0,0.0,0.0,0.0,1.0,0.0,0.0,0.0,0.0,0.0,0.0,0.0,0.0
3553,Quartz,1.0,1111,37.61075822422045,3352.818181818182,3703.924392439244,3338,3676,3369,3739,61.497631390882695,25.64513538357535,0.7952755905511811,0.0,0.0,0.0,0.0,0.0,0.0,1.0,0.0,0.0,0.0,0.0,0.0,0.0,0.0,0.0,0.0,0.0
3554,Quartz,1.0,1214,39.315554266835505,3354.224876441516,4463.994233937397,3332,4441,3375,4487,48.73436306395526,36.25255530390003,0.8104138851802403,0.0,0.0,0.0,0.0,0.0,0.0,1.0,0.0,0.0,0.0,0.0,0.0,0.0,0.0,0.0,0.0,0.0
3555,Quartz,1.0,291,19.248706645328987,3357.103092783505,224.4536082474227,3347,212,3366,235,24.210564378401536,17.28897603164463,0.8508771929824561,0.0,0.0,0.0,0.0,0.0,0.0,1.0,0.0,0.0,0.0,0.0,0.0,0.0,0.0,0.0,0.0,0.0
3556,Quartz,1.0,433,23.480049464818542,3355.2471131639722,3555.35103926097,3341,3541,3368,3571,28.962281424302436,20.499809218144893,0.8818737270875764,0.0,0.0,0.0,0.0,0.0,0.0,1.0,0.0,0.0,0.0,0.0,0.0,0.0,0.0,0.0,0.0,0.0
3557,Quartz,1.0,1154,38.33168969174693,3354.699306759099,4005.276429809359,3326,3988,3382,4025,55.17356195101548,28.88624279776718,0.8172804532577904,0.0,0.0,0.0,0.0,0.0,0.0,1.0,0.0,0.0,0.0,0.0,0.0,0.0,0.0,0.0,0.0,0.0
3558,Quartz,1.0,1156,38.36489168124743,3358.990484429066,43.476643598615915,3334,25,3389,62,51.95849385193433,30.40920854726056,0.8750946252838758,0.0,0.0,0.0,0.0,0.0,0.0,1.0,0.0,0.0,0.0,0.0,0.0,0.0,0.0,0.0,0.0,0.0
3560,Quartz,1.0,354,21.23032733700184,3359.3954802259886,1172.1949152542372,3349,1157,3373,1183,25.231826884589807,20.81982002807475,0.8388625592417062,0.0,0.0,0.0,0.0,0.0,0.0,1.0,0.0,0.0,0.0,0.0,0.0,0.0,0.0,0.0,0.0,0.0
3561,Quartz,1.0,128,12.766152972845846,3361.6953125,625.4609375,3356,618,3370,638,21.212079570912707,9.064376131442682,0.7757575757575758,0.0,0.0,0.0,0.0,0.0,0.0,1.0,0.0,0.0,0.0,0.0,0.0,0.0,0.0,0.0,0.0,0.0
3562,Quartz,1.0,239,17.44431859350499,3365.966527196653,1018.5146443514644,3356,1010,3378,1027,22.373568238060514,15.162315455652621,0.7913907284768212,0.0,0.0,0.0,0.0,0.0,0.0,1.0,0.0,0.0,0.0,0.0,0.0,0.0,0.0,0.0,0.0,0.0
3563,Quartz,1.0,107,11.67204486311899,3365.4392523364486,2240.532710280374,3360,2231,3372,2249,17.35468673468042,9.238804409332875,0.7925925925925926,0.0,0.0,0.0,0.0,0.0,0.0,1.0,0.0,0.0,0.0,0.0,0.0,0.0,0.0,0.0,0.0,0.0
3564,Quartz,1.0,376,21.880083839428522,3362.5372340425533,2192.3563829787236,3349,2183,3379,2204,31.639944088350195,16.386555139228644,0.8805620608899297,0.0,0.0,0.0,0.0,0.0,0.0,1.0,0.0,0.0,0.0,0.0,0.0,0.0,0.0,0.0,0.0,0.0
3565,Quartz,1.0,226,16.96325844612841,3365.336283185841,2385.8141592920356,3357,2378,3374,2399,21.090359092547054,14.989769512237622,0.8625954198473282,0.0,0.0,0.0,0.0,0.0,0.0,1.0,0.0,0.0,0.0,0.0,0.0,0.0,0.0,0.0,0.0,0.0
3566,Orthoclase,1.0,1610,45.27599437918081,3364.664596273292,3818.575155279503,3331,3799,3397,3842,63.38532751009925,37.981525617414995,0.8505018489170628,0.0,0.0,0.0,0.0,0.0,0.0,0.0,0.0,1.0,0.0,0.0,0.0,0.0,0.0,0.0,0.0,0.0
3567,Quartz,1.0,427,23.31680264534386,3370.0702576112412,2204.665105386417,3354,2193,3384,2215,31.208032176775678,18.96324030470789,0.8626262626262626,0.0,0.0,0.0,0.0,0.0,0.0,1.0,0.0,0.0,0.0,0.0,0.0,0.0,0.0,0.0,0.0,0.0
3568,Quartz,1.0,227,17.000746355818674,3365.775330396476,2369.273127753304,3359,2356,3375,2378,22.919859069346728,14.187246948511687,0.9153225806451613,0.0,0.0,0.0,0.0,0.0,0.0,1.0,0.0,0.0,0.0,0.0,0.0,0.0,0.0,0.0,0.0,0.0
3569,Quartz,1.0,383,22.082815618339236,3365.822454308094,1961.3315926892951,3352,1949,3380,1975,25.962213097728764,22.5738735639355,0.7753036437246964,0.0,0.0,0.0,0.0,0.0,0.0,1.0,0.0,0.0,0.0,0.0,0.0,0.0,0.0,0.0,0.0,0.0
3570,Quartz,1.0,205,16.15593100600236,3369.1170731707316,2042.3658536585365,3361,2034,3380,2053,20.50849060217585,13.748506122376586,0.8401639344262295,0.0,0.0,0.0,0.0,0.0,0.0,1.0,0.0,0.0,0.0,0.0,0.0,0.0,0.0,0.0,0.0,0.0
3571,Quartz,1.0,1127,37.88061465864207,3373.0319432120673,787.7985803016859,3356,761,3390,809,50.360987179101116,31.254059937810574,0.8524962178517398,0.0,0.0,0.0,0.0,0.0,0.0,1.0,0.0,0.0,0.0,0.0,0.0,0.0,0.0,0.0,0.0,0.0
3572,Quartz,1.0,2502,56.44152142640537,3369.9440447641887,926.3225419664269,3344,891,3396,960,65.94381047494892,49.54125071165349,0.8954903364352184,0.0,0.0,0.0,0.0,0.0,0.0,1.0,0.0,0.0,0.0,0.0,0.0,0.0,0.0,0.0,0.0,0.0
3573,Quartz,1.0,152,13.911592676604096,3370.5197368421054,4564.486842105263,3360,4555,3382,4575,28.28536455134831,9.751258593847643,0.5891472868217055,0.0,0.0,0.0,0.0,0.0,0.0,1.0,0.0,0.0,0.0,0.0,0.0,0.0,0.0,0.0,0.0,0.0
3574,Quartz,1.0,548,26.414679072721462,3379.8412408759123,414.4270072992701,3360,404,3403,427,39.457540150496904,19.121990046039535,0.8142644873699851,0.0,0.0,0.0,0.0,0.0,0.0,1.0,0.0,0.0,0.0,0.0,0.0,0.0,0.0,0.0,0.0,0.0
3575,Quartz,1.0,639,28.523675588636344,3374.1424100156496,819.6463223787167,3357,808,3388,835,33.37362387161044,25.878382302258313,0.9480712166172107,0.0,0.0,0.0,0.0,0.0,0.0,1.0,0.0,0.0,0.0,0.0,0.0,0.0,0.0,0.0,0.0,0.0
3576,Quartz,1.0,156,14.093451279891855,3375.74358974359,2263.198717948718,3368,2255,3383,2271,16.112224269976956,14.320315734968254,0.8524590163934426,0.0,0.0,0.0,0.0,0.0,0.0,1.0,0.0,0.0,0.0,0.0,0.0,0.0,0.0,0.0,0.0,0.0
3577,Quartz,1.0,686,29.554057719513263,3373.112244897959,350.634110787172,3356,338,3390,366,35.255151200520544,25.630284635856448,0.8772378516624041,0.0,0.0,0.0,0.0,0.0,0.0,1.0,0.0,0.0,0.0,0.0,0.0,0.0,0.0,0.0,0.0,0.0
3578,Quartz,1.0,1639,45.68193968978257,3362.372178157413,3880.5845027455766,3335,3853,3381,3905,55.224987263191856,41.15183691865969,0.8826063543349488,0.0,0.0,0.0,0.0,0.0,0.0,1.0,0.0,0.0,0.0,0.0,0.0,0.0,0.0,0.0,0.0,0.0
3580,Quartz,1.0,2673,58.33840332985717,3377.725402169847,3113.655069210625,3350,3084,3409,3148,66.60925635419287,52.03795461303918,0.9435227673843982,0.0,0.0,0.0,0.0,0.0,0.0,1.0,0.0,0.0,0.0,0.0,0.0,0.0,0.0,0.0,0.0,0.0
3581,Quartz,1.0,334,20.62188177498708,3375.140718562874,140.5449101796407,3360,125,3388,154,36.12614288828831,13.858632105663965,0.7785547785547785,0.0,0.0,0.0,0.0,0.0,0.0,1.0,0.0,0.0,0.0,0.0,0.0,0.0,0.0,0.0,0.0,0.0
3582,Quartz,1.0,184,15.306079714651624,3379.5,2170.7608695652175,3373,2158,3387,2182,23.501327316319355,11.51892894378872,0.7796610169491526,0.0,0.0,0.0,0.0,0.0,0.0,1.0,0.0,0.0,0.0,0.0,0.0,0.0,0.0,0.0,0.0,0.0
3583,Quartz,1.0,1631,45.57031596843553,3383.020846106683,77.49478847332925,3355,53,3413,106,65.70394638739009,32.78317160988435,0.8864130434782609,0.0,0.0,0.0,0.0,0.0,0.0,1.0,0.0,0.0,0.0,0.0,0.0,0.0,0.0,0.0,0.0,0.0
3584,Quartz,1.0,3593,67.63689587964132,3377.338714166435,1424.2393543000278,3344,1379,3412,1465,85.13364224549736,54.608736198772576,0.9269865841073271,0.0,0.0,0.0,0.0,0.0,0.0,1.0,0.0,0.0,0.0,0.0,0.0,0.0,0.0,0.0,0.0,0.0
3585,Quartz,1.0,350,21.11004122822376,3378.36,2236.482857142857,3368,2225,3391,2250,26.09437697243151,18.927818977287444,0.8663366336633663,0.0,0.0,0.0,0.0,0.0,0.0,1.0,0.0,0.0,0.0,0.0,0.0,0.0,0.0,0.0,0.0,0.0
3586,Quartz,1.0,2782,59.51598452057416,3380.432063263839,4339.782890007189,3346,4313,3420,4378,69.49980459051194,58.84078015549015,0.8132125109617071,0.0,0.0,0.0,0.0,0.0,0.0,1.0,0.0,0.0,0.0,0.0,0.0,0.0,0.0,0.0,0.0,0.0
3587,Quartz,1.0,553,26.534910368014152,3373.02712477396,1930.2875226039782,3363,1912,3382,1950,38.22061151098863,19.093718505743905,0.9278523489932886,0.0,0.0,0.0,0.0,0.0,0.0,1.0,0.0,0.0,0.0,0.0,0.0,0.0,0.0,0.0,0.0,0.0
3588,Quartz,1.0,1784,47.659829498305285,3378.9389013452915,1587.3245515695066,3355,1558,3406,1623,62.31232479166718,39.436199920263434,0.8450971103742302,0.0,0.0,0.0,0.0,0.0,0.0,1.0,0.0,0.0,0.0,0.0,0.0,0.0,0.0,0.0,0.0,0.0
3589,Quartz,1.0,411,22.875783109789968,3382.3187347931876,111.71046228710462,3369,100,3398,123,26.034916852243846,21.170028164767686,0.8763326226012793,0.0,0.0,0.0,0.0,0.0,0.0,1.0,0.0,0.0,0.0,0.0,0.0,0.0,0.0,0.0,0.0,0.0
3590,Quartz,1.0,811,32.13405157741889,3392.4747225647347,1937.3427866831073,3381,1916,3409,1960,41.17949143357216,26.49787294328895,0.9279176201372997,0.0,0.0,0.0,0.0,0.0,0.0,1.0,0.0,0.0,0.0,0.0,0.0,0.0,0.0,0.0,0.0,0.0
3591,Quartz,1.0,117,12.205286835384658,3386.008547008547,3633.153846153846,3377,3628,3398,3637,21.610646069144575,7.570869048238849,0.8297872340425532,0.0,0.0,0.0,0.0,0.0,0.0,1.0,0.0,0.0,0.0,0.0,0.0,0.0,0.0,0.0,0.0,0.0
3592,Quartz,1.0,1969,50.070037583204744,3399.0472320975114,3879.902996444896,3380,3852,3425,3911,65.66898112273073,44.62035544247832,0.8153209109730849,0.0,0.0,0.0,0.0,0.0,0.0,1.0,0.0,0.0,0.0,0.0,0.0,0.0,0.0,0.0,0.0,0.0
3593,Quartz,1.0,218,16.66031874701878,3383.316513761468,162.4908256880734,3375,150,3394,173,27.383953469677156,12.398623289611725,0.7730496453900709,0.0,0.0,0.0,0.0,0.0,0.0,1.0,0.0,0.0,0.0,0.0,0.0,0.0,0.0,0.0,0.0,0.0
3594,Quartz,1.0,115,12.100518486599809,3386.6260869565217,639.7739130434783,3380,633,3393,649,13.47027910353,11.477815067250106,0.8712121212121212,0.0,0.0,0.0,0.0,0.0,0.0,1.0,0.0,0.0,0.0,0.0,0.0,0.0,0.0,0.0,0.0,0.0
3595,Quartz,1.0,429,23.371344948277684,3384.7482517482517,2141.2890442890443,3371,2128,3401,2156,29.591437225344013,19.954745465721427,0.8511904761904762,0.0,0.0,0.0,0.0,0.0,0.0,1.0,0.0,0.0,0.0,0.0,0.0,0.0,0.0,0.0,0.0,0.0
3596,Quartz,1.0,240,17.480774889473267,3385.1291666666666,3433.7625,3377,3422,3392,3447,24.247653870097267,13.26455819159384,0.8856088560885609,0.0,0.0,0.0,0.0,0.0,0.0,1.0,0.0,0.0,0.0,0.0,0.0,0.0,0.0,0.0,0.0,0.0
3597,Quartz,1.0,1583,44.89474578740548,3385.9317751105496,3479.1396083385976,3352,3455,3412,3503,54.97952820452567,40.625257996169886,0.8456196581196581,0.0,0.0,0.0,0.0,0.0,0.0,1.0,0.0,0.0,0.0,0.0,0.0,0.0,0.0,0.0,0.0,0.0
3598,Quartz,1.0,851,32.91696906717907,3385.2784958871916,4593.4712103407755,3348,4581,3421,4601,66.42032415302113,19.271773197303272,0.9053191489361702,0.0,0.0,0.0,0.0,0.0,0.0,1.0,0.0,0.0,0.0,0.0,0.0,0.0,0.0,0.0,0.0,0.0
3599,Quartz,1.0,345,20.958712816717327,3388.295652173913,2658.4347826086955,3377,2647,3399,2673,26.375647156871256,18.941421841531604,0.837378640776699,0.0,0.0,0.0,0.0,0.0,0.0,1.0,0.0,0.0,0.0,0.0,0.0,0.0,0.0,0.0,0.0,0.0
3600,Quartz,1.0,147,13.680870333281758,3389.8367346938776,624.8979591836735,3384,618,3398,633,14.727537687638758,13.166764610269503,0.9363057324840764,0.0,0.0,0.0,0.0,0.0,0.0,1.0,0.0,0.0,0.0,0.0,0.0,0.0,0.0,0.0,0.0,0.0
3601,Quartz,1.0,875,33.37790589062273,3389.1805714285715,295.58285714285716,3370,277,3410,313,41.273092865154624,29.113153253550706,0.8715139442231076,0.0,0.0,0.0,0.0,0.0,0.0,1.0,0.0,0.0,0.0,0.0,0.0,0.0,0.0,0.0,0.0,0.0
3602,Quartz,1.0,231,17.14987856615383,3391.3030303030305,329.5844155844156,3382,320,3402,340,22.033678474323025,13.845732987948566,0.8816793893129771,0.0,0.0,0.0,0.0,0.0,0.0,1.0,0.0,0.0,0.0,0.0,0.0,0.0,0.0,0.0,0.0,0.0
3603,Quartz,1.0,4817,78.31471692465777,3403.755864646045,3032.0332156944155,3362,2990,3453,3072,92.04914299639955,71.0120102442894,0.8819113877700476,0.0,0.0,0.0,0.0,0.0,0.0,1.0,0.0,0.0,0.0,0.0,0.0,0.0,0.0,0.0,0.0,0.0
3604,Quartz,1.0,2340,54.58370209760676,3390.8217948717947,3372.808547008547,3357,3342,3418,3412,63.81249991914456,51.31539995964854,0.8110918544194108,0.0,0.0,0.0,0.0,0.0,0.0,1.0,0.0,0.0,0.0,0.0,0.0,0.0,0.0,0.0,0.0,0.0
3605,Orthoclase,1.0,696,29.768686956862464,3390.1939655172414,4402.064655172414,3373,4385,3406,4418,33.37755545777142,28.888705429182096,0.8743718592964824,0.0,0.0,0.0,0.0,0.0,0.0,0.0,0.0,1.0,0.0,0.0,0.0,0.0,0.0,0.0,0.0,0.0
3606,Quartz,1.0,142,13.446189622059965,3395.507042253521,2232.5704225352115,3390,2222,3403,2243,20.96388105176677,10.091778788835784,0.7845303867403315,0.0,0.0,0.0,0.0,0.0,0.0,1.0,0.0,0.0,0.0,0.0,0.0,0.0,0.0,0.0,0.0,0.0
3607,Quartz,1.0,141,13.398760233979036,3396.425531914894,1063.127659574468,3388,1058,3407,1072,18.48369539078791,11.005639130646056,0.8057142857142857,0.0,0.0,0.0,0.0,0.0,0.0,1.0,0.0,0.0,0.0,0.0,0.0,0.0,0.0,0.0,0.0,0.0
3608,Quartz,1.0,578,27.128075067297424,3394.3529411764707,3314.681660899654,3385,3294,3406,3333,37.808298541316695,20.60800018435867,0.8797564687975646,0.0,0.0,0.0,0.0,0.0,0.0,1.0,0.0,0.0,0.0,0.0,0.0,0.0,0.0,0.0,0.0,0.0
3609,Quartz,1.0,1612,45.30410738678208,3398.9733250620347,4447.8399503722085,3372,4424,3426,4470,49.67732340425108,43.36858438816161,0.898050139275766,0.0,0.0,0.0,0.0,0.0,0.0,1.0,0.0,0.0,0.0,0.0,0.0,0.0,0.0,0.0,0.0,0.0
3610,Quartz,1.0,4855,78.62301183298192,3397.5155509783726,685.8593202883625,3355,640,3439,723,88.62217248488949,73.1691528903592,0.9105401350337584,0.0,0.0,0.0,0.0,0.0,0.0,1.0,0.0,0.0,0.0,0.0,0.0,0.0,0.0,0.0,0.0,0.0
3611,Quartz,1.0,3723,68.84962472700204,3399.876980929358,1150.0220252484555,3360,1116,3435,1184,74.99092000747315,64.60530184584242,0.9300524606545091,0.0,0.0,0.0,0.0,0.0,0.0,1.0,0.0,0.0,0.0,0.0,0.0,0.0,0.0,0.0,0.0,0.0
3612,Quartz,1.0,2826,59.98478935048093,3403.5237084217974,23.660297239915074,3364,0,3431,62,76.91993110085527,52.64534673487887,0.8872841444270015,0.0,0.0,0.0,0.0,0.0,0.0,1.0,0.0,0.0,0.0,0.0,0.0,0.0,0.0,0.0,0.0,0.0
3613,Quartz,1.0,986,35.43182455235505,3398.444219066937,592.7160243407708,3380,562,3428,614,56.91896478474799,25.90266750672633,0.8128606760098929,0.0,0.0,0.0,0.0,0.0,0.0,1.0,0.0,0.0,0.0,0.0,0.0,0.0,0.0,0.0,0.0,0.0
3614,Quartz,1.0,174,14.884343478431232,3397.310344827586,2062.4827586206898,3392,2052,3406,2079,28.855891439611447,9.402788950402462,0.7909090909090909,0.0,0.0,0.0,0.0,0.0,0.0,1.0,0.0,0.0,0.0,0.0,0.0,0.0,0.0,0.0,0.0,0.0
3615,Quartz,1.0,641,28.568278705151968,3401.3463338533543,4531.391575663027,3387,4516,3416,4550,34.00253095723525,25.17988111838321,0.855807743658211,0.0,0.0,0.0,0.0,0.0,0.0,1.0,0.0,0.0,0.0,0.0,0.0,0.0,0.0,0.0,0.0,0.0
3616,Quartz,1.0,578,27.128075067297424,3405.0882352941176,1023.8719723183391,3391,1002,3418,1042,42.07803369011996,18.38120956028947,0.8550295857988166,0.0,0.0,0.0,0.0,0.0,0.0,1.0,0.0,0.0,0.0,0.0,0.0,0.0,0.0,0.0,0.0,0.0
3617,Quartz,1.0,5748,85.54870485949928,3407.2820111343076,1825.4563326374391,3356,1780,3451,1884,96.66162412898822,79.33885561319077,0.8693284936479129,0.0,0.0,0.0,0.0,0.0,0.0,1.0,0.0,0.0,0.0,0.0,0.0,0.0,0.0,0.0,0.0,0.0
3618,Orthoclase,0.9727645939721639,9987,112.76454821117349,3400.2573345348956,4068.482427155302,3343,3990,3465,4150,147.27428224168816,94.54872301589884,0.8655746229849194,0.0,0.0,0.0,0.0,0.0,0.0,0.0,0.0,0.9727645939721639,0.0,0.0,0.0,0.0,0.0,0.0,0.0,0.02723540602783619
3619,Quartz,1.0,354,21.23032733700184,3404.039548022599,1250.6073446327684,3391,1238,3414,1266,25.851696592968203,19.604569611874997,0.7866666666666666,0.0,0.0,0.0,0.0,0.0,0.0,1.0,0.0,0.0,0.0,0.0,0.0,0.0,0.0,0.0,0.0,0.0
3620,Quartz,1.0,497,25.15551736167189,3406.883299798793,1317.3118712273642,3390,1304,3422,1328,31.902193547065796,21.743730328410546,0.9036363636363637,0.0,0.0,0.0,0.0,0.0,0.0,1.0,0.0,0.0,0.0,0.0,0.0,0.0,0.0,0.0,0.0,0.0
3621,Quartz,1.0,834,32.586527589007176,3413.428057553957,1340.3393285371703,3392,1324,3432,1360,43.695036272076045,27.182719268080024,0.8398791540785498,0.0,0.0,0.0,0.0,0.0,0.0,1.0,0.0,0.0,0.0,0.0,0.0,0.0,0.0,0.0,0.0,0.0
3622,Quartz,1.0,165,14.494292838262302,3407.7939393939396,2034.8969696969698,3400,2026,3416,2046,20.27442767977175,13.083468602365798,0.7674418604651163,0.0,0.0,0.0,0.0,0.0,0.0,1.0,0.0,0.0,0.0,0.0,0.0,0.0,0.0,0.0,0.0,0.0
3623,Quartz,1.0,614,27.96013377055607,3406.4185667752445,2192.5048859934855,3390,2179,3422,2213,34.76202483690928,25.741701779335774,0.8078947368421052,0.0,0.0,0.0,0.0,0.0,0.0,1.0,0.0,0.0,0.0,0.0,0.0,0.0,0.0,0.0,0.0,0.0
3624,Quartz,1.0,433,23.480049464818542,3404.706697459584,3437.3625866050807,3391,3426,3422,3450,29.689803681043585,20.360403315465458,0.7988929889298892,0.0,0.0,0.0,0.0,0.0,0.0,1.0,0.0,0.0,0.0,0.0,0.0,0.0,0.0,0.0,0.0,0.0
3625,Quartz,0.9533275713050994,6942,94.01504624022422,3410.113944108326,502.9214923653126,3363,431,3445,562,121.86966598155917,77.65684162925066,0.919104991394148,0.0,0.0,0.0,0.0,0.0,0.0,0.9533275713050994,0.0,0.0,0.0,0.0,0.0,0.0,0.0,0.0,0.0,0.046672428694900604
3626,Quartz,1.0,1505,43.77471318953923,3409.1634551495017,838.0471760797342,3389,808,3435,869,54.5637113901552,36.74123535052502,0.9017375674056322,0.0,0.0,0.0,0.0,0.0,0.0,1.0,0.0,0.0,0.0,0.0,0.0,0.0,0.0,0.0,0.0,0.0
3627,Quartz,1.0,684,29.51094455619561,3403.5160818713452,393.4956140350877,3388,371,3421,419,52.97142933352664,17.113650391438927,0.8658227848101265,0.0,0.0,0.0,0.0,0.0,0.0,1.0,0.0,0.0,0.0,0.0,0.0,0.0,0.0,0.0,0.0,0.0
3628,Quartz,1.0,332,20.56004690782767,3414.629518072289,2121.003012048193,3403,2103,3427,2137,37.77631023399977,12.291927416116659,0.8137254901960784,0.0,0.0,0.0,0.0,0.0,0.0,1.0,0.0,0.0,0.0,0.0,0.0,0.0,0.0,0.0,0.0,0.0
3629,Quartz,1.0,136,13.159049284959082,3410.073529411765,2226.4926470588234,3405,2216,3416,2238,22.62543169410936,8.83855856301245,0.7272727272727273,0.0,0.0,0.0,0.0,0.0,0.0,1.0,0.0,0.0,0.0,0.0,0.0,0.0,0.0,0.0,0.0,0.0
3630,Quartz,1.0,2473,56.11346891905772,3415.7961989486453,3970.2632430246663,3376,3942,3459,4000,78.34945841635542,47.70835606132795,0.794155427103404,0.0,0.0,0.0,0.0,0.0,0.0,1.0,0.0,0.0,0.0,0.0,0.0,0.0,0.0,0.0,0.0,0.0
3631,Quartz,1.0,134,13.061933202803933,3408.8358208955224,1414.7910447761194,3402,1404,3416,1425,23.861624069367448,8.089086614488798,0.8170731707317073,0.0,0.0,0.0,0.0,0.0,0.0,1.0,0.0,0.0,0.0,0.0,0.0,0.0,0.0,0.0,0.0,0.0
3632,Quartz,0.9715302491103203,3372,65.5237647334688,3412.039145907473,3278.1595492289443,3375,3230,3446,3324,91.99664134577158,48.748378798183296,0.8679536679536679,0.0,0.0,0.0,0.0,0.0,0.0,0.9715302491103203,0.0,0.0,0.0,0.0,0.0,0.0,0.0,0.0,0.0,0.028469750889679714
3633,Quartz,1.0,3077,62.59199692572602,3416.631784205395,2420.012349691258,3377,2393,3466,2447,82.57431766546915,49.134417915384525,0.9079374446739451,0.0,0.0,0.0,0.0,0.0,0.0,1.0,0.0,0.0,0.0,0.0,0.0,0.0,0.0,0.0,0.0,0.0
3634,Chromite,1.0,1191,38.94134432424719,3415.668345927792,99.99244332493703,3397,77,3431,126,47.642326754938225,33.40600082647146,0.9254079254079254,0.0,0.0,0.0,0.0,0.0,0.0,0.0,1.0,0.0,0.0,0.0,0.0,0.0,0.0,0.0,0.0,0.0
3635,Quartz,1.0,1086,37.18518717960671,3417.57182320442,2074.6068139963168,3396,2056,3437,2095,38.97094069846759,36.63586630502584,0.8865306122448979,0.0,0.0,0.0,0.0,0.0,0.0,1.0,0.0,0.0,0.0,0.0,0.0,0.0,0.0,0.0,0.0,0.0
3636,Quartz,1.0,565,26.821266613927218,3423.4654867256636,3494.828318584071,3405,3482,3444,3506,37.851454232138806,20.51206726076939,0.8612804878048781,0.0,0.0,0.0,0.0,0.0,0.0,1.0,0.0,0.0,0.0,0.0,0.0,0.0,0.0,0.0,0.0,0.0
3637,Quartz,1.0,963,35.01613458935697,3415.768431983385,159.82554517133957,3398,134,3431,185,59.36820553415056,22.60249768039858,0.8273195876288659,0.0,0.0,0.0,0.0,0.0,0.0,1.0,0.0,0.0,0.0,0.0,0.0,0.0,0.0,0.0,0.0,0.0
3638,Chromite,1.0,799,31.895429080722444,3420.9612015018774,1216.4718397997497,3402,1197,3447,1231,42.196811938207674,28.49364681206295,0.8554603854389722,0.0,0.0,0.0,0.0,0.0,0.0,0.0,1.0,0.0,0.0,0.0,0.0,0.0,0.0,0.0,0.0,0.0
3639,Quartz,1.0,757,31.045810270703488,3421.7159841479524,317.84147952443857,3413,294,3431,343,52.36958782512794,19.762871441482826,0.9033412887828163,0.0,0.0,0.0,0.0,0.0,0.0,1.0,0.0,0.0,0.0,0.0,0.0,0.0,0.0,0.0,0.0,0.0
3640,Quartz,1.0,17455,149.07849024373792,3419.9458034947006,4246.017015181897,3320,4168,3510,4324,191.4501394365697,120.42726731166749,0.906282450674974,0.0,0.0,0.0,0.0,0.0,0.0,1.0,0.0,0.0,0.0,0.0,0.0,0.0,0.0,0.0,0.0,0.0
3641,Quartz,1.0,508,25.43237481489809,3425.9015748031497,4486.405511811024,3406,4477,3446,4498,38.30157217813147,20.158398037202026,0.8128,0.0,0.0,0.0,0.0,0.0,0.0,1.0,0.0,0.0,0.0,0.0,0.0,0.0,0.0,0.0,0.0,0.0
3642,Quartz,1.0,267,18.437867513470433,3422.456928838951,238.91385767790263,3414,227,3431,252,22.885101210410124,15.396025145278934,0.8811881188118812,0.0,0.0,0.0,0.0,0.0,0.0,1.0,0.0,0.0,0.0,0.0,0.0,0.0,0.0,0.0,0.0,0.0
3643,Quartz,1.0,1905,49.24958205630262,3418.796850393701,3778.6089238845143,3399,3746,3446,3813,63.50581642891422,42.197118721929236,0.8451641526175687,0.0,0.0,0.0,0.0,0.0,0.0,1.0,0.0,0.0,0.0,0.0,0.0,0.0,0.0,0.0,0.0,0.0
3644,Quartz,1.0,112,11.941642642883693,3425.7053571428573,400.2767857142857,3421,394,3431,408,15.565730477320452,10.768025893644232,0.8549618320610687,0.0,0.0,0.0,0.0,0.0,0.0,1.0,0.0,0.0,0.0,0.0,0.0,0.0,0.0,0.0,0.0,0.0
3645,Quartz,1.0,222,16.812470934731934,3425.801801801802,207.77477477477478,3418,194,3431,222,27.052479418202616,11.670505214413524,0.8473282442748091,0.0,0.0,0.0,0.0,0.0,0.0,1.0,0.0,0.0,0.0,0.0,0.0,0.0,0.0,0.0,0.0,0.0
3646,Quartz,1.0,177,15.012108426804138,3426.2485875706216,383.44632768361583,3421,372,3431,395,26.047883211122166,9.994267638664397,0.815668202764977,0.0,0.0,0.0,0.0,0.0,0.0,1.0,0.0,0.0,0.0,0.0,0.0,0.0,0.0,0.0,0.0,0.0
3647,Quartz,1.0,1380,41.917425633434654,3426.7376811594204,753.7536231884058,3398,729,3445,785,64.55560766780926,31.510152667328633,0.8098591549295775,0.0,0.0,0.0,0.0,0.0,0.0,1.0,0.0,0.0,0.0,0.0,0.0,0.0,0.0,0.0,0.0,0.0
3648,Quartz,1.0,403,22.65205369339104,3424.3225806451615,2154.6178660049627,3411,2142,3436,2168,25.49368613417502,22.498219224431214,0.8343685300207039,0.0,0.0,0.0,0.0,0.0,0.0,1.0,0.0,0.0,0.0,0.0,0.0,0.0,0.0,0.0,0.0,0.0
3649,Quartz,1.0,2310,54.23267786434878,3423.304329004329,3693.244155844156,3402,3658,3452,3728,67.97158472595078,46.70616783225969,0.8703843255463452,0.0,0.0,0.0,0.0,0.0,0.0,1.0,0.0,0.0,0.0,0.0,0.0,0.0,0.0,0.0,0.0,0.0
3650,Quartz,1.0,108,11.726460285670077,3427.1481481481483,147.88888888888889,3423,139,3431,160,20.428982500189303,7.295141415564014,0.9,0.0,0.0,0.0,0.0,0.0,0.0,1.0,0.0,0.0,0.0,0.0,0.0,0.0,0.0,0.0,0.0,0.0
3651,Orthoclase,0.9620615604867573,1397,42.17482239435066,3427.133142448103,1658.0393700787401,3408,1632,3447,1688,51.50070613988343,36.830963527966844,0.8360263315380012,0.0,0.0,0.0,0.0,0.0,0.0,0.0,0.0,0.9620615604867573,0.0,0.0,0.0,0.0,0.0,0.0,0.0,0.03793843951324266
3652,Quartz,1.0,875,33.37790589062273,3424.08,802.3714285714286,3403,786,3445,823,44.31616577139411,26.94355457164051,0.8503401360544217,0.0,0.0,0.0,0.0,0.0,0.0,1.0,0.0,0.0,0.0,0.0,0.0,0.0,0.0,0.0,0.0,0.0
3653,Quartz,1.0,2782,59.51598452057416,3419.8091301222144,3543.3824586628325,3379,3508,3453,3574,78.48242803806593,49.81294272817612,0.8605010825858336,0.0,0.0,0.0,0.0,0.0,0.0,1.0,0.0,0.0,0.0,0.0,0.0,0.0,0.0,0.0,0.0,0.0
3654,Quartz,1.0,855,32.99423905394037,3423.459649122807,3590.019883040936,3397,3573,3450,3607,54.563066461429166,23.352966391763836,0.7716606498194946,0.0,0.0,0.0,0.0,0.0,0.0,1.0,0.0,0.0,0.0,0.0,0.0,0.0,0.0,0.0,0.0,0.0
3655,Unknown,1.0,272,18.609705966725112,3430.341911764706,3199.716911764706,3421,3190,3441,3210,19.295669108782967,18.112257831318686,0.9220338983050848,0.0,0.0,0.0,0.0,0.0,0.0,0.0,0.0,0.0,0.0,0.0,0.0,0.0,0.0,0.0,0.0,1.0
3656,Quartz,1.0,438,23.615226456547084,3429.111872146119,625.2648401826484,3415,612,3442,638,26.37273350449254,22.248827330643657,0.8902439024390244,0.0,0.0,0.0,0.0,0.0,0.0,1.0,0.0,0.0,0.0,0.0,0.0,0.0,0.0,0.0,0.0,0.0
3657,Quartz,1.0,476,24.61832697999475,3421.2373949579833,1901.6134453781513,3408,1887,3433,1915,29.107112714576544,22.049702453908584,0.8930581613508443,0.0,0.0,0.0,0.0,0.0,0.0,1.0,0.0,0.0,0.0,0.0,0.0,0.0,0.0,0.0,0.0,0.0
3658,Quartz,1.0,364,21.528102431092233,3431.4615384615386,3001.1923076923076,3417,2991,3444,3017,27.472383165395595,20.05580205777673,0.8348623853211009,0.0,0.0,0.0,0.0,0.0,0.0,1.0,0.0,0.0,0.0,0.0,0.0,0.0,0.0,0.0,0.0,0.0
3659,Quartz,1.0,742,30.736683981742253,3441.9366576819407,1885.9353099730458,3427,1867,3459,1910,44.57581169598769,22.869914183601562,0.8617886178861789,0.0,0.0,0.0,0.0,0.0,0.0,1.0,0.0,0.0,0.0,0.0,0.0,0.0,0.0,0.0,0.0,0.0
3660,Quartz,1.0,4452,75.28919214044566,3439.9595687331534,2528.1495956873314,3402,2484,3490,2577,90.88160856142353,67.731101483045,0.8427030096536059,0.0,0.0,0.0,0.0,0.0,0.0,1.0,0.0,0.0,0.0,0.0,0.0,0.0,0.0,0.0,0.0,0.0
3661,Quartz,1.0,9293,108.77598581131714,3425.2440546648013,2321.4694931668996,3371,2242,3477,2387,146.52294012152078,83.85012528284379,0.8955382095017828,0.0,0.0,0.0,0.0,0.0,0.0,1.0,0.0,0.0,0.0,0.0,0.0,0.0,0.0,0.0,0.0,0.0
3662,Quartz,1.0,128,12.766152972845846,3440.8828125,725.03125,3437,717,3445,736,19.8627113856022,8.709899244524516,0.9552238805970149,0.0,0.0,0.0,0.0,0.0,0.0,1.0,0.0,0.0,0.0,0.0,0.0,0.0,0.0,0.0,0.0,0.0
3663,Quartz,1.0,1218,39.38027127239512,3432.628078817734,4164.651888341544,3401,4143,3460,4185,65.59962427219742,26.48775606340126,0.8130841121495327,0.0,0.0,0.0,0.0,0.0,0.0,1.0,0.0,0.0,0.0,0.0,0.0,0.0,0.0,0.0,0.0,0.0
3664,Quartz,1.0,2523,56.677891380738714,3444.4633372968688,1282.852952833928,3417,1236,3459,1349,103.143905224872,36.99392353705103,0.8655231560891938,0.0,0.0,0.0,0.0,0.0,0.0,1.0,0.0,0.0,0.0,0.0,0.0,0.0,0.0,0.0,0.0,0.0
3665,Quartz,1.0,2079,51.44963569846149,3442.34632034632,958.5074555074555,3425,914,3459,1005,91.35508127449256,33.23521252694363,0.8149745197961583,0.0,0.0,0.0,0.0,0.0,0.0,1.0,0.0,0.0,0.0,0.0,0.0,0.0,0.0,0.0,0.0,0.0
3666,Quartz,1.0,4361,74.51575440529368,3445.448062371016,1542.7424902545288,3399,1486,3473,1588,94.5627407790195,69.29373231677144,0.832569683085147,0.0,0.0,0.0,0.0,0.0,0.0,1.0,0.0,0.0,0.0,0.0,0.0,0.0,0.0,0.0,0.0,0.0
3667,Quartz,1.0,237,17.371176474327626,3446.8860759493673,3011.0928270042195,3440,2997,3454,3025,25.600490087215327,12.855549743698546,0.8618181818181818,0.0,0.0,0.0,0.0,0.0,0.0,1.0,0.0,0.0,0.0,0.0,0.0,0.0,0.0,0.0,0.0,0.0
3668,Quartz,1.0,157,14.138550439257221,3442.356687898089,1172.1401273885351,3437,1163,3448,1182,20.07242957059431,10.88895936799802,0.8579234972677595,0.0,0.0,0.0,0.0,0.0,0.0,1.0,0.0,0.0,0.0,0.0,0.0,0.0,0.0,0.0,0.0,0.0
3669,Quartz,1.0,793,31.775445850136926,3448.8663303909207,1107.8398486759143,3434,1085,3459,1133,46.06361775987618,23.871011141349445,0.8209109730848861,0.0,0.0,0.0,0.0,0.0,0.0,1.0,0.0,0.0,0.0,0.0,0.0,0.0,0.0,0.0,0.0,0.0
3670,Quartz,1.0,4166,72.83073488141314,3446.3067690830535,1943.8322131541047,3403,1908,3484,1981,84.07097114582041,65.16321290458873,0.9029042045947118,0.0,0.0,0.0,0.0,0.0,0.0,1.0,0.0,0.0,0.0,0.0,0.0,0.0,0.0,0.0,0.0,0.0
3671,Orthoclase,1.0,362,21.468877828012552,3445.232044198895,2463.292817679558,3438,2447,3454,2479,34.34190386544626,14.156669854205203,0.8497652582159625,0.0,0.0,0.0,0.0,0.0,0.0,0.0,0.0,1.0,0.0,0.0,0.0,0.0,0.0,0.0,0.0,0.0
3672,Quartz,1.0,1526,44.07906016767892,3449.6985583224114,4131.468545216251,3427,4109,3471,4160,51.46827301438705,39.150957801259324,0.9282238442822385,0.0,0.0,0.0,0.0,0.0,0.0,1.0,0.0,0.0,0.0,0.0,0.0,0.0,0.0,0.0,0.0,0.0
3673,Quartz,1.0,214,16.50676414605009,3453.191588785047,1164.4719626168223,3447,1154,3459,1177,23.888777174603774,12.306722526577444,0.8991596638655462,0.0,0.0,0.0,0.0,0.0,0.0,1.0,0.0,0.0,0.0,0.0,0.0,0.0,0.0,0.0,0.0,0.0
3674,Quartz,1.0,2287,53.9620129239942,3450.5706165282027,1395.32794053345,3421,1364,3473,1427,59.03095317935904,54.418080016787286,0.8874660457896779,0.0,0.0,0.0,0.0,0.0,0.0,1.0,0.0,0.0,0.0,0.0,0.0,0.0,0.0,0.0,0.0,0.0
3676,Quartz,1.0,541,26.245429958408437,3438.1571164510165,2606.6968576709796,3419,2596,3454,2620,37.97884652660305,20.5499427834694,0.8172205438066465,0.0,0.0,0.0,0.0,0.0,0.0,1.0,0.0,0.0,0.0,0.0,0.0,0.0,0.0,0.0,0.0,0.0
3677,Quartz,1.0,345,20.958712816717327,3461.2608695652175,2613.113043478261,3450,2601,3474,2624,23.220149475523147,21.592424585515634,0.8233890214797136,0.0,0.0,0.0,0.0,0.0,0.0,1.0,0.0,0.0,0.0,0.0,0.0,0.0,0.0,0.0,0.0,0.0
3678,Quartz,1.0,2424,55.554771680189944,3458.4096534653463,3453.727722772277,3417,3426,3505,3488,84.67463475405245,40.7520681102845,0.8349982776438167,0.0,0.0,0.0,0.0,0.0,0.0,1.0,0.0,0.0,0.0,0.0,0.0,0.0,0.0,0.0,0.0,0.0
3679,Unknown,1.0,127,12.716187407449045,3454.6614173228345,1698.8897637795276,3448,1692,3463,1707,16.849608776787864,10.221899865597349,0.8523489932885906,0.0,0.0,0.0,0.0,0.0,0.0,0.0,0.0,0.0,0.0,0.0,0.0,0.0,0.0,0.0,0.0,1.0
3680,Quartz,1.0,1325,41.07362166615078,3453.3222641509433,2124.811320754717,3433,2097,3480,2149,57.90034414040156,31.013758614466063,0.8434118395926161,0.0,0.0,0.0,0.0,0.0,0.0,1.0,0.0,0.0,0.0,0.0,0.0,0.0,0.0,0.0,0.0,0.0
3681,Quartz,1.0,2179,52.672468785675115,3449.80036714089,2007.8086278109224,3419,1982,3481,2040,63.34254861973962,45.67098522001452,0.8886623164763459,0.0,0.0,0.0,0.0,0.0,0.0,1.0,0.0,0.0,0.0,0.0,0.0,0.0,0.0,0.0,0.0,0.0
3683,Orthoclase,1.0,448,23.883285285767386,3463.9375,2463.0446428571427,3455,2444,3478,2478,36.691674472370366,17.266344044368598,0.8631984585741811,0.0,0.0,0.0,0.0,0.0,0.0,0.0,0.0,1.0,0.0,0.0,0.0,0.0,0.0,0.0,0.0,0.0
3684,Quartz,1.0,215,16.545286401814263,3465.195348837209,2263.986046511628,3452,2255,3479,2272,29.827311217734955,10.408701525442424,0.7818181818181819,0.0,0.0,0.0,0.0,0.0,0.0,1.0,0.0,0.0,0.0,0.0,0.0,0.0,0.0,0.0,0.0,0.0
3685,Quartz,1.0,1033,36.266464532835606,3451.59825750242,3389.7696030977736,3423,3358,3479,3415,73.56676657279166,20.898956019762164,0.8146687697160884,0.0,0.0,0.0,0.0,0.0,0.0,1.0,0.0,0.0,0.0,0.0,0.0,0.0,0.0,0.0,0.0,0.0
3686,Quartz,1.0,1669,46.09812143854657,3464.4655482324747,3855.42780107849,3440,3830,3484,3888,57.491624332352394,39.129054127287766,0.8944265809217578,0.0,0.0,0.0,0.0,0.0,0.0,1.0,0.0,0.0,0.0,0.0,0.0,0.0,0.0,0.0,0.0,0.0
3687,Quartz,1.0,148,13.727325035155395,3465.3513513513512,1606.2567567567567,3455,1598,3473,1617,22.351774698999495,9.81260097304982,0.783068783068783,0.0,0.0,0.0,0.0,0.0,0.0,1.0,0.0,0.0,0.0,0.0,0.0,0.0,0.0,0.0,0.0,0.0
3688,Quartz,1.0,264,18.333991376950163,3460.6666666666665,2067.503787878788,3452,2055,3472,2082,30.815319325570385,12.887693081831388,0.825,0.0,0.0,0.0,0.0,0.0,0.0,1.0,0.0,0.0,0.0,0.0,0.0,0.0,0.0,0.0,0.0,0.0
3689,Quartz,1.0,589,27.384997568906428,3464.6349745331067,1455.804753820034,3450,1436,3473,1480,42.1346306471718,20.44851075129562,0.871301775147929,0.0,0.0,0.0,0.0,0.0,0.0,1.0,0.0,0.0,0.0,0.0,0.0,0.0,0.0,0.0,0.0,0.0
3690,Quartz,1.0,224,16.88803298257901,3465.379464285714,2712.2098214285716,3457,2701,3473,2724,25.21305093047617,11.698940145684864,0.8715953307392996,0.0,0.0,0.0,0.0,0.0,0.0,1.0,0.0,0.0,0.0,0.0,0.0,0.0,0.0,0.0,0.0,0.0
3691,Quartz,1.0,213,16.46815177937675,3468.192488262911,2104.450704225352,3459,2096,3479,2115,21.157541992525744,13.667031163433217,0.83203125,0.0,0.0,0.0,0.0,0.0,0.0,1.0,0.0,0.0,0.0,0.0,0.0,0.0,0.0,0.0,0.0,0.0
3692,Quartz,1.0,160,14.27299292922217,3467.28125,1677.5375,3460,1667,3473,1688,19.15620232876073,12.690618083433996,0.7729468599033816,0.0,0.0,0.0,0.0,0.0,0.0,1.0,0.0,0.0,0.0,0.0,0.0,0.0,0.0,0.0,0.0,0.0
3693,Orthoclase,1.0,489,24.952237121658943,3468.957055214724,3587.038854805726,3455,3572,3485,3604,29.055423573587465,23.831005786801274,0.844559585492228,0.0,0.0,0.0,0.0,0.0,0.0,0.0,0.0,1.0,0.0,0.0,0.0,0.0,0.0,0.0,0.0,0.0
3695,Quartz,1.0,2428,55.60059005637418,3473.6392092257,3805.6775123558486,3431,3779,3509,3837,78.37888772796258,44.1971206515819,0.8561354019746121,0.0,0.0,0.0,0.0,0.0,0.0,1.0,0.0,0.0,0.0,0.0,0.0,0.0,0.0,0.0,0.0,0.0
3696,Quartz,1.0,724,30.361578193306386,3475.3011049723755,1867.1546961325967,3461,1851,3487,1891,38.68134616637075,25.899882530480184,0.8807785888077859,0.0,0.0,0.0,0.0,0.0,0.0,1.0,0.0,0.0,0.0,0.0,0.0,0.0,0.0,0.0,0.0,0.0
3697,Quartz,1.0,4190,73.0402196905262,3450.2875894988065,3117.008353221957,3415,3070,3478,3167,91.36502509633377,64.17588724267588,0.8780385582564962,0.0,0.0,0.0,0.0,0.0,0.0,1.0,0.0,0.0,0.0,0.0,0.0,0.0,0.0,0.0,0.0,0.0
3698,Quartz,1.0,4918,79.13148602805036,3469.4607564050425,3939.825132167548,3415,3906,3527,3986,103.81440150950536,69.75532689185349,0.8401093269559275,0.0,0.0,0.0,0.0,0.0,0.0,1.0,0.0,0.0,0.0,0.0,0.0,0.0,0.0,0.0,0.0,0.0
3699,Quartz,1.0,2067,51.30093701841694,3485.2138364779876,2436.863570391872,3461,2393,3501,2492,99.99603908205401,28.827545462629793,0.8833333333333333,0.0,0.0,0.0,0.0,0.0,0.0,1.0,0.0,0.0,0.0,0.0,0.0,0.0,0.0,0.0,0.0,0.0
3700,Quartz,1.0,3141,63.239587364349134,3494.191658707418,3134.026424705508,3473,3082,3515,3180,96.30619450239429,43.79919678337919,0.9314946619217082,0.0,0.0,0.0,0.0,0.0,0.0,1.0,0.0,0.0,0.0,0.0,0.0,0.0,0.0,0.0,0.0,0.0
3701,Quartz,1.0,3253,64.3571925974361,3476.7433138641254,3525.8456809099293,3450,3484,3504,3572,89.11888807653406,49.282263123261565,0.849791013584117,0.0,0.0,0.0,0.0,0.0,0.0,1.0,0.0,0.0,0.0,0.0,0.0,0.0,0.0,0.0,0.0,0.0
3702,Quartz,1.0,327,20.404639941160397,3480.4036697247707,2237.489296636086,3470,2222,3487,2252,30.11671144976375,15.336841500445553,0.8814016172506739,0.0,0.0,0.0,0.0,0.0,0.0,1.0,0.0,0.0,0.0,0.0,0.0,0.0,0.0,0.0,0.0,0.0
3703,Quartz,1.0,151,13.86575534383214,3481.973509933775,2053.3311258278145,3474,2043,3487,2065,19.09911952122389,12.859962158422434,0.8031914893617021,0.0,0.0,0.0,0.0,0.0,0.0,1.0,0.0,0.0,0.0,0.0,0.0,0.0,0.0,0.0,0.0,0.0
3704,Quartz,1.0,2341,54.59536403601515,3481.3776164032465,2572.840239214011,3447,2528,3501,2604,73.53859678309215,46.75995967143866,0.8632005899705014,0.0,0.0,0.0,0.0,0.0,0.0,1.0,0.0,0.0,0.0,0.0,0.0,0.0,0.0,0.0,0.0,0.0
3705,Quartz,1.0,170,14.712264360219255,3483.7705882352943,2021.929411764706,3479,2002,3487,2039,41.343024680726565,6.863169761572969,0.783410138248848,0.0,0.0,0.0,0.0,0.0,0.0,1.0,0.0,0.0,0.0,0.0,0.0,0.0,0.0,0.0,0.0,0.0
3706,Quartz,1.0,159,14.228319915326999,3483.51572327044,2663.4025157232704,3479,2652,3490,2677,26.246156389529805,8.839000077910907,0.7644230769230769,0.0,0.0,0.0,0.0,0.0,0.0,1.0,0.0,0.0,0.0,0.0,0.0,0.0,0.0,0.0,0.0,0.0
3707,Quartz,1.0,744,30.77808020788433,3480.989247311828,2720.6048387096776,3466,2696,3496,2741,40.890780903743256,25.444493366050033,0.8454545454545455,0.0,0.0,0.0,0.0,0.0,0.0,1.0,0.0,0.0,0.0,0.0,0.0,0.0,0.0,0.0,0.0,0.0
3708,Quartz,1.0,2768,59.36604298609543,3490.263367052023,3311.662210982659,3453,3278,3529,3349,81.04126331629561,49.69190815978458,0.7616951018161805,0.0,0.0,0.0,0.0,0.0,0.0,1.0,0.0,0.0,0.0,0.0,0.0,0.0,0.0,0.0,0.0,0.0
3709,Quartz,1.0,585,27.29185104880338,3488.447863247863,3704.405128205128,3474,3687,3503,3721,35.50351814631317,22.11925439089121,0.8890577507598785,0.0,0.0,0.0,0.0,0.0,0.0,1.0,0.0,0.0,0.0,0.0,0.0,0.0,0.0,0.0,0.0,0.0
3710,Quartz,1.0,6453,90.6433383221073,3493.095924376259,4481.816984348365,3458,4418,3531,4552,136.17105595976108,62.47222811220665,0.9150595575723199,0.0,0.0,0.0,0.0,0.0,0.0,1.0,0.0,0.0,0.0,0.0,0.0,0.0,0.0,0.0,0.0,0.0
3711,Orthoclase,1.0,129,12.815923738491737,3493.798449612403,3465.4031007751937,3486,3460,3502,3472,16.073504585672122,10.416389622461486,0.9020979020979021,0.0,0.0,0.0,0.0,0.0,0.0,0.0,0.0,1.0,0.0,0.0,0.0,0.0,0.0,0.0,0.0,0.0
3712,Quartz,1.0,252,17.91246396432554,3494.3055555555557,2371.059523809524,3484,2357,3501,2382,25.99362983730033,13.759374038022045,0.863013698630137,0.0,0.0,0.0,0.0,0.0,0.0,1.0,0.0,0.0,0.0,0.0,0.0,0.0,0.0,0.0,0.0,0.0
3713,Quartz,1.0,131,12.914889870235298,3496.083969465649,2649.7557251908397,3489,2642,3501,2660,16.971440450713782,11.923499811027321,0.8791946308724832,0.0,0.0,0.0,0.0,0.0,0.0,1.0,0.0,0.0,0.0,0.0,0.0,0.0,0.0,0.0,0.0,0.0
3714,Quartz,1.0,106,11.617374563210365,3495.433962264151,2670.5754716981132,3490,2664,3501,2677,12.817315790981956,11.270634528326148,0.8688524590163934,0.0,0.0,0.0,0.0,0.0,0.0,1.0,0.0,0.0,0.0,0.0,0.0,0.0,0.0,0.0,0.0,0.0
3716,Orthoclase,0.9705456301303718,2071,51.35055108902456,3500.0057943022694,2937.2221149203283,3477,2890,3515,2984,85.73917173884425,36.269082526260156,0.8150334513970877,0.0,0.0,0.0,0.0,0.0,0.0,0.0,0.0,0.9705456301303718,0.0,0.0,0.0,0.0,0.0,0.0,0.0,0.0294543698696282
3717,Quartz,1.0,2193,52.8414072636622,3495.1199270405837,4087.541267669859,3457,4057,3519,4126,64.01151447933722,57.7363503875271,0.7426346088723332,0.0,0.0,0.0,0.0,0.0,0.0,1.0,0.0,0.0,0.0,0.0,0.0,0.0,0.0,0.0,0.0,0.0
3718,Orthoclase,1.0,1312,40.87163175960233,3502.346798780488,3027.6821646341464,3484,2998,3515,3058,61.3326707481921,29.461540890897435,0.8793565683646113,0.0,0.0,0.0,0.0,0.0,0.0,0.0,0.0,1.0,0.0,0.0,0.0,0.0,0.0,0.0,0.0,0.0
3719,Quartz,1.0,3173,63.56090839065055,3501.4610778443116,3236.3583359596596,3471,3196,3529,3272,78.54131771168959,53.76542267370958,0.9218477629285299,0.0,0.0,0.0,0.0,0.0,0.0,1.0,0.0,0.0,0.0,0.0,0.0,0.0,0.0,0.0,0.0,0.0
3720,Chromite,0.9642613248349647,4393,74.78864432533571,3509.0557705440474,4574.907580241293,3462,4542,3557,4601,96.97761966099539,60.17947829103381,0.9699712960918525,0.0,0.0,0.0,0.0,0.0,0.0,0.0,0.9642613248349647,0.0,0.0,0.0,0.0,0.0,0.0,0.0,0.0,0.03573867516503528
3721,Chromite,1.0,2551,56.991526375588506,3505.733829870639,3647.7883183065464,3473,3616,3535,3679,63.645367629561,53.837232996431545,0.8854564387365498,0.0,0.0,0.0,0.0,0.0,0.0,0.0,1.0,0.0,0.0,0.0,0.0,0.0,0.0,0.0,0.0,0.0
3724,Quartz,1.0,1162,38.46432569254606,3514.199655765921,3877.300344234079,3494,3856,3542,3899,47.37732897945646,35.854547233047256,0.8069444444444445,0.0,0.0,0.0,0.0,0.0,0.0,1.0,0.0,0.0,0.0,0.0,0.0,0.0,0.0,0.0,0.0,0.0
3725,Quartz,1.0,590,27.408234736913393,3515.7949152542374,3968.7847457627117,3501,3951,3534,3990,42.942214477086466,18.656649046328265,0.855072463768116,0.0,0.0,0.0,0.0,0.0,0.0,1.0,0.0,0.0,0.0,0.0,0.0,0.0,0.0,0.0,0.0,0.0
3726,Orthoclase,1.0,831,32.52786592561707,3514.1925391095065,3452.535499398315,3493,3431,3529,3470,39.852981867841606,29.527733767909,0.8993506493506493,0.0,0.0,0.0,0.0,0.0,0.0,0.0,0.0,1.0,0.0,0.0,0.0,0.0,0.0,0.0,0.0,0.0
3727,Quartz,1.0,347,21.019374919894773,3519.023054755043,3325.5158501440924,3509,3313,3529,3340,26.476947228533046,20.888525543986646,0.7780269058295964,0.0,0.0,0.0,0.0,0.0,0.0,1.0,0.0,0.0,0.0,0.0,0.0,0.0,0.0,0.0,0.0,0.0
3728,Orthoclase,1.0,974,35.21555503711461,3526.8285420944558,4002.312114989733,3508,3973,3543,4035,63.676318200179054,30.879040501998887,0.6506346025384101,0.0,0.0,0.0,0.0,0.0,0.0,0.0,0.0,1.0,0.0,0.0,0.0,0.0,0.0,0.0,0.0,0.0
3729,Quartz,1.0,4071,71.9955428246558,3525.279538197003,3729.3633014001475,3502,3658,3543,3791,130.80992334121717,41.88453988201763,0.9146259267580319,0.0,0.0,0.0,0.0,0.0,0.0,1.0,0.0,0.0,0.0,0.0,0.0,0.0,0.0,0.0,0.0,0.0
3730,Quartz,1.0,158,14.183506197980657,3527.4367088607596,4380.221518987341,3520,4373,3535,4391,17.646182289716055,12.581521103856367,0.8359788359788359,0.0,0.0,0.0,0.0,0.0,0.0,1.0,0.0,0.0,0.0,0.0,0.0,0.0,0.0,0.0,0.0,0.0
3731,Quartz,1.0,587,27.33846397952051,3532.2044293015333,4210.146507666099,3510,4198,3557,4225,51.57518512999095,15.80988331109927,0.8030095759233926,0.0,0.0,0.0,0.0,0.0,0.0,1.0,0.0,0.0,0.0,0.0,0.0,0.0,0.0,0.0,0.0,0.0
3733,Orthoclase,1.0,1128,37.89741688375691,3535.651595744681,4348.840425531915,3517,4322,3557,4372,54.13688657366142,27.705077581375036,0.9193154034229829,0.0,0.0,0.0,0.0,0.0,0.0,0.0,0.0,1.0,0.0,0.0,0.0,0.0,0.0,0.0,0.0,0.0
3734,Quartz,0.9696176008381352,1909,49.301260540674065,3545.1948664222105,4490.613410162388,3530,4443,3557,4534,95.46034806569556,26.943909876251592,0.907319391634981,0.0,0.0,0.0,0.0,0.0,0.0,0.9696176008381352,0.0,0.030382399161864852,0.0,0.0,0.0,0.0,0.0,0.0,0.0,0.0
3735,Quartz,1.0,517,25.65667251667837,3542.3713733075433,4311.5087040618955,3522,4301,3557,4327,36.480263306746004,19.929563863166507,0.8747884940778342,0.0,0.0,0.0,0.0,0.0,0.0,1.0,0.0,0.0,0.0,0.0,0.0,0.0,0.0,0.0,0.0,0.0
3736,Quartz,1.0,683,29.489364337912,3545.212298682284,4419.518301610542,3525,4397,3557,4437,37.767552222078926,27.481840194794245,0.866751269035533,0.0,0.0,0.0,0.0,0.0,0.0,1.0,0.0,0.0,0.0,0.0,0.0,0.0,0.0,0.0,0.0,0.0
3738,Quartz,1.0,420,23.12489154112443,3549.6666666666665,4119.721428571429,3539,4097,3557,4136,35.45865179793504,17.410665378113084,0.8588957055214724,0.0,0.0,0.0,0.0,0.0,0.0,1.0,0.0,0.0,0.0,0.0,0.0,0.0,0.0,0.0,0.0,0.0
3741,Unknown,1.0,113,11.994835078277376,3585.141592920354,807.0353982300885,3581,799,3590,816,19.559244429282607,8.207351500005146,0.7902097902097902,0.0,0.0,0.0,0.0,0.0,0.0,0.0,0.0,0.0,0.0,0.0,0.0,0.0,0.0,0.0,0.0,1.0
3743,Unknown,1.0,113,11.994835078277376,3585.141592920354,1610.0353982300885,3581,1602,3590,1619,19.559244429282607,8.207351500005146,0.7902097902097902,0.0,0.0,0.0,0.0,0.0,0.0,0.0,0.0,0.0,0.0,0.0,0.0,0.0,0.0,0.0,0.0,1.0
3748,Unknown,1.0,113,11.994835078277376,3585.141592920354,3217.0353982300885,3581,3209,3590,3226,19.559244429282607,8.207351500005146,0.7902097902097902,0.0,0.0,0.0,0.0,0.0,0.0,0.0,0.0,0.0,0.0,0.0,0.0,0.0,0.0,0.0,0.0,1.0
3750,Unknown,1.0,113,11.994835078277376,3585.141592920354,4020.0353982300885,3581,4012,3590,4029,19.559244429282607,8.207351500005146,0.7902097902097902,0.0,0.0,0.0,0.0,0.0,0.0,0.0,0.0,0.0,0.0,0.0,0.0,0.0,0.0,0.0,0.0,1.0
3755,Unknown,1.0,145,13.58748446131949,3602.4827586206898,48.04827586206896,3598,38,3607,60,24.079296393932026,8.752965526386426,0.8146067415730337,0.0,0.0,0.0,0.0,0.0,0.0,0.0,0.0,0.0,0.0,0.0,0.0,0.0,0.0,0.0,0.0,1.0
3757,Unknown,1.0,145,13.58748446131949,3602.4827586206898,175.04827586206898,3598,165,3607,187,24.079296393932026,8.752965526386426,0.8146067415730337,0.0,0.0,0.0,0.0,0.0,0.0,0.0,0.0,0.0,0.0,0.0,0.0,0.0,0.0,0.0,0.0,1.0
3758,Quartz,1.0,102,11.396070970426017,29.107843137254903,459.5882352941176,24,454,37,467,16.800575139958188,7.971679388644924,0.9272727272727272,0.0,0.0,0.0,0.0,0.0,0.0,1.0,0.0,0.0,0.0,0.0,0.0,0.0,0.0,0.0,0.0,0.0
3759,Quartz,1.0,134,13.061933202803933,33.54477611940298,469.35820895522386,27,462,41,478,16.827909897845277,10.708718414167103,0.8874172185430463,0.0,0.0,0.0,0.0,0.0,0.0,1.0,0.0,0.0,0.0,0.0,0.0,0.0,0.0,0.0,0.0,0.0
3760,Quartz,1.0,2623,57.790200949990925,169.42661075104843,3305.2234083110943,131,3277,199,3337,64.98034320623371,56.86439394775072,0.8679682329583057,0.0,0.0,0.0,0.0,0.0,0.0,1.0,0.0,0.0,0.0,0.0,0.0,0.0,0.0,0.0,0.0,0.0
3761,Quartz,1.0,241,17.517155313611116,147.14522821576764,3561.3070539419086,134,3552,157,3574,24.7584166294224,16.782120323965298,0.6731843575418994,0.0,0.0,0.0,0.0,0.0,0.0,1.0,0.0,0.0,0.0,0.0,0.0,0.0,0.0,0.0,0.0,0.0
3762,Quartz,1.0,180,15.138795132120961,154.7111111111111,4283.761111111111,145,4277,167,4292,23.549360626295066,11.379381799644758,0.7407407407407407,0.0,0.0,0.0,0.0,0.0,0.0,1.0,0.0,0.0,0.0,0.0,0.0,0.0,0.0,0.0,0.0,0.0
3763,Quartz,1.0,107,11.67204486311899,154.0373831775701,4339.738317757009,149,4333,160,4347,13.829274979676866,10.035799126817277,0.9145299145299145,0.0,0.0,0.0,0.0,0.0,0.0,1.0,0.0,0.0,0.0,0.0,0.0,0.0,0.0,0.0,0.0,0.0
3764,Quartz,1.0,116,12.153015559492998,158.26724137931035,963.4137931034483,151,958,168,971,17.913569365393254,9.324477868805621,0.8405797101449275,0.0,0.0,0.0,0.0,0.0,0.0,1.0,0.0,0.0,0.0,0.0,0.0,0.0,0.0,0.0,0.0,0.0
3765,Orthoclase,1.0,326,20.37341629633241,166.42638036809817,1365.4539877300613,154,1352,180,1379,33.283632592156756,13.294426895901026,0.8834688346883469,0.0,0.0,0.0,0.0,0.0,0.0,0.0,0.0,1.0,0.0,0.0,0.0,0.0,0.0,0.0,0.0,0.0
3766,Quartz,1.0,257,18.089294154193436,190.98832684824902,2770.817120622568,181,2761,203,2781,22.546897411908546,15.05330742911924,0.8481848184818482,0.0,0.0,0.0,0.0,0.0,0.0,1.0,0.0,0.0,0.0,0.0,0.0,0.0,0.0,0.0,0.0,0.0
3767,Quartz,1.0,966,35.070634442709576,214.2743271221532,3417.0652173913045,196,3394,234,3437,42.019494275770974,33.253105884806125,0.8063439065108514,0.0,0.0,0.0,0.0,0.0,0.0,1.0,0.0,0.0,0.0,0.0,0.0,0.0,0.0,0.0,0.0,0.0
3768,Quartz,1.0,178,15.054455784347004,207.9438202247191,518.8370786516854,197,511,220,528,25.237253595950406,10.616882685518098,0.7574468085106383,0.0,0.0,0.0,0.0,0.0,0.0,1.0,0.0,0.0,0.0,0.0,0.0,0.0,0.0,0.0,0.0,0.0
3769,Quartz,1.0,117,12.205286835384658,223.24786324786325,713.1965811965812,215,709,232,719,16.758112375583146,9.22789940849058,0.8863636363636364,0.0,0.0,0.0,0.0,0.0,0.0,1.0,0.0,0.0,0.0,0.0,0.0,0.0,0.0,0.0,0.0,0.0
3770,Quartz,1.0,103,11.451797811161432,251.48543689320388,1246.8058252427184,246,1241,258,1255,12.435693865770313,11.492896465859545,0.8512396694214877,0.0,0.0,0.0,0.0,0.0,0.0,1.0,0.0,0.0,0.0,0.0,0.0,0.0,0.0,0.0,0.0,0.0
3771,Chromite,1.0,697,29.790064831759068,282.05021520803444,1217.8493543758966,267,1195,304,1246,63.685661065272974,17.90577872089649,0.6990972918756269,0.0,0.0,0.0,0.0,0.0,0.0,0.0,1.0,0.0,0.0,0.0,0.0,0.0,0.0,0.0,0.0,0.0
3772,Quartz,1.0,138,13.255453865237978,255.21014492753622,2143.304347826087,247,2135,263,2149,16.745669366334262,12.406275862112691,0.8466257668711656,0.0,0.0,0.0,0.0,0.0,0.0,1.0,0.0,0.0,0.0,0.0,0.0,0.0,0.0,0.0,0.0,0.0
3773,Quartz,1.0,348,21.049640414216977,272.0919540229885,1784.9885057471265,264,1764,282,1803,33.311619440054145,16.315594004446176,0.6810176125244618,0.0,0.0,0.0,0.0,0.0,0.0,1.0,0.0,0.0,0.0,0.0,0.0,0.0,0.0,0.0,0.0,0.0
3774,Quartz,1.0,266,18.403307281560924,287.76691729323306,1813.0225563909773,277,1802,301,1823,27.029111413803687,14.211378842015646,0.8012048192771084,0.0,0.0,0.0,0.0,0.0,0.0,1.0,0.0,0.0,0.0,0.0,0.0,0.0,0.0,0.0,0.0,0.0
3775,Quartz,1.0,247,17.733870630789692,288.7651821862348,1828.157894736842,277,1820,302,1837,25.60137057387713,13.363844731452563,0.8576388888888888,0.0,0.0,0.0,0.0,0.0,0.0,1.0,0.0,0.0,0.0,0.0,0.0,0.0,0.0,0.0,0.0,0.0
3777,Quartz,0.9375661375661376,945,34.68733731168665,378.2603174603175,718.4973544973545,362,691,397,751,52.06438971929623,25.45948425766565,0.8203125,0.0,0.0,0.0,0.0,0.0,0.0,0.9375661375661376,0.0,0.0,0.0,0.0,0.0,0.0,0.0,0.0,0.0,0.06243386243386243
3778,Quartz,1.0,257,18.089294154193436,319.10505836575874,4104.027237354086,311,4091,329,4120,29.378386714534727,14.756326279482945,0.7219101123595506,0.0,0.0,0.0,0.0,0.0,0.0,1.0,0.0,0.0,0.0,0.0,0.0,0.0,0.0,0.0,0.0,0.0
3779,Quartz,1.0,203,16.07692842495848,388.0394088669951,1570.5862068965516,379,1565,401,1579,24.060183532553197,11.349280942284453,0.9144144144144144,0.0,0.0,0.0,0.0,0.0,0.0,1.0,0.0,0.0,0.0,0.0,0.0,0.0,0.0,0.0,0.0,0.0
3780,Quartz,1.0,135,13.110581167104948,386.52592592592595,1556.414814814815,381,1547,393,1566,20.29846767195447,9.502873813711092,0.7894736842105263,0.0,0.0,0.0,0.0,0.0,0.0,1.0,0.0,0.0,0.0,0.0,0.0,0.0,0.0,0.0,0.0,0.0
3781,Quartz,1.0,573,27.010484244701136,430.19720767888305,3007.937172774869,407,2995,459,3019,52.79512254653154,16.298591212041867,0.6829558998808105,0.0,0.0,0.0,0.0,0.0,0.0,1.0,0.0,0.0,0.0,0.0,0.0,0.0,0.0,0.0,0.0,0.0
3782,Quartz,1.0,137,13.207339536360731,421.8759124087591,3164.21897810219,414,3157,430,3174,15.350938406534695,12.82587178393107,0.8253012048192772,0.0,0.0,0.0,0.0,0.0,0.0,1.0,0.0,0.0,0.0,0.0,0.0,0.0,0.0,0.0,0.0,0.0
3783,Orthoclase,1.0,134,13.061933202803933,427.7835820895522,1330.9850746268658,422,1325,435,1339,14.232402197875846,12.42166318641726,0.9115646258503401,0.0,0.0,0.0,0.0,0.0,0.0,0.0,0.0,1.0,0.0,0.0,0.0,0.0,0.0,0.0,0.0,0.0
3784,Quartz,1.0,464,24.306031118985995,443.2219827586207,1412.385775862069,432,1395,456,1435,37.81742204691785,19.299380907155797,0.7307086614173228,0.0,0.0,0.0,0.0,0.0,0.0,1.0,0.0,0.0,0.0,0.0,0.0,0.0,0.0,0.0,0.0,0.0
3785,Chromite,1.0,213,16.46815177937675,467.2957746478873,4687.784037558686,460,4677,480,4696,23.87488115342798,13.116092582879112,0.852,0.0,0.0,0.0,0.0,0.0,0.0,0.0,1.0,0.0,0.0,0.0,0.0,0.0,0.0,0.0,0.0,0.0
3786,Quartz,1.0,567,26.86869594648831,525.726631393298,1589.2380952380952,509,1577,546,1604,35.65884902987042,21.80484702626044,0.8462686567164179,0.0,0.0,0.0,0.0,0.0,0.0,1.0,0.0,0.0,0.0,0.0,0.0,0.0,0.0,0.0,0.0,0.0
3787,Quartz,1.0,150,13.81976597885342,535.3133333333334,3845.88,526,3839,546,3852,20.521764349585993,10.792093257053994,0.7978723404255319,0.0,0.0,0.0,0.0,0.0,0.0,1.0,0.0,0.0,0.0,0.0,0.0,0.0,0.0,0.0,0.0,0.0
3788,Quartz,1.0,217,16.622063085174787,545.2718894009216,788.4562211981566,537,775,554,799,22.0867460451285,14.6697591526656,0.7640845070422535,0.0,0.0,0.0,0.0,0.0,0.0,1.0,0.0,0.0,0.0,0.0,0.0,0.0,0.0,0.0,0.0,0.0
3789,Quartz,1.0,133,13.013103375051497,565.4511278195489,3696.2030075187968,557,3689,575,3706,20.480418809219458,9.62323835384198,0.76,0.0,0.0,0.0,0.0,0.0,0.0,1.0,0.0,0.0,0.0,0.0,0.0,0.0,0.0,0.0,0.0,0.0
3790,Orthoclase,1.0,134,13.061933202803933,575.3955223880597,2500.044776119403,566,2493,584,2507,20.13911642461342,8.748578186686833,0.9241379310344827,0.0,0.0,0.0,0.0,0.0,0.0,0.0,0.0,1.0,0.0,0.0,0.0,0.0,0.0,0.0,0.0,0.0
3791,Quartz,1.0,1202,39.1207608920336,606.1206322795341,532.7953410981697,589,500,623,578,74.1072241772881,23.467080068223428,0.8341429562803608,0.0,0.0,0.0,0.0,0.0,0.0,1.0,0.0,0.0,0.0,0.0,0.0,0.0,0.0,0.0,0.0,0.0
3792,Quartz,1.0,276,18.746042631630413,602.5507246376811,3616.8623188405795,591,3608,616,3630,23.56562031653775,19.53290723248068,0.711340206185567,0.0,0.0,0.0,0.0,0.0,0.0,1.0,0.0,0.0,0.0,0.0,0.0,0.0,0.0,0.0,0.0,0.0
3793,Orthoclase,1.0,194,15.716503163191918,602.1134020618557,1797.8350515463917,592,1790,611,1807,18.58610329210276,15.314510530755593,0.8471615720524017,0.0,0.0,0.0,0.0,0.0,0.0,0.0,0.0,1.0,0.0,0.0,0.0,0.0,0.0,0.0,0.0,0.0
3794,Quartz,1.0,563,26.77375326109316,625.9360568383659,559.5772646536412,614,533,641,583,42.964255066966004,21.128061335031585,0.7940761636107193,0.0,0.0,0.0,0.0,0.0,0.0,1.0,0.0,0.0,0.0,0.0,0.0,0.0,0.0,0.0,0.0,0.0
3795,Quartz,1.0,257,18.089294154193436,683.2801556420234,983.0778210116731,665,974,698,993,35.488543944530676,11.27669558834793,0.7138888888888889,0.0,0.0,0.0,0.0,0.0,0.0,1.0,0.0,0.0,0.0,0.0,0.0,0.0,0.0,0.0,0.0,0.0
3796,Quartz,1.0,719,30.256556854086718,701.6606397774688,842.5688456189151,689,823,720,862,37.36326812072169,30.05203383641325,0.7892425905598244,0.0,0.0,0.0,0.0,0.0,0.0,1.0,0.0,0.0,0.0,0.0,0.0,0.0,0.0,0.0,0.0,0.0
3797,Quartz,1.0,245,17.66192765414112,727.9102040816326,4567.50612244898,720,4555,739,4586,31.018876208104885,13.0456698579736,0.765625,0.0,0.0,0.0,0.0,0.0,0.0,1.0,0.0,0.0,0.0,0.0,0.0,0.0,0.0,0.0,0.0,0.0
3798,Quartz,1.0,262,18.26441241104166,750.9694656488549,1356.4083969465648,739,1348,768,1368,27.819690857636022,16.14791998326952,0.6805194805194805,0.0,0.0,0.0,0.0,0.0,0.0,1.0,0.0,0.0,0.0,0.0,0.0,0.0,0.0,0.0,0.0,0.0
3799,Quartz,1.0,252,17.91246396432554,753.3492063492064,4343.333333333333,740,4336,773,4351,32.85326598503691,12.430660349986399,0.7078651685393258,0.0,0.0,0.0,0.0,0.0,0.0,1.0,0.0,0.0,0.0,0.0,0.0,0.0,0.0,0.0,0.0,0.0
3800,Quartz,1.0,189,15.512648837479231,761.2222222222222,2263.4814814814813,753,2252,769,2275,25.752461370476887,10.59471222684505,0.7777777777777778,0.0,0.0,0.0,0.0,0.0,0.0,1.0,0.0,0.0,0.0,0.0,0.0,0.0,0.0,0.0,0.0,0.0
3801,Quartz,1.0,671,29.229158977248975,860.3204172876304,3327.157973174367,843,3313,881,3342,41.91948321071858,24.53598410620374,0.7651083238312428,0.0,0.0,0.0,0.0,0.0,0.0,1.0,0.0,0.0,0.0,0.0,0.0,0.0,0.0,0.0,0.0,0.0
3802,Quartz,1.0,133,13.013103375051497,850.8345864661654,155.68421052631578,843,149,859,164,18.746503948047064,9.673305001341166,0.8209876543209876,0.0,0.0,0.0,0.0,0.0,0.0,1.0,0.0,0.0,0.0,0.0,0.0,0.0,0.0,0.0,0.0,0.0
3803,Quartz,1.0,104,11.507254783503184,881.0673076923077,1804.0961538461538,875,1799,889,1810,14.09451009774118,9.816065410043766,0.8666666666666667,0.0,0.0,0.0,0.0,0.0,0.0,1.0,0.0,0.0,0.0,0.0,0.0,0.0,0.0,0.0,0.0,0.0
3804,Quartz,1.0,176,14.96964127403822,888.2954545454545,4359.693181818182,879,4354,900,4367,22.086911096944952,11.433285227274434,0.7857142857142857,0.0,0.0,0.0,0.0,0.0,0.0,1.0,0.0,0.0,0.0,0.0,0.0,0.0,0.0,0.0,0.0,0.0
3805,Quartz,1.0,199,15.91774699517169,924.3668341708543,4320.874371859297,915,4312,934,4331,22.754493562557663,11.896889072644258,0.8540772532188842,0.0,0.0,0.0,0.0,0.0,0.0,1.0,0.0,0.0,0.0,0.0,0.0,0.0,0.0,0.0,0.0,0.0
3806,Orthoclase,1.0,215,16.545286401814263,993.4418604651163,464.5302325581395,987,456,1003,477,20.22081291525084,14.74681736132164,0.8884297520661157,0.0,0.0,0.0,0.0,0.0,0.0,0.0,0.0,1.0,0.0,0.0,0.0,0.0,0.0,0.0,0.0,0.0
3807,Quartz,1.0,153,13.957279475043833,997.4575163398692,930.9477124183006,990,920,1004,940,20.43356065010333,11.065679604027897,0.7463414634146341,0.0,0.0,0.0,0.0,0.0,0.0,1.0,0.0,0.0,0.0,0.0,0.0,0.0,0.0,0.0,0.0,0.0
3809,Quartz,1.0,135,13.110581167104948,1013.4888888888889,3202.0666666666666,1006,3195,1023,3209,15.660839732984318,11.769318769150507,0.8385093167701864,0.0,0.0,0.0,0.0,0.0,0.0,1.0,0.0,0.0,0.0,0.0,0.0,0.0,0.0,0.0,0.0,0.0
3810,Quartz,1.0,176,14.96964127403822,1018.4431818181819,2106.0170454545455,1012,2094,1024,2118,25.145946687990484,9.994888232720523,0.8036529680365296,0.0,0.0,0.0,0.0,0.0,0.0,1.0,0.0,0.0,0.0,0.0,0.0,0.0,0.0,0.0,0.0,0.0
3811,Quartz,1.0,176,14.96964127403822,1042.0056818181818,2058.0454545454545,1036,2048,1050,2068,19.414076790317665,12.040313073528225,0.9072164948453608,0.0,0.0,0.0,0.0,0.0,0.0,1.0,0.0,0.0,0.0,0.0,0.0,0.0,0.0,0.0,0.0,0.0
3812,Quartz,1.0,114,12.047792665040703,1064.0087719298247,240.89473684210526,1057,237,1074,246,16.267572949295047,9.086031858043997,0.9421487603305785,0.0,0.0,0.0,0.0,0.0,0.0,1.0,0.0,0.0,0.0,0.0,0.0,0.0,0.0,0.0,0.0,0.0
3813,Quartz,1.0,223,16.85029431422316,1072.47533632287,3264.42600896861,1062,3252,1081,3277,23.529606727260838,14.865019338187274,0.7335526315789473,0.0,0.0,0.0,0.0,0.0,0.0,1.0,0.0,0.0,0.0,0.0,0.0,0.0,0.0,0.0,0.0,0.0
3814,Quartz,1.0,489,24.952237121658943,1076.519427402863,3776.887525562372,1060,3763,1092,3793,32.190376868743805,23.61337841513508,0.7180616740088106,0.0,0.0,0.0,0.0,0.0,0.0,1.0,0.0,0.0,0.0,0.0,0.0,0.0,0.0,0.0,0.0,0.0
3815,Quartz,1.0,146,13.63425735166143,1075.8287671232877,1942.4315068493152,1067,1935,1085,1950,16.880235311042345,13.976243468683975,0.7525773195876289,0.0,0.0,0.0,0.0,0.0,0.0,1.0,0.0,0.0,0.0,0.0,0.0,0.0,0.0,0.0,0.0,0.0
3816,Quartz,1.0,352,21.17026971360491,1102.5568181818182,1122.5681818181818,1082,1116,1122,1131,40.963588697015645,12.297235639261269,0.8205128205128205,0.0,0.0,0.0,0.0,0.0,0.0,1.0,0.0,0.0,0.0,0.0,0.0,0.0,0.0,0.0,0.0,0.0
3817,Quartz,1.0,314,19.994929783493642,1166.3025477707006,809.3025477707006,1157,795,1176,829,32.06765718070243,14.596830074308507,0.8373333333333334,0.0,0.0,0.0,0.0,0.0,0.0,1.0,0.0,0.0,0.0,0.0,0.0,0.0,0.0,0.0,0.0,0.0
3818,Quartz,1.0,248,17.769732893161912,1177.0887096774193,826.8024193548387,1168,816,1187,838,19.491153911522336,17.74158261668598,0.8078175895765473,0.0,0.0,0.0,0.0,0.0,0.0,1.0,0.0,0.0,0.0,0.0,0.0,0.0,0.0,0.0,0.0,0.0
3819,Quartz,1.0,128,12.766152972845846,1175.0390625,3219.4453125,1164,3214,1186,3227,21.49896541361741,8.431916776100348,0.8366013071895425,0.0,0.0,0.0,0.0,0.0,0.0,1.0,0.0,0.0,0.0,0.0,0.0,0.0,0.0,0.0,0.0,0.0
3820,Orthoclase,1.0,129,12.815923738491737,1173.4341085271317,2098.5503875968993,1163,2093,1183,2104,20.936738117413395,8.961171652604428,0.7678571428571429,0.0,0.0,0.0,0.0,0.0,0.0,0.0,0.0,1.0,0.0,0.0,0.0,0.0,0.0,0.0,0.0,0.0
3821,Quartz,1.0,149,13.773623058786647,1183.1073825503356,782.1208053691275,1176,774,1191,792,19.42945633911122,10.145801475488755,0.861271676300578,0.0,0.0,0.0,0.0,0.0,0.0,1.0,0.0,0.0,0.0,0.0,0.0,0.0,0.0,0.0,0.0,0.0
3822,Quartz,1.0,383,22.082815618339236,1238.4229765013056,2297.271540469974,1219,2289,1260,2308,35.250884468306865,16.14542929735108,0.7379576107899807,0.0,0.0,0.0,0.0,0.0,0.0,1.0,0.0,0.0,0.0,0.0,0.0,0.0,0.0,0.0,0.0,0.0
3823,Quartz,1.0,202,16.03728119216293,1255.59900990099,1185.0544554455446,1241,1176,1267,1193,27.416035676593843,12.018066475344936,0.7266187050359713,0.0,0.0,0.0,0.0,0.0,0.0,1.0,0.0,0.0,0.0,0.0,0.0,0.0,0.0,0.0,0.0,0.0
3824,Quartz,1.0,132,12.964089628857149,1266.9015151515152,3726.7727272727275,1261,3717,1274,3735,18.416008975615796,10.90409473148745,0.7674418604651163,0.0,0.0,0.0,0.0,0.0,0.0,1.0,0.0,0.0,0.0,0.0,0.0,0.0,0.0,0.0,0.0,0.0
3825,Quartz,1.0,2452,55.87471130744766,1310.9963295269167,2635.1044045677,1276,2603,1343,2675,77.99752574380958,44.84785885330237,0.8510933703575148,0.0,0.0,0.0,0.0,0.0,0.0,1.0,0.0,0.0,0.0,0.0,0.0,0.0,0.0,0.0,0.0,0.0
3826,Quartz,1.0,622,28.14169498849121,1296.3022508038584,2803.0,1279,2790,1313,2816,36.038491988540066,24.359251291014765,0.8120104438642297,0.0,0.0,0.0,0.0,0.0,0.0,1.0,0.0,0.0,0.0,0.0,0.0,0.0,0.0,0.0,0.0,0.0
3827,Quartz,1.0,287,19.115955360352558,1296.240418118467,4158.602787456446,1286,4148,1307,4170,22.705788117993237,19.518097122183974,0.790633608815427,0.0,0.0,0.0,0.0,0.0,0.0,1.0,0.0,0.0,0.0,0.0,0.0,0.0,0.0,0.0,0.0,0.0
3828,Quartz,1.0,235,17.297725082009,1309.9617021276595,1569.9021276595745,1301,1562,1324,1581,23.572531589879876,16.05540545012714,0.7580645161290323,0.0,0.0,0.0,0.0,0.0,0.0,1.0,0.0,0.0,0.0,0.0,0.0,0.0,0.0,0.0,0.0,0.0
3829,Quartz,1.0,289,19.182445840623714,1327.5397923875432,4440.498269896194,1321,4426,1336,4454,29.144465183161675,14.549772287429928,0.8140845070422535,0.0,0.0,0.0,0.0,0.0,0.0,1.0,0.0,0.0,0.0,0.0,0.0,0.0,0.0,0.0,0.0,0.0
3830,Quartz,1.0,216,16.583719174624104,1338.162037037037,2252.078703703704,1328,2243,1350,2262,27.14867674869713,10.786847191422655,0.8503937007874016,0.0,0.0,0.0,0.0,0.0,0.0,1.0,0.0,0.0,0.0,0.0,0.0,0.0,0.0,0.0,0.0,0.0
3831,Quartz,1.0,119,12.309163489997376,1349.0420168067226,107.58823529411765,1343,100,1357,115,16.37096840480087,10.373200340519864,0.8380281690140845,0.0,0.0,0.0,0.0,0.0,0.0,1.0,0.0,0.0,0.0,0.0,0.0,0.0,0.0,0.0,0.0,0.0
3832,Quartz,1.0,126,12.666024736934256,1352.3095238095239,527.8174603174604,1344,522,1361,541,16.559339337547758,13.55207648482808,0.6737967914438503,0.0,0.0,0.0,0.0,0.0,0.0,1.0,0.0,0.0,0.0,0.0,0.0,0.0,0.0,0.0,0.0,0.0
3833,Quartz,1.0,160,14.27299292922217,1402.95625,517.9125,1395,511,1413,526,19.40124839663249,10.786029651923137,0.903954802259887,0.0,0.0,0.0,0.0,0.0,0.0,1.0,0.0,0.0,0.0,0.0,0.0,0.0,0.0,0.0,0.0,0.0
3834,Quartz,1.0,148,13.727325035155395,1436.9932432432433,1081.668918918919,1430,1074,1445,1090,15.270748213204433,12.855578549755853,0.8809523809523809,0.0,0.0,0.0,0.0,0.0,0.0,1.0,0.0,0.0,0.0,0.0,0.0,0.0,0.0,0.0,0.0,0.0
3835,Quartz,1.0,111,11.888212206450685,1439.2882882882882,1115.2792792792793,1433,1110,1448,1122,15.032219998743493,11.065515805979588,0.7762237762237763,0.0,0.0,0.0,0.0,0.0,0.0,1.0,0.0,0.0,0.0,0.0,0.0,0.0,0.0,0.0,0.0,0.0
3836,Quartz,1.0,136,13.159049284959082,1439.0588235294117,4616.588235294118,1431,4606,1445,4624,19.578971469236425,10.933561585338513,0.8095238095238095,0.0,0.0,0.0,0.0,0.0,0.0,1.0,0.0,0.0,0.0,0.0,0.0,0.0,0.0,0.0,0.0,0.0
3837,Chromite,1.0,164,14.450303987687134,1456.091463414634,3696.231707317073,1449,3688,1463,3704,16.62185097631137,13.838413801232642,0.8770053475935828,0.0,0.0,0.0,0.0,0.0,0.0,0.0,1.0,0.0,0.0,0.0,0.0,0.0,0.0,0.0,0.0,0.0
3838,Quartz,1.0,136,13.159049284959082,1462.6470588235295,3050.1911764705883,1458,3040,1470,3064,24.14843363007147,8.298405499665023,0.7906976744186046,0.0,0.0,0.0,0.0,0.0,0.0,1.0,0.0,0.0,0.0,0.0,0.0,0.0,0.0,0.0,0.0,0.0
3839,Quartz,1.0,144,13.540550005146152,1477.2777777777778,3219.1041666666665,1470,3209,1486,3228,22.553117096287473,9.536704369372055,0.782608695652174,0.0,0.0,0.0,0.0,0.0,0.0,1.0,0.0,0.0,0.0,0.0,0.0,0.0,0.0,0.0,0.0,0.0
3840,Quartz,1.0,101,11.340070282773887,1495.6831683168316,2434.8514851485147,1490,2428,1502,2444,16.020830664286002,8.921422699509137,0.7890625,0.0,0.0,0.0,0.0,0.0,0.0,1.0,0.0,0.0,0.0,0.0,0.0,0.0,0.0,0.0,0.0,0.0
3841,Quartz,1.0,118,12.257335203001883,1519.5677966101696,3940.2542372881358,1513,3934,1527,3951,16.687237274588163,11.986768612318617,0.7195121951219512,0.0,0.0,0.0,0.0,0.0,0.0,1.0,0.0,0.0,0.0,0.0,0.0,0.0,0.0,0.0,0.0,0.0
3842,Quartz,1.0,171,14.755472278097805,1546.4269005847952,3920.3684210526317,1537,3911,1557,3933,28.394107658091347,8.50506450337703,0.7916666666666666,0.0,0.0,0.0,0.0,0.0,0.0,1.0,0.0,0.0,0.0,0.0,0.0,0.0,0.0,0.0,0.0,0.0
3844,Quartz,1.0,100,11.283791670955125,1508.18,59.31,1500,56,1515,65,15.357645612568572,9.033643851666579,0.9259259259259259,0.0,0.0,0.0,0.0,0.0,0.0,1.0,0.0,0.0,0.0,0.0,0.0,0.0,0.0,0.0,0.0,0.0
3845,Quartz,1.0,223,16.85029431422316,1526.6233183856502,61.17488789237668,1515,56,1539,71,24.319946806968186,14.166383444154848,0.8079710144927537,0.0,0.0,0.0,0.0,0.0,0.0,1.0,0.0,0.0,0.0,0.0,0.0,0.0,0.0,0.0,0.0,0.0
3846,Quartz,1.0,129,12.815923738491737,1548.0697674418604,4136.209302325581,1542,4129,1556,4145,16.672210200864562,10.892839689649177,0.8376623376623377,0.0,0.0,0.0,0.0,0.0,0.0,1.0,0.0,0.0,0.0,0.0,0.0,0.0,0.0,0.0,0.0,0.0
3847,Quartz,1.0,161,14.317526556719258,1549.8198757763976,3739.3478260869565,1544,3731,1559,3748,18.148133601102714,12.578858068765136,0.8473684210526315,0.0,0.0,0.0,0.0,0.0,0.0,1.0,0.0,0.0,0.0,0.0,0.0,0.0,0.0,0.0,0.0,0.0
3848,Quartz,0.7557603686635944,217,16.622063085174787,1561.4009216589861,3918.3824884792625,1552,3908,1573,3930,21.189464762746066,17.147557077163093,0.7114754098360656,0.0,0.0,0.0,0.0,0.0,0.0,0.7557603686635944,0.0,0.24423963133640553,0.0,0.0,0.0,0.0,0.0,0.0,0.0,0.0
3850,Quartz,1.0,164,14.450303987687134,1558.1707317073171,4011.9756097560976,1546,4005,1569,4023,24.80295363676841,9.594003375410654,0.7488584474885844,0.0,0.0,0.0,0.0,0.0,0.0,1.0,0.0,0.0,0.0,0.0,0.0,0.0,0.0,0.0,0.0,0.0
3851,Quartz,1.0,284,19.015783725757565,1579.4929577464789,4090.5352112676055,1573,4075,1587,4110,32.5861999599735,12.350768257589241,0.8160919540229885,0.0,0.0,0.0,0.0,0.0,0.0,1.0,0.0,0.0,0.0,0.0,0.0,0.0,0.0,0.0,0.0,0.0
3852,Quartz,1.0,355,21.260292528114064,1597.9014084507041,557.9915492957747,1587,542,1607,577,35.48999621177612,14.54277256765614,0.8217592592592593,0.0,0.0,0.0,0.0,0.0,0.0,1.0,0.0,0.0,0.0,0.0,0.0,0.0,0.0,0.0,0.0,0.0
3853,Quartz,1.0,221,16.774562271083887,1601.3393665158371,3425.6787330316743,1589,3418,1613,3435,23.84691602663032,14.852294888742897,0.7809187279151943,0.0,0.0,0.0,0.0,0.0,0.0,1.0,0.0,0.0,0.0,0.0,0.0,0.0,0.0,0.0,0.0,0.0
3854,Quartz,1.0,171,14.755472278097805,1648.514619883041,852.859649122807,1641,843,1657,862,16.397831900045983,16.167529386104764,0.7402597402597403,0.0,0.0,0.0,0.0,0.0,0.0,1.0,0.0,0.0,0.0,0.0,0.0,0.0,0.0,0.0,0.0,0.0
3855,Quartz,1.0,116,12.153015559492998,1647.801724137931,4617.568965517241,1643,4612,1656,4625,13.641317114568242,11.312293096834155,0.8992248062015504,0.0,0.0,0.0,0.0,0.0,0.0,1.0,0.0,0.0,0.0,0.0,0.0,0.0,0.0,0.0,0.0,0.0
3856,Orthoclase,1.0,151,13.86575534383214,1675.0728476821191,1110.8609271523178,1668,1104,1683,1118,16.098208602155136,12.684779945244824,0.8579545454545454,0.0,0.0,0.0,0.0,0.0,0.0,0.0,0.0,1.0,0.0,0.0,0.0,0.0,0.0,0.0,0.0,0.0
3857,Quartz,1.0,225,16.925687506432688,1696.7511111111112,4513.035555555555,1690,4500,1706,4525,23.891004842487742,14.268990333835522,0.7867132867132867,0.0,0.0,0.0,0.0,0.0,0.0,1.0,0.0,0.0,0.0,0.0,0.0,0.0,0.0,0.0,0.0,0.0
3858,Quartz,1.0,210,16.351767622932517,1705.804761904762,2023.8333333333333,1697,2012,1714,2035,23.71498619383221,12.505707409347423,0.8366533864541833,0.0,0.0,0.0,0.0,0.0,0.0,1.0,0.0,0.0,0.0,0.0,0.0,0.0,0.0,0.0,0.0,0.0
3859,Quartz,1.0,3887,70.34971293747813,1757.7283251865192,4513.055569848212,1728,4461,1791,4562,104.19313963175262,52.76340957976286,0.8618625277161862,0.0,0.0,0.0,0.0,0.0,0.0,1.0,0.0,0.0,0.0,0.0,0.0,0.0,0.0,0.0,0.0,0.0
3860,Quartz,1.0,151,13.86575534383214,1737.5298013245033,2100.0331125827815,1730,2093,1746,2107,17.71566444548821,12.015620495451504,0.8435754189944135,0.0,0.0,0.0,0.0,0.0,0.0,1.0,0.0,0.0,0.0,0.0,0.0,0.0,0.0,0.0,0.0,0.0
3861,Quartz,1.0,410,22.847936741452536,1743.0317073170731,3317.531707317073,1731,3300,1755,3335,33.0184990138343,20.168805068429204,0.7205623901581723,0.0,0.0,0.0,0.0,0.0,0.0,1.0,0.0,0.0,0.0,0.0,0.0,0.0,0.0,0.0,0.0,0.0
3863,Quartz,1.0,144,13.540550005146152,1804.7222222222222,2657.4444444444443,1800,2648,1811,2671,24.530781709391068,10.036661590723202,0.7164179104477612,0.0,0.0,0.0,0.0,0.0,0.0,1.0,0.0,0.0,0.0,0.0,0.0,0.0,0.0,0.0,0.0,0.0
3864,Quartz,1.0,166,14.538148590038452,1840.4638554216867,203.8975903614458,1836,190,1849,220,30.600718176088552,9.069217935842964,0.6434108527131783,0.0,0.0,0.0,0.0,0.0,0.0,1.0,0.0,0.0,0.0,0.0,0.0,0.0,0.0,0.0,0.0,0.0
3865,Quartz,1.0,363,21.498510523728477,1870.5895316804408,3038.658402203857,1856,3025,1883,3052,25.445746312989748,20.451804094368413,0.7874186550976139,0.0,0.0,0.0,0.0,0.0,0.0,1.0,0.0,0.0,0.0,0.0,0.0,0.0,0.0,0.0,0.0,0.0
3867,Quartz,1.0,524,25.829779740470595,1893.4522900763359,2206.469465648855,1876,2186,1914,2219,34.93241846597389,26.16468676131597,0.6382460414129111,0.0,0.0,0.0,0.0,0.0,0.0,1.0,0.0,0.0,0.0,0.0,0.0,0.0,0.0,0.0,0.0,0.0
3868,Quartz,1.0,117,12.205286835384658,1902.3504273504273,1620.6752136752136,1896,1614,1909,1628,16.849030305963524,9.240167039435368,0.8666666666666667,0.0,0.0,0.0,0.0,0.0,0.0,1.0,0.0,0.0,0.0,0.0,0.0,0.0,0.0,0.0,0.0,0.0
3869,Quartz,1.0,334,20.62188177498708,1936.1946107784431,281.88922155688624,1926,266,1948,295,29.744358082294458,18.18939450087494,0.7695852534562212,0.0,0.0,0.0,0.0,0.0,0.0,1.0,0.0,0.0,0.0,0.0,0.0,0.0,0.0,0.0,0.0,0.0
3870,Quartz,1.0,131,12.914889870235298,1934.8091603053435,2199.885496183206,1927,2194,1942,2207,16.554982208801587,10.411879994934191,0.8851351351351351,0.0,0.0,0.0,0.0,0.0,0.0,1.0,0.0,0.0,0.0,0.0,0.0,0.0,0.0,0.0,0.0,0.0
3871,Quartz,1.0,407,22.764193258431348,1955.4692874692876,2734.835380835381,1944,2720,1974,2752,39.11939652399048,16.226455004407725,0.7593283582089553,0.0,0.0,0.0,0.0,0.0,0.0,1.0,0.0,0.0,0.0,0.0,0.0,0.0,0.0,0.0,0.0,0.0
3872,Quartz,1.0,107,11.67204486311899,1952.252336448598,2175.3831775700933,1948,2167,1958,2184,15.80391586340866,9.094983833729357,0.8699186991869918,0.0,0.0,0.0,0.0,0.0,0.0,1.0,0.0,0.0,0.0,0.0,0.0,0.0,0.0,0.0,0.0,0.0
3873,Quartz,1.0,132,12.964089628857149,1965.3484848484848,256.1515151515151,1959,250,1974,266,17.06381788566726,11.571935104662785,0.8,0.0,0.0,0.0,0.0,0.0,0.0,1.0,0.0,0.0,0.0,0.0,0.0,0.0,0.0,0.0,0.0,0.0
3874,Quartz,1.0,259,18.159544104586082,1967.8918918918919,2311.6988416988415,1958,2298,1975,2326,25.822749790436646,15.512703806580754,0.7507246376811594,0.0,0.0,0.0,0.0,0.0,0.0,1.0,0.0,0.0,0.0,0.0,0.0,0.0,0.0,0.0,0.0,0.0
3875,Quartz,1.0,145,13.58748446131949,1957.6344827586206,3928.7379310344827,1953,3920,1964,3939,20.215119422373608,9.640539663480718,0.8529411764705882,0.0,0.0,0.0,0.0,0.0,0.0,1.0,0.0,0.0,0.0,0.0,0.0,0.0,0.0,0.0,0.0,0.0
3876,Quartz,1.0,147,13.680870333281758,1968.4897959183672,3940.3197278911566,1960,3933,1978,3948,19.595006961007783,10.055819701585019,0.8448275862068966,0.0,0.0,0.0,0.0,0.0,0.0,1.0,0.0,0.0,0.0,0.0,0.0,0.0,0.0,0.0,0.0,0.0
3877,Quartz,1.0,195,15.756957549709801,1993.6051282051283,3233.7589743589742,1986,3221,2003,3247,30.02857832976053,9.168994841279996,0.7959183673469388,0.0,0.0,0.0,0.0,0.0,0.0,1.0,0.0,0.0,0.0,0.0,0.0,0.0,0.0,0.0,0.0,0.0
3878,Quartz,1.0,134,13.061933202803933,2015.2611940298507,3268.5597014925374,2006,3264,2026,3277,19.69520168854289,10.29829707420134,0.7486033519553073,0.0,0.0,0.0,0.0,0.0,0.0,1.0,0.0,0.0,0.0,0.0,0.0,0.0,0.0,0.0,0.0,0.0
3879,Quartz,1.0,140,13.351162356249091,2061.9,2255.9785714285713,2054,2247,2072,2264,18.491776177462913,12.646897236910815,0.7446808510638298,0.0,0.0,0.0,0.0,0.0,0.0,1.0,0.0,0.0,0.0,0.0,0.0,0.0,0.0,0.0,0.0,0.0
3880,Quartz,1.0,480,24.721548929484133,2096.4125,637.3270833333333,2078,620,2115,653,45.887197816342066,15.462778117771988,0.7986688851913477,0.0,0.0,0.0,0.0,0.0,0.0,1.0,0.0,0.0,0.0,0.0,0.0,0.0,0.0,0.0,0.0,0.0
3881,Quartz,1.0,129,12.815923738491737,2088.4651162790697,852.3565891472869,2084,844,2096,863,17.44981787652863,10.89308015661247,0.8486842105263158,0.0,0.0,0.0,0.0,0.0,0.0,1.0,0.0,0.0,0.0,0.0,0.0,0.0,0.0,0.0,0.0,0.0
3882,Quartz,1.0,172,14.798554040663838,2087.4883720930234,2965.906976744186,2076,2958,2098,2974,22.8296315128691,12.323822895624115,0.7196652719665272,0.0,0.0,0.0,0.0,0.0,0.0,1.0,0.0,0.0,0.0,0.0,0.0,0.0,0.0,0.0,0.0,0.0
3884,Quartz,1.0,109,11.780624362746345,2101.064220183486,2074.5963302752293,2096,2066,2106,2084,17.156900663040926,8.849126144496735,0.8384615384615385,0.0,0.0,0.0,0.0,0.0,0.0,1.0,0.0,0.0,0.0,0.0,0.0,0.0,0.0,0.0,0.0,0.0
3885,Quartz,1.0,300,19.544100476116796,2109.18,2961.213333333333,2094,2948,2123,2974,36.15038113629098,11.283470177939611,0.8450704225352113,0.0,0.0,0.0,0.0,0.0,0.0,1.0,0.0,0.0,0.0,0.0,0.0,0.0,0.0,0.0,0.0,0.0
3887,Quartz,1.0,143,13.493452297211721,2132.4475524475524,3401.3636363636365,2125,3394,2141,3409,18.65398735378816,11.076110788739776,0.807909604519774,0.0,0.0,0.0,0.0,0.0,0.0,1.0,0.0,0.0,0.0,0.0,0.0,0.0,0.0,0.0,0.0,0.0
3888,Quartz,1.0,118,12.257335203001883,2206.4661016949153,3884.0423728813557,2200,3879,2213,3893,14.114835672092042,11.637704475455003,0.8872180451127819,0.0,0.0,0.0,0.0,0.0,0.0,1.0,0.0,0.0,0.0,0.0,0.0,0.0,0.0,0.0,0.0,0.0
3889,Quartz,1.0,282,18.948708441878455,2218.131205673759,3710.6631205673757,2204,3703,2234,3719,29.195166523276637,14.084520006673339,0.7540106951871658,0.0,0.0,0.0,0.0,0.0,0.0,1.0,0.0,0.0,0.0,0.0,0.0,0.0,0.0,0.0,0.0,0.0
3890,Quartz,1.0,116,12.153015559492998,2217.051724137931,2373.9224137931033,2211,2366,2224,2381,13.508127299674683,11.656506139549204,0.8721804511278195,0.0,0.0,0.0,0.0,0.0,0.0,1.0,0.0,0.0,0.0,0.0,0.0,0.0,0.0,0.0,0.0,0.0
3891,Quartz,1.0,211,16.39065416446578,2229.165876777251,3390.0142180094786,2217,3381,2241,3400,26.551071490386125,11.338813455606877,0.7455830388692579,0.0,0.0,0.0,0.0,0.0,0.0,1.0,0.0,0.0,0.0,0.0,0.0,0.0,0.0,0.0,0.0,0.0
3892,Quartz,1.0,291,19.248706645328987,2233.8797250859106,139.1408934707904,2223,122,2244,155,33.38367722138545,11.971540942446442,0.784366576819407,0.0,0.0,0.0,0.0,0.0,0.0,1.0,0.0,0.0,0.0,0.0,0.0,0.0,0.0,0.0,0.0,0.0
3893,Quartz,1.0,144,13.540550005146152,2278.2708333333335,2461.7708333333335,2271,2455,2285,2471,16.544733343832814,11.936504174790876,0.8571428571428571,0.0,0.0,0.0,0.0,0.0,0.0,1.0,0.0,0.0,0.0,0.0,0.0,0.0,0.0,0.0,0.0,0.0
3894,Orthoclase,1.0,146,13.63425735166143,2307.1369863013697,2104.986301369863,2299,2097,2315,2116,20.990583905085934,9.813135094754989,0.8248587570621468,0.0,0.0,0.0,0.0,0.0,0.0,0.0,0.0,1.0,0.0,0.0,0.0,0.0,0.0,0.0,0.0,0.0
3895,Quartz,1.0,166,14.538148590038452,2320.9156626506024,1339.0361445783133,2314,1332,2330,1350,18.7963376963217,12.834783067894577,0.8177339901477833,0.0,0.0,0.0,0.0,0.0,0.0,1.0,0.0,0.0,0.0,0.0,0.0,0.0,0.0,0.0,0.0,0.0
3896,Quartz,1.0,161,14.317526556719258,2320.9937888198756,3587.086956521739,2310,3577,2331,3596,25.462821419271386,9.455756124242752,0.7523364485981309,0.0,0.0,0.0,0.0,0.0,0.0,1.0,0.0,0.0,0.0,0.0,0.0,0.0,0.0,0.0,0.0,0.0
3897,Quartz,1.0,771,31.331576548121713,2345.7120622568095,837.674448767834,2329,818,2359,863,43.65609359141494,26.4173823111101,0.8444687842278203,0.0,0.0,0.0,0.0,0.0,0.0,1.0,0.0,0.0,0.0,0.0,0.0,0.0,0.0,0.0,0.0,0.0
3898,Quartz,1.0,166,14.538148590038452,2336.7831325301204,4085.620481927711,2331,4076,2344,4097,21.23823758635849,11.096541299279062,0.8341708542713567,0.0,0.0,0.0,0.0,0.0,0.0,1.0,0.0,0.0,0.0,0.0,0.0,0.0,0.0,0.0,0.0,0.0
3899,Quartz,1.0,159,14.228319915326999,2344.446540880503,1708.4905660377358,2336,1697,2353,1720,25.544913062608323,8.747410178398763,0.803030303030303,0.0,0.0,0.0,0.0,0.0,0.0,1.0,0.0,0.0,0.0,0.0,0.0,0.0,0.0,0.0,0.0,0.0
3900,Quartz,1.0,801,31.935323316554435,2367.0774032459426,844.4119850187266,2356,819,2379,870,51.011879568112164,21.708321743455194,0.8449367088607594,0.0,0.0,0.0,0.0,0.0,0.0,1.0,0.0,0.0,0.0,0.0,0.0,0.0,0.0,0.0,0.0,0.0
3901,Quartz,1.0,115,12.100518486599809,2382.5391304347827,3799.782608695652,2379,3791,2388,3808,17.360847060826423,8.569582131750947,0.9426229508196722,0.0,0.0,0.0,0.0,0.0,0.0,1.0,0.0,0.0,0.0,0.0,0.0,0.0,0.0,0.0,0.0,0.0
3902,Quartz,1.0,228,17.03815178355966,2388.6052631578946,2234.5701754385964,2379,2224,2397,2245,19.929193456597783,16.843217519036234,0.8142857142857143,0.0,0.0,0.0,0.0,0.0,0.0,1.0,0.0,0.0,0.0,0.0,0.0,0.0,0.0,0.0,0.0,0.0
3903,Quartz,1.0,172,14.798554040663838,2385.110465116279,1793.3953488372092,2376,1783,2394,1804,22.440459512401898,11.727901706642436,0.7713004484304933,0.0,0.0,0.0,0.0,0.0,0.0,1.0,0.0,0.0,0.0,0.0,0.0,0.0,0.0,0.0,0.0,0.0
3904,Quartz,1.0,616,28.00563442518059,2426.186688311688,3116.2824675324673,2410,3100,2449,3133,34.460028702305195,27.363772967525676,0.7719298245614035,0.0,0.0,0.0,0.0,0.0,0.0,1.0,0.0,0.0,0.0,0.0,0.0,0.0,0.0,0.0,0.0,0.0
3905,Quartz,1.0,358,21.349935761383176,2452.391061452514,2523.6899441340784,2438,2514,2466,2538,27.2512400159792,19.804053647055124,0.8384074941451991,0.0,0.0,0.0,0.0,0.0,0.0,1.0,0.0,0.0,0.0,0.0,0.0,0.0,0.0,0.0,0.0,0.0
3906,Quartz,1.0,157,14.138550439257221,2446.0573248407645,3314.859872611465,2440,3307,2454,3325,17.24503136977467,14.465424754360246,0.7810945273631841,0.0,0.0,0.0,0.0,0.0,0.0,1.0,0.0,0.0,0.0,0.0,0.0,0.0,0.0,0.0,0.0,0.0
3907,Orthoclase,1.0,101,11.340070282773887,2458.138613861386,1318.5247524752476,2449,1313,2467,1326,21.11286252917206,7.397424635007458,0.7890625,0.0,0.0,0.0,0.0,0.0,0.0,0.0,0.0,1.0,0.0,0.0,0.0,0.0,0.0,0.0,0.0,0.0
3908,Quartz,1.0,419,23.09734550211416,2473.620525059666,3195.9188544152744,2465,3181,2485,3215,30.571202159806493,19.01749868280009,0.8346613545816733,0.0,0.0,0.0,0.0,0.0,0.0,1.0,0.0,0.0,0.0,0.0,0.0,0.0,0.0,0.0,0.0,0.0
3909,Quartz,1.0,257,18.089294154193436,2477.1906614785994,3169.303501945525,2465,3158,2486,3184,25.593884290238506,16.46464131647421,0.7138888888888889,0.0,0.0,0.0,0.0,0.0,0.0,1.0,0.0,0.0,0.0,0.0,0.0,0.0,0.0,0.0,0.0,0.0
3910,Quartz,1.0,186,15.389040103942165,2489.0913978494623,4228.419354838709,2478,4221,2506,4233,26.827255950204943,10.261965438810249,0.8651162790697674,0.0,0.0,0.0,0.0,0.0,0.0,1.0,0.0,0.0,0.0,0.0,0.0,0.0,0.0,0.0,0.0,0.0
3911,Orthoclase,0.9774089442139234,2169,52.55146594083335,2505.1954817888427,4211.061318579991,2471,4188,2544,4233,69.75721817644059,41.40095440571,0.8838630806845966,0.0,0.0,0.0,0.0,0.0,0.0,0.022591055786076533,0.0,0.9774089442139234,0.0,0.0,0.0,0.0,0.0,0.0,0.0,0.0
3912,Quartz,1.0,545,26.34227689249097,2491.515596330275,3219.0238532110093,2473,3198,2510,3240,45.055976716583444,19.908439581634575,0.747599451303155,0.0,0.0,0.0,0.0,0.0,0.0,1.0,0.0,0.0,0.0,0.0,0.0,0.0,0.0,0.0,0.0,0.0
3913,Quartz,1.0,100,11.283791670955125,2487.61,958.4,2483,952,2493,965,14.570314132971736,8.970637996626776,0.9345794392523364,0.0,0.0,0.0,0.0,0.0,0.0,1.0,0.0,0.0,0.0,0.0,0.0,0.0,0.0,0.0,0.0,0.0
3914,Quartz,1.0,157,14.138550439257221,2492.5286624203823,1369.4267515923566,2486,1359,2499,1380,21.132784038654876,10.152064358640677,0.8579234972677595,0.0,0.0,0.0,0.0,0.0,0.0,1.0,0.0,0.0,0.0,0.0,0.0,0.0,0.0,0.0,0.0,0.0
3915,Quartz,1.0,269,18.5067943613625,2501.7620817843867,3151.200743494424,2491,3138,2515,3166,34.52694133103848,12.652846348438334,0.7211796246648794,0.0,0.0,0.0,0.0,0.0,0.0,1.0,0.0,0.0,0.0,0.0,0.0,0.0,0.0,0.0,0.0,0.0
3916,Orthoclase,1.0,143,13.493452297211721,2502.8251748251746,570.3216783216783,2497,563,2510,579,15.7129676575799,12.213426425511852,0.8881987577639752,0.0,0.0,0.0,0.0,0.0,0.0,0.0,0.0,1.0,0.0,0.0,0.0,0.0,0.0,0.0,0.0,0.0
3917,Quartz,1.0,219,16.698486766680407,2558.8264840182646,1969.8721461187215,2550,1960,2571,1981,23.521543147703202,13.42536080406015,0.8264150943396227,0.0,0.0,0.0,0.0,0.0,0.0,1.0,0.0,0.0,0.0,0.0,0.0,0.0,0.0,0.0,0.0,0.0
3918,Quartz,1.0,126,12.666024736934256,2556.8571428571427,1434.579365079365,2549,1429,2567,1441,18.498141076232706,9.755472455814902,0.782608695652174,0.0,0.0,0.0,0.0,0.0,0.0,1.0,0.0,0.0,0.0,0.0,0.0,0.0,0.0,0.0,0.0,0.0
3920,Quartz,1.0,328,20.435815879801165,2620.8445121951218,3145.9725609756097,2609,3137,2635,3159,28.384235236727882,15.701009080926907,0.8282828282828283,0.0,0.0,0.0,0.0,0.0,0.0,1.0,0.0,0.0,0.0,0.0,0.0,0.0,0.0,0.0,0.0,0.0
3921,Quartz,1.0,347,21.019374919894773,2649.478386167147,3140.4899135446685,2634,3132,2669,3148,33.520235715047626,14.788566468047605,0.8203309692671394,0.0,0.0,0.0,0.0,0.0,0.0,1.0,0.0,0.0,0.0,0.0,0.0,0.0,0.0,0.0,0.0,0.0
3922,Quartz,1.0,115,12.100518486599809,2651.878260869565,4379.469565217391,2645,4374,2663,4385,16.825112653691757,9.65685981406297,0.7931034482758621,0.0,0.0,0.0,0.0,0.0,0.0,1.0,0.0,0.0,0.0,0.0,0.0,0.0,0.0,0.0,0.0,0.0
3923,Quartz,1.0,199,15.91774699517169,2673.7939698492464,4303.603015075377,2666,4295,2684,4311,19.13964784024202,14.98276354843835,0.8155737704918032,0.0,0.0,0.0,0.0,0.0,0.0,1.0,0.0,0.0,0.0,0.0,0.0,0.0,0.0,0.0,0.0,0.0
3924,Quartz,1.0,404,22.680140565547774,2696.267326732673,1706.6287128712872,2675,1698,2719,1718,47.47940568319813,12.050246374892668,0.8015873015873016,0.0,0.0,0.0,0.0,0.0,0.0,1.0,0.0,0.0,0.0,0.0,0.0,0.0,0.0,0.0,0.0,0.0
3925,Quartz,1.0,136,13.159049284959082,2686.330882352941,2795.235294117647,2681,2786,2692,2804,18.528812468989845,10.130834147814724,0.8831168831168831,0.0,0.0,0.0,0.0,0.0,0.0,1.0,0.0,0.0,0.0,0.0,0.0,0.0,0.0,0.0,0.0,0.0
3928,Quartz,1.0,226,16.96325844612841,2695.809734513274,875.7831858407079,2686,867,2707,885,22.246358479674733,15.057942633690118,0.7766323024054983,0.0,0.0,0.0,0.0,0.0,0.0,1.0,0.0,0.0,0.0,0.0,0.0,0.0,0.0,0.0,0.0,0.0
3929,Quartz,1.0,595,27.524126309792685,2701.236974789916,2798.8117647058825,2687,2775,2712,2820,46.55441135688373,19.843789250812932,0.7608695652173914,0.0,0.0,0.0,0.0,0.0,0.0,1.0,0.0,0.0,0.0,0.0,0.0,0.0,0.0,0.0,0.0,0.0
3930,Quartz,1.0,156,14.093451279891855,2720.5641025641025,2810.1923076923076,2711,2804,2729,2817,18.19788075695461,11.895923969707882,0.8478260869565217,0.0,0.0,0.0,0.0,0.0,0.0,1.0,0.0,0.0,0.0,0.0,0.0,0.0,0.0,0.0,0.0,0.0
3931,Quartz,1.0,128,12.766152972845846,2717.984375,1773.5546875,2712,1766,2724,1782,16.42200957794971,10.417093817818287,0.8707482993197279,0.0,0.0,0.0,0.0,0.0,0.0,1.0,0.0,0.0,0.0,0.0,0.0,0.0,0.0,0.0,0.0,0.0
3932,Quartz,1.0,108,11.726460285670077,2726.759259259259,2823.240740740741,2720,2819,2734,2829,14.038353469236801,9.912377198325105,0.9473684210526315,0.0,0.0,0.0,0.0,0.0,0.0,1.0,0.0,0.0,0.0,0.0,0.0,0.0,0.0,0.0,0.0,0.0
3933,Quartz,1.0,329,20.466944330257718,2730.8480243161093,3180.951367781155,2723,3163,2740,3196,34.7923302129503,14.285986512923886,0.7686915887850467,0.0,0.0,0.0,0.0,0.0,0.0,1.0,0.0,0.0,0.0,0.0,0.0,0.0,0.0,0.0,0.0,0.0
3934,Quartz,1.0,122,12.463355264843006,2731.27868852459,2251.0081967213114,2725,2245,2740,2258,14.368845749777426,11.45901014844084,0.8413793103448276,0.0,0.0,0.0,0.0,0.0,0.0,1.0,0.0,0.0,0.0,0.0,0.0,0.0,0.0,0.0,0.0,0.0
3935,Quartz,1.0,121,12.412170838050638,2735.96694214876,2813.5206611570247,2730,2804,2743,2821,14.547695705538384,12.17814339416355,0.8066666666666666,0.0,0.0,0.0,0.0,0.0,0.0,1.0,0.0,0.0,0.0,0.0,0.0,0.0,0.0,0.0,0.0,0.0
3936,Quartz,1.0,221,16.774562271083887,2742.8009049773755,1664.7556561085973,2738,1649,2748,1686,33.730171550414866,8.82294814534879,0.8246268656716418,0.0,0.0,0.0,0.0,0.0,0.0,1.0,0.0,0.0,0.0,0.0,0.0,0.0,0.0,0.0,0.0,0.0
3937,Quartz,1.0,106,11.617374563210365,2754.8207547169814,365.8207547169811,2750,357,2760,376,18.031600424674703,8.233803883279593,0.8346456692913385,0.0,0.0,0.0,0.0,0.0,0.0,1.0,0.0,0.0,0.0,0.0,0.0,0.0,0.0,0.0,0.0,0.0
3938,Quartz,1.0,262,18.26441241104166,2761.1755725190837,2415.8473282442746,2749,2405,2775,2425,27.21882188202967,14.088411046711375,0.7594202898550725,0.0,0.0,0.0,0.0,0.0,0.0,1.0,0.0,0.0,0.0,0.0,0.0,0.0,0.0,0.0,0.0,0.0
3939,Quartz,1.0,205,16.15593100600236,2789.89756097561,199.04390243902438,2782,188,2799,211,25.63142129710125,10.747763966232592,0.8102766798418972,0.0,0.0,0.0,0.0,0.0,0.0,1.0,0.0,0.0,0.0,0.0,0.0,0.0,0.0,0.0,0.0,0.0
3940,Quartz,1.0,176,14.96964127403822,2789.869318181818,2413.9772727272725,2776,2407,2802,2422,27.41036848185024,9.720138914420776,0.7154471544715447,0.0,0.0,0.0,0.0,0.0,0.0,1.0,0.0,0.0,0.0,0.0,0.0,0.0,0.0,0.0,0.0,0.0
3941,Quartz,1.0,191,15.594510349620345,2796.549738219895,1922.392670157068,2786,1914,2809,1932,25.01778169166685,12.83082839703839,0.7126865671641791,0.0,0.0,0.0,0.0,0.0,0.0,1.0,0.0,0.0,0.0,0.0,0.0,0.0,0.0,0.0,0.0,0.0
3942,Quartz,1.0,143,13.493452297211721,2798.1678321678323,504.6923076923077,2790,498,2805,516,16.254855367291352,12.750272415102668,0.8218390804597702,0.0,0.0,0.0,0.0,0.0,0.0,1.0,0.0,0.0,0.0,0.0,0.0,0.0,0.0,0.0,0.0,0.0
3943,Quartz,1.0,112,11.941642642883693,2806.5803571428573,113.375,2801,106,2814,123,15.492977359474962,11.06668329127605,0.7724137931034483,0.0,0.0,0.0,0.0,0.0,0.0,1.0,0.0,0.0,0.0,0.0,0.0,0.0,0.0,0.0,0.0,0.0
3944,Quartz,1.0,103,11.451797811161432,2837.0873786407765,2758.631067961165,2827,2753,2846,2764,18.631183246909213,8.540960650924347,0.7304964539007093,0.0,0.0,0.0,0.0,0.0,0.0,1.0,0.0,0.0,0.0,0.0,0.0,0.0,0.0,0.0,0.0,0.0
3945,Quartz,1.0,125,12.6156626101008,2853.184,1805.904,2846,1797,2859,1815,16.50480603360151,10.76541805008942,0.8223684210526315,0.0,0.0,0.0,0.0,0.0,0.0,1.0,0.0,0.0,0.0,0.0,0.0,0.0,0.0,0.0,0.0,0.0
3946,Quartz,1.0,175,14.927053303604616,2890.1657142857143,322.4,2884,312,2897,333,22.04592433027264,11.959245591498254,0.78125,0.0,0.0,0.0,0.0,0.0,0.0,1.0,0.0,0.0,0.0,0.0,0.0,0.0,0.0,0.0,0.0,0.0
3947,Quartz,1.0,225,16.925687506432688,2895.1022222222223,3579.7955555555554,2887,3571,2907,3592,22.73707420289154,14.797693343799974,0.7867132867132867,0.0,0.0,0.0,0.0,0.0,0.0,1.0,0.0,0.0,0.0,0.0,0.0,0.0,0.0,0.0,0.0,0.0
3948,Quartz,1.0,314,19.994929783493642,2903.815286624204,3847.2101910828023,2890,3836,2920,3857,30.20937186540243,15.586239804879996,0.7753086419753087,0.0,0.0,0.0,0.0,0.0,0.0,1.0,0.0,0.0,0.0,0.0,0.0,0.0,0.0,0.0,0.0,0.0
3949,Orthoclase,1.0,290,19.21560480373171,2943.544827586207,469.848275862069,2933,460,2955,482,22.88932182616596,16.815710686330196,0.8814589665653495,0.0,0.0,0.0,0.0,0.0,0.0,0.0,0.0,1.0,0.0,0.0,0.0,0.0,0.0,0.0,0.0,0.0
3950,Quartz,1.0,160,14.27299292922217,2924.55,531.66875,2917,523,2932,540,17.559303743989414,13.96335300084902,0.7582938388625592,0.0,0.0,0.0,0.0,0.0,0.0,1.0,0.0,0.0,0.0,0.0,0.0,0.0,0.0,0.0,0.0,0.0
3951,Quartz,1.0,105,11.562445770562215,2927.7238095238095,140.9142857142857,2921,135,2934,148,14.309900328413713,10.785490157722968,0.875,0.0,0.0,0.0,0.0,0.0,0.0,1.0,0.0,0.0,0.0,0.0,0.0,0.0,0.0,0.0,0.0,0.0
3952,Quartz,1.0,213,16.46815177937675,2943.976525821596,151.68544600938966,2932,145,2958,161,23.51372975506241,14.539920997720245,0.7717391304347826,0.0,0.0,0.0,0.0,0.0,0.0,1.0,0.0,0.0,0.0,0.0,0.0,0.0,0.0,0.0,0.0,0.0
3953,Orthoclase,1.0,154,14.002817212590296,2945.1233766233768,1799.012987012987,2940,1791,2953,1809,18.161001413444467,12.223432410012883,0.8415300546448088,0.0,0.0,0.0,0.0,0.0,0.0,0.0,0.0,1.0,0.0,0.0,0.0,0.0,0.0,0.0,0.0,0.0
3954,Quartz,1.0,222,16.812470934731934,2960.6846846846847,2926.2792792792793,2948,2919,2973,2936,24.555524285260997,13.955789946470947,0.7551020408163265,0.0,0.0,0.0,0.0,0.0,0.0,1.0,0.0,0.0,0.0,0.0,0.0,0.0,0.0,0.0,0.0,0.0
3955,Quartz,1.0,146,13.63425735166143,3010.417808219178,755.7123287671233,3004,748,3017,766,15.747311027012083,12.70372198741523,0.8439306358381503,0.0,0.0,0.0,0.0,0.0,0.0,1.0,0.0,0.0,0.0,0.0,0.0,0.0,0.0,0.0,0.0,0.0
3956,Quartz,1.0,2072,51.36294711843604,3036.153474903475,1851.1192084942086,3004,1824,3073,1881,62.683018726113126,52.99686172252822,0.7953934740882918,0.0,0.0,0.0,0.0,0.0,0.0,1.0,0.0,0.0,0.0,0.0,0.0,0.0,0.0,0.0,0.0,0.0
3957,Quartz,1.0,123,12.514330345744634,3018.268292682927,2438.951219512195,3012,2431,3025,2447,15.090757919357836,11.715721028289966,0.8367346938775511,0.0,0.0,0.0,0.0,0.0,0.0,1.0,0.0,0.0,0.0,0.0,0.0,0.0,0.0,0.0,0.0,0.0
3958,Quartz,1.0,137,13.207339536360731,3024.4963503649633,4483.408759124088,3015,4478,3033,4490,20.947264226715376,10.355640679427117,0.7569060773480663,0.0,0.0,0.0,0.0,0.0,0.0,1.0,0.0,0.0,0.0,0.0,0.0,0.0,0.0,0.0,0.0,0.0
3959,Quartz,1.0,271,18.575465448360347,3048.8560885608854,4546.763837638377,3033,4541,3063,4557,29.462411779339853,13.330767089662311,0.8187311178247734,0.0,0.0,0.0,0.0,0.0,0.0,1.0,0.0,0.0,0.0,0.0,0.0,0.0,0.0,0.0,0.0,0.0
3960,Quartz,1.0,410,22.847936741452536,3061.9024390243903,2626.1170731707316,3044,2603,3078,2642,46.30300721759915,16.845103004799274,0.6074074074074074,0.0,0.0,0.0,0.0,0.0,0.0,1.0,0.0,0.0,0.0,0.0,0.0,0.0,0.0,0.0,0.0,0.0
3961,Quartz,1.0,159,14.228319915326999,3053.396226415094,1485.8867924528302,3047,1478,3060,1497,19.25629185202518,11.22050028409393,0.8784530386740331,0.0,0.0,0.0,0.0,0.0,0.0,1.0,0.0,0.0,0.0,0.0,0.0,0.0,0.0,0.0,0.0,0.0
3962,Quartz,1.0,224,16.88803298257901,3090.0223214285716,294.23660714285717,3082,282,3099,307,23.977562204262153,13.639279842363006,0.7697594501718213,0.0,0.0,0.0,0.0,0.0,0.0,1.0,0.0,0.0,0.0,0.0,0.0,0.0,0.0,0.0,0.0,0.0
3963,Quartz,1.0,222,16.812470934731934,3106.635135135135,906.5945945945946,3101,894,3113,919,25.518102636462558,11.683286852161016,0.8844621513944223,0.0,0.0,0.0,0.0,0.0,0.0,1.0,0.0,0.0,0.0,0.0,0.0,0.0,0.0,0.0,0.0,0.0
3965,Quartz,1.0,152,13.911592676604096,3170.4210526315787,4609.664473684211,3159,4604,3181,4614,22.440625120777387,9.69489860030394,0.8216216216216217,0.0,0.0,0.0,0.0,0.0,0.0,1.0,0.0,0.0,0.0,0.0,0.0,0.0,0.0,0.0,0.0,0.0
3966,Quartz,1.0,148,13.727325035155395,3192.0945945945946,4217.635135135135,3184,4208,3201,4228,24.67197828620861,8.488069413055468,0.783068783068783,0.0,0.0,0.0,0.0,0.0,0.0,1.0,0.0,0.0,0.0,0.0,0.0,0.0,0.0,0.0,0.0,0.0
3967,Quartz,1.0,168,14.625465582862905,3206.5059523809523,497.44642857142856,3198,490,3216,505,18.194668573585446,13.047639003664399,0.835820895522388,0.0,0.0,0.0,0.0,0.0,0.0,1.0,0.0,0.0,0.0,0.0,0.0,0.0,0.0,0.0,0.0,0.0
3968,Quartz,1.0,137,13.207339536360731,3225.7591240875913,2213.3430656934306,3220,2203,3232,2222,18.670012616457832,11.175059651783885,0.7828571428571428,0.0,0.0,0.0,0.0,0.0,0.0,1.0,0.0,0.0,0.0,0.0,0.0,0.0,0.0,0.0,0.0,0.0
3969,Quartz,1.0,386,22.16913314200113,3276.0725388601036,296.45595854922277,3263,286,3291,308,27.767427591624518,20.566707451607545,0.7926078028747433,0.0,0.0,0.0,0.0,0.0,0.0,1.0,0.0,0.0,0.0,0.0,0.0,0.0,0.0,0.0,0.0,0.0
3970,Quartz,1.0,280,18.881394877652593,3290.5392857142856,4073.407142857143,3274,4067,3307,4082,33.47844393445307,11.580883081707222,0.7821229050279329,0.0,0.0,0.0,0.0,0.0,0.0,1.0,0.0,0.0,0.0,0.0,0.0,0.0,0.0,0.0,0.0,0.0
3971,Quartz,1.0,418,23.06976657227589,3312.090909090909,798.3301435406698,3299,783,3325,812,33.61257694731205,16.625133938132805,0.8837209302325582,0.0,0.0,0.0,0.0,0.0,0.0,1.0,0.0,0.0,0.0,0.0,0.0,0.0,0.0,0.0,0.0,0.0
3972,Quartz,1.0,112,11.941642642883693,3305.7589285714284,1137.294642857143,3300,1130,3312,1145,14.791077580685249,10.55824677787739,0.8549618320610687,0.0,0.0,0.0,0.0,0.0,0.0,1.0,0.0,0.0,0.0,0.0,0.0,0.0,0.0,0.0,0.0,0.0
3973,Quartz,1.0,185,15.347615963921077,3320.7297297297296,575.1243243243243,3309,571,3333,582,25.457469118831465,9.855915127262897,0.8726415094339622,0.0,0.0,0.0,0.0,0.0,0.0,1.0,0.0,0.0,0.0,0.0,0.0,0.0,0.0,0.0,0.0,0.0
3974,Quartz,1.0,424,23.23474912642073,3333.129716981132,2267.757075471698,3318,2256,3346,2279,28.143681603607835,22.700738715586688,0.8514056224899599,0.0,0.0,0.0,0.0,0.0,0.0,1.0,0.0,0.0,0.0,0.0,0.0,0.0,0.0,0.0,0.0,0.0
3975,Quartz,1.0,340,20.806283791440396,3335.579411764706,4048.1264705882354,3325,4033,3347,4066,32.448359086493504,17.078886159687524,0.6981519507186859,0.0,0.0,0.0,0.0,0.0,0.0,1.0,0.0,0.0,0.0,0.0,0.0,0.0,0.0,0.0,0.0,0.0
3976,Quartz,1.0,246,17.697935698969246,3349.1463414634145,1059.5162601626016,3338,1047,3364,1073,33.615799716635266,11.50207775181928,0.7454545454545455,0.0,0.0,0.0,0.0,0.0,0.0,1.0,0.0,0.0,0.0,0.0,0.0,0.0,0.0,0.0,0.0,0.0
3977,Quartz,1.0,257,18.089294154193436,3434.0856031128405,3844.011673151751,3424,3835,3443,3856,19.974753892596482,18.01735799178438,0.8801369863013698,0.0,0.0,0.0,0.0,0.0,0.0,1.0,0.0,0.0,0.0,0.0,0.0,0.0,0.0,0.0,0.0,0.0
3978,Quartz,1.0,255,18.01877032173579,3455.843137254902,2732.1098039215685,3447,2718,3466,2744,23.107356768573354,17.130317327577234,0.7285714285714285,0.0,0.0,0.0,0.0,0.0,0.0,1.0,0.0,0.0,0.0,0.0,0.0,0.0,0.0,0.0,0.0,0.0
3979,Quartz,1.0,166,14.538148590038452,3482.3132530120483,4106.481927710844,3473,4101,3492,4114,18.30432963767359,11.955857002345887,0.8972972972972973,0.0,0.0,0.0,0.0,0.0,0.0,1.0,0.0,0.0,0.0,0.0,0.0,0.0,0.0,0.0,0.0,0.0
3982,Quartz,1.0,167,14.581872443920643,131.38323353293413,3586.9580838323354,125,3577,143,3601,28.06151756602479,11.148139657754129,0.6549019607843137,0.0,0.0,0.0,0.0,0.0,0.0,1.0,0.0,0.0,0.0,0.0,0.0,0.0,0.0,0.0,0.0,0.0
3983,Quartz,1.0,136,13.159049284959082,144.77205882352942,3630.654411764706,138,3617,155,3644,31.400797440147368,6.504346940268054,0.7083333333333334,0.0,0.0,0.0,0.0,0.0,0.0,1.0,0.0,0.0,0.0,0.0,0.0,0.0,0.0,0.0,0.0,0.0
3984,Quartz,1.0,167,14.581872443920643,162.53293413173654,275.11976047904193,157,261,170,290,30.94824554622487,9.963765714329893,0.6185185185185185,0.0,0.0,0.0,0.0,0.0,0.0,1.0,0.0,0.0,0.0,0.0,0.0,0.0,0.0,0.0,0.0,0.0
3986,Quartz,1.0,171,14.755472278097805,168.14619883040936,126.37426900584795,159,119,179,136,20.520360500100534,14.622081485493657,0.7125,0.0,0.0,0.0,0.0,0.0,0.0,1.0,0.0,0.0,0.0,0.0,0.0,0.0,0.0,0.0,0.0,0.0
3987,Quartz,1.0,141,13.398760233979036,170.96453900709218,4284.326241134751,165,4275,181,4296,25.827066591230828,10.585947013245214,0.6650943396226415,0.0,0.0,0.0,0.0,0.0,0.0,1.0,0.0,0.0,0.0,0.0,0.0,0.0,0.0,0.0,0.0,0.0
3992,Quartz,1.0,127,12.716187407449045,268.0787401574803,3100.6692913385828,261,3092,277,3112,24.84809386662515,6.813510614857602,0.8581081081081081,0.0,0.0,0.0,0.0,0.0,0.0,1.0,0.0,0.0,0.0,0.0,0.0,0.0,0.0,0.0,0.0,0.0
3994,Quartz,1.0,102,11.396070970426017,282.7549019607843,890.4705882352941,274,883,289,898,14.738598461783395,13.63655266244832,0.7445255474452555,0.0,0.0,0.0,0.0,0.0,0.0,1.0,0.0,0.0,0.0,0.0,0.0,0.0,0.0,0.0,0.0,0.0
3996,Quartz,1.0,133,13.013103375051497,333.38345864661653,492.09774436090225,324,487,345,498,23.874040412347092,8.304715016911988,0.7150537634408602,0.0,0.0,0.0,0.0,0.0,0.0,1.0,0.0,0.0,0.0,0.0,0.0,0.0,0.0,0.0,0.0,0.0
3997,Quartz,1.0,100,11.283791670955125,328.44,790.12,324,782,335,800,17.01110960031102,8.732362232878703,0.8130081300813008,0.0,0.0,0.0,0.0,0.0,0.0,1.0,0.0,0.0,0.0,0.0,0.0,0.0,0.0,0.0,0.0,0.0
3998,Quartz,1.0,109,11.780624362746345,340.55045871559633,580.0091743119266,332,574,350,586,20.314431110273226,8.589366537197991,0.8014705882352942,0.0,0.0,0.0,0.0,0.0,0.0,1.0,0.0,0.0,0.0,0.0,0.0,0.0,0.0,0.0,0.0,0.0
4002,Orthoclase,1.0,104,11.507254783503184,452.72115384615387,1285.6923076923076,445,1278,461,1294,19.291317465058853,7.786183677587616,0.8188976377952756,0.0,0.0,0.0,0.0,0.0,0.0,0.0,0.0,1.0,0.0,0.0,0.0,0.0,0.0,0.0,0.0,0.0
4003,Quartz,1.0,137,13.207339536360731,459.05839416058393,1474.7007299270074,455,1462,465,1487,24.31426591253756,8.217864286004502,0.8253012048192772,0.0,0.0,0.0,0.0,0.0,0.0,1.0,0.0,0.0,0.0,0.0,0.0,0.0,0.0,0.0,0.0,0.0
4004,Quartz,1.0,215,16.545286401814263,480.25116279069766,1660.4046511627907,471,1652,490,1670,22.365747401612385,14.615536446995945,0.7651245551601423,0.0,0.0,0.0,0.0,0.0,0.0,1.0,0.0,0.0,0.0,0.0,0.0,0.0,0.0,0.0,0.0,0.0
4005,Quartz,1.0,103,11.451797811161432,536.1650485436893,3569.1650485436894,532,3563,543,3577,14.969026681741283,10.032385584409095,0.8442622950819673,0.0,0.0,0.0,0.0,0.0,0.0,1.0,0.0,0.0,0.0,0.0,0.0,0.0,0.0,0.0,0.0,0.0
4007,Quartz,1.0,125,12.6156626101008,627.32,3101.272,618,3095,640,3107,21.916766864384886,8.903099809178867,0.7267441860465116,0.0,0.0,0.0,0.0,0.0,0.0,1.0,0.0,0.0,0.0,0.0,0.0,0.0,0.0,0.0,0.0,0.0
4008,Quartz,1.0,111,11.888212206450685,654.2522522522522,3353.6216216216217,648,3346,661,3361,17.73950889873605,8.368813400467905,0.8604651162790697,0.0,0.0,0.0,0.0,0.0,0.0,1.0,0.0,0.0,0.0,0.0,0.0,0.0,0.0,0.0,0.0,0.0
4009,Quartz,1.0,122,12.463355264843006,655.2049180327868,4085.5245901639346,651,4077,660,4096,21.416268392267096,8.18673113439724,0.8026315789473685,0.0,0.0,0.0,0.0,0.0,0.0,1.0,0.0,0.0,0.0,0.0,0.0,0.0,0.0,0.0,0.0,0.0
4010,Quartz,1.0,275,18.712051592547777,682.5563636363636,2892.9563636363637,671,2879,697,2904,35.45067427401093,11.779691206603795,0.7746478873239436,0.0,0.0,0.0,0.0,0.0,0.0,1.0,0.0,0.0,0.0,0.0,0.0,0.0,0.0,0.0,0.0,0.0
4011,Quartz,1.0,101,11.340070282773887,690.2574257425742,1221.3267326732673,683,1215,698,1231,18.883184338463995,8.816252045328337,0.7266187050359713,0.0,0.0,0.0,0.0,0.0,0.0,1.0,0.0,0.0,0.0,0.0,0.0,0.0,0.0,0.0,0.0,0.0
4012,Quartz,1.0,124,12.565098628628435,711.4435483870968,4613.137096774193,700,4606,723,4621,23.87530995994722,9.32245568161049,0.6326530612244898,0.0,0.0,0.0,0.0,0.0,0.0,1.0,0.0,0.0,0.0,0.0,0.0,0.0,0.0,0.0,0.0,0.0
4013,Quartz,1.0,112,11.941642642883693,732.0446428571429,3771.5446428571427,724,3767,745,3777,20.497495817287113,8.224720820017907,0.7887323943661971,0.0,0.0,0.0,0.0,0.0,0.0,1.0,0.0,0.0,0.0,0.0,0.0,0.0,0.0,0.0,0.0,0.0
4014,Quartz,1.0,124,12.565098628628435,735.25,1501.524193548387,726,1496,745,1508,20.58833566737718,10.479539427962592,0.7294117647058823,0.0,0.0,0.0,0.0,0.0,0.0,1.0,0.0,0.0,0.0,0.0,0.0,0.0,0.0,0.0,0.0,0.0
4017,Quartz,1.0,283,18.982275710779543,842.3180212014134,4341.816254416961,825,4331,860,4353,41.851343114236286,10.801254778097741,0.6835748792270532,0.0,0.0,0.0,0.0,0.0,0.0,1.0,0.0,0.0,0.0,0.0,0.0,0.0,0.0,0.0,0.0,0.0
4018,Quartz,1.0,139,13.303394180365686,837.6474820143885,3718.028776978417,830,3709,846,3727,17.663365308311224,14.971087791919548,0.6780487804878049,0.0,0.0,0.0,0.0,0.0,0.0,1.0,0.0,0.0,0.0,0.0,0.0,0.0,0.0,0.0,0.0,0.0
4019,Quartz,1.0,115,12.100518486599809,867.6086956521739,362.82608695652175,861,358,876,369,16.42988295607841,10.034456936563984,0.8041958041958042,0.0,0.0,0.0,0.0,0.0,0.0,1.0,0.0,0.0,0.0,0.0,0.0,0.0,0.0,0.0,0.0,0.0
4020,Quartz,1.0,102,11.396070970426017,889.4901960784314,3370.9607843137255,884,3361,895,3379,16.747089531078004,8.991228046298312,0.8031496062992126,0.0,0.0,0.0,0.0,0.0,0.0,1.0,0.0,0.0,0.0,0.0,0.0,0.0,0.0,0.0,0.0,0.0
4022,Orthoclase,1.0,106,11.617374563210365,895.0283018867924,4509.094339622641,889,4502,900,4517,15.08418086630818,11.620208833985696,0.7794117647058824,0.0,0.0,0.0,0.0,0.0,0.0,0.0,0.0,1.0,0.0,0.0,0.0,0.0,0.0,0.0,0.0,0.0
4023,Quartz,1.0,119,12.309163489997376,896.1680672268908,4096.81512605042,891,4087,902,4108,20.407961638782815,8.944008823050195,0.7579617834394905,0.0,0.0,0.0,0.0,0.0,0.0,1.0,0.0,0.0,0.0,0.0,0.0,0.0,0.0,0.0,0.0,0.0
4024,Quartz,1.0,129,12.815923738491737,917.8139534883721,3575.8062015503874,910,3562,924,3589,28.15974901162063,8.321877328271187,0.675392670157068,0.0,0.0,0.0,0.0,0.0,0.0,1.0,0.0,0.0,0.0,0.0,0.0,0.0,0.0,0.0,0.0,0.0
4025,Quartz,1.0,174,14.884343478431232,955.1034482758621,3943.212643678161,945,3932,967,3952,23.609633010725567,12.315337531665959,0.6692307692307692,0.0,0.0,0.0,0.0,0.0,0.0,1.0,0.0,0.0,0.0,0.0,0.0,0.0,0.0,0.0,0.0,0.0
4026,Quartz,1.0,106,11.617374563210365,961.6792452830189,3191.0377358490564,956,3185,970,3199,13.636271308933829,12.463008452666973,0.726027397260274,0.0,0.0,0.0,0.0,0.0,0.0,1.0,0.0,0.0,0.0,0.0,0.0,0.0,0.0,0.0,0.0,0.0
4027,Quartz,1.0,109,11.780624362746345,991.1559633027523,3499.6146788990827,983,3495,1003,3506,21.942729430376257,6.896984012224863,0.8014705882352942,0.0,0.0,0.0,0.0,0.0,0.0,1.0,0.0,0.0,0.0,0.0,0.0,0.0,0.0,0.0,0.0,0.0
4028,Quartz,1.0,112,11.941642642883693,1021.4285714285714,1913.142857142857,1015,1906,1030,1921,18.225527389468564,8.366206827580447,0.8421052631578947,0.0,0.0,0.0,0.0,0.0,0.0,1.0,0.0,0.0,0.0,0.0,0.0,0.0,0.0,0.0,0.0,0.0
4029,Quartz,1.0,105,11.562445770562215,1041.7238095238095,3536.1428571428573,1033,3532,1050,3542,16.388941038523246,8.527175676300644,0.875,0.0,0.0,0.0,0.0,0.0,0.0,1.0,0.0,0.0,0.0,0.0,0.0,0.0,0.0,0.0,0.0,0.0
4031,Quartz,1.0,128,12.766152972845846,1051.2265625,1172.265625,1045,1156,1060,1187,38.85976492473667,6.970901999146577,0.5446808510638298,0.0,0.0,0.0,0.0,0.0,0.0,1.0,0.0,0.0,0.0,0.0,0.0,0.0,0.0,0.0,0.0,0.0
4032,Quartz,1.0,100,11.283791670955125,1055.36,4381.83,1052,4375,1060,4391,17.189697858914982,7.718697268270968,0.8849557522123894,0.0,0.0,0.0,0.0,0.0,0.0,1.0,0.0,0.0,0.0,0.0,0.0,0.0,0.0,0.0,0.0,0.0
4033,Quartz,1.0,166,14.538148590038452,1067.5421686746988,85.2710843373494,1053,81,1085,91,37.48024070658036,8.175976702750457,0.6434108527131783,0.0,0.0,0.0,0.0,0.0,0.0,1.0,0.0,0.0,0.0,0.0,0.0,0.0,0.0,0.0,0.0,0.0
4035,Quartz,1.0,145,13.58748446131949,1070.2344827586207,608.9724137931034,1064,599,1077,621,20.83231399834981,11.44425964096439,0.7397959183673469,0.0,0.0,0.0,0.0,0.0,0.0,1.0,0.0,0.0,0.0,0.0,0.0,0.0,0.0,0.0,0.0,0.0
4036,Quartz,1.0,149,13.773623058786647,1081.7181208053692,1920.1275167785234,1073,1903,1088,1935,34.66249186413923,9.753350512949929,0.49174917491749176,0.0,0.0,0.0,0.0,0.0,0.0,1.0,0.0,0.0,0.0,0.0,0.0,0.0,0.0,0.0,0.0,0.0
4037,Quartz,1.0,153,13.957279475043833,1086.437908496732,1368.2287581699347,1080,1358,1094,1385,29.27043892752306,10.008621277088116,0.575187969924812,0.0,0.0,0.0,0.0,0.0,0.0,1.0,0.0,0.0,0.0,0.0,0.0,0.0,0.0,0.0,0.0,0.0
4039,Quartz,1.0,150,13.81976597885342,1112.9933333333333,1810.0666666666666,1105,1799,1121,1827,31.66277490845674,8.476449504805263,0.6302521008403361,0.0,0.0,0.0,0.0,0.0,0.0,1.0,0.0,0.0,0.0,0.0,0.0,0.0,0.0,0.0,0.0,0.0
4040,Orthoclase,1.0,155,14.048207338801282,1161.4322580645162,2488.4129032258065,1147,2484,1175,2493,29.529160500854253,7.2299787486437515,0.8072916666666666,0.0,0.0,0.0,0.0,0.0,0.0,0.0,0.0,1.0,0.0,0.0,0.0,0.0,0.0,0.0,0.0,0.0
4042,Quartz,1.0,137,13.207339536360731,1200.2262773722628,3899.3722627737225,1186,3893,1218,3907,36.516348346430796,5.7833220895109685,0.6919191919191919,0.0,0.0,0.0,0.0,0.0,0.0,1.0,0.0,0.0,0.0,0.0,0.0,0.0,0.0,0.0,0.0,0.0
4043,Quartz,1.0,126,12.666024736934256,1198.6746031746031,778.3333333333334,1191,774,1210,786,19.80894415572623,9.068024164564553,0.8076923076923077,0.0,0.0,0.0,0.0,0.0,0.0,1.0,0.0,0.0,0.0,0.0,0.0,0.0,0.0,0.0,0.0,0.0
4044,Quartz,1.0,123,12.514330345744634,1214.9837398373984,1959.439024390244,1210,1950,1220,1971,22.840278189079168,7.529740895260014,0.8541666666666666,0.0,0.0,0.0,0.0,0.0,0.0,1.0,0.0,0.0,0.0,0.0,0.0,0.0,0.0,0.0,0.0,0.0
4045,Quartz,1.0,110,11.834540545406394,1222.6454545454546,666.9636363636364,1216,659,1233,676,22.367727199747844,7.659671340313985,0.7586206896551724,0.0,0.0,0.0,0.0,0.0,0.0,1.0,0.0,0.0,0.0,0.0,0.0,0.0,0.0,0.0,0.0,0.0
4046,Quartz,1.0,109,11.780624362746345,1231.7064220183486,1656.788990825688,1226,1647,1238,1668,19.502187236384085,9.810819824679164,0.6687116564417178,0.0,0.0,0.0,0.0,0.0,0.0,1.0,0.0,0.0,0.0,0.0,0.0,0.0,0.0,0.0,0.0,0.0
4047,Quartz,1.0,133,13.013103375051497,1245.4285714285713,3309.624060150376,1237,3305,1256,3316,20.523712115114567,9.283247111680707,0.7687861271676301,0.0,0.0,0.0,0.0,0.0,0.0,1.0,0.0,0.0,0.0,0.0,0.0,0.0,0.0,0.0,0.0,0.0
4049,Quartz,1.0,120,12.360774464742066,1261.2333333333333,2629.1,1257,2620,1268,2642,20.20968212547336,9.764099409377781,0.7792207792207793,0.0,0.0,0.0,0.0,0.0,0.0,1.0,0.0,0.0,0.0,0.0,0.0,0.0,0.0,0.0,0.0,0.0
4050,Quartz,1.0,165,14.494292838262302,1360.8363636363636,294.24848484848485,1350,288,1375,302,28.509537105569418,9.765536663749073,0.6932773109243697,0.0,0.0,0.0,0.0,0.0,0.0,1.0,0.0,0.0,0.0,0.0,0.0,0.0,0.0,0.0,0.0,0.0
4051,Quartz,1.0,101,11.340070282773887,1356.4950495049504,1692.09900990099,1352,1685,1364,1702,19.860211702088723,7.944666258498404,0.7266187050359713,0.0,0.0,0.0,0.0,0.0,0.0,1.0,0.0,0.0,0.0,0.0,0.0,0.0,0.0,0.0,0.0,0.0
4053,Quartz,1.0,102,11.396070970426017,1376.6274509803923,2723.2843137254904,1371,2715,1382,2732,18.054547479808576,8.518127606546305,0.7183098591549296,0.0,0.0,0.0,0.0,0.0,0.0,1.0,0.0,0.0,0.0,0.0,0.0,0.0,0.0,0.0,0.0,0.0
4058,Quartz,1.0,109,11.780624362746345,1492.880733944954,2303.3394495412845,1487,2297,1500,2312,18.081057968524625,8.061376308520064,0.8790322580645161,0.0,0.0,0.0,0.0,0.0,0.0,1.0,0.0,0.0,0.0,0.0,0.0,0.0,0.0,0.0,0.0,0.0
4061,Quartz,1.0,126,12.666024736934256,1512.563492063492,3593.6111111111113,1506,3582,1520,3606,24.663815085865895,7.630717231403827,0.7636363636363637,0.0,0.0,0.0,0.0,0.0,0.0,1.0,0.0,0.0,0.0,0.0,0.0,0.0,0.0,0.0,0.0,0.0
4063,Quartz,1.0,114,12.047792665040703,1536.877192982456,4125.815789473684,1531,4115,1544,4136,21.58915154756696,8.414778944065379,0.6867469879518072,0.0,0.0,0.0,0.0,0.0,0.0,1.0,0.0,0.0,0.0,0.0,0.0,0.0,0.0,0.0,0.0,0.0
4064,Quartz,1.0,721,30.29860907292697,1541.4785020804438,1770.9389736477115,1527,1749,1558,1789,43.15031866474886,25.008452255989603,0.7786177105831533,0.0,0.0,0.0,0.0,0.0,0.0,1.0,0.0,0.0,0.0,0.0,0.0,0.0,0.0,0.0,0.0,0.0
4065,Quartz,1.0,455,24.069150231250354,1569.3714285714286,2896.4791208791207,1554,2882,1582,2910,30.38677039679407,22.410240380231006,0.7913043478260869,0.0,0.0,0.0,0.0,0.0,0.0,1.0,0.0,0.0,0.0,0.0,0.0,0.0,0.0,0.0,0.0,0.0
4066,Quartz,1.0,104,11.507254783503184,1579.5288461538462,2784.576923076923,1572,2779,1589,2790,17.863639348514727,7.874844143936127,0.8524590163934426,0.0,0.0,0.0,0.0,0.0,0.0,1.0,0.0,0.0,0.0,0.0,0.0,0.0,0.0,0.0,0.0,0.0
4067,Chromite,1.0,104,11.507254783503184,1623.0192307692307,485.84615384615387,1616,479,1629,498,21.729108399089156,9.691376128164475,0.6459627329192547,0.0,0.0,0.0,0.0,0.0,0.0,0.0,1.0,0.0,0.0,0.0,0.0,0.0,0.0,0.0,0.0,0.0
4068,Quartz,1.0,113,11.994835078277376,1640.353982300885,3740.902654867257,1638,3727,1644,3755,27.621056295100683,5.77609334339804,0.795774647887324,0.0,0.0,0.0,0.0,0.0,0.0,1.0,0.0,0.0,0.0,0.0,0.0,0.0,0.0,0.0,0.0,0.0
4070,Quartz,1.0,111,11.888212206450685,1675.3873873873874,4184.063063063063,1669,4176,1682,4193,17.868890195894032,11.184134969171886,0.7070063694267515,0.0,0.0,0.0,0.0,0.0,0.0,1.0,0.0,0.0,0.0,0.0,0.0,0.0,0.0,0.0,0.0,0.0
4071,Quartz,1.0,185,15.347615963921077,1680.4594594594594,3913.654054054054,1671,3904,1689,3926,24.075513038544642,13.584823764874013,0.6583629893238434,0.0,0.0,0.0,0.0,0.0,0.0,1.0,0.0,0.0,0.0,0.0,0.0,0.0,0.0,0.0,0.0,0.0
4073,Rutile,1.0,110,11.834540545406394,1718.4545454545455,1825.6090909090908,1709,1818,1725,1834,16.974859260477988,11.393528873637118,0.7189542483660131,0.0,0.0,1.0,0.0,0.0,0.0,0.0,0.0,0.0,0.0,0.0,0.0,0.0,0.0,0.0,0.0,0.0
4074,Quartz,1.0,136,13.159049284959082,1709.4264705882354,1289.3529411764705,1705,1278,1715,1300,23.19607464425222,7.947116078820767,0.8395061728395061,0.0,0.0,0.0,0.0,0.0,0.0,1.0,0.0,0.0,0.0,0.0,0.0,0.0,0.0,0.0,0.0,0.0
4075,Quartz,1.0,135,13.110581167104948,1748.437037037037,466.5777777777778,1741,460,1758,478,18.144824320414084,12.240700982059856,0.6994818652849741,0.0,0.0,0.0,0.0,0.0,0.0,1.0,0.0,0.0,0.0,0.0,0.0,0.0,0.0,0.0,0.0,0.0
4077,Quartz,1.0,117,12.205286835384658,1763.3418803418804,2091.076923076923,1758,2084,1771,2101,18.452790833193237,9.227873690266396,0.8297872340425532,0.0,0.0,0.0,0.0,0.0,0.0,1.0,0.0,0.0,0.0,0.0,0.0,0.0,0.0,0.0,0.0,0.0
4078,Quartz,1.0,131,12.914889870235298,1774.0610687022902,1308.5419847328244,1768,1300,1782,1319,19.53241076973104,11.42316326193819,0.7005347593582888,0.0,0.0,0.0,0.0,0.0,0.0,1.0,0.0,0.0,0.0,0.0,0.0,0.0,0.0,0.0,0.0,0.0
4079,Quartz,1.0,2392,55.18685523751566,1793.1266722408027,1385.7508361204013,1757,1346,1822,1433,101.85293973132659,40.71007924283978,0.6690909090909091,0.0,0.0,0.0,0.0,0.0,0.0,1.0,0.0,0.0,0.0,0.0,0.0,0.0,0.0,0.0,0.0,0.0
4080,Quartz,1.0,103,11.451797811161432,1789.3592233009708,1404.2233009708739,1784,1398,1795,1412,14.368826761374693,11.520963270140633,0.7862595419847328,0.0,0.0,0.0,0.0,0.0,0.0,1.0,0.0,0.0,0.0,0.0,0.0,0.0,0.0,0.0,0.0,0.0
4082,Quartz,1.0,128,12.766152972845846,1812.84375,2658.296875,1809,2645,1818,2670,24.957396307959137,7.58798973888788,0.7757575757575758,0.0,0.0,0.0,0.0,0.0,0.0,1.0,0.0,0.0,0.0,0.0,0.0,0.0,0.0,0.0,0.0,0.0
4083,Quartz,1.0,100,11.283791670955125,1815.21,440.76,1810,432,1822,449,19.804961445658428,7.51906258359267,0.7407407407407407,0.0,0.0,0.0,0.0,0.0,0.0,1.0,0.0,0.0,0.0,0.0,0.0,0.0,0.0,0.0,0.0,0.0
4084,Quartz,1.0,108,11.726460285670077,1828.0,439.1296296296296,1824,427,1834,449,21.83180765699365,7.271938582782759,0.7659574468085106,0.0,0.0,0.0,0.0,0.0,0.0,1.0,0.0,0.0,0.0,0.0,0.0,0.0,0.0,0.0,0.0,0.0
4085,Quartz,1.0,118,12.257335203001883,1833.8728813559321,402.97457627118644,1830,394,1838,413,18.89899532611907,8.166681127187818,0.9291338582677166,0.0,0.0,0.0,0.0,0.0,0.0,1.0,0.0,0.0,0.0,0.0,0.0,0.0,0.0,0.0,0.0,0.0
4086,Quartz,1.0,151,13.86575534383214,1855.3774834437086,1813.2516556291391,1845,1808,1870,1820,28.693643648401167,7.632548556594573,0.825136612021858,0.0,0.0,0.0,0.0,0.0,0.0,1.0,0.0,0.0,0.0,0.0,0.0,0.0,0.0,0.0,0.0,0.0
4088,Quartz,1.0,156,14.093451279891855,1927.4102564102564,3685.7884615384614,1917,3676,1935,3696,17.58272092018262,16.509608980388148,0.6638297872340425,0.0,0.0,0.0,0.0,0.0,0.0,1.0,0.0,0.0,0.0,0.0,0.0,0.0,0.0,0.0,0.0,0.0
4091,Quartz,1.0,113,11.994835078277376,2000.7610619469026,4592.327433628318,1993,4587,2011,4598,17.4810315787342,8.721688712471707,0.8188405797101449,0.0,0.0,0.0,0.0,0.0,0.0,1.0,0.0,0.0,0.0,0.0,0.0,0.0,0.0,0.0,0.0,0.0
4092,Orthoclase,1.0,145,13.58748446131949,2008.806896551724,508.8758620689655,2003,501,2016,520,20.413316408352163,11.294103541487546,0.7837837837837838,0.0,0.0,0.0,0.0,0.0,0.0,0.0,0.0,1.0,0.0,0.0,0.0,0.0,0.0,0.0,0.0,0.0
4095,Quartz,1.0,108,11.726460285670077,2050.4074074074074,2279.6481481481483,2040,2276,2064,2284,24.74653304278013,6.982148079221537,0.6625766871165644,0.0,0.0,0.0,0.0,0.0,0.0,1.0,0.0,0.0,0.0,0.0,0.0,0.0,0.0,0.0,0.0,0.0
4096,Quartz,1.0,101,11.340070282773887,2055.237623762376,3396.2574257425745,2049,3388,2062,3405,19.225677887517417,9.113893024706103,0.6644736842105263,0.0,0.0,0.0,0.0,0.0,0.0,1.0,0.0,0.0,0.0,0.0,0.0,0.0,0.0,0.0,0.0,0.0
4097,Quartz,1.0,131,12.914889870235298,2078.7557251908397,454.60305343511453,2074,443,2084,466,24.802121335946993,7.3227907195199915,0.81875,0.0,0.0,0.0,0.0,0.0,0.0,1.0,0.0,0.0,0.0,0.0,0.0,0.0,0.0,0.0,0.0,0.0
4098,Quartz,1.0,152,13.911592676604096,2126.9144736842104,2099.065789473684,2114,2093,2138,2107,28.61733263767159,10.006255169190448,0.6785714285714286,0.0,0.0,0.0,0.0,0.0,0.0,1.0,0.0,0.0,0.0,0.0,0.0,0.0,0.0,0.0,0.0,0.0
4099,Quartz,1.0,128,12.766152972845846,2171.4921875,1753.234375,2158,1748,2182,1758,24.930291639842952,7.9278418210681085,0.7710843373493976,0.0,0.0,0.0,0.0,0.0,0.0,1.0,0.0,0.0,0.0,0.0,0.0,0.0,0.0,0.0,0.0,0.0
4101,Quartz,1.0,117,12.205286835384658,2189.136752136752,3009.811965811966,2183,2999,2194,3020,23.010177966014,7.339748642363498,0.8125,0.0,0.0,0.0,0.0,0.0,0.0,1.0,0.0,0.0,0.0,0.0,0.0,0.0,0.0,0.0,0.0,0.0
4102,Quartz,1.0,107,11.67204486311899,2210.1028037383176,3307.9065420560746,2204,3296,2218,3319,23.386790875738587,8.067565506290226,0.6993464052287581,0.0,0.0,0.0,0.0,0.0,0.0,1.0,0.0,0.0,0.0,0.0,0.0,0.0,0.0,0.0,0.0,0.0
4104,Quartz,1.0,102,11.396070970426017,2261.049019607843,3297.5686274509803,2254,3294,2270,3303,17.079283838077174,7.922909597415265,0.8869565217391304,0.0,0.0,0.0,0.0,0.0,0.0,1.0,0.0,0.0,0.0,0.0,0.0,0.0,0.0,0.0,0.0,0.0
4105,Quartz,1.0,123,12.514330345744634,2274.1544715447153,1876.2926829268292,2263,1872,2283,1883,20.972026174027565,8.968722442910051,0.76875,0.0,0.0,0.0,0.0,0.0,0.0,1.0,0.0,0.0,0.0,0.0,0.0,0.0,0.0,0.0,0.0,0.0
4106,Quartz,1.0,165,14.494292838262302,2329.4424242424243,768.0727272727273,2318,762,2343,774,26.06673204053547,10.312683913783928,0.7399103139013453,0.0,0.0,0.0,0.0,0.0,0.0,1.0,0.0,0.0,0.0,0.0,0.0,0.0,0.0,0.0,0.0,0.0
4107,Quartz,1.0,160,14.27299292922217,2336.875,1068.2625,2329,1060,2345,1078,16.665226258640747,14.433216334147806,0.7960199004975125,0.0,0.0,0.0,0.0,0.0,0.0,1.0,0.0,0.0,0.0,0.0,0.0,0.0,0.0,0.0,0.0,0.0
4108,Quartz,1.0,118,12.257335203001883,2365.9322033898306,4421.822033898305,2355,4416,2377,4429,22.476658853726832,9.776269531745003,0.6145833333333334,0.0,0.0,0.0,0.0,0.0,0.0,1.0,0.0,0.0,0.0,0.0,0.0,0.0,0.0,0.0,0.0,0.0
4109,Quartz,1.0,102,11.396070970426017,2398.8333333333335,3074.6666666666665,2393,3069,2406,3082,14.656614014318725,9.51678971871863,0.8571428571428571,0.0,0.0,0.0,0.0,0.0,0.0,1.0,0.0,0.0,0.0,0.0,0.0,0.0,0.0,0.0,0.0,0.0
4110,Quartz,1.0,150,13.81976597885342,2414.826666666667,1656.4866666666667,2407,1647,2422,1666,18.977064954147586,12.559224372435365,0.7352941176470589,0.0,0.0,0.0,0.0,0.0,0.0,1.0,0.0,0.0,0.0,0.0,0.0,0.0,0.0,0.0,0.0,0.0
4112,Quartz,1.0,134,13.061933202803933,2471.3432835820895,2286.402985074627,2460,2280,2483,2293,26.718000545865248,9.450205736715589,0.6633663366336634,0.0,0.0,0.0,0.0,0.0,0.0,1.0,0.0,0.0,0.0,0.0,0.0,0.0,0.0,0.0,0.0,0.0
4113,Orthoclase,1.0,108,11.726460285670077,2503.712962962963,4609.935185185185,2497,4604,2511,4618,14.506545225351877,11.751621676055565,0.7769784172661871,0.0,0.0,0.0,0.0,0.0,0.0,0.0,0.0,1.0,0.0,0.0,0.0,0.0,0.0,0.0,0.0,0.0
4115,Quartz,1.0,107,11.67204486311899,2561.345794392523,4483.598130841122,2555,4478,2568,4490,12.836159996934489,11.274292305269839,0.8492063492063492,0.0,0.0,0.0,0.0,0.0,0.0,1.0,0.0,0.0,0.0,0.0,0.0,0.0,0.0,0.0,0.0,0.0
4116,Quartz,1.0,146,13.63425735166143,2542.1369863013697,4485.465753424657,2527,4481,2556,4490,31.58396414716155,6.743638877436109,0.7263681592039801,0.0,0.0,0.0,0.0,0.0,0.0,1.0,0.0,0.0,0.0,0.0,0.0,0.0,0.0,0.0,0.0,0.0
4117,Quartz,1.0,108,11.726460285670077,2581.314814814815,3881.3981481481483,2576,3876,2589,3889,13.569004390555394,11.051262605306592,0.8503937007874016,0.0,0.0,0.0,0.0,0.0,0.0,1.0,0.0,0.0,0.0,0.0,0.0,0.0,0.0,0.0,0.0,0.0
4118,Quartz,1.0,134,13.061933202803933,2582.3358208955224,2326.194029850746,2573,2319,2595,2333,24.448019713411025,8.286355012069523,0.7204301075268817,0.0,0.0,0.0,0.0,0.0,0.0,1.0,0.0,0.0,0.0,0.0,0.0,0.0,0.0,0.0,0.0,0.0
4119,Quartz,1.0,138,13.255453865237978,2580.1014492753625,2541.913043478261,2574,2532,2586,2555,24.88756727394417,9.370250892060255,0.7076923076923077,0.0,0.0,0.0,0.0,0.0,0.0,1.0,0.0,0.0,0.0,0.0,0.0,0.0,0.0,0.0,0.0,0.0
4121,Quartz,1.0,123,12.514330345744634,2638.048780487805,2478.211382113821,2634,2469,2643,2488,19.33649302844785,8.90678315968467,0.8541666666666666,0.0,0.0,0.0,0.0,0.0,0.0,1.0,0.0,0.0,0.0,0.0,0.0,0.0,0.0,0.0,0.0,0.0
4122,Quartz,1.0,122,12.463355264843006,2652.0245901639346,4413.352459016393,2648,4403,2656,4425,21.697989454867326,8.217530646035675,0.8776978417266187,0.0,0.0,0.0,0.0,0.0,0.0,1.0,0.0,0.0,0.0,0.0,0.0,0.0,0.0,0.0,0.0,0.0
4124,Quartz,1.0,117,12.205286835384658,2679.4957264957266,4268.08547008547,2672,4257,2687,4279,26.129376372198863,6.613380877031197,0.7134146341463414,0.0,0.0,0.0,0.0,0.0,0.0,1.0,0.0,0.0,0.0,0.0,0.0,0.0,0.0,0.0,0.0,0.0
4125,Quartz,1.0,103,11.451797811161432,2710.5922330097087,2821.5825242718447,2704,2816,2718,2829,16.167144027802745,9.469918158130707,0.8046875,0.0,0.0,0.0,0.0,0.0,0.0,1.0,0.0,0.0,0.0,0.0,0.0,0.0,0.0,0.0,0.0,0.0
4126,Quartz,1.0,102,11.396070970426017,2729.9313725490197,1290.1078431372548,2725,1280,2737,1298,17.99860503264238,8.687637968990629,0.7846153846153846,0.0,0.0,0.0,0.0,0.0,0.0,1.0,0.0,0.0,0.0,0.0,0.0,0.0,0.0,0.0,0.0,0.0
4127,Quartz,1.0,108,11.726460285670077,2741.4814814814813,559.6574074074074,2734,552,2749,567,17.909376327300272,8.3289157545684,0.84375,0.0,0.0,0.0,0.0,0.0,0.0,1.0,0.0,0.0,0.0,0.0,0.0,0.0,0.0,0.0,0.0,0.0
4129,Quartz,1.0,114,12.047792665040703,2747.280701754386,3146.7982456140353,2742,3136,2752,3157,21.145177243891336,7.67458995458914,0.8636363636363636,0.0,0.0,0.0,0.0,0.0,0.0,1.0,0.0,0.0,0.0,0.0,0.0,0.0,0.0,0.0,0.0,0.0
4130,Quartz,1.0,112,11.941642642883693,2769.839285714286,1338.580357142857,2761,1331,2781,1347,21.66700989916677,10.015478754531427,0.6363636363636364,0.0,0.0,0.0,0.0,0.0,0.0,1.0,0.0,0.0,0.0,0.0,0.0,0.0,0.0,0.0,0.0,0.0
4131,Quartz,1.0,111,11.888212206450685,2772.2162162162163,708.4234234234234,2765,698,2780,718,23.647464847631614,6.880623436844515,0.7602739726027398,0.0,0.0,0.0,0.0,0.0,0.0,1.0,0.0,0.0,0.0,0.0,0.0,0.0,0.0,0.0,0.0,0.0
4132,Quartz,1.0,116,12.153015559492998,2768.2672413793102,1934.2327586206898,2765,1925,2773,1946,22.499886467030134,8.09559756496662,0.7891156462585034,0.0,0.0,0.0,0.0,0.0,0.0,1.0,0.0,0.0,0.0,0.0,0.0,0.0,0.0,0.0,0.0,0.0
4133,Quartz,1.0,122,12.463355264843006,2779.6393442622953,1456.9426229508197,2774,1447,2786,1470,22.46229499542973,8.550716182649447,0.6703296703296703,0.0,0.0,0.0,0.0,0.0,0.0,1.0,0.0,0.0,0.0,0.0,0.0,0.0,0.0,0.0,0.0,0.0
4135,Quartz,1.0,257,18.089294154193436,2812.9143968871595,4261.031128404669,2809,4237,2818,4286,51.8313186678366,7.410972355650682,0.7060439560439561,0.0,0.0,0.0,0.0,0.0,0.0,1.0,0.0,0.0,0.0,0.0,0.0,0.0,0.0,0.0,0.0,0.0
4136,Quartz,1.0,120,12.360774464742066,2825.491666666667,183.58333333333334,2817,177,2834,192,17.432712356146798,13.475470963406975,0.6451612903225806,0.0,0.0,0.0,0.0,0.0,0.0,1.0,0.0,0.0,0.0,0.0,0.0,0.0,0.0,0.0,0.0,0.0
4139,Quartz,1.0,110,11.834540545406394,2896.7545454545457,699.3636363636364,2890,693,2907,707,18.15302536090768,9.590089624532883,0.7236842105263158,0.0,0.0,0.0,0.0,0.0,0.0,1.0,0.0,0.0,0.0,0.0,0.0,0.0,0.0,0.0,0.0,0.0
4140,Quartz,1.0,101,11.340070282773887,2896.29702970297,369.13861386138615,2891,362,2905,376,15.047634771883345,10.035981653454742,0.7829457364341085,0.0,0.0,0.0,0.0,0.0,0.0,1.0,0.0,0.0,0.0,0.0,0.0,0.0,0.0,0.0,0.0,0.0
4142,Quartz,1.0,248,17.769732893161912,2935.657258064516,2712.189516129032,2924,2692,2946,2729,32.97463909347459,17.671544313502643,0.5523385300668151,0.0,0.0,0.0,0.0,0.0,0.0,1.0,0.0,0.0,0.0,0.0,0.0,0.0,0.0,0.0,0.0,0.0
4143,Quartz,1.0,129,12.815923738491737,3005.046511627907,742.0387596899225,2996,735,3016,749,21.65798550830643,10.22332745505134,0.7456647398843931,0.0,0.0,0.0,0.0,0.0,0.0,1.0,0.0,0.0,0.0,0.0,0.0,0.0,0.0,0.0,0.0,0.0
4144,Quartz,1.0,120,12.360774464742066,3014.866666666667,2466.075,3008,2456,3024,2480,29.435611356836365,5.7939916814612005,0.8,0.0,0.0,0.0,0.0,0.0,0.0,1.0,0.0,0.0,0.0,0.0,0.0,0.0,0.0,0.0,0.0,0.0
4145,Quartz,1.0,114,12.047792665040703,3048.0175438596493,1809.4736842105262,3040,1801,3056,1819,20.496582606092066,10.0322493176562,0.6440677966101694,0.0,0.0,0.0,0.0,0.0,0.0,1.0,0.0,0.0,0.0,0.0,0.0,0.0,0.0,0.0,0.0,0.0
4147,Quartz,1.0,193,15.67594437773643,3067.352331606218,487.1865284974093,3059,476,3074,498,25.233245570779985,12.520429557165466,0.7568627450980392,0.0,0.0,0.0,0.0,0.0,0.0,1.0,0.0,0.0,0.0,0.0,0.0,0.0,0.0,0.0,0.0,0.0
4149,Quartz,1.0,118,12.257335203001883,3113.822033898305,1267.084745762712,3103,1261,3125,1274,24.19223925147528,7.026246284120196,0.7468354430379747,0.0,0.0,0.0,0.0,0.0,0.0,1.0,0.0,0.0,0.0,0.0,0.0,0.0,0.0,0.0,0.0,0.0
4151,Quartz,1.0,100,11.283791670955125,3118.6,908.87,3114,902,3124,917,16.508192405195377,8.21761422269564,0.8620689655172413,0.0,0.0,0.0,0.0,0.0,0.0,1.0,0.0,0.0,0.0,0.0,0.0,0.0,0.0,0.0,0.0,0.0
4152,Quartz,1.0,178,15.054455784347004,3132.421348314607,1635.9325842696628,3123,1624,3143,1648,31.014748167372577,12.482040741437448,0.5760517799352751,0.0,0.0,0.0,0.0,0.0,0.0,1.0,0.0,0.0,0.0,0.0,0.0,0.0,0.0,0.0,0.0,0.0
4154,Quartz,1.0,101,11.340070282773887,3201.8811881188117,4528.633663366337,3197,4518,3206,4539,20.627874991496117,7.572674258878568,0.7214285714285714,0.0,0.0,0.0,0.0,0.0,0.0,1.0,0.0,0.0,0.0,0.0,0.0,0.0,0.0,0.0,0.0,0.0
4156,Orthoclase,1.0,126,12.666024736934256,3237.6825396825398,139.9047619047619,3228,133,3246,148,20.87070408820046,9.467851724639244,0.7455621301775148,0.0,0.0,0.0,0.0,0.0,0.0,0.0,0.0,1.0,0.0,0.0,0.0,0.0,0.0,0.0,0.0,0.0
4157,Quartz,1.0,104,11.507254783503184,3269.75,309.74038461538464,3260,304,3282,318,25.984471202435245,7.068212163886917,0.6624203821656051,0.0,0.0,0.0,0.0,0.0,0.0,1.0,0.0,0.0,0.0,0.0,0.0,0.0,0.0,0.0,0.0,0.0
4158,Quartz,1.0,170,14.712264360219255,3283.435294117647,1132.7411764705882,3269,1128,3296,1139,28.094920884353453,9.777892677249158,0.7456140350877193,0.0,0.0,0.0,0.0,0.0,0.0,1.0,0.0,0.0,0.0,0.0,0.0,0.0,0.0,0.0,0.0,0.0
4160,Quartz,1.0,105,11.562445770562215,3301.038095238095,2921.542857142857,3290,2917,3311,2929,23.770134436591153,6.828128532172706,0.7608695652173914,0.0,0.0,0.0,0.0,0.0,0.0,1.0,0.0,0.0,0.0,0.0,0.0,0.0,0.0,0.0,0.0,0.0
4161,Quartz,1.0,143,13.493452297211721,3309.181818181818,782.013986013986,3301,774,3318,794,22.864303670609477,9.525414444678091,0.7771739130434783,0.0,0.0,0.0,0.0,0.0,0.0,1.0,0.0,0.0,0.0,0.0,0.0,0.0,0.0,0.0,0.0,0.0
4162,Quartz,1.0,169,14.668929172241665,3310.4792899408285,3342.6568047337278,3303,3333,3319,3356,23.527147026496447,11.503112944179636,0.7544642857142857,0.0,0.0,0.0,0.0,0.0,0.0,1.0,0.0,0.0,0.0,0.0,0.0,0.0,0.0,0.0,0.0,0.0
4163,Quartz,1.0,118,12.257335203001883,3313.2966101694915,1040.5677966101696,3309,1031,3319,1051,20.977813105888526,8.234446303781521,0.7564102564102564,0.0,0.0,0.0,0.0,0.0,0.0,1.0,0.0,0.0,0.0,0.0,0.0,0.0,0.0,0.0,0.0,0.0
4164,Quartz,1.0,127,12.716187407449045,3323.6771653543306,1108.8425196850394,3317,1101,3333,1117,20.299586454910255,9.075592026903033,0.8141025641025641,0.0,0.0,0.0,0.0,0.0,0.0,1.0,0.0,0.0,0.0,0.0,0.0,0.0,0.0,0.0,0.0,0.0
4165,Quartz,1.0,464,24.306031118985995,3323.0452586206898,2017.0905172413793,3306,2007,3343,2028,36.07185685268933,17.49488693541058,0.8256227758007118,0.0,0.0,0.0,0.0,0.0,0.0,1.0,0.0,0.0,0.0,0.0,0.0,0.0,0.0,0.0,0.0,0.0
4166,Quartz,1.0,103,11.451797811161432,3346.1844660194174,2009.9320388349515,3339,2003,3353,2018,16.579721391254605,8.921955603369005,0.8046875,0.0,0.0,0.0,0.0,0.0,0.0,1.0,0.0,0.0,0.0,0.0,0.0,0.0,0.0,0.0,0.0,0.0
4168,Quartz,1.0,135,13.110581167104948,3361.2,2910.688888888889,3349,2903,3372,2918,27.025158075653884,7.448611859953539,0.7894736842105263,0.0,0.0,0.0,0.0,0.0,0.0,1.0,0.0,0.0,0.0,0.0,0.0,0.0,0.0,0.0,0.0,0.0
4169,Quartz,1.0,104,11.507254783503184,3363.9903846153848,2053.8076923076924,3357,2046,3371,2061,16.721619262504593,9.652920250275482,0.7647058823529411,0.0,0.0,0.0,0.0,0.0,0.0,1.0,0.0,0.0,0.0,0.0,0.0,0.0,0.0,0.0,0.0,0.0
4170,Quartz,1.0,100,11.283791670955125,3368.28,3713.77,3364,3706,3374,3722,14.200198503480772,9.908257286816001,0.8064516129032258,0.0,0.0,0.0,0.0,0.0,0.0,1.0,0.0,0.0,0.0,0.0,0.0,0.0,0.0,0.0,0.0,0.0
4171,Quartz,1.0,101,11.340070282773887,3407.3960396039606,4494.762376237623,3399,4488,3416,4501,15.7809208416345,10.815511140889646,0.7266187050359713,0.0,0.0,0.0,0.0,0.0,0.0,1.0,0.0,0.0,0.0,0.0,0.0,0.0,0.0,0.0,0.0,0.0
4172,Quartz,1.0,115,12.100518486599809,3428.730434782609,943.1913043478261,3423,937,3437,952,18.707598745769747,8.78730194333087,0.8646616541353384,0.0,0.0,0.0,0.0,0.0,0.0,1.0,0.0,0.0,0.0,0.0,0.0,0.0,0.0,0.0,0.0,0.0
4173,Quartz,1.0,140,13.351162356249091,3441.0142857142855,1504.0,3436,1493,3450,1514,20.749844449448656,12.303802142444406,0.6896551724137931,0.0,0.0,0.0,0.0,0.0,0.0,1.0,0.0,0.0,0.0,0.0,0.0,0.0,0.0,0.0,0.0,0.0
4175,Monazite & Xenotime,1.0,5431,83.15626234660063,3558.9786411342293,2353.290370097588,3558,0,3579,4701,5456.269859109037,12.161244243608435,0.055013624254211364,1.0,0.0,0.0,0.0,0.0,0.0,0.0,0.0,0.0,0.0,0.0,0.0,0.0,0.0,0.0,0.0,0.0
4221,Quartz,1.0,215,16.545286401814263,257.7860465116279,426.2651162790698,251,419,269,436,18.497991394823416,15.888122193962333,0.9071729957805907,0.0,0.0,0.0,0.0,0.0,0.0,1.0,0.0,0.0,0.0,0.0,0.0,0.0,0.0,0.0,0.0,0.0
4222,Quartz,1.0,167,14.581872443920643,1346.622754491018,2852.5269461077846,1337,2845,1356,2860,18.102260982221328,12.251177876050237,0.8882978723404256,0.0,0.0,0.0,0.0,0.0,0.0,1.0,0.0,0.0,0.0,0.0,0.0,0.0,0.0,0.0,0.0,0.0
