grain_id,class,class_frac,area_px,equiv_diam_px,centroid_row,centroid_col,bbox_r0,bbox_c0,bbox_r1,bbox_c1,major_px,minor_px,solidity,frac_Monazite & Xenotime,frac_Zircon,frac_Rutile,frac_Ilmenite,frac_Iron Oxides,frac_Biotite,frac_Quartz,frac_Chromite,frac_Orthoclase,frac_Carpholite,frac_Garnet-Spessartine,frac_Pseudobrookite,frac_Illite,frac_Calderite,frac_Topaz,frac_Tourmaline,frac_Unknown
1,Quartz,1.0,226,16.96325844612841,5.783185840707965,199.72566371681415,0,188,16,210,20.25877962718051,15.719242162106312,0.9262295081967213,0.0,0.0,0.0,0.0,0.0,0.0,1.0,0.0,0.0,0.0,0.0,0.0,0.0,0.0,0.0,0.0,0.0
2,Quartz,1.0,932,34.44792091974742,11.265021459227468,237.30150214592274,0,212,28,263,47.10098624566297,26.903108093657618,0.8842504743833017,0.0,0.0,0.0,0.0,0.0,0.0,1.0,0.0,0.0,0.0,0.0,0.0,0.0,0.0,0.0,0.0,0.0
3,Zircon,1.0,690,29.640095915284455,7.939130434782609,301.19710144927535,0,280,19,323,46.16809763915576,19.818300266464437,0.965034965034965,0.0,1.0,0.0,0.0,0.0,0.0,0.0,0.0,0.0,0.0,0.0,0.0,0.0,0.0,0.0,0.0,0.0
4,Zircon,1.0,1427,42.62526047236635,15.203924316748424,382.0364400840925,0,352,36,408,53.76743364858077,35.45445496457577,0.9375821287779238,0.0,1.0,0.0,0.0,0.0,0.0,0.0,0.0,0.0,0.0,0.0,0.0,0.0,0.0,0.0,0.0,0.0
5,Zircon,1.0,158,14.183506197980657,3.9240506329113924,430.5759493670886,0,422,11,442,20.107633314392526,10.626204318069654,0.9404761904761905,0.0,1.0,0.0,0.0,0.0,0.0,0.0,0.0,0.0,0.0,0.0,0.0,0.0,0.0,0.0,0.0,0.0
6,Zircon,1.0,857,33.032806266468405,9.386231038506418,487.6977829638273,0,463,23,510,48.24520879910379,23.899360794656282,0.924487594390507,0.0,1.0,0.0,0.0,0.0,0.0,0.0,0.0,0.0,0.0,0.0,0.0,0.0,0.0,0.0,0.0,0.0
8,Zircon,1.0,448,23.883285285767386,9.924107142857142,111.73214285714286,0,100,19,129,30.483942243039788,19.722807876341943,0.986784140969163,0.0,1.0,0.0,0.0,0.0,0.0,0.0,0.0,0.0,0.0,0.0,0.0,0.0,0.0,0.0,0.0,0.0
9,Zircon,1.0,442,23.722813466638858,27.070135746606336,111.32126696832579,19,100,42,130,32.85378998736914,19.297684889723254,0.8875502008032129,0.0,1.0,0.0,0.0,0.0,0.0,0.0,0.0,0.0,0.0,0.0,0.0,0.0,0.0,0.0,0.0,0.0
10,Zircon,1.0,1143,38.14856222234714,28.403324584426947,613.5879265091863,6,590,52,641,60.24144112134772,24.897497616826538,0.9262560777957861,0.0,1.0,0.0,0.0,0.0,0.0,0.0,0.0,0.0,0.0,0.0,0.0,0.0,0.0,0.0,0.0,0.0
11,Zircon,1.0,281,18.91508160359296,20.90035587188612,986.7544483985765,14,973,31,999,27.527806568153398,13.688456923913577,0.9243421052631579,0.0,1.0,0.0,0.0,0.0,0.0,0.0,0.0,0.0,0.0,0.0,0.0,0.0,0.0,0.0,0.0,0.0
12,Zircon,1.0,555,26.582850624566497,20.403603603603603,1019.3351351351351,14,998,30,1046,48.78228476621901,15.189395727863833,0.9296482412060302,0.0,1.0,0.0,0.0,0.0,0.0,0.0,0.0,0.0,0.0,0.0,0.0,0.0,0.0,0.0,0.0,0.0
13,Zircon,1.0,712,30.10891156869401,21.450842696629213,818.6530898876405,14,793,35,846,48.83582187625196,21.481046791489558,0.9343832020997376,0.0,1.0,0.0,0.0,0.0,0.0,0.0,0.0,0.0,0.0,0.0,0.0,0.0,0.0,0.0,0.0,0.0
14,Zircon,1.0,206,16.195287778099022,34.68446601941748,413.8932038834951,24,407,47,420,21.746482316945617,12.854468611397934,0.9279279279279279,0.0,1.0,0.0,0.0,0.0,0.0,0.0,0.0,0.0,0.0,0.0,0.0,0.0,0.0,0.0,0.0,0.0
15,Zircon,1.0,273,18.643883600599406,37.205128205128204,426.54578754578756,27,419,48,439,21.12283602794639,17.81852870579466,0.9285714285714286,0.0,1.0,0.0,0.0,0.0,0.0,0.0,0.0,0.0,0.0,0.0,0.0,0.0,0.0,0.0,0.0,0.0
16,Zircon,1.0,4813,78.28219420027992,37.7895283606898,553.315811344276,0,509,80,597,98.44691789808869,64.50498060256434,0.9089707271010388,0.0,1.0,0.0,0.0,0.0,0.0,0.0,0.0,0.0,0.0,0.0,0.0,0.0,0.0,0.0,0.0,0.0
17,Zircon,1.0,1631,45.57031596843553,40.61066830165542,465.0085836909871,17,438,65,489,48.33616412670415,43.68084826280738,0.9611078373600471,0.0,1.0,0.0,0.0,0.0,0.0,0.0,0.0,0.0,0.0,0.0,0.0,0.0,0.0,0.0,0.0,0.0
19,Zircon,1.0,3399,65.78556994170391,42.23977640482495,166.16946160635482,9,132,81,210,72.6289384713728,63.476606640427754,0.9127282491944146,0.0,1.0,0.0,0.0,0.0,0.0,0.0,0.0,0.0,0.0,0.0,0.0,0.0,0.0,0.0,0.0,0.0
21,Zircon,1.0,2929,61.068147397225765,46.245476271765106,1257.1809491293957,28,1215,77,1305,88.9017111940152,44.94375812676913,0.8990178023327194,0.0,1.0,0.0,0.0,0.0,0.0,0.0,0.0,0.0,0.0,0.0,0.0,0.0,0.0,0.0,0.0,0.0
22,Zircon,1.0,3089,62.713929502837864,48.05924247329233,715.3217869860796,14,680,81,748,66.41961862609804,61.89030038622889,0.8902017291066282,0.0,1.0,0.0,0.0,0.0,0.0,0.0,0.0,0.0,0.0,0.0,0.0,0.0,0.0,0.0,0.0,0.0
23,Zircon,1.0,5542,84.00174734445868,59.348430169613856,1336.7536990256226,28,1282,107,1421,139.44663636100742,54.844260038500344,0.9272210138865652,0.0,1.0,0.0,0.0,0.0,0.0,0.0,0.0,0.0,0.0,0.0,0.0,0.0,0.0,0.0,0.0,0.0
24,Zircon,1.0,6025,87.58577656805559,66.04199170124481,884.1017427385892,17,840,117,926,100.88519314009187,77.58319255941308,0.9242215063660071,0.0,1.0,0.0,0.0,0.0,0.0,0.0,0.0,0.0,0.0,0.0,0.0,0.0,0.0,0.0,0.0,0.0
25,Zircon,1.0,309,19.83509564693766,68.62135922330097,103.957928802589,50,100,92,112,38.05577093740162,11.793222211512356,0.8982558139534884,0.0,1.0,0.0,0.0,0.0,0.0,0.0,0.0,0.0,0.0,0.0,0.0,0.0,0.0,0.0,0.0,0.0
26,Zircon,0.9917641959254443,4614,76.64676939968207,63.07672301690507,265.8084091894235,23,223,108,312,98.0986811274669,62.47948768536729,0.8938395970554048,0.0,0.9917641959254443,0.0082358040745557,0.0,0.0,0.0,0.0,0.0,0.0,0.0,0.0,0.0,0.0,0.0,0.0,0.0,0.0
27,Zircon,1.0,3569,67.41062182742269,64.76520033622863,1514.6138974502662,28,1480,113,1551,86.59317378371489,58.00595336119796,0.8862676930717656,0.0,1.0,0.0,0.0,0.0,0.0,0.0,0.0,0.0,0.0,0.0,0.0,0.0,0.0,0.0,0.0,0.0
28,Zircon,1.0,2789,59.59081380772014,69.09250627465042,323.4908569379706,30,293,109,357,85.74036438607433,42.80280597736387,0.8939102564102565,0.0,1.0,0.0,0.0,0.0,0.0,0.0,0.0,0.0,0.0,0.0,0.0,0.0,0.0,0.0,0.0,0.0
29,Zircon,1.0,1740,47.068426868115985,75.21264367816092,2420.1632183908046,56,2389,100,2453,64.1160238043497,37.02505551388096,0.8262108262108262,0.0,1.0,0.0,0.0,0.0,0.0,0.0,0.0,0.0,0.0,0.0,0.0,0.0,0.0,0.0,0.0,0.0
30,Zircon,1.0,121,12.412170838050638,71.28099173553719,1382.7768595041323,63,1377,83,1390,22.517393493739554,7.601516606872984,0.8120805369127517,0.0,1.0,0.0,0.0,0.0,0.0,0.0,0.0,0.0,0.0,0.0,0.0,0.0,0.0,0.0,0.0,0.0
31,Zircon,0.9488676161568994,4283,73.84636057451107,74.3983189353257,1648.4345085220639,42,1595,114,1703,105.97217087768092,52.91305600249382,0.9181136120042872,0.0,0.9488676161568994,0.0,0.0,0.0,0.0,0.0,0.0,0.0,0.0,0.0,0.0,0.0,0.0,0.0,0.0,0.05113238384310063
32,Zircon,1.0,2806,59.77215206537963,71.6824661439772,2334.091589451176,56,2289,92,2384,101.1959889273847,36.432295766309004,0.9242424242424242,0.0,1.0,0.0,0.0,0.0,0.0,0.0,0.0,0.0,0.0,0.0,0.0,0.0,0.0,0.0,0.0,0.0
33,Zircon,1.0,152,13.911592676604096,72.42105263157895,2843.7697368421054,69,2833,78,2855,21.408051766792504,9.40380078132346,0.9440993788819876,0.0,1.0,0.0,0.0,0.0,0.0,0.0,0.0,0.0,0.0,0.0,0.0,0.0,0.0,0.0,0.0,0.0
34,Zircon,0.9645390070921985,7191,95.68628724216734,87.37741621471284,792.9930468641357,25,755,161,839,127.35799363080122,76.39376848264003,0.8964098728496634,0.0,0.9645390070921985,0.005423445974134335,0.0,0.0,0.0,0.0,0.0,0.0,0.0,0.0,0.0,0.0,0.0,0.0,0.0,0.030037546933667083
35,Zircon,1.0,310,19.867165345562018,77.93225806451613,2598.2967741935486,69,2590,91,2610,21.6121660938861,18.86110632707331,0.9597523219814241,0.0,1.0,0.0,0.0,0.0,0.0,0.0,0.0,0.0,0.0,0.0,0.0,0.0,0.0,0.0,0.0,0.0
36,Zircon,1.0,14615,136.41259452962694,79.6014368799179,1122.9698255217243,23,1042,140,1205,167.8856527341323,113.58435616009162,0.9320196416044895,0.0,1.0,0.0,0.0,0.0,0.0,0.0,0.0,0.0,0.0,0.0,0.0,0.0,0.0,0.0,0.0,0.0
37,Rutile,1.0,117,12.205286835384658,49.69230769230769,1060.3931623931624,42,1055,59,1067,16.911410066146797,10.150952222452165,0.823943661971831,0.0,0.0,1.0,0.0,0.0,0.0,0.0,0.0,0.0,0.0,0.0,0.0,0.0,0.0,0.0,0.0,0.0
38,Quartz,0.9002557544757033,782,31.554291688816235,77.42455242966751,2640.1048593350383,69,2614,91,2666,50.92643204952556,21.150086118142564,0.8708240534521158,0.0,0.0,0.0,0.0,0.0,0.0,0.9002557544757033,0.0,0.09974424552429667,0.0,0.0,0.0,0.0,0.0,0.0,0.0,0.0
39,Zircon,1.0,3193,63.76091174331947,80.51268399624178,1451.8362041966802,49,1412,115,1494,83.92205009185552,51.034975503381226,0.8871908863573215,0.0,1.0,0.0,0.0,0.0,0.0,0.0,0.0,0.0,0.0,0.0,0.0,0.0,0.0,0.0,0.0,0.0
40,Zircon,1.0,173,14.841510746523857,85.88439306358381,3060.1791907514453,83,3047,91,3074,27.99673293664983,8.149533349814861,0.9558011049723757,0.0,1.0,0.0,0.0,0.0,0.0,0.0,0.0,0.0,0.0,0.0,0.0,0.0,0.0,0.0,0.0,0.0
41,Orthoclase,1.0,1420,42.52058505622813,88.44154929577465,478.55915492957746,63,455,116,499,46.73833116746654,41.187489560881424,0.9061901723037652,0.0,0.0,0.0,0.0,0.0,0.0,0.0,0.0,1.0,0.0,0.0,0.0,0.0,0.0,0.0,0.0,0.0
42,Zircon,1.0,3703,68.66444519658124,89.80232244126384,1743.564407237375,46,1715,141,1777,90.64237455072025,54.376446289492776,0.9127434064579739,0.0,1.0,0.0,0.0,0.0,0.0,0.0,0.0,0.0,0.0,0.0,0.0,0.0,0.0,0.0,0.0,0.0
43,Zircon,1.0,3596,67.66512693306387,87.63264738598443,373.70022246941045,49,334,124,416,74.61600043281682,64.47136836011732,0.9041991450842344,0.0,1.0,0.0,0.0,0.0,0.0,0.0,0.0,0.0,0.0,0.0,0.0,0.0,0.0,0.0,0.0,0.0
44,Zircon,1.0,526,25.879026267050612,91.36692015209125,1837.0950570342206,79,1822,104,1852,29.781121454026238,23.295159843462944,0.8870151770657673,0.0,1.0,0.0,0.0,0.0,0.0,0.0,0.0,0.0,0.0,0.0,0.0,0.0,0.0,0.0,0.0,0.0
45,Zircon,1.0,5075,80.38464212479242,96.11054187192119,2236.729458128079,56,2196,144,2276,97.08145987127038,67.64377648030272,0.9510869565217391,0.0,1.0,0.0,0.0,0.0,0.0,0.0,0.0,0.0,0.0,0.0,0.0,0.0,0.0,0.0,0.0,0.0
46,Rutile,1.0,5696,85.16086217747849,95.54231039325843,2749.5303721910113,69,2694,133,2809,115.43337895478574,65.44331574658453,0.9581160639192599,0.0,0.0,1.0,0.0,0.0,0.0,0.0,0.0,0.0,0.0,0.0,0.0,0.0,0.0,0.0,0.0,0.0
47,Zircon,0.9899120234604105,8525,104.18429401242426,108.04129032258065,2146.0647507331378,56,2090,170,2199,130.59974483757506,85.11049692262627,0.9394974652854309,0.0,0.9899120234604105,0.0,0.0,0.0,0.0,0.0,0.0,0.0,0.0,0.0,0.0,0.0,0.0,0.0,0.0,0.010087976539589443
48,Zircon,1.0,231,17.14987856615383,98.74891774891775,3734.878787878788,96,3714,104,3754,39.03347379033086,8.242615231459892,0.9058823529411765,0.0,1.0,0.0,0.0,0.0,0.0,0.0,0.0,0.0,0.0,0.0,0.0,0.0,0.0,0.0,0.0,0.0
49,Rutile,1.0,476,24.61832697999475,100.8844537815126,602.2836134453781,88,588,113,616,31.32695167286374,19.866245672833077,0.9136276391554703,0.0,0.0,1.0,0.0,0.0,0.0,0.0,0.0,0.0,0.0,0.0,0.0,0.0,0.0,0.0,0.0,0.0
50,Zircon,1.0,357,21.320096563347295,101.0812324929972,3435.1036414565824,96,3416,111,3454,35.1984852002762,14.40527279750404,0.9015151515151515,0.0,1.0,0.0,0.0,0.0,0.0,0.0,0.0,0.0,0.0,0.0,0.0,0.0,0.0,0.0,0.0,0.0
51,Zircon,1.0,6783,92.93214638615966,82.06678460858028,967.8726227333038,14,925,141,1014,138.40354974348654,64.86664185269761,0.937007874015748,0.0,1.0,0.0,0.0,0.0,0.0,0.0,0.0,0.0,0.0,0.0,0.0,0.0,0.0,0.0,0.0,0.0
52,Zircon,1.0,694,29.72588508432008,105.96829971181556,2564.386167146974,88,2553,129,2575,41.03501905637618,22.293730824106927,0.9315436241610738,0.0,1.0,0.0,0.0,0.0,0.0,0.0,0.0,0.0,0.0,0.0,0.0,0.0,0.0,0.0,0.0,0.0
53,Zircon,1.0,682,29.467768315727287,110.93988269794721,2583.8533724340177,91,2575,132,2595,41.5182876269678,22.09351099138715,0.910547396528705,0.0,1.0,0.0,0.0,0.0,0.0,0.0,0.0,0.0,0.0,0.0,0.0,0.0,0.0,0.0,0.0,0.0
55,Zircon,1.0,4002,71.3828036576746,109.74162918540729,3270.686656671664,83,3231,146,3319,86.57567574124933,61.66602788253458,0.9359214218896165,0.0,1.0,0.0,0.0,0.0,0.0,0.0,0.0,0.0,0.0,0.0,0.0,0.0,0.0,0.0,0.0,0.0
57,Zircon,1.0,1846,48.48092614194896,111.93120260021668,3362.8900325027084,83,3330,142,3396,61.43599443645085,46.20456505642222,0.7559377559377559,0.0,1.0,0.0,0.0,0.0,0.0,0.0,0.0,0.0,0.0,0.0,0.0,0.0,0.0,0.0,0.0,0.0
58,Zircon,1.0,3793,69.49386730626289,117.06090166095439,701.7851305035592,78,668,163,734,89.33176266664863,54.99797382764446,0.9119980764606876,0.0,1.0,0.0,0.0,0.0,0.0,0.0,0.0,0.0,0.0,0.0,0.0,0.0,0.0,0.0,0.0,0.0
59,Zircon,1.0,5226,81.57174670672414,99.76980482204362,1951.0547263681592,42,1920,154,1989,114.37157230257463,60.7498910401443,0.9047783933518005,0.0,1.0,0.0,0.0,0.0,0.0,0.0,0.0,0.0,0.0,0.0,0.0,0.0,0.0,0.0,0.0,0.0
60,Zircon,0.9479553903345725,2690,58.52362237026676,116.7814126394052,3561.053531598513,96,3519,140,3607,89.07403380795742,40.27143305437078,0.8954727030625832,0.0,0.9479553903345725,0.0,0.0,0.0,0.0,0.0,0.0,0.0,0.0,0.0,0.0,0.0,0.0,0.0,0.0,0.05204460966542751
61,Zircon,1.0,368,21.646065519224038,114.95108695652173,4042.4184782608695,110,4025,125,4065,36.76077968562551,14.110604525700008,0.9292929292929293,0.0,1.0,0.0,0.0,0.0,0.0,0.0,0.0,0.0,0.0,0.0,0.0,0.0,0.0,0.0,0.0,0.0
62,Quartz,1.0,177,15.012108426804138,119.07344632768361,102.8361581920904,105,100,136,108,31.661002366633518,7.880651061017533,0.8388625592417062,0.0,0.0,0.0,0.0,0.0,0.0,1.0,0.0,0.0,0.0,0.0,0.0,0.0,0.0,0.0,0.0,0.0
63,Quartz,1.0,460,24.201036973199617,119.55217391304348,2627.85,108,2611,130,2648,39.58576213558307,15.37045343480605,0.872865275142315,0.0,0.0,0.0,0.0,0.0,0.0,1.0,0.0,0.0,0.0,0.0,0.0,0.0,0.0,0.0,0.0,0.0
64,Rutile,1.0,433,23.480049464818542,120.68129330254041,622.0600461893764,109,610,136,634,27.577811475277787,22.860121113465794,0.8557312252964426,0.0,0.0,1.0,0.0,0.0,0.0,0.0,0.0,0.0,0.0,0.0,0.0,0.0,0.0,0.0,0.0,0.0
66,Quartz,1.0,1820,48.13830046250071,113.02527472527473,1238.029120879121,81,1206,141,1270,67.64854203073583,46.729269179947366,0.7306302689682859,0.0,0.0,0.0,0.0,0.0,0.0,1.0,0.0,0.0,0.0,0.0,0.0,0.0,0.0,0.0,0.0,0.0
67,Orthoclase,1.0,147,13.680870333281758,134.36054421768708,1240.2312925170068,126,1233,144,1248,21.925163142095478,9.513204889791282,0.8258426966292135,0.0,0.0,0.0,0.0,0.0,0.0,0.0,0.0,1.0,0.0,0.0,0.0,0.0,0.0,0.0,0.0,0.0
68,Rutile,1.0,152,13.911592676604096,128.32894736842104,1185.921052631579,120,1177,136,1194,18.335439571391653,14.828195022834112,0.7562189054726368,0.0,0.0,1.0,0.0,0.0,0.0,0.0,0.0,0.0,0.0,0.0,0.0,0.0,0.0,0.0,0.0,0.0
69,Rutile,1.0,3285,64.67296115421814,129.0779299847793,1342.9491628614917,93,1312,165,1380,77.94406569086968,58.203910648113954,0.8656126482213439,0.0,0.0,1.0,0.0,0.0,0.0,0.0,0.0,0.0,0.0,0.0,0.0,0.0,0.0,0.0,0.0,0.0
70,Zircon,1.0,2355,54.758370390756774,127.43312101910828,4188.487898089172,110,4152,153,4228,73.74879456440247,42.269765932324404,0.9416233506597361,0.0,1.0,0.0,0.0,0.0,0.0,0.0,0.0,0.0,0.0,0.0,0.0,0.0,0.0,0.0,0.0,0.0
71,Zircon,0.9824542164711043,9119,107.75282552415945,130.80480315824104,2500.2768943963156,74,2437,195,2559,119.15958264911019,99.98581613194905,0.9295616717635067,0.0,0.9824542164711043,0.004605768176335124,0.006031363088057901,0.0,0.0,0.0,0.0,0.0,0.0,0.0,0.0,0.0,0.0,0.0,0.0,0.006908652264502687
72,Zircon,1.0,3198,63.81081463249823,126.62570356472796,3900.1178861788617,110,3852,153,3956,101.15870365847096,43.45503635045305,0.9549119140041804,0.0,1.0,0.0,0.0,0.0,0.0,0.0,0.0,0.0,0.0,0.0,0.0,0.0,0.0,0.0,0.0,0.0
73,Zircon,1.0,834,32.586527589007176,133.2757793764988,4598.830935251798,124,4573,149,4626,50.59765916910337,22.796068207544188,0.9025974025974026,0.0,1.0,0.0,0.0,0.0,0.0,0.0,0.0,0.0,0.0,0.0,0.0,0.0,0.0,0.0,0.0,0.0
74,Zircon,0.9901920154717503,7239,96.00510957411508,133.23179997237187,3664.0910346732976,96,3600,187,3717,110.97116557520687,89.51079020782099,0.9036325053052053,0.0,0.9901920154717503,0.0,0.0,0.0,0.0,0.009807984528249759,0.0,0.0,0.0,0.0,0.0,0.0,0.0,0.0,0.0,0.0
75,Zircon,1.0,3431,66.09451473447962,139.2427863596619,3980.266103176916,110,3952,184,4022,82.11340931350227,57.97757125115079,0.9541156840934372,0.0,1.0,0.0,0.0,0.0,0.0,0.0,0.0,0.0,0.0,0.0,0.0,0.0,0.0,0.0,0.0,0.0
76,Zircon,1.0,1183,38.810338589372,130.06339814032123,4255.090448013525,110,4228,153,4286,56.332825278213136,33.95969981341566,0.8102739726027397,0.0,1.0,0.0,0.0,0.0,0.0,0.0,0.0,0.0,0.0,0.0,0.0,0.0,0.0,0.0,0.0,0.0
77,Quartz,1.0,355,21.260292528114064,137.35211267605635,488.1154929577465,129,473,147,503,28.58075481728448,16.26980894162875,0.9033078880407125,0.0,0.0,0.0,0.0,0.0,0.0,1.0,0.0,0.0,0.0,0.0,0.0,0.0,0.0,0.0,0.0,0.0
78,Orthoclase,1.0,717,30.2144461073691,137.31799163179917,1028.1380753138076,125,1003,151,1053,50.49489394273684,18.80256933262865,0.8754578754578755,0.0,0.0,0.0,0.0,0.0,0.0,0.0,0.0,1.0,0.0,0.0,0.0,0.0,0.0,0.0,0.0,0.0
79,Quartz,1.0,400,22.56758334191025,147.5725,108.715,132,100,167,120,34.78925449282938,18.603334965353678,0.7547169811320755,0.0,0.0,0.0,0.0,0.0,0.0,1.0,0.0,0.0,0.0,0.0,0.0,0.0,0.0,0.0,0.0,0.0
80,Zircon,0.9758973469741633,5767,85.68997872848192,134.28455002601007,3785.1728801803365,96,3731,179,3835,109.02143490568571,69.61740588665188,0.9191903092126236,0.0,0.9758973469741633,0.0,0.0,0.0,0.0,0.0,0.0,0.0,0.0,0.0,0.0,0.0,0.0,0.0,0.0,0.024102653025836657
81,Zircon,1.0,2472,56.10212254973356,144.16383495145632,3491.7746763754044,109,3463,179,3521,76.86555034012855,42.141678858709334,0.9148778682457439,0.0,1.0,0.0,0.0,0.0,0.0,0.0,0.0,0.0,0.0,0.0,0.0,0.0,0.0,0.0,0.0,0.0
82,Zircon,1.0,1927,49.53314650519042,140.73741567202907,4531.456668396471,124,4500,164,4564,62.09876138729178,41.95645180172875,0.915439429928741,0.0,1.0,0.0,0.0,0.0,0.0,0.0,0.0,0.0,0.0,0.0,0.0,0.0,0.0,0.0,0.0,0.0
83,Rutile,1.0,2681,58.42563837421865,143.93696381947035,3053.3233867959716,116,3015,172,3090,74.95281977315624,47.18450491698453,0.8833607907742999,0.0,0.0,1.0,0.0,0.0,0.0,0.0,0.0,0.0,0.0,0.0,0.0,0.0,0.0,0.0,0.0,0.0
85,Rutile,0.7153284671532847,137,13.207339536360731,144.7810218978102,1190.8686131386862,139,1184,151,1200,16.520223508261406,11.053722358260778,0.9013157894736842,0.0,0.0,0.7153284671532847,0.0,0.0,0.0,0.2846715328467153,0.0,0.0,0.0,0.0,0.0,0.0,0.0,0.0,0.0,0.0
86,Zircon,1.0,4302,74.00997582387573,148.65899581589957,1884.1664342166434,111,1852,186,1924,78.66478006942745,71.90177161536094,0.9352173913043478,0.0,1.0,0.0,0.0,0.0,0.0,0.0,0.0,0.0,0.0,0.0,0.0,0.0,0.0,0.0,0.0,0.0
87,Zircon,1.0,348,21.049640414216977,148.61206896551724,260.21264367816093,131,250,160,271,27.44354237249648,19.34552642186683,0.759825327510917,0.0,1.0,0.0,0.0,0.0,0.0,0.0,0.0,0.0,0.0,0.0,0.0,0.0,0.0,0.0,0.0,0.0
88,Rutile,0.932348367029549,1286,40.464627201166934,155.1267496111975,1703.4821150855366,132,1686,182,1730,50.69237444395184,35.79628528978837,0.8466096115865701,0.0,0.0,0.932348367029549,0.0,0.0,0.0,0.06765163297045101,0.0,0.0,0.0,0.0,0.0,0.0,0.0,0.0,0.0,0.0
89,Zircon,1.0,4357,74.48157286477712,147.7911406931375,1790.5533624053248,120,1737,182,1837,99.44766433884386,58.41666632905122,0.9284040059663329,0.0,1.0,0.0,0.0,0.0,0.0,0.0,0.0,0.0,0.0,0.0,0.0,0.0,0.0,0.0,0.0,0.0
90,Rutile,1.0,177,15.012108426804138,155.3276836158192,1197.3333333333333,147,1188,164,1206,17.5664011433948,14.9202886632619,0.815668202764977,0.0,0.0,1.0,0.0,0.0,0.0,0.0,0.0,0.0,0.0,0.0,0.0,0.0,0.0,0.0,0.0,0.0
91,Zircon,1.0,683,29.489364337912,148.59590043923865,2591.5695461200585,135,2577,166,2612,38.46365002846005,24.43423270608962,0.893979057591623,0.0,1.0,0.0,0.0,0.0,0.0,0.0,0.0,0.0,0.0,0.0,0.0,0.0,0.0,0.0,0.0,0.0
93,Zircon,0.9893578643578643,5544,84.01690327554178,151.38906926406926,355.9253246753247,113,301,190,423,115.0521333297728,65.10660931043503,0.9001461276181199,0.0,0.9893578643578643,0.0,0.0,0.0,0.0,0.0,0.0,0.0,0.0,0.0,0.0,0.0,0.0,0.0,0.0,0.010642135642135642
94,Zircon,1.0,237,17.371176474327626,152.74261603375527,2569.6075949367087,142,2558,161,2579,21.74057368288684,16.135795254363245,0.8876404494382022,0.0,1.0,0.0,0.0,0.0,0.0,0.0,0.0,0.0,0.0,0.0,0.0,0.0,0.0,0.0,0.0,0.0
95,Zircon,0.9927412467976089,7026,94.58213912419858,157.2523484201537,4338.237546256761,124,4277,210,4398,114.56083250045023,84.22913013579657,0.9453713670613563,0.0,0.9927412467976089,0.0,0.0,0.0,0.0,0.0,0.0,0.0,0.0,0.0,0.0,0.0,0.0,0.0,0.0,0.007258753202391118
96,Zircon,0.9940702447924585,6577,91.51008952964239,178.9590998935685,2375.476661091683,116,2336,239,2416,123.09295294346447,71.04461370574232,0.8859105603448276,0.0,0.9940702447924585,0.005929755207541432,0.0,0.0,0.0,0.0,0.0,0.0,0.0,0.0,0.0,0.0,0.0,0.0,0.0,0.0
98,Rutile,1.0,4643,76.88726296471582,165.0743054059875,4054.9424940771055,130,4000,199,4105,107.0362327664116,56.04453116271282,0.9496829617508693,0.0,0.0,1.0,0.0,0.0,0.0,0.0,0.0,0.0,0.0,0.0,0.0,0.0,0.0,0.0,0.0,0.0
99,Zircon,1.0,579,27.151532118863187,173.75302245250433,2565.364421416235,162,2549,189,2584,34.210133392374544,23.277765948634258,0.8962848297213623,0.0,1.0,0.0,0.0,0.0,0.0,0.0,0.0,0.0,0.0,0.0,0.0,0.0,0.0,0.0,0.0,0.0
100,Quartz,1.0,1187,38.875896640471694,175.5669755686605,3886.3664700926706,152,3868,204,3906,52.4327277034741,32.597498574020385,0.8113465481886535,0.0,0.0,0.0,0.0,0.0,0.0,1.0,0.0,0.0,0.0,0.0,0.0,0.0,0.0,0.0,0.0,0.0
101,Quartz,0.9301450832885545,1861,48.67749780701693,163.9661472326706,1397.534121440086,128,1376,201,1418,68.59549902616874,39.3083460952288,0.7970021413276231,0.0,0.0,0.0,0.0,0.0,0.0,0.9301450832885545,0.0,0.03653949489521763,0.0,0.0,0.0,0.0,0.0,0.0,0.0,0.03331542181622783
102,Quartz,0.9977502812148481,1778,47.579616544683496,159.91844769403824,1428.5404949381327,125,1413,201,1456,71.61479959821489,34.714486747457116,0.8593523441275979,0.0,0.0,0.0,0.0,0.0,0.0,0.9977502812148481,0.0,0.0,0.0,0.0,0.0,0.0,0.0,0.0,0.0,0.0022497187851518562
103,Zircon,1.0,6436,90.52386265463659,167.4241765071473,2077.255748912368,109,2040,224,2121,110.90239373168738,77.39742937410594,0.9194285714285715,0.0,1.0,0.0,0.0,0.0,0.0,0.0,0.0,0.0,0.0,0.0,0.0,0.0,0.0,0.0,0.0,0.0
104,Zircon,1.0,269,18.5067943613625,172.73605947955392,3857.8104089219332,161,3848,186,3867,26.288514151627062,13.900780864415024,0.8276923076923077,0.0,1.0,0.0,0.0,0.0,0.0,0.0,0.0,0.0,0.0,0.0,0.0,0.0,0.0,0.0,0.0,0.0
105,Rutile,0.8923841059602649,604,27.73151068766428,171.4437086092715,2822.5033112582782,157,2810,191,2837,33.914539267654256,25.124949454196862,0.8653295128939829,0.0,0.0,0.8923841059602649,0.0,0.0,0.0,0.1076158940397351,0.0,0.0,0.0,0.0,0.0,0.0,0.0,0.0,0.0,0.0
106,Zircon,1.0,212,16.42944866646031,169.03773584905662,4111.391509433963,159,4103,178,4121,20.202075188886035,14.355491814864665,0.8548387096774194,0.0,1.0,0.0,0.0,0.0,0.0,0.0,0.0,0.0,0.0,0.0,0.0,0.0,0.0,0.0,0.0,0.0
107,Quartz,1.0,3339,65.20235302403364,167.09673554956575,445.0994309673555,123,416,204,480,82.58909886405527,55.57877819020478,0.8690786048932847,0.0,0.0,0.0,0.0,0.0,0.0,1.0,0.0,0.0,0.0,0.0,0.0,0.0,0.0,0.0,0.0,0.0
108,Zircon,1.0,6410,90.3408295387661,173.05460218408737,557.9833073322933,124,511,221,604,96.62710017509065,85.49946142120713,0.9404342723004695,0.0,1.0,0.0,0.0,0.0,0.0,0.0,0.0,0.0,0.0,0.0,0.0,0.0,0.0,0.0,0.0,0.0
109,Zircon,1.0,109,11.780624362746345,176.69724770642202,2186.577981651376,169,2180,185,2194,18.144205337693144,9.185855133785351,0.8014705882352942,0.0,1.0,0.0,0.0,0.0,0.0,0.0,0.0,0.0,0.0,0.0,0.0,0.0,0.0,0.0,0.0,0.0
110,Rutile,1.0,269,18.5067943613625,169.6096654275093,1127.271375464684,157,1119,181,1136,25.710593772037306,15.088457310349714,0.8201219512195121,0.0,0.0,1.0,0.0,0.0,0.0,0.0,0.0,0.0,0.0,0.0,0.0,0.0,0.0,0.0,0.0,0.0
111,Zircon,1.0,2162,52.46659790492825,176.96808510638297,4616.734505087881,150,4587,206,4646,57.07791767939277,49.9936125440011,0.9057394218684541,0.0,1.0,0.0,0.0,0.0,0.0,0.0,0.0,0.0,0.0,0.0,0.0,0.0,0.0,0.0,0.0,0.0
112,Zircon,1.0,1386,42.00845163777089,178.65873015873015,1163.9733044733046,157,1138,199,1187,48.650003687846166,37.774688836654626,0.9221556886227545,0.0,1.0,0.0,0.0,0.0,0.0,0.0,0.0,0.0,0.0,0.0,0.0,0.0,0.0,0.0,0.0,0.0
113,Quartz,1.0,3582,67.53328104898615,174.8355667225014,1621.6180904522614,134,1590,223,1658,85.75043127625477,56.58300142080353,0.8979694158937077,0.0,0.0,0.0,0.0,0.0,0.0,1.0,0.0,0.0,0.0,0.0,0.0,0.0,0.0,0.0,0.0,0.0
114,Rutile,1.0,159,14.228319915326999,186.08805031446542,1131.754716981132,180,1121,196,1140,20.147356157088836,11.930243389687796,0.8368421052631579,0.0,0.0,1.0,0.0,0.0,0.0,0.0,0.0,0.0,0.0,0.0,0.0,0.0,0.0,0.0,0.0,0.0
115,Zircon,1.0,3801,69.56711514457355,181.24861878453038,2275.1291765324913,148,2233,226,2319,82.45211803635019,62.616800622316916,0.9161243673174259,0.0,1.0,0.0,0.0,0.0,0.0,0.0,0.0,0.0,0.0,0.0,0.0,0.0,0.0,0.0,0.0,0.0
116,Zircon,1.0,1002,35.71814698195629,184.06187624750498,1968.7055888223554,165,1956,208,1988,43.33811982455391,31.365083228406963,0.932093023255814,0.0,1.0,0.0,0.0,0.0,0.0,0.0,0.0,0.0,0.0,0.0,0.0,0.0,0.0,0.0,0.0,0.0
117,Zircon,1.0,5657,84.86881703291743,173.9054269047198,2701.737316598904,120,2668,224,2743,105.07050940719,70.67511097613364,0.9124193548387097,0.0,1.0,0.0,0.0,0.0,0.0,0.0,0.0,0.0,0.0,0.0,0.0,0.0,0.0,0.0,0.0,0.0
118,Zircon,1.0,5720,85.34008551604065,187.35437062937064,3310.3657342657343,143,3270,241,3349,97.23336141586482,77.91004001978611,0.9410990457387298,0.0,1.0,0.0,0.0,0.0,0.0,0.0,0.0,0.0,0.0,0.0,0.0,0.0,0.0,0.0,0.0,0.0
119,Rutile,0.9489698131288932,4174,72.90063003654062,188.61978917105893,3538.2295160517488,145,3491,244,3603,126.29682865664148,76.1217993507117,0.5955200456555857,0.0,0.0,0.9489698131288932,0.0,0.0,0.0,0.029468136080498322,0.0,0.0,0.0,0.0,0.0,0.0,0.0,0.0,0.0,0.02156205079060853
120,Quartz,1.0,171,14.755472278097805,151.58479532163742,3528.53216374269,145,3521,159,3538,16.932344006842193,14.294943754244581,0.868020304568528,0.0,0.0,0.0,0.0,0.0,0.0,1.0,0.0,0.0,0.0,0.0,0.0,0.0,0.0,0.0,0.0,0.0
121,Quartz,1.0,1013,35.91366952591617,185.87265547877593,3557.872655478776,165,3537,207,3584,47.973015747075095,34.225455228761625,0.6620915032679738,0.0,0.0,0.0,0.0,0.0,0.0,1.0,0.0,0.0,0.0,0.0,0.0,0.0,0.0,0.0,0.0,0.0
123,Quartz,1.0,354,21.23032733700184,228.40395480225988,3521.9491525423728,207,3511,249,3539,46.60925035262739,17.202650730168347,0.4964936886395512,0.0,0.0,0.0,0.0,0.0,0.0,1.0,0.0,0.0,0.0,0.0,0.0,0.0,0.0,0.0,0.0,0.0
124,Zircon,1.0,320,20.185060176161283,187.953125,3844.6375,176,3832,200,3859,22.763077353314614,19.410168808050464,0.810126582278481,0.0,1.0,0.0,0.0,0.0,0.0,0.0,0.0,0.0,0.0,0.0,0.0,0.0,0.0,0.0,0.0,0.0
125,Zircon,1.0,1074,36.97917347704738,188.451582867784,1942.389199255121,166,1924,211,1957,43.16068810185196,33.659446075988676,0.9421052631578948,0.0,1.0,0.0,0.0,0.0,0.0,0.0,0.0,0.0,0.0,0.0,0.0,0.0,0.0,0.0,0.0,0.0
126,Quartz,0.9859970126960418,5356,82.58008840877764,202.74663928304705,4202.178304705004,157,4155,250,4259,99.58401292679673,81.10775830684955,0.7672253258845437,0.0,0.0,0.014002987303958178,0.0,0.0,0.0,0.9859970126960418,0.0,0.0,0.0,0.0,0.0,0.0,0.0,0.0,0.0,0.0
127,Zircon,1.0,2928,61.05772176379132,190.89071038251367,278.89822404371586,162,247,223,312,73.67230785627858,51.61809427613904,0.941781923448054,0.0,1.0,0.0,0.0,0.0,0.0,0.0,0.0,0.0,0.0,0.0,0.0,0.0,0.0,0.0,0.0,0.0
128,Rutile,0.9838224228743416,2658,58.17448504203593,211.29119638826185,881.4168547780286,181,840,249,922,68.80554403378693,55.410162722618566,0.735066371681416,0.0,0.0,0.9838224228743416,0.0,0.0,0.0,0.01617757712565839,0.0,0.0,0.0,0.0,0.0,0.0,0.0,0.0,0.0,0.0
129,Quartz,0.9822189566495224,6805,93.08273256583512,193.75855988243939,862.5573842762675,143,799,270,935,141.70002837368082,103.06000143837569,0.5959887896304081,0.0,0.0,0.01778104335047759,0.0,0.0,0.0,0.9822189566495224,0.0,0.0,0.0,0.0,0.0,0.0,0.0,0.0,0.0,0.0
130,Zircon,1.0,1549,44.40999949104669,198.22078760490638,2612.7417688831506,174,2589,223,2637,50.98442405384686,39.4816867895298,0.9370840895341803,0.0,1.0,0.0,0.0,0.0,0.0,0.0,0.0,0.0,0.0,0.0,0.0,0.0,0.0,0.0,0.0,0.0
131,Rutile,0.975328167009331,6323,89.72565765354096,199.25604934366598,3181.989403764036,153,3135,261,3232,100.64576505203115,86.07650518685065,0.9036730027154495,0.0,0.0,0.975328167009331,0.00759133322789815,0.0,0.0,0.017080499762770835,0.0,0.0,0.0,0.0,0.0,0.0,0.0,0.0,0.0,0.0
132,Quartz,1.0,259,18.159544104586082,229.26254826254825,3204.223938223938,220,3192,239,3216,24.025675323690045,14.448305729032716,0.8327974276527331,0.0,0.0,0.0,0.0,0.0,0.0,1.0,0.0,0.0,0.0,0.0,0.0,0.0,0.0,0.0,0.0,0.0
133,Zircon,1.0,1974,50.1335702030806,200.70516717325228,2466.900202634245,177,2435,226,2499,62.89688239304929,42.18760141088316,0.8769435806308308,0.0,1.0,0.0,0.0,0.0,0.0,0.0,0.0,0.0,0.0,0.0,0.0,0.0,0.0,0.0,0.0,0.0
134,Iron Oxides,0.8596491228070176,114,12.047792665040703,219.62280701754386,2476.4298245614036,213,2471,227,2485,14.378533854236567,12.20687679749926,0.7808219178082192,0.0,0.14035087719298245,0.0,0.0,0.8596491228070176,0.0,0.0,0.0,0.0,0.0,0.0,0.0,0.0,0.0,0.0,0.0,0.0
135,Orthoclase,1.0,890,33.66278649806482,205.02359550561798,1110.894382022472,182,1097,228,1125,44.205695744204114,26.6510845791482,0.8699902248289345,0.0,0.0,0.0,0.0,0.0,0.0,0.0,0.0,1.0,0.0,0.0,0.0,0.0,0.0,0.0,0.0,0.0
136,Zircon,0.9718065837139707,6349,89.90994310710883,209.06630965506378,3041.6049771617577,164,2988,251,3099,112.87594488466361,75.42179039202978,0.909077892325315,0.0,0.9718065837139707,0.0,0.0,0.0,0.0,0.008032761064734604,0.0,0.0,0.0,0.0,0.0,0.0,0.0,0.0,0.0,0.02016065522129469
137,Quartz,1.0,688,29.597108081327676,204.625,2574.1744186046512,184,2560,224,2589,39.59699531962714,25.022627954263104,0.8764331210191083,0.0,0.0,0.0,0.0,0.0,0.0,1.0,0.0,0.0,0.0,0.0,0.0,0.0,0.0,0.0,0.0,0.0
138,Zircon,1.0,4426,75.069023072089,210.0,1336.3784455490284,172,1298,252,1380,83.90322732167074,68.85619847176251,0.9327713382507903,0.0,1.0,0.0,0.0,0.0,0.0,0.0,0.0,0.0,0.0,0.0,0.0,0.0,0.0,0.0,0.0,0.0
139,Zircon,1.0,1797,47.833162783670154,195.09905397885365,4114.456872565387,172,4074,217,4148,76.45686566100574,33.884737201166836,0.8561219628394473,0.0,1.0,0.0,0.0,0.0,0.0,0.0,0.0,0.0,0.0,0.0,0.0,0.0,0.0,0.0,0.0,0.0
140,Zircon,0.9971006852925672,3794,69.50302750762162,206.85108065366367,3933.083289404323,177,3887,243,3977,80.54638981478679,61.85144580938535,0.9504008016032064,0.0,0.9971006852925672,0.0,0.0,0.0,0.0,0.0,0.0,0.0,0.0,0.0,0.0,0.0,0.0,0.0,0.0,0.0028993147074327886
141,Zircon,0.9875226860254084,4408,74.91621929323848,209.67354809437387,211.0784936479129,171,174,254,248,83.48364699107465,68.88670057379036,0.9445039640025712,0.0,0.9875226860254084,0.0,0.0,0.0,0.0,0.0,0.0,0.0,0.0,0.0,0.0,0.0,0.0,0.0,0.0,0.01247731397459165
142,Zircon,1.0,1983,50.24772648796986,227.11144730206757,4119.633383761977,208,4091,253,4148,57.68082897389288,45.088100605552704,0.9510791366906475,0.0,1.0,0.0,0.0,0.0,0.0,0.0,0.0,0.0,0.0,0.0,0.0,0.0,0.0,0.0,0.0,0.0
143,Quartz,0.8944723618090452,398,22.511093682995384,211.46733668341707,4023.0904522613064,196,4009,229,4034,34.48139464064826,18.160950441579228,0.737037037037037,0.0,0.0,0.0,0.0,0.10552763819095477,0.0,0.8944723618090452,0.0,0.0,0.0,0.0,0.0,0.0,0.0,0.0,0.0,0.0
144,Zircon,1.0,3934,70.77375480351547,217.2452974072191,130.4992374173869,182,100,261,170,79.80897620731622,64.33515729782438,0.9639794168096055,0.0,1.0,0.0,0.0,0.0,0.0,0.0,0.0,0.0,0.0,0.0,0.0,0.0,0.0,0.0,0.0,0.0
145,Zircon,0.9940182600482736,9529,110.14853436056862,213.12782033791584,654.159303179767,164,599,277,719,126.07893762634185,100.45865170412793,0.9498604465709729,0.0,0.9940182600482736,0.0,0.0,0.0,0.0,0.0,0.0,0.0,0.0,0.0,0.0,0.0,0.0,0.0,0.0,0.0059817399517263095
146,Zircon,1.0,187,15.430353037616328,215.7326203208556,433.2834224598931,210,424,225,444,19.5032743037259,13.195186796420234,0.8990384615384616,0.0,1.0,0.0,0.0,0.0,0.0,0.0,0.0,0.0,0.0,0.0,0.0,0.0,0.0,0.0,0.0,0.0
147,Zircon,1.0,412,22.903595622322865,218.35194174757282,1201.8907766990292,199,1191,231,1214,30.055808924297338,19.996842865512605,0.9074889867841409,0.0,1.0,0.0,0.0,0.0,0.0,0.0,0.0,0.0,0.0,0.0,0.0,0.0,0.0,0.0,0.0,0.0
148,Zircon,1.0,102,11.396070970426017,222.88235294117646,2072.235294117647,217,2066,231,2080,15.950221194391244,9.661569360722174,0.7846153846153846,0.0,1.0,0.0,0.0,0.0,0.0,0.0,0.0,0.0,0.0,0.0,0.0,0.0,0.0,0.0,0.0,0.0
149,Zircon,1.0,2962,61.41120037505823,218.59081701553004,2236.251181634031,182,2204,253,2268,77.17599927880605,49.553399089381685,0.9385297845373891,0.0,1.0,0.0,0.0,0.0,0.0,0.0,0.0,0.0,0.0,0.0,0.0,0.0,0.0,0.0,0.0,0.0
150,Quartz,1.0,371,21.73411767467788,226.822102425876,2555.622641509434,215,2542,238,2569,26.317808269511573,20.180468008175755,0.837471783295711,0.0,0.0,0.0,0.0,0.0,0.0,1.0,0.0,0.0,0.0,0.0,0.0,0.0,0.0,0.0,0.0,0.0
151,Rutile,1.0,1212,39.28315578233268,223.39026402640263,4586.61303630363,204,4556,240,4618,65.13477711482138,27.619664758699134,0.7518610421836228,0.0,0.0,1.0,0.0,0.0,0.0,0.0,0.0,0.0,0.0,0.0,0.0,0.0,0.0,0.0,0.0,0.0
152,Zircon,0.9916983255944843,7107,95.12577697150653,224.9977486984663,4401.122977346278,175,4346,274,4451,105.53485940381246,88.69714865348952,0.9282915360501567,0.0,0.9916983255944843,0.0,0.0,0.0,0.0,0.0,0.0,0.0,0.0,0.0,0.0,0.0,0.0,0.0,0.0,0.008301674405515689
153,Zircon,1.0,4440,75.18765575960008,229.06554054054055,485.48626126126123,191,445,266,532,82.62844979265573,69.84855538212213,0.9373020899303357,0.0,1.0,0.0,0.0,0.0,0.0,0.0,0.0,0.0,0.0,0.0,0.0,0.0,0.0,0.0,0.0,0.0
154,Zircon,1.0,2391,55.17531831772042,228.10497699707236,4272.228774571309,197,4244,255,4302,56.08054603047276,55.339804573157984,0.9461812425801346,0.0,1.0,0.0,0.0,0.0,0.0,0.0,0.0,0.0,0.0,0.0,0.0,0.0,0.0,0.0,0.0,0.0
155,Zircon,1.0,4306,74.04437507082905,234.50325127728752,367.039712029726,195,319,268,409,91.90330519385309,64.44683706284033,0.879852881078872,0.0,1.0,0.0,0.0,0.0,0.0,0.0,0.0,0.0,0.0,0.0,0.0,0.0,0.0,0.0,0.0,0.0
156,Zircon,1.0,1831,48.283554202337704,234.96941561987984,1078.593664664118,208,1050,263,1108,51.204318891300126,47.499697538321136,0.9068845963348192,0.0,1.0,0.0,0.0,0.0,0.0,0.0,0.0,0.0,0.0,0.0,0.0,0.0,0.0,0.0,0.0,0.0
157,Zircon,1.0,1803,47.9129512674548,235.2906267332224,2446.052689961176,207,2423,261,2477,55.17487158612278,43.15468237341459,0.9279464745239321,0.0,1.0,0.0,0.0,0.0,0.0,0.0,0.0,0.0,0.0,0.0,0.0,0.0,0.0,0.0,0.0,0.0
158,Zircon,0.9679180887372013,2930,61.07857125108631,242.89726962457337,2635.511604095563,214,2598,273,2667,66.5221993903935,59.96207593706597,0.8746268656716418,0.0,0.9679180887372013,0.0,0.0,0.0,0.0,0.0,0.0,0.014675767918088738,0.0,0.0,0.0,0.0,0.0,0.0,0.0,0.0174061433447099
159,Zircon,1.0,120,12.360774464742066,242.775,2090.5583333333334,236,2084,250,2099,15.286513341104461,11.002639021061757,0.8275862068965517,0.0,1.0,0.0,0.0,0.0,0.0,0.0,0.0,0.0,0.0,0.0,0.0,0.0,0.0,0.0,0.0,0.0
160,Zircon,0.9868596881959911,4490,75.60982446653927,245.1616926503341,3249.109131403118,204,3211,288,3286,81.02545564106606,72.43174400726123,0.8946005180314803,0.0,0.9868596881959911,0.0,0.0,0.0,0.0,0.0,0.0,0.0,0.0,0.0,0.0,0.0,0.0,0.0,0.0,0.013140311804008908
161,Zircon,0.9859504132231405,4840,78.50146111072193,237.8413223140496,1814.6809917355372,203,1764,285,1874,107.66732530478558,62.78371829115759,0.8758595729279768,0.0,0.9859504132231405,0.0,0.0,0.0,0.0,0.0,0.0,0.0,0.0,0.0,0.0,0.0,0.0,0.0,0.0,0.014049586776859505
162,Zircon,1.0,4731,77.61247506774961,240.54618473895582,3673.6556753329105,203,3631,284,3716,91.29983421117728,66.53346324582266,0.9555645324176933,0.0,1.0,0.0,0.0,0.0,0.0,0.0,0.0,0.0,0.0,0.0,0.0,0.0,0.0,0.0,0.0,0.0
164,Rutile,0.9738252267106348,4852,78.59871672651539,246.1500412201154,2318.1755976916734,196,2276,295,2357,91.19694938908955,70.74625688477758,0.8743917823031176,0.0,0.0,0.9738252267106348,0.0,0.0,0.0,0.024319868095630668,0.0,0.0018549051937345425,0.0,0.0,0.0,0.0,0.0,0.0,0.0,0.0
166,Zircon,0.987641866330391,3965,71.05205693626976,247.31349306431272,3886.506683480454,216,3847,279,3939,87.3286604318871,59.425587976054814,0.9545016851227732,0.0,0.987641866330391,0.0,0.0,0.0,0.0,0.0,0.0,0.0,0.0,0.0,0.0,0.0,0.0,0.0,0.0,0.01235813366960908
167,Unknown,1.0,107,11.67204486311899,248.98130841121494,1639.0747663551401,239,1634,258,1648,20.059341020017406,9.538645167645381,0.722972972972973,0.0,0.0,0.0,0.0,0.0,0.0,0.0,0.0,0.0,0.0,0.0,0.0,0.0,0.0,0.0,0.0,1.0
168,Zircon,1.0,1440,42.81897878766651,249.125,712.3923611111111,217,693,278,733,61.4178647657597,32.26435009892823,0.8648648648648649,0.0,1.0,0.0,0.0,0.0,0.0,0.0,0.0,0.0,0.0,0.0,0.0,0.0,0.0,0.0,0.0,0.0
169,Zircon,1.0,1712,46.68817945247596,256.8539719626168,1472.881425233645,230,1448,283,1502,60.804005403585535,38.59056897635625,0.8944618599791013,0.0,1.0,0.0,0.0,0.0,0.0,0.0,0.0,0.0,0.0,0.0,0.0,0.0,0.0,0.0,0.0,0.0
170,Rutile,0.9892904953145917,3735,68.96049375973053,267.2144578313253,2184.962248995984,227,2145,315,2225,106.63728675002912,46.87187536615146,0.8939684059358545,0.0,0.0,0.9892904953145917,0.0107095046854083,0.0,0.0,0.0,0.0,0.0,0.0,0.0,0.0,0.0,0.0,0.0,0.0,0.0
171,Zircon,1.0,2065,51.27611198090307,255.46392251815982,1679.0513317191283,227,1656,284,1704,60.01111958399826,44.723255829731634,0.9072934973637962,0.0,1.0,0.0,0.0,0.0,0.0,0.0,0.0,0.0,0.0,0.0,0.0,0.0,0.0,0.0,0.0,0.0
172,Zircon,1.0,1499,43.687367482580235,261.5036691127418,2709.9059372915276,232,2681,286,2734,59.84602332422339,35.228457254240446,0.8464144551101073,0.0,1.0,0.0,0.0,0.0,0.0,0.0,0.0,0.0,0.0,0.0,0.0,0.0,0.0,0.0,0.0,0.0
173,Zircon,1.0,2151,52.332955780514965,259.8052068805207,2556.7377963737795,231,2528,283,2591,66.88431756666273,44.06223044394985,0.8859143327841845,0.0,1.0,0.0,0.0,0.0,0.0,0.0,0.0,0.0,0.0,0.0,0.0,0.0,0.0,0.0,0.0,0.0
174,Zircon,1.0,4461,75.36525465400857,272.52454606590453,533.7406411118583,229,488,315,581,104.28105520065512,56.84841749462968,0.9260950799252647,0.0,1.0,0.0,0.0,0.0,0.0,0.0,0.0,0.0,0.0,0.0,0.0,0.0,0.0,0.0,0.0,0.0
175,Zircon,1.0,2519,56.632944592241316,249.29019452163556,1981.2286621675269,213,1950,287,2012,86.88204464059618,38.74078424175393,0.8513011152416357,0.0,1.0,0.0,0.0,0.0,0.0,0.0,0.0,0.0,0.0,0.0,0.0,0.0,0.0,0.0,0.0,0.0
177,Quartz,1.0,2627,57.834248365646395,262.7594213932242,767.1625428245146,233,739,293,798,64.82374623517417,52.710977249266115,0.9194959747987399,0.0,0.0,0.0,0.0,0.0,0.0,1.0,0.0,0.0,0.0,0.0,0.0,0.0,0.0,0.0,0.0,0.0
178,Zircon,1.0,2893,60.69169632592935,268.1991012789492,3438.8330452817145,240,3403,296,3475,70.00430586533237,53.64106890101406,0.9463526333006215,0.0,1.0,0.0,0.0,0.0,0.0,0.0,0.0,0.0,0.0,0.0,0.0,0.0,0.0,0.0,0.0,0.0
179,Zircon,1.0,1292,40.55891383898033,263.4520123839009,3607.6160990712074,241,3582,285,3634,56.78389741001619,29.970144328215884,0.9156626506024096,0.0,1.0,0.0,0.0,0.0,0.0,0.0,0.0,0.0,0.0,0.0,0.0,0.0,0.0,0.0,0.0,0.0
180,Zircon,1.0,2011,50.6012324401532,262.3436101442069,290.49577324714073,231,264,294,321,66.18035296125359,41.25386834448969,0.8878587196467991,0.0,1.0,0.0,0.0,0.0,0.0,0.0,0.0,0.0,0.0,0.0,0.0,0.0,0.0,0.0,0.0,0.0
181,Zircon,1.0,1816,48.08537213372748,277.24834801762114,3730.169603524229,253,3694,302,3768,75.03858591416542,34.60897530490021,0.8610715979137031,0.0,1.0,0.0,0.0,0.0,0.0,0.0,0.0,0.0,0.0,0.0,0.0,0.0,0.0,0.0,0.0,0.0
182,Zircon,1.0,5116,80.70869538572094,280.5959734167318,4597.916340891321,237,4557,324,4645,100.6152373223464,67.08021206230319,0.9404411764705882,0.0,1.0,0.0,0.0,0.0,0.0,0.0,0.0,0.0,0.0,0.0,0.0,0.0,0.0,0.0,0.0,0.0
183,Zircon,1.0,2488,56.28338997698242,273.488344051447,3827.174035369775,242,3794,304,3855,63.16211108186668,52.60943123882635,0.932883389576303,0.0,1.0,0.0,0.0,0.0,0.0,0.0,0.0,0.0,0.0,0.0,0.0,0.0,0.0,0.0,0.0,0.0
184,Zircon,1.0,1646,45.779387180630515,280.45261239368165,419.18286755771567,256,390,306,442,51.08747871099461,42.78416967940593,0.9009304871373837,0.0,1.0,0.0,0.0,0.0,0.0,0.0,0.0,0.0,0.0,0.0,0.0,0.0,0.0,0.0,0.0,0.0
185,Zircon,1.0,4575,76.32215220473915,263.04546448087433,4016.6196721311476,217,3965,307,4072,123.43689980950928,54.24954925273659,0.8262597074227921,0.0,1.0,0.0,0.0,0.0,0.0,0.0,0.0,0.0,0.0,0.0,0.0,0.0,0.0,0.0,0.0,0.0
186,Zircon,1.0,6131,88.35288138352524,277.00619801011254,1550.5400424074376,224,1507,335,1600,97.73433880970381,83.25100922369337,0.9077583654130885,0.0,1.0,0.0,0.0,0.0,0.0,0.0,0.0,0.0,0.0,0.0,0.0,0.0,0.0,0.0,0.0,0.0
187,Zircon,1.0,4235,73.43139295937,289.01558441558444,1926.269893742621,247,1893,337,1964,90.3059730730587,61.18107904423397,0.9299516908212561,0.0,1.0,0.0,0.0,0.0,0.0,0.0,0.0,0.0,0.0,0.0,0.0,0.0,0.0,0.0,0.0,0.0
189,Rutile,0.9852607709750567,2646,58.04301711118436,286.41156462585036,2119.3386243386244,256,2073,313,2164,94.3364237026881,38.24032690666962,0.8386687797147385,0.0,0.0,0.9852607709750567,0.01473922902494331,0.0,0.0,0.0,0.0,0.0,0.0,0.0,0.0,0.0,0.0,0.0,0.0,0.0
190,Ilmenite,1.0,156,14.093451279891855,275.8974358974359,2081.269230769231,267,2073,289,2089,24.67897552289703,9.643894902429139,0.78,0.0,0.0,0.0,1.0,0.0,0.0,0.0,0.0,0.0,0.0,0.0,0.0,0.0,0.0,0.0,0.0,0.0
191,Quartz,1.0,2526,56.711578094786084,282.9125098970705,2396.778305621536,251,2370,321,2437,79.622346215971,46.56597216308904,0.8047148773494743,0.0,0.0,0.0,0.0,0.0,0.0,1.0,0.0,0.0,0.0,0.0,0.0,0.0,0.0,0.0,0.0,0.0
192,Quartz,1.0,122,12.463355264843006,285.5245901639344,2271.3360655737706,277,2264,294,2278,17.495112100526292,10.073796991887926,0.7393939393939394,0.0,0.0,0.0,0.0,0.0,0.0,1.0,0.0,0.0,0.0,0.0,0.0,0.0,0.0,0.0,0.0,0.0
193,Zircon,1.0,3509,66.84158557721149,286.8871473354232,4245.611285266457,254,4205,317,4289,83.91504192586096,56.765791851211326,0.8931025706286587,0.0,1.0,0.0,0.0,0.0,0.0,0.0,0.0,0.0,0.0,0.0,0.0,0.0,0.0,0.0,0.0,0.0
194,Rutile,0.8857436953165209,1943,49.7383597982525,300.92794647452394,3105.3283582089553,262,3072,335,3137,78.42611464026005,53.40322903688546,0.5954642966595158,0.0,0.0,0.8857436953165209,0.0,0.0,0.0,0.11425630468347915,0.0,0.0,0.0,0.0,0.0,0.0,0.0,0.0,0.0,0.0
195,Quartz,1.0,558,26.654599339742866,304.8440860215054,3093.1666666666665,287,3078,325,3107,35.90849229600187,25.216720456897942,0.7190721649484536,0.0,0.0,0.0,0.0,0.0,0.0,1.0,0.0,0.0,0.0,0.0,0.0,0.0,0.0,0.0,0.0,0.0
196,Quartz,1.0,289,19.182445840623714,309.2249134948097,3125.5640138408303,300,3111,318,3139,29.57095185726338,15.221278685825892,0.7261306532663316,0.0,0.0,0.0,0.0,0.0,0.0,1.0,0.0,0.0,0.0,0.0,0.0,0.0,0.0,0.0,0.0,0.0
197,Rutile,1.0,325,20.342144725641095,284.7723076923077,732.5907692307692,275,719,297,745,25.940412667208037,17.523385798028603,0.8597883597883598,0.0,0.0,1.0,0.0,0.0,0.0,0.0,0.0,0.0,0.0,0.0,0.0,0.0,0.0,0.0,0.0,0.0
198,Zircon,1.0,125,12.6156626101008,285.336,3941.528,276,3936,296,3949,23.808125470169927,7.4593754159879975,0.7861635220125787,0.0,1.0,0.0,0.0,0.0,0.0,0.0,0.0,0.0,0.0,0.0,0.0,0.0,0.0,0.0,0.0,0.0
199,Zircon,1.0,3112,62.946973423793985,306.70212082262213,2052.1744858611823,271,2026,348,2081,79.47691632016412,52.694602772367716,0.9070241911979015,0.0,1.0,0.0,0.0,0.0,0.0,0.0,0.0,0.0,0.0,0.0,0.0,0.0,0.0,0.0,0.0,0.0
200,Rutile,1.0,570,26.939683377854365,297.9982456140351,721.7894736842105,284,704,314,739,33.82857223634693,23.830672799366134,0.7808219178082192,0.0,0.0,1.0,0.0,0.0,0.0,0.0,0.0,0.0,0.0,0.0,0.0,0.0,0.0,0.0,0.0,0.0
201,Zircon,1.0,979,35.30582833323309,295.2451481103167,869.6710929519918,274,848,322,888,50.967703566035446,26.48061210506898,0.8527874564459931,0.0,1.0,0.0,0.0,0.0,0.0,0.0,0.0,0.0,0.0,0.0,0.0,0.0,0.0,0.0,0.0,0.0
202,Zircon,1.0,4669,77.1022401384582,285.72435210965943,4523.187834654102,238,4491,329,4562,92.06183089328925,65.42168215505531,0.9520799347471451,0.0,1.0,0.0,0.0,0.0,0.0,0.0,0.0,0.0,0.0,0.0,0.0,0.0,0.0,0.0,0.0,0.0
203,Zircon,1.0,362,21.468877828012552,293.6740331491713,1277.707182320442,282,1266,304,1292,27.653394045572583,17.882277917234138,0.8578199052132701,0.0,1.0,0.0,0.0,0.0,0.0,0.0,0.0,0.0,0.0,0.0,0.0,0.0,0.0,0.0,0.0,0.0
204,Zircon,1.0,4969,79.54072728979176,296.53874018917287,4675.648218957536,252,4641,350,4707,100.72803121898518,65.637740099603,0.9519157088122605,0.0,1.0,0.0,0.0,0.0,0.0,0.0,0.0,0.0,0.0,0.0,0.0,0.0,0.0,0.0,0.0,0.0
205,Zircon,1.0,498,25.180812005932435,297.2289156626506,465.80522088353416,279,454,315,476,39.04372250868718,17.20808460352293,0.8571428571428571,0.0,1.0,0.0,0.0,0.0,0.0,0.0,0.0,0.0,0.0,0.0,0.0,0.0,0.0,0.0,0.0,0.0
206,Zircon,1.0,4338,74.31899585611431,305.22475795297373,1409.830797602582,265,1377,358,1451,84.86498553341237,67.25674086596605,0.9399783315276273,0.0,1.0,0.0,0.0,0.0,0.0,0.0,0.0,0.0,0.0,0.0,0.0,0.0,0.0,0.0,0.0,0.0
207,Zircon,1.0,3982,71.20421242549781,296.56604721245606,3335.59467604219,261,3299,335,3372,81.30553272093194,63.966259228554364,0.9451697127937336,0.0,1.0,0.0,0.0,0.0,0.0,0.0,0.0,0.0,0.0,0.0,0.0,0.0,0.0,0.0,0.0,0.0
208,Zircon,1.0,5090,80.5033495123152,307.45442043222005,133.37190569744598,256,100,366,170,100.2220355746393,66.06111859904215,0.9010444326429456,0.0,1.0,0.0,0.0,0.0,0.0,0.0,0.0,0.0,0.0,0.0,0.0,0.0,0.0,0.0,0.0,0.0
209,Zircon,1.0,3736,68.96972480103547,310.7398286937902,2942.1244646680943,271,2904,352,2979,78.31383310054318,62.855721920610236,0.9429581019687027,0.0,1.0,0.0,0.0,0.0,0.0,0.0,0.0,0.0,0.0,0.0,0.0,0.0,0.0,0.0,0.0,0.0
210,Zircon,1.0,5919,86.81189357045167,299.9388410204426,1034.9998310525427,243,988,346,1089,92.49703763992409,88.35129106061153,0.8553468208092485,0.0,1.0,0.0,0.0,0.0,0.0,0.0,0.0,0.0,0.0,0.0,0.0,0.0,0.0,0.0,0.0,0.0
211,Rutile,1.0,702,29.896724911001275,305.0997150997151,2855.6823361823363,281,2847,328,2868,45.98394676066605,19.89514880546431,0.936,0.0,0.0,1.0,0.0,0.0,0.0,0.0,0.0,0.0,0.0,0.0,0.0,0.0,0.0,0.0,0.0,0.0
212,Zircon,1.0,990,35.50362163621919,310.3515151515152,1712.1030303030302,292,1691,331,1731,40.55171531366787,32.57149741551266,0.8792184724689165,0.0,1.0,0.0,0.0,0.0,0.0,0.0,0.0,0.0,0.0,0.0,0.0,0.0,0.0,0.0,0.0,0.0
213,Rutile,1.0,1231,39.58987092134787,315.9634443541836,2832.718115353371,287,2814,340,2853,51.07094254632063,34.23149286745801,0.8228609625668449,0.0,0.0,1.0,0.0,0.0,0.0,0.0,0.0,0.0,0.0,0.0,0.0,0.0,0.0,0.0,0.0,0.0
215,Zircon,1.0,6618,91.79487625710547,311.1621335750982,2493.4289815654274,265,2424,363,2552,112.27608326073201,83.68053569508545,0.8243647234678625,0.0,1.0,0.0,0.0,0.0,0.0,0.0,0.0,0.0,0.0,0.0,0.0,0.0,0.0,0.0,0.0,0.0
216,Zircon,1.0,3154,63.370320530155944,313.7526949904883,1617.3173747622068,272,1590,354,1647,81.22765288231112,51.04230752815002,0.8899548532731377,0.0,1.0,0.0,0.0,0.0,0.0,0.0,0.0,0.0,0.0,0.0,0.0,0.0,0.0,0.0,0.0,0.0
217,Zircon,1.0,3273,64.55472895085369,318.0369691414604,3626.273754964864,287,3592,349,3661,73.28456371390551,59.154664252780385,0.9068994181213632,0.0,1.0,0.0,0.0,0.0,0.0,0.0,0.0,0.0,0.0,0.0,0.0,0.0,0.0,0.0,0.0,0.0
218,Zircon,0.9909679361734156,6643,91.96809390041574,299.69697425861807,4339.590245371067,237,4295,353,4393,132.5709348556017,74.23191013540365,0.8254224652087475,0.0,0.9909679361734156,0.0,0.0,0.0,0.0,0.0,0.0,0.0,0.0,0.0,0.0,0.0,0.0,0.0,0.0,0.009032063826584374
219,Zircon,1.0,3721,68.83112919282627,328.06799247514107,3249.4810534802473,294,3202,360,3295,104.84433683074386,47.52392285237975,0.8728594886230354,0.0,1.0,0.0,0.0,0.0,0.0,0.0,0.0,0.0,0.0,0.0,0.0,0.0,0.0,0.0,0.0,0.0
220,Zircon,1.0,2320,54.34993784527796,320.7853448275862,951.7883620689655,292,918,348,983,61.62464283557324,50.28941616430491,0.8964451313755796,0.0,1.0,0.0,0.0,0.0,0.0,0.0,0.0,0.0,0.0,0.0,0.0,0.0,0.0,0.0,0.0,0.0
221,Zircon,1.0,11074,118.74280912289885,308.5664619830233,1181.2227740653784,235,1123,381,1246,163.0145004467229,90.01996410655954,0.9266945606694561,0.0,1.0,0.0,0.0,0.0,0.0,0.0,0.0,0.0,0.0,0.0,0.0,0.0,0.0,0.0,0.0,0.0
222,Rutile,1.0,584,27.26851470332286,322.10445205479454,714.7054794520548,307,704,337,730,31.224267676917584,25.061085554048713,0.8768768768768769,0.0,0.0,1.0,0.0,0.0,0.0,0.0,0.0,0.0,0.0,0.0,0.0,0.0,0.0,0.0,0.0,0.0
223,Zircon,1.0,578,27.128075067297424,323.03287197231833,1365.1608996539792,306,1348,335,1379,36.13261364370067,23.65662573201639,0.8257142857142857,0.0,1.0,0.0,0.0,0.0,0.0,0.0,0.0,0.0,0.0,0.0,0.0,0.0,0.0,0.0,0.0,0.0
224,Rutile,1.0,669,29.185565874723483,323.1539611360239,690.8908819133035,303,678,342,704,39.488359583519355,24.02722326000011,0.8178484107579462,0.0,0.0,1.0,0.0,0.0,0.0,0.0,0.0,0.0,0.0,0.0,0.0,0.0,0.0,0.0,0.0,0.0
225,Zircon,1.0,6343,89.86744923639002,335.7553208261075,3864.1775185243578,298,3796,377,3930,138.58737052223682,62.57280018582999,0.9062723246178025,0.0,1.0,0.0,0.0,0.0,0.0,0.0,0.0,0.0,0.0,0.0,0.0,0.0,0.0,0.0,0.0,0.0
226,Zircon,1.0,2989,61.69046116875283,321.9113415858146,3779.824355971897,293,3750,360,3814,73.80587089823418,53.714551402367704,0.9222462203023758,0.0,1.0,0.0,0.0,0.0,0.0,0.0,0.0,0.0,0.0,0.0,0.0,0.0,0.0,0.0,0.0,0.0
227,Zircon,1.0,2714,58.784114558367136,329.0,4110.212232866617,299,4075,362,4148,68.83003892567234,52.039705960240134,0.8930569266205989,0.0,1.0,0.0,0.0,0.0,0.0,0.0,0.0,0.0,0.0,0.0,0.0,0.0,0.0,0.0,0.0,0.0
228,Zircon,0.9339334757400061,6554,91.34994239841784,333.4546841623436,2732.807445834605,287,2682,378,2787,100.8200267899692,85.02281936380201,0.9563694732234058,0.0,0.9339334757400061,0.0,0.0,0.0,0.0,0.0,0.0,0.0,0.0,0.0,0.0,0.0,0.0,0.0,0.0,0.0660665242599939
229,Zircon,1.0,1560,44.56740613707347,334.65576923076924,3737.4365384615385,304,3717,361,3753,57.384958585912436,36.32320751025107,0.9707529558182949,0.0,1.0,0.0,0.0,0.0,0.0,0.0,0.0,0.0,0.0,0.0,0.0,0.0,0.0,0.0,0.0,0.0
230,Zircon,1.0,6516,91.08473457991916,342.25644567219155,816.6206261510129,294,773,404,864,102.8665420180452,82.52992345013504,0.9295292439372326,0.0,1.0,0.0,0.0,0.0,0.0,0.0,0.0,0.0,0.0,0.0,0.0,0.0,0.0,0.0,0.0,0.0
231,Zircon,1.0,8338,103.03529164321218,334.05504917246344,2611.738186615495,278,2561,394,2670,124.9800292374153,88.29741794960354,0.9049272845669634,0.0,1.0,0.0,0.0,0.0,0.0,0.0,0.0,0.0,0.0,0.0,0.0,0.0,0.0,0.0,0.0,0.0
232,Zircon,1.0,5576,84.25902741809489,335.38952654232423,3420.480451936872,297,3372,379,3473,103.24079044396538,70.50350835934591,0.925938226502823,0.0,1.0,0.0,0.0,0.0,0.0,0.0,0.0,0.0,0.0,0.0,0.0,0.0,0.0,0.0,0.0,0.0
233,Zircon,1.0,5207,81.42332779637536,345.2873055502209,1478.5496447090454,304,1430,394,1519,91.86268428731464,75.74756181324743,0.9248667850799289,0.0,1.0,0.0,0.0,0.0,0.0,0.0,0.0,0.0,0.0,0.0,0.0,0.0,0.0,0.0,0.0,0.0
234,Zircon,1.0,4062,71.91591639348157,344.9387001477105,3050.9647956671593,303,3018,384,3090,87.38918141367,60.59659338500888,0.9468531468531468,0.0,1.0,0.0,0.0,0.0,0.0,0.0,0.0,0.0,0.0,0.0,0.0,0.0,0.0,0.0,0.0,0.0
235,Zircon,1.0,3392,65.71779466584124,350.0229952830189,2151.073113207547,312,2109,392,2191,103.48455821830255,43.41488478824062,0.8615697231394462,0.0,1.0,0.0,0.0,0.0,0.0,0.0,0.0,0.0,0.0,0.0,0.0,0.0,0.0,0.0,0.0,0.0
236,Zircon,1.0,2505,56.475349131825496,342.26586826347307,4572.310179640718,306,4542,380,4605,67.45900066254873,49.50013304550635,0.9340044742729307,0.0,1.0,0.0,0.0,0.0,0.0,0.0,0.0,0.0,0.0,0.0,0.0,0.0,0.0,0.0,0.0,0.0
237,Zircon,1.0,207,16.23454913941803,341.32367149758454,1677.0144927536232,332,1665,352,1685,22.225827812942008,16.003159735482956,0.7040816326530612,0.0,1.0,0.0,0.0,0.0,0.0,0.0,0.0,0.0,0.0,0.0,0.0,0.0,0.0,0.0,0.0,0.0
238,Zircon,1.0,2043,51.002239067456024,348.7523250122369,2368.9202153695546,327,2340,374,2397,58.344212523833676,45.87893178630335,0.9186151079136691,0.0,1.0,0.0,0.0,0.0,0.0,0.0,0.0,0.0,0.0,0.0,0.0,0.0,0.0,0.0,0.0,0.0
239,Zircon,1.0,2090,51.585566280661205,351.51626794258374,2420.8684210526317,326,2395,377,2448,56.31645581854721,48.66335348982157,0.9035884133160398,0.0,1.0,0.0,0.0,0.0,0.0,0.0,0.0,0.0,0.0,0.0,0.0,0.0,0.0,0.0,0.0,0.0
240,Zircon,1.0,5174,81.16490254081336,353.19269424043296,617.6408967916506,323,568,389,671,104.94617123198984,64.41301797180874,0.9139727963257375,0.0,1.0,0.0,0.0,0.0,0.0,0.0,0.0,0.0,0.0,0.0,0.0,0.0,0.0,0.0,0.0,0.0
241,Zircon,1.0,3531,67.05079292938943,352.67034834324556,516.9824412347776,325,478,389,555,78.56218724187342,60.375043723662806,0.9128748707342296,0.0,1.0,0.0,0.0,0.0,0.0,0.0,0.0,0.0,0.0,0.0,0.0,0.0,0.0,0.0,0.0,0.0
242,Zircon,1.0,2792,59.62285475302717,358.5007163323782,2099.5755730659025,328,2068,390,2141,69.69684502387301,51.876649580111234,0.9232804232804233,0.0,1.0,0.0,0.0,0.0,0.0,0.0,0.0,0.0,0.0,0.0,0.0,0.0,0.0,0.0,0.0,0.0
243,Quartz,1.0,1238,39.702273944726784,358.4410339256866,4411.114701130856,338,4389,380,4435,42.04392822535764,38.77406443032672,0.8977519941986947,0.0,0.0,0.0,0.0,0.0,0.0,1.0,0.0,0.0,0.0,0.0,0.0,0.0,0.0,0.0,0.0,0.0
244,Zircon,1.0,5499,83.67523084221914,371.93544280778326,3543.4997272231317,317,3512,424,3580,108.05722839084277,67.25151583054253,0.9126970954356847,0.0,1.0,0.0,0.0,0.0,0.0,0.0,0.0,0.0,0.0,0.0,0.0,0.0,0.0,0.0,0.0,0.0
245,Zircon,1.0,4383,74.70347330997548,361.7729865389003,416.83413187314625,312,376,413,454,99.71123265391125,58.76528745591235,0.9287984742530198,0.0,1.0,0.0,0.0,0.0,0.0,0.0,0.0,0.0,0.0,0.0,0.0,0.0,0.0,0.0,0.0,0.0
246,Zircon,1.0,1788,47.71322988424144,368.6577181208054,3299.1040268456377,343,3274,394,3326,49.65698310828763,46.50835143697767,0.9541088580576307,0.0,1.0,0.0,0.0,0.0,0.0,0.0,0.0,0.0,0.0,0.0,0.0,0.0,0.0,0.0,0.0,0.0
247,Zircon,1.0,4796,78.14382161469862,367.93265221017515,2240.507714762302,329,2189,402,2286,98.05028972847316,66.4670368940813,0.8969515616233402,0.0,1.0,0.0,0.0,0.0,0.0,0.0,0.0,0.0,0.0,0.0,0.0,0.0,0.0,0.0,0.0,0.0
248,Zircon,1.0,5089,80.49544113275759,363.2261741010022,4480.531931617214,318,4434,405,4526,98.1301405629311,67.92205032795597,0.9128251121076233,0.0,1.0,0.0,0.0,0.0,0.0,0.0,0.0,0.0,0.0,0.0,0.0,0.0,0.0,0.0,0.0,0.0
249,Rutile,1.0,2635,57.922242708454874,377.83946869070206,1981.5184060721062,346,1946,411,2016,66.90950078999079,53.745598738181094,0.8357120202981287,0.0,0.0,1.0,0.0,0.0,0.0,0.0,0.0,0.0,0.0,0.0,0.0,0.0,0.0,0.0,0.0,0.0
250,Zircon,1.0,522,25.780439141949365,362.88122605363986,4697.798850574713,343,4685,377,4707,36.60591667110053,20.147531939000814,0.9371633752244165,0.0,1.0,0.0,0.0,0.0,0.0,0.0,0.0,0.0,0.0,0.0,0.0,0.0,0.0,0.0,0.0,0.0
251,Zircon,1.0,398,22.511093682995384,374.76884422110555,1674.0628140703518,359,1662,390,1684,30.01669312904928,19.193531039405517,0.7683397683397684,0.0,1.0,0.0,0.0,0.0,0.0,0.0,0.0,0.0,0.0,0.0,0.0,0.0,0.0,0.0,0.0,0.0
252,Rutile,1.0,2004,50.51308788471822,380.5963073852295,1233.6142714570858,354,1209,414,1260,57.30496095963035,46.862091046467405,0.8926503340757238,0.0,0.0,1.0,0.0,0.0,0.0,0.0,0.0,0.0,0.0,0.0,0.0,0.0,0.0,0.0,0.0,0.0
253,Zircon,1.0,491,25.003212122944625,387.85947046843177,4696.348268839104,377,4684,404,4707,29.27960449901153,22.87556123539566,0.9761431411530815,0.0,1.0,0.0,0.0,0.0,0.0,0.0,0.0,0.0,0.0,0.0,0.0,0.0,0.0,0.0,0.0,0.0
254,Zircon,1.0,3278,64.60401866480028,378.2672361195851,1559.2181208053692,337,1533,422,1590,84.3341312874295,52.71946114924954,0.8503242542153048,0.0,1.0,0.0,0.0,0.0,0.0,0.0,0.0,0.0,0.0,0.0,0.0,0.0,0.0,0.0,0.0,0.0
255,Zircon,1.0,11411,120.53603795119923,386.176846902112,1749.6551573043555,308,1680,455,1820,158.42380858109908,100.27984850288001,0.9020553359683795,0.0,1.0,0.0,0.0,0.0,0.0,0.0,0.0,0.0,0.0,0.0,0.0,0.0,0.0,0.0,0.0,0.0
256,Zircon,0.941639813820265,5586,84.33454865528492,386.44253490870034,3660.3965270318654,338,3609,434,3711,95.74645183002892,78.14348060349543,0.8917624521072797,0.0,0.941639813820265,0.0,0.0,0.0,0.0,0.0,0.0,0.0,0.0,0.0,0.0,0.0,0.0,0.0,0.0,0.058360186179735055
257,Zircon,1.0,1370,41.76527476609214,375.6262773722628,350.87226277372264,349,324,397,374,54.54097131245482,36.079572987774,0.8435960591133005,0.0,1.0,0.0,0.0,0.0,0.0,0.0,0.0,0.0,0.0,0.0,0.0,0.0,0.0,0.0,0.0,0.0
258,Zircon,1.0,4751,77.77635294250275,388.9193853925489,1856.9629551673331,336,1814,428,1896,95.40157972830218,66.75965633712717,0.9279296875,0.0,1.0,0.0,0.0,0.0,0.0,0.0,0.0,0.0,0.0,0.0,0.0,0.0,0.0,0.0,0.0,0.0
259,Unknown,1.0,108,11.726460285670077,388.52777777777777,4086.203703703704,381,4079,395,4096,20.71425674804963,8.075039410268483,0.7605633802816901,0.0,0.0,0.0,0.0,0.0,0.0,0.0,0.0,0.0,0.0,0.0,0.0,0.0,0.0,0.0,0.0,1.0
260,Unknown,1.0,548,26.414679072721462,392.7609489051095,1638.536496350365,382,1618,405,1661,42.60802544654632,17.244487635503877,0.8643533123028391,0.0,0.0,0.0,0.0,0.0,0.0,0.0,0.0,0.0,0.0,0.0,0.0,0.0,0.0,0.0,0.0,1.0
261,Zircon,1.0,1526,44.07906016767892,407.45281782437746,353.2437745740498,391,327,431,384,51.208408160277706,41.0314528900095,0.9126794258373205,0.0,1.0,0.0,0.0,0.0,0.0,0.0,0.0,0.0,0.0,0.0,0.0,0.0,0.0,0.0,0.0,0.0
262,Zircon,1.0,4643,76.88726296471582,391.84234331251344,2916.6377342235623,354,2879,433,2958,78.17450862847451,76.51355788202686,0.9541718043567612,0.0,1.0,0.0,0.0,0.0,0.0,0.0,0.0,0.0,0.0,0.0,0.0,0.0,0.0,0.0,0.0,0.0
263,Zircon,1.0,212,16.42944866646031,394.7877358490566,4659.698113207547,386,4647,402,4671,27.01401484594119,10.915964192052835,0.8688524590163934,0.0,1.0,0.0,0.0,0.0,0.0,0.0,0.0,0.0,0.0,0.0,0.0,0.0,0.0,0.0,0.0,0.0
264,Zircon,1.0,4344,74.37037435921341,393.1611418047882,3472.4019337016575,356,3430,437,3513,80.20574404629025,70.26763911149611,0.9441425777004999,0.0,1.0,0.0,0.0,0.0,0.0,0.0,0.0,0.0,0.0,0.0,0.0,0.0,0.0,0.0,0.0,0.0
265,Zircon,0.9934420418291386,16926,146.8020862732794,391.69142148174404,3989.5882665721374,307,3916,472,4069,155.41006356852117,142.74374033362622,0.8942307692307693,0.0,0.9934420418291386,0.0,0.0,0.0,0.0,0.0,0.0,0.0,0.0,0.0,0.0,0.0,0.0,0.0,0.0,0.006557958170861397
266,Zircon,1.0,4045,71.76526986261345,387.90951792336216,973.1535228677379,347,936,429,1008,85.81800353740178,62.72685498675579,0.8749729612805538,0.0,1.0,0.0,0.0,0.0,0.0,0.0,0.0,0.0,0.0,0.0,0.0,0.0,0.0,0.0,0.0,0.0
267,Zircon,1.0,2448,55.82911790017533,398.32883986928107,1116.796568627451,367,1081,426,1149,64.39148132097766,50.59972076669304,0.9023221525985994,0.0,1.0,0.0,0.0,0.0,0.0,0.0,0.0,0.0,0.0,0.0,0.0,0.0,0.0,0.0,0.0,0.0
268,Zircon,1.0,3119,63.017728775551504,398.04713049054186,1428.7178582879128,366,1392,431,1465,70.70241507548263,58.433458820007935,0.9214180206794682,0.0,1.0,0.0,0.0,0.0,0.0,0.0,0.0,0.0,0.0,0.0,0.0,0.0,0.0,0.0,0.0,0.0
269,Zircon,1.0,2260,53.642533227854436,381.9451327433628,3123.495132743363,351,3092,419,3147,62.59720471331962,49.946713202622064,0.9198209198209198,0.0,1.0,0.0,0.0,0.0,0.0,0.0,0.0,0.0,0.0,0.0,0.0,0.0,0.0,0.0,0.0,0.0
270,Zircon,1.0,2539,56.857323222981385,409.0279637652619,108.05671524222134,372,90,452,144,77.31289850925383,48.01171900040803,0.8659618008185539,0.0,1.0,0.0,0.0,0.0,0.0,0.0,0.0,0.0,0.0,0.0,0.0,0.0,0.0,0.0,0.0,0.0
271,Zircon,1.0,3343,65.24139635269657,427.335028417589,3094.7750523481905,385,3058,469,3135,79.13950663307308,57.84041268001463,0.8685372824110158,0.0,1.0,0.0,0.0,0.0,0.0,0.0,0.0,0.0,0.0,0.0,0.0,0.0,0.0,0.0,0.0,0.0
272,Zircon,1.0,603,27.70854462932514,399.85406301824213,4415.93864013267,383,4401,421,4430,40.537108358891565,19.65920812129121,0.8739130434782608,0.0,1.0,0.0,0.0,0.0,0.0,0.0,0.0,0.0,0.0,0.0,0.0,0.0,0.0,0.0,0.0,0.0
273,Zircon,1.0,4565,76.2386943862237,400.3671412924425,3003.4626506024097,358,2964,437,3048,88.05482628867954,67.61337400924873,0.9550209205020921,0.0,1.0,0.0,0.0,0.0,0.0,0.0,0.0,0.0,0.0,0.0,0.0,0.0,0.0,0.0,0.0,0.0
274,Zircon,1.0,1041,36.40662530459675,407.04707012487995,2638.265129682997,387,2616,429,2661,46.5509038078621,29.380265265722404,0.9480874316939891,0.0,1.0,0.0,0.0,0.0,0.0,0.0,0.0,0.0,0.0,0.0,0.0,0.0,0.0,0.0,0.0,0.0
275,Orthoclase,1.0,2340,54.58370209760676,405.85726495726493,4279.132051282051,376,4243,428,4315,67.05749631722024,50.88099103317241,0.8941536110049675,0.0,0.0,0.0,0.0,0.0,0.0,0.0,0.0,1.0,0.0,0.0,0.0,0.0,0.0,0.0,0.0,0.0
276,Zircon,1.0,4482,75.5424360177973,413.3206157965194,2396.889558232932,375,2350,453,2448,100.2603669841396,59.53370963975782,0.9089434191847495,0.0,1.0,0.0,0.0,0.0,0.0,0.0,0.0,0.0,0.0,0.0,0.0,0.0,0.0,0.0,0.0,0.0
277,Zircon,1.0,5280,81.99210203551108,407.1030303030303,4368.782575757576,360,4331,452,4407,95.14873826373417,72.1306297888989,0.9477652127086699,0.0,1.0,0.0,0.0,0.0,0.0,0.0,0.0,0.0,0.0,0.0,0.0,0.0,0.0,0.0,0.0,0.0
278,Zircon,1.0,1448,42.937755656025104,411.58977900552486,1166.7437845303868,386,1148,438,1186,52.41919732376918,35.37875323624538,0.9390402075226978,0.0,1.0,0.0,0.0,0.0,0.0,0.0,0.0,0.0,0.0,0.0,0.0,0.0,0.0,0.0,0.0,0.0
279,Zircon,1.0,333,20.590987552733093,411.3033033033033,4635.411411411412,399,4623,426,4650,30.75010494960295,16.299522481351403,0.7762237762237763,0.0,1.0,0.0,0.0,0.0,0.0,0.0,0.0,0.0,0.0,0.0,0.0,0.0,0.0,0.0,0.0,0.0
280,Zircon,1.0,2807,59.782801892112765,391.8877805486284,1307.3526897043107,361,1274,424,1348,83.62946700256376,45.46947398360609,0.8860479797979798,0.0,1.0,0.0,0.0,0.0,0.0,0.0,0.0,0.0,0.0,0.0,0.0,0.0,0.0,0.0,0.0,0.0
282,Zircon,1.0,3482,66.58393270728185,432.7808730614589,1290.8552556002298,400,1244,461,1340,89.64233179665696,52.96273429613629,0.8625216745107753,0.0,1.0,0.0,0.0,0.0,0.0,0.0,0.0,0.0,0.0,0.0,0.0,0.0,0.0,0.0,0.0,0.0
283,Zircon,1.0,3810,69.64942688522979,419.1015748031496,1931.6569553805775,375,1893,463,1966,83.72156628134846,59.7789317227363,0.9361179361179361,0.0,1.0,0.0,0.0,0.0,0.0,0.0,0.0,0.0,0.0,0.0,0.0,0.0,0.0,0.0,0.0,0.0
284,Zircon,1.0,3321,65.02636794459211,422.1788617886179,3262.106594399277,392,3226,461,3307,89.50654502871772,50.63971732355384,0.9168967421314191,0.0,1.0,0.0,0.0,0.0,0.0,0.0,0.0,0.0,0.0,0.0,0.0,0.0,0.0,0.0,0.0,0.0
285,Zircon,1.0,671,29.229158977248975,408.51862891207156,2139.2637853949327,398,2120,419,2161,39.40998193964629,22.28697179657249,0.9424157303370787,0.0,1.0,0.0,0.0,0.0,0.0,0.0,0.0,0.0,0.0,0.0,0.0,0.0,0.0,0.0,0.0,0.0
286,Zircon,1.0,841,32.722995845769866,428.50059453032105,2141.97146254459,419,2118,444,2169,50.48324441334728,23.13419947905223,0.8599182004089979,0.0,1.0,0.0,0.0,0.0,0.0,0.0,0.0,0.0,0.0,0.0,0.0,0.0,0.0,0.0,0.0,0.0
287,Zircon,1.0,4800,78.17640190446718,419.581875,198.94791666666666,371,168,471,225,103.1955693409693,61.5007626730386,0.9801919542577088,0.0,1.0,0.0,0.0,0.0,0.0,0.0,0.0,0.0,0.0,0.0,0.0,0.0,0.0,0.0,0.0,0.0
288,Zircon,1.0,8003,100.94422260097656,424.11083343746094,269.0298638010746,369,225,472,336,119.22300028101364,93.422513891817,0.9207317073170732,0.0,1.0,0.0,0.0,0.0,0.0,0.0,0.0,0.0,0.0,0.0,0.0,0.0,0.0,0.0,0.0,0.0
289,Zircon,1.0,5607,84.49292353404549,429.6326021045122,2064.8312823256642,384,2026,486,2104,104.51889210574838,71.92681285127247,0.8809112333071485,0.0,1.0,0.0,0.0,0.0,0.0,0.0,0.0,0.0,0.0,0.0,0.0,0.0,0.0,0.0,0.0,0.0
290,Zircon,1.0,3709,68.72005145096094,412.9050957131302,3745.904286869776,368,3709,452,3780,85.92327903103086,59.617980403455014,0.8267944716897013,0.0,1.0,0.0,0.0,0.0,0.0,0.0,0.0,0.0,0.0,0.0,0.0,0.0,0.0,0.0,0.0,0.0
291,Rutile,1.0,3550,67.23094811029982,424.50901408450704,2820.259718309859,376,2795,465,2852,85.14813050118546,58.762322331180634,0.8756783423778983,0.0,0.0,1.0,0.0,0.0,0.0,0.0,0.0,0.0,0.0,0.0,0.0,0.0,0.0,0.0,0.0,0.0
292,Zircon,1.0,2961,61.400832990773154,419.1658223573117,3849.548125633232,375,3815,464,3879,86.73962686071178,50.21569726348791,0.7889688249400479,0.0,1.0,0.0,0.0,0.0,0.0,0.0,0.0,0.0,0.0,0.0,0.0,0.0,0.0,0.0,0.0,0.0
293,Quartz,1.0,1870,48.7950606993654,436.5336898395722,1203.6604278074867,413,1177,462,1237,62.12658148319556,40.40743240570191,0.9077669902912622,0.0,0.0,0.0,0.0,0.0,0.0,1.0,0.0,0.0,0.0,0.0,0.0,0.0,0.0,0.0,0.0,0.0
294,Zircon,1.0,12861,127.96536166025136,448.2040276805847,733.3617914625612,366,663,533,801,162.42597313779137,105.63209905544763,0.9153085189666216,0.0,1.0,0.0,0.0,0.0,0.0,0.0,0.0,0.0,0.0,0.0,0.0,0.0,0.0,0.0,0.0,0.0
295,Zircon,1.0,3407,65.8629420001316,434.6037569709422,871.6113883181685,399,836,476,914,68.09945719355173,67.35480837576608,0.9383090057835307,0.0,1.0,0.0,0.0,0.0,0.0,0.0,0.0,0.0,0.0,0.0,0.0,0.0,0.0,0.0,0.0,0.0
296,Zircon,1.0,4621,76.70488860705807,433.84462237610904,2756.507682319844,390,2715,477,2796,79.85894544351167,76.18426166601125,0.9214356929212363,0.0,1.0,0.0,0.0,0.0,0.0,0.0,0.0,0.0,0.0,0.0,0.0,0.0,0.0,0.0,0.0,0.0
297,Zircon,1.0,9312,108.8871279838615,435.88853092783506,2503.3446091065293,369,2451,503,2557,126.70149235570724,95.56111529604507,0.93147944383315,0.0,1.0,0.0,0.0,0.0,0.0,0.0,0.0,0.0,0.0,0.0,0.0,0.0,0.0,0.0,0.0,0.0
298,Zircon,0.972568578553616,2005,50.525689378711114,431.7795511221945,4603.760099750623,400,4579,460,4629,65.07260435639303,40.889991816014394,0.9286706808707735,0.0,0.972568578553616,0.0,0.0,0.0,0.0,0.0,0.0,0.0,0.0,0.0,0.0,0.0,0.0,0.0,0.0,0.02743142144638404
299,Zircon,1.0,2423,55.54331118049499,440.50144449030125,1999.5282707387537,414,1973,470,2030,61.69322500142336,52.87240836640151,0.8740981240981242,0.0,1.0,0.0,0.0,0.0,0.0,0.0,0.0,0.0,0.0,0.0,0.0,0.0,0.0,0.0,0.0,0.0
300,Zircon,1.0,3643,68.10588565953898,439.7817732637936,1524.6082898709853,398,1483,482,1572,107.87181010076732,44.10091196704532,0.9314753260035796,0.0,1.0,0.0,0.0,0.0,0.0,0.0,0.0,0.0,0.0,0.0,0.0,0.0,0.0,0.0,0.0,0.0
301,Zircon,0.9338028169014084,1420,42.52058505622813,443.5669014084507,4138.655633802817,417,4118,469,4169,51.072241454608346,39.38771816252307,0.8289550496205488,0.06619718309859154,0.9338028169014084,0.0,0.0,0.0,0.0,0.0,0.0,0.0,0.0,0.0,0.0,0.0,0.0,0.0,0.0,0.0
302,Zircon,1.0,535,26.099485750361293,442.414953271028,1353.2542056074767,418,1339,465,1373,55.99845416512348,12.744620248706495,0.8573717948717948,0.0,1.0,0.0,0.0,0.0,0.0,0.0,0.0,0.0,0.0,0.0,0.0,0.0,0.0,0.0,0.0,0.0
303,Zircon,1.0,723,30.340603007249587,455.7786998616874,1648.32918395574,438,1630,478,1671,53.01634647132812,19.6411790118765,0.7927631578947368,0.0,1.0,0.0,0.0,0.0,0.0,0.0,0.0,0.0,0.0,0.0,0.0,0.0,0.0,0.0,0.0,0.0
304,Zircon,1.0,2132,52.10131197364772,450.530487804878,1127.5825515947467,428,1100,475,1160,61.395579108816065,47.06935971076855,0.8656110434429557,0.0,1.0,0.0,0.0,0.0,0.0,0.0,0.0,0.0,0.0,0.0,0.0,0.0,0.0,0.0,0.0,0.0
305,Rutile,0.9788293897882939,5621,84.59834206978498,446.4111368083971,3594.751111901797,410,3544,485,3644,100.69029750568522,72.2090943920805,0.9405957161981259,0.0,0.0,0.9788293897882939,0.008183597224693116,0.0,0.0,0.0,0.0,0.0,0.0,0.0,0.0,0.0,0.0,0.0,0.0,0.012987012987012988
306,Zircon,1.0,2166,52.51511071964299,452.7950138504155,4691.700369344414,415,4667,497,4707,80.39641379745191,38.37511597990173,0.9280205655526992,0.0,1.0,0.0,0.0,0.0,0.0,0.0,0.0,0.0,0.0,0.0,0.0,0.0,0.0,0.0,0.0,0.0
307,Zircon,1.0,1720,46.797136845585754,456.3255813953488,1400.9552325581396,424,1382,492,1423,61.930811892988345,38.125983350206674,0.8402540302882266,0.0,1.0,0.0,0.0,0.0,0.0,0.0,0.0,0.0,0.0,0.0,0.0,0.0,0.0,0.0,0.0,0.0
308,Zircon,1.0,6968,94.1909398387903,452.6374856486797,589.873708381171,405,536,499,644,103.68809280522183,87.18691516127163,0.9249966812690827,0.0,1.0,0.0,0.0,0.0,0.0,0.0,0.0,0.0,0.0,0.0,0.0,0.0,0.0,0.0,0.0,0.0
309,Orthoclase,1.0,515,25.60699837034026,446.59417475728156,461.0893203883495,426,449,466,473,39.83070127545128,17.61649310361993,0.867003367003367,0.0,0.0,0.0,0.0,0.0,0.0,0.0,0.0,1.0,0.0,0.0,0.0,0.0,0.0,0.0,0.0,0.0
310,Rutile,0.9848726114649682,3768,69.26446855756632,452.6918789808917,2258.295116772824,418,2223,498,2298,77.61364680948968,68.00673728204382,0.8886792452830189,0.015127388535031847,0.0,0.9848726114649682,0.0,0.0,0.0,0.0,0.0,0.0,0.0,0.0,0.0,0.0,0.0,0.0,0.0,0.0
311,Zircon,1.0,3224,64.06968309759434,461.6978908188586,4268.590570719603,429,4240,500,4300,71.9904385479184,59.96337656793093,0.9185185185185185,0.0,1.0,0.0,0.0,0.0,0.0,0.0,0.0,0.0,0.0,0.0,0.0,0.0,0.0,0.0,0.0,0.0
312,Orthoclase,1.0,478,24.669991941291908,462.4811715481172,472.0774058577406,447,456,476,485,27.980653682019074,23.948215915634783,0.867513611615245,0.0,0.0,0.0,0.0,0.0,0.0,0.0,0.0,1.0,0.0,0.0,0.0,0.0,0.0,0.0,0.0,0.0
313,Orthoclase,1.0,1211,39.26694651579471,464.8909991742362,1896.931461601982,441,1875,492,1919,55.57506579583363,30.257561831190223,0.8340220385674931,0.0,0.0,0.0,0.0,0.0,0.0,0.0,0.0,1.0,0.0,0.0,0.0,0.0,0.0,0.0,0.0,0.0
314,Rutile,1.0,1373,41.81097816269524,460.41005098324837,2145.9286234522942,442,2118,477,2179,62.53650787799334,29.522117547055522,0.8790012804097311,0.0,0.0,1.0,0.0,0.0,0.0,0.0,0.0,0.0,0.0,0.0,0.0,0.0,0.0,0.0,0.0,0.0
315,Quartz,1.0,944,34.668979365276876,460.36970338983053,3683.491525423729,444,3663,479,3702,36.03507792446959,34.22973781447291,0.899904671115348,0.0,0.0,0.0,0.0,0.0,0.0,1.0,0.0,0.0,0.0,0.0,0.0,0.0,0.0,0.0,0.0,0.0
316,Zircon,1.0,2936,61.141077054157606,457.5575613079019,2883.894414168937,433,2840,489,2927,89.56016330352988,43.07561613110294,0.93891909178126,0.0,1.0,0.0,0.0,0.0,0.0,0.0,0.0,0.0,0.0,0.0,0.0,0.0,0.0,0.0,0.0,0.0
317,Zircon,1.0,3542,67.15515220332648,462.4223602484472,4487.450028232637,424,4454,496,4524,76.32258648159785,61.24870589905081,0.9252873563218391,0.0,1.0,0.0,0.0,0.0,0.0,0.0,0.0,0.0,0.0,0.0,0.0,0.0,0.0,0.0,0.0,0.0
318,Zircon,1.0,2338,54.56037074279106,462.05346449957227,1004.8190761334474,433,972,488,1043,76.86540290309807,40.135091468684514,0.9002695417789758,0.0,1.0,0.0,0.0,0.0,0.0,0.0,0.0,0.0,0.0,0.0,0.0,0.0,0.0,0.0,0.0,0.0
319,Zircon,1.0,2312,54.25615013459485,468.1600346020761,3526.2954152249135,431,3500,507,3548,77.28478036783473,40.45644264959132,0.8322534197264219,0.0,1.0,0.0,0.0,0.0,0.0,0.0,0.0,0.0,0.0,0.0,0.0,0.0,0.0,0.0,0.0,0.0
320,Zircon,0.9917344354086122,7501,97.7270168636005,468.992800959872,393.57285695240637,429,335,513,451,114.67945316508542,83.99916360341572,0.9508175941183927,0.0,0.9917344354086122,0.0,0.0,0.0,0.0,0.0,0.0,0.0,0.0,0.0,0.0,0.0,0.0,0.0,0.0,0.008265564591387815
321,Zircon,1.0,4265,73.69102155822966,474.5310668229777,3479.0232121922627,435,3439,514,3511,82.14058714764813,69.29712093626623,0.9332603938730853,0.0,1.0,0.0,0.0,0.0,0.0,0.0,0.0,0.0,0.0,0.0,0.0,0.0,0.0,0.0,0.0,0.0
322,Quartz,1.0,934,34.484862400517734,470.245182012848,1844.1734475374733,447,1824,487,1865,36.86182229813508,35.49374185867557,0.878645343367827,0.0,0.0,0.0,0.0,0.0,0.0,1.0,0.0,0.0,0.0,0.0,0.0,0.0,0.0,0.0,0.0,0.0
323,Zircon,1.0,2676,58.37113174944697,472.7178624813154,1766.727952167414,440,1733,504,1803,63.795009672687186,55.141689499320265,0.8940862011359839,0.0,1.0,0.0,0.0,0.0,0.0,0.0,0.0,0.0,0.0,0.0,0.0,0.0,0.0,0.0,0.0,0.0
325,Zircon,1.0,1877,48.886303045616984,486.48854555141185,102.85988279168886,448,90,526,121,76.32402545633107,33.032616682856926,0.9745586708203531,0.0,1.0,0.0,0.0,0.0,0.0,0.0,0.0,0.0,0.0,0.0,0.0,0.0,0.0,0.0,0.0,0.0
326,Zircon,1.0,2987,61.669818551086486,479.7438901908269,3264.2614663542017,443,3231,516,3293,72.14037235575333,54.64075999712539,0.9210607462226333,0.0,1.0,0.0,0.0,0.0,0.0,0.0,0.0,0.0,0.0,0.0,0.0,0.0,0.0,0.0,0.0,0.0
327,Zircon,1.0,8517,104.13539841240048,467.0044616649055,3383.4852647645885,412,3319,517,3440,127.8269417712231,98.19978083659018,0.8154921486020682,0.0,1.0,0.0,0.0,0.0,0.0,0.0,0.0,0.0,0.0,0.0,0.0,0.0,0.0,0.0,0.0,0.0
328,Zircon,1.0,104,11.507254783503184,488.1442307692308,2283.605769230769,481,2279,497,2291,17.839955975415332,8.085665255843969,0.8387096774193549,0.0,1.0,0.0,0.0,0.0,0.0,0.0,0.0,0.0,0.0,0.0,0.0,0.0,0.0,0.0,0.0,0.0
329,Zircon,1.0,3602,67.72155373391884,485.553026096613,158.18767351471405,442,121,515,202,83.80512624826446,58.47779517885762,0.8845776031434185,0.0,1.0,0.0,0.0,0.0,0.0,0.0,0.0,0.0,0.0,0.0,0.0,0.0,0.0,0.0,0.0,0.0
330,Quartz,0.9822380106571936,2815,59.86793230461098,484.50976909413856,1072.5271758436945,445,1038,521,1105,85.59184357799212,44.27136832101521,0.8755832037325039,0.0,0.0,0.0,0.0,0.0,0.0,0.9822380106571936,0.0,0.0,0.0,0.0,0.0,0.0,0.0,0.0,0.0,0.017761989342806393
331,Zircon,1.0,1247,39.846326208130506,484.2782678428228,1170.3688853247795,458,1150,514,1185,56.78158991707041,30.626213749986675,0.8535249828884326,0.0,1.0,0.0,0.0,0.0,0.0,0.0,0.0,0.0,0.0,0.0,0.0,0.0,0.0,0.0,0.0,0.0
332,Zircon,1.0,1537,44.23764437962249,501.1860767729343,1143.5243981782694,474,1119,528,1166,50.60544695263822,39.850152512901715,0.9170644391408115,0.0,1.0,0.0,0.0,0.0,0.0,0.0,0.0,0.0,0.0,0.0,0.0,0.0,0.0,0.0,0.0,0.0
333,Quartz,1.0,786,31.634890266315733,499.54452926208654,1883.1297709923665,485,1861,522,1900,41.91868673642033,28.703775925166468,0.8273684210526315,0.0,0.0,0.0,0.0,0.0,0.0,1.0,0.0,0.0,0.0,0.0,0.0,0.0,0.0,0.0,0.0,0.0
334,Zircon,1.0,1707,46.61995176813166,491.2144112478032,3968.3725834797892,459,3945,523,3992,61.14922992656933,37.23415241426668,0.9202156334231806,0.0,1.0,0.0,0.0,0.0,0.0,0.0,0.0,0.0,0.0,0.0,0.0,0.0,0.0,0.0,0.0,0.0
335,Zircon,1.0,2825,59.97417539138687,494.1621238938053,832.7037168141593,460,803,533,867,65.53677737648653,56.76896096031873,0.9133527319754284,0.0,1.0,0.0,0.0,0.0,0.0,0.0,0.0,0.0,0.0,0.0,0.0,0.0,0.0,0.0,0.0,0.0
336,Zircon,1.0,2613,57.67993524955607,482.11442786069654,1605.4439341752775,439,1580,516,1642,77.96141160251442,55.518096880243085,0.7554206418039896,0.0,1.0,0.0,0.0,0.0,0.0,0.0,0.0,0.0,0.0,0.0,0.0,0.0,0.0,0.0,0.0,0.0
337,Zircon,1.0,3060,62.418851374321186,491.6075163398693,3696.3369281045752,463,3646,518,3741,99.754165814017,44.259771124532044,0.8367514356029533,0.0,1.0,0.0,0.0,0.0,0.0,0.0,0.0,0.0,0.0,0.0,0.0,0.0,0.0,0.0,0.0,0.0
338,Rutile,0.9590565198041834,2247,53.48802910016325,491.7022696929239,4553.021361815754,456,4521,519,4580,57.90851196702514,54.67673507378227,0.8770491803278688,0.0,0.0,0.9590565198041834,0.0,0.0,0.0,0.0,0.0,0.0,0.0,0.0,0.0,0.0,0.0,0.0,0.0,0.040943480195816645
339,Zircon,1.0,5998,87.38930592081337,497.9261420473491,2351.581527175725,445,2306,544,2395,97.0437446235398,81.55352162166758,0.9318005281963647,0.0,1.0,0.0,0.0,0.0,0.0,0.0,0.0,0.0,0.0,0.0,0.0,0.0,0.0,0.0,0.0,0.0
340,Zircon,1.0,3262,64.44615888418875,507.06407112201106,4380.430410790926,475,4347,543,4416,72.95669212205642,58.509345005325805,0.9346704871060172,0.0,1.0,0.0,0.0,0.0,0.0,0.0,0.0,0.0,0.0,0.0,0.0,0.0,0.0,0.0,0.0,0.0
341,Zircon,1.0,1988,50.31103472334378,500.4989939637827,4647.606639839034,473,4612,540,4675,72.9557358778143,38.13202419572605,0.8784798939460893,0.0,1.0,0.0,0.0,0.0,0.0,0.0,0.0,0.0,0.0,0.0,0.0,0.0,0.0,0.0,0.0,0.0
342,Quartz,1.0,141,13.398760233979036,512.5460992907801,3798.9078014184397,504,3794,523,3805,18.67965190983697,10.048458336695491,0.8703703703703703,0.0,0.0,0.0,0.0,0.0,0.0,1.0,0.0,0.0,0.0,0.0,0.0,0.0,0.0,0.0,0.0,0.0
343,Zircon,1.0,7483,97.60968964838082,512.8607510356809,1247.057463584124,473,1184,555,1332,143.6758594952671,70.92569924937632,0.9376018042851773,0.0,1.0,0.0,0.0,0.0,0.0,0.0,0.0,0.0,0.0,0.0,0.0,0.0,0.0,0.0,0.0,0.0
344,Zircon,0.9497459062676454,3542,67.15515220332648,513.6609260304913,1538.6589497459063,482,1496,543,1589,89.52946529259829,53.34087147582029,0.8793445878848064,0.009034443817052512,0.9497459062676454,0.0,0.0,0.020892151326933936,0.0,0.0,0.0,0.0,0.0,0.0,0.0,0.0,0.0,0.0,0.0,0.020327498588368152
346,Zircon,1.0,865,33.186626918021,504.87398843930634,4311.248554913294,490,4292,520,4334,41.1649898437444,28.872250625429572,0.8890030832476875,0.0,1.0,0.0,0.0,0.0,0.0,0.0,0.0,0.0,0.0,0.0,0.0,0.0,0.0,0.0,0.0,0.0
347,Zircon,1.0,2720,58.84905744087702,516.8801470588236,3833.089705882353,479,3805,557,3861,75.33670337655609,47.834139349721546,0.9217214503558115,0.0,1.0,0.0,0.0,0.0,0.0,0.0,0.0,0.0,0.0,0.0,0.0,0.0,0.0,0.0,0.0,0.0
348,Zircon,1.0,1095,37.338951531678056,531.3525114155251,4315.582648401826,516,4293,549,4337,43.57048090177467,33.17155713508267,0.9057071960297767,0.0,1.0,0.0,0.0,0.0,0.0,0.0,0.0,0.0,0.0,0.0,0.0,0.0,0.0,0.0,0.0,0.0
349,Zircon,1.0,7188,95.66632556734031,502.84154145798556,920.1860044518642,431,873,561,961,126.91367998630187,75.30180661111477,0.8940298507462686,0.0,1.0,0.0,0.0,0.0,0.0,0.0,0.0,0.0,0.0,0.0,0.0,0.0,0.0,0.0,0.0,0.0
350,Zircon,1.0,4237,73.44873008461674,530.1184800566439,2435.485012980883,487,2404,585,2469,99.89718591999997,58.296299884811845,0.8563055780113177,0.0,1.0,0.0,0.0,0.0,0.0,0.0,0.0,0.0,0.0,0.0,0.0,0.0,0.0,0.0,0.0,0.0
351,Zircon,1.0,183,15.26443044094783,518.7978142076503,4597.393442622951,513,4589,527,4607,18.426626257375226,13.116364138348365,0.9336734693877551,0.0,1.0,0.0,0.0,0.0,0.0,0.0,0.0,0.0,0.0,0.0,0.0,0.0,0.0,0.0,0.0,0.0
352,Zircon,0.976316237859942,5869,86.44444972380049,524.5805077525984,653.8440960981428,487,597,565,718,113.78962787560323,67.79549251529029,0.9287862003481564,0.0,0.976316237859942,0.0,0.0,0.0,0.0,0.0,0.0,0.0,0.0,0.0,0.0,0.0,0.0,0.0,0.0,0.02368376214005793
353,Zircon,0.9813785436353529,3598,67.68394109356454,523.4010561423013,1684.8563090605892,488,1642,557,1724,76.32860933322671,63.6812696077096,0.9092747030578722,0.0,0.9813785436353529,0.0,0.0,0.0,0.0,0.0,0.0,0.0,0.0,0.0,0.0,0.0,0.0,0.0,0.0,0.018621456364647026
354,Zircon,0.9904685192643308,7449,97.38768591938216,527.350516847899,2579.2897033158815,464,2534,583,2628,111.69192135365257,86.4366275637328,0.9190623072177668,0.0,0.9904685192643308,0.0,0.0,0.0,0.0,0.0,0.0,0.0,0.0,0.0,0.0,0.0,0.0,0.0,0.0,0.009531480735669217
355,Zircon,1.0,4547,76.08823962946433,514.3925665273807,2797.6786892456566,477,2746,561,2848,111.40751218147629,53.89818163955312,0.8786473429951691,0.0,1.0,0.0,0.0,0.0,0.0,0.0,0.0,0.0,0.0,0.0,0.0,0.0,0.0,0.0,0.0,0.0
356,Zircon,1.0,2595,57.480923953845306,527.8431599229287,3888.2913294797686,498,3854,558,3929,66.56789832143083,52.785346887441236,0.8808553971486762,0.0,1.0,0.0,0.0,0.0,0.0,0.0,0.0,0.0,0.0,0.0,0.0,0.0,0.0,0.0,0.0,0.0
357,Zircon,0.9807041299932295,2954,61.32821222853044,529.8192281651998,4252.958700067705,497,4217,560,4289,66.15340678815363,58.667625081782994,0.94528,0.0,0.9807041299932295,0.0,0.0,0.0,0.0,0.0,0.0,0.0,0.0,0.0,0.0,0.0,0.0,0.0,0.0,0.01929587000677048
359,Zircon,1.0,2406,55.34811961243852,531.3873649210308,2016.9812967581047,500,1989,562,2051,68.51838821861315,47.78221353814412,0.8325259515570934,0.0,1.0,0.0,0.0,0.0,0.0,0.0,0.0,0.0,0.0,0.0,0.0,0.0,0.0,0.0,0.0,0.0
360,Quartz,1.0,180,15.138795132120961,531.7333333333333,4689.377777777778,524,4681,541,4696,16.82434358770935,15.046897260355403,0.8737864077669902,0.0,0.0,0.0,0.0,0.0,0.0,1.0,0.0,0.0,0.0,0.0,0.0,0.0,0.0,0.0,0.0,0.0
361,Zircon,1.0,3309,64.9087794795793,538.8407373828951,3637.2641281353885,507,3602,571,3674,71.76844853181203,60.82479200635199,0.9153526970954357,0.0,1.0,0.0,0.0,0.0,0.0,0.0,0.0,0.0,0.0,0.0,0.0,0.0,0.0,0.0,0.0,0.0
362,Zircon,1.0,4464,75.39059177177062,549.4159946236559,780.6137992831541,503,740,596,832,105.0579379263511,62.46524964525245,0.8271261812117843,0.0,1.0,0.0,0.0,0.0,0.0,0.0,0.0,0.0,0.0,0.0,0.0,0.0,0.0,0.0,0.0,0.0
363,Zircon,1.0,2906,60.82790574235137,535.7856159669649,1762.5196145905024,506,1730,567,1799,68.12851510720027,55.59262748063487,0.9290281329923273,0.0,1.0,0.0,0.0,0.0,0.0,0.0,0.0,0.0,0.0,0.0,0.0,0.0,0.0,0.0,0.0,0.0
364,Zircon,0.9530462666055887,4366,74.55845929412517,535.0519926706368,4177.525194686212,493,4144,578,4217,80.45767529312741,71.4566627946145,0.9205144423360743,0.0,0.9530462666055887,0.0,0.0,0.0,0.0,0.0,0.0,0.0,0.0,0.0,0.0,0.0,0.0,0.0,0.0,0.04695373339441136
365,Zircon,0.8490028490028491,351,21.14017691983778,539.042735042735,4498.880341880342,530,4482,547,4521,37.433170466323375,14.564651347600538,0.7630434782608696,0.0,0.8490028490028491,0.150997150997151,0.0,0.0,0.0,0.0,0.0,0.0,0.0,0.0,0.0,0.0,0.0,0.0,0.0,0.0
366,Zircon,1.0,2350,54.700209598571305,524.1731914893617,1846.6051063829786,500,1810,543,1885,72.45816498747297,43.77140067085912,0.9587923296613627,0.0,1.0,0.0,0.0,0.0,0.0,0.0,0.0,0.0,0.0,0.0,0.0,0.0,0.0,0.0,0.0,0.0
367,Zircon,1.0,3583,67.54270714730117,537.9388780351661,3041.025118615685,503,3006,574,3081,74.96446315492648,62.177883094131204,0.9377126406699817,0.0,1.0,0.0,0.0,0.0,0.0,0.0,0.0,0.0,0.0,0.0,0.0,0.0,0.0,0.0,0.0,0.0
368,Zircon,1.0,4174,72.90063003654062,544.2551509343556,3150.9698131288933,511,3100,577,3204,104.43760801166746,51.97655352192922,0.9220234150651646,0.0,1.0,0.0,0.0,0.0,0.0,0.0,0.0,0.0,0.0,0.0,0.0,0.0,0.0,0.0,0.0,0.0
369,Zircon,1.0,2516,56.599211077131365,558.6323529411765,1842.6669316375198,535,1806,581,1883,80.67986246847093,42.19794315963494,0.8834269662921348,0.0,1.0,0.0,0.0,0.0,0.0,0.0,0.0,0.0,0.0,0.0,0.0,0.0,0.0,0.0,0.0,0.0
370,Zircon,1.0,1293,40.57460697705605,542.353441608662,2489.30317092034,523,2469,563,2511,43.74221365907937,37.99320351969825,0.9493392070484582,0.0,1.0,0.0,0.0,0.0,0.0,0.0,0.0,0.0,0.0,0.0,0.0,0.0,0.0,0.0,0.0,0.0
371,Rutile,1.0,2918,60.9533673519126,543.7868403015764,3425.84372858122,517,3388,575,3460,69.9199060939949,54.36951140418543,0.9364569961489089,0.0,0.0,1.0,0.0,0.0,0.0,0.0,0.0,0.0,0.0,0.0,0.0,0.0,0.0,0.0,0.0,0.0
372,Zircon,1.0,6526,91.1546009203138,538.7372050260497,2951.678669935642,501,2894,580,3006,114.36048250383087,75.38050539143788,0.9118345675562386,0.0,1.0,0.0,0.0,0.0,0.0,0.0,0.0,0.0,0.0,0.0,0.0,0.0,0.0,0.0,0.0,0.0
373,Zircon,1.0,3436,66.1426570052188,545.5509313154831,2293.460128055879,509,2257,580,2331,75.6770936030757,59.35420966453565,0.9194541075729195,0.0,1.0,0.0,0.0,0.0,0.0,0.0,0.0,0.0,0.0,0.0,0.0,0.0,0.0,0.0,0.0,0.0
374,Zircon,0.9858841010401189,4038,71.70314694377498,550.4502228826152,3244.19960376424,514,3206,601,3285,78.26650350451234,70.55090127732012,0.8812745525971192,0.0,0.9858841010401189,0.0,0.0,0.0,0.0,0.0,0.0,0.0,0.0,0.0,0.0,0.0,0.0,0.0,0.0,0.01411589895988113
375,Rutile,0.9809061488673139,9270,108.64129316100282,564.1476806903992,2198.615210355987,500,2149,637,2261,131.10197155605988,95.56752623728696,0.8900624099855977,0.0,0.0,0.9809061488673139,0.0,0.0,0.0,0.019093851132686083,0.0,0.0,0.0,0.0,0.0,0.0,0.0,0.0,0.0,0.0
376,Quartz,1.0,324,20.310825007719227,598.6141975308642,2158.817901234568,579,2150,617,2169,38.707726503180155,14.285790264569838,0.6792452830188679,0.0,0.0,0.0,0.0,0.0,0.0,1.0,0.0,0.0,0.0,0.0,0.0,0.0,0.0,0.0,0.0,0.0
377,Zircon,1.0,4119,72.41873849194099,547.6270939548434,1058.5746540422433,516,1016,585,1101,88.93557054130075,60.813324190576246,0.9374146563495676,0.0,1.0,0.0,0.0,0.0,0.0,0.0,0.0,0.0,0.0,0.0,0.0,0.0,0.0,0.0,0.0,0.0
378,Rutile,1.0,9556,110.30447447628413,540.1589577228966,1379.965676015069,492,1307,591,1456,162.2820565539644,75.95309614854122,0.947827811942075,0.0,0.0,1.0,0.0,0.0,0.0,0.0,0.0,0.0,0.0,0.0,0.0,0.0,0.0,0.0,0.0,0.0
379,Quartz,1.0,733,30.549706811864404,556.2387448840382,591.6521145975444,538,574,573,613,43.04181721838175,24.425228673535972,0.8235955056179776,0.0,0.0,0.0,0.0,0.0,0.0,1.0,0.0,0.0,0.0,0.0,0.0,0.0,0.0,0.0,0.0,0.0
380,Zircon,1.0,3364,65.44599169153973,562.391498216409,345.64060642092744,527,296,593,389,87.35852133585585,52.000487041626826,0.8703751617076326,0.0,1.0,0.0,0.0,0.0,0.0,0.0,0.0,0.0,0.0,0.0,0.0,0.0,0.0,0.0,0.0,0.0
381,Rutile,0.9932338308457711,5025,79.98767850296815,577.8654726368159,435.5828855721393,515,397,651,471,132.44613233014996,52.92303866322299,0.8379189594797398,0.0,0.0,0.9932338308457711,0.006766169154228856,0.0,0.0,0.0,0.0,0.0,0.0,0.0,0.0,0.0,0.0,0.0,0.0,0.0
382,Quartz,1.0,1098,37.390065794529015,568.391621129326,465.0063752276867,511,442,606,492,110.88239029937623,31.378002910863398,0.4250871080139373,0.0,0.0,0.0,0.0,0.0,0.0,1.0,0.0,0.0,0.0,0.0,0.0,0.0,0.0,0.0,0.0,0.0
383,Zircon,1.0,4558,76.18021951204179,559.3786748573935,4427.869679684072,517,4377,598,4471,88.03533380382686,69.38777150636217,0.8862531596344546,0.0,1.0,0.0,0.0,0.0,0.0,0.0,0.0,0.0,0.0,0.0,0.0,0.0,0.0,0.0,0.0,0.0
384,Zircon,1.0,4636,76.82928171857533,566.4568593615186,1139.2778257118205,528,1094,603,1185,85.42656557939266,69.77638400716003,0.9488334015554646,0.0,1.0,0.0,0.0,0.0,0.0,0.0,0.0,0.0,0.0,0.0,0.0,0.0,0.0,0.0,0.0,0.0
385,Zircon,1.0,4774,77.96438665548307,565.9503560955173,3738.4886887306243,508,3712,622,3772,111.25333815986957,56.69777938508819,0.9088140110413098,0.0,1.0,0.0,0.0,0.0,0.0,0.0,0.0,0.0,0.0,0.0,0.0,0.0,0.0,0.0,0.0,0.0
386,Zircon,1.0,2819,59.910452148255594,570.6275274920184,4613.1770131252215,531,4580,609,4647,75.39168559517572,49.724624624516274,0.9003513254551262,0.0,1.0,0.0,0.0,0.0,0.0,0.0,0.0,0.0,0.0,0.0,0.0,0.0,0.0,0.0,0.0,0.0
387,Rutile,1.0,1578,44.82378834494121,573.1083650190114,3468.790874524715,548,3436,593,3499,58.80029810181164,39.290537267929075,0.8331573389651531,0.0,0.0,1.0,0.0,0.0,0.0,0.0,0.0,0.0,0.0,0.0,0.0,0.0,0.0,0.0,0.0,0.0
388,Zircon,1.0,451,23.96311821686732,573.4124168514412,4226.59645232816,562,4210,586,4242,31.867157495543644,19.694334043005366,0.8689788053949904,0.0,1.0,0.0,0.0,0.0,0.0,0.0,0.0,0.0,0.0,0.0,0.0,0.0,0.0,0.0,0.0,0.0
389,Zircon,1.0,6598,91.65606644495826,572.1799030009093,236.60336465595634,528,181,616,293,108.22328242895506,78.15073093774957,0.9566478178918371,0.0,1.0,0.0,0.0,0.0,0.0,0.0,0.0,0.0,0.0,0.0,0.0,0.0,0.0,0.0,0.0,0.0
390,Zircon,1.0,465,24.33220886606579,576.4602150537635,526.1655913978494,563,513,594,541,30.067320397106734,22.534459565502427,0.75,0.0,1.0,0.0,0.0,0.0,0.0,0.0,0.0,0.0,0.0,0.0,0.0,0.0,0.0,0.0,0.0,0.0
391,Zircon,0.9785205479452055,9125,107.78826859036359,572.8623561643835,2718.3217534246573,524,2645,638,2790,144.83329609850867,84.30706617190076,0.8641098484848485,0.013917808219178082,0.9785205479452055,0.0,0.0,0.0,0.0,0.0,0.0,0.0,0.0,0.0,0.0,0.0,0.0,0.0,0.0,0.007561643835616439
392,Zircon,1.0,4422,75.0350935684023,581.0171867933062,120.36114880144731,536,90,621,159,86.424044068509,66.74794247087776,0.9631888477455892,0.0,1.0,0.0,0.0,0.0,0.0,0.0,0.0,0.0,0.0,0.0,0.0,0.0,0.0,0.0,0.0,0.0
393,Zircon,1.0,5194,81.32162194247256,572.6790527531767,3542.163650365807,519,3507,626,3582,104.15947452619585,66.46371173305829,0.8947459086993971,0.0,1.0,0.0,0.0,0.0,0.0,0.0,0.0,0.0,0.0,0.0,0.0,0.0,0.0,0.0,0.0,0.0
394,Zircon,1.0,2705,58.686565485710744,581.2329020332717,3794.1974121996304,548,3765,614,3825,62.881196080714304,55.745030922028725,0.9034736138944556,0.0,1.0,0.0,0.0,0.0,0.0,0.0,0.0,0.0,0.0,0.0,0.0,0.0,0.0,0.0,0.0,0.0
395,Rutile,1.0,4703,77.38246299317095,593.9846906230066,4366.21688284074,545,4329,649,4398,102.08336333192001,61.009918518569215,0.9208928921088702,0.0,0.0,1.0,0.0,0.0,0.0,0.0,0.0,0.0,0.0,0.0,0.0,0.0,0.0,0.0,0.0,0.0
396,Zircon,1.0,2658,58.17448504203593,587.5432656132431,4550.731000752446,550,4526,622,4576,73.39791798820028,47.32231404114466,0.9022403258655805,0.0,1.0,0.0,0.0,0.0,0.0,0.0,0.0,0.0,0.0,0.0,0.0,0.0,0.0,0.0,0.0,0.0
397,Quartz,1.0,103,11.451797811161432,586.7184466019418,1281.495145631068,577,1277,593,1289,15.48664775254032,9.913306616449567,0.7984496124031008,0.0,0.0,0.0,0.0,0.0,0.0,1.0,0.0,0.0,0.0,0.0,0.0,0.0,0.0,0.0,0.0,0.0
398,Zircon,1.0,4925,79.18778161951928,598.2651776649747,1229.376649746193,556,1188,649,1276,93.32176341004423,70.02089552911156,0.9283694627709708,0.0,1.0,0.0,0.0,0.0,0.0,0.0,0.0,0.0,0.0,0.0,0.0,0.0,0.0,0.0,0.0,0.0
399,Rutile,0.9911326078194277,7443,97.3484562356477,589.4811232030096,1555.030498454924,542,1494,641,1618,128.84783641597744,76.1480083976885,0.8522844383373411,0.0,0.0,0.9911326078194277,0.00886739218057235,0.0,0.0,0.0,0.0,0.0,0.0,0.0,0.0,0.0,0.0,0.0,0.0,0.0
400,Quartz,1.0,2234,53.333077381099564,590.2282900626678,2479.3952551477173,562,2453,624,2514,74.66290074143413,39.803743516017896,0.9174537987679672,0.0,0.0,0.0,0.0,0.0,0.0,1.0,0.0,0.0,0.0,0.0,0.0,0.0,0.0,0.0,0.0,0.0
401,Zircon,1.0,3030,62.11212297569246,587.5422442244225,4139.331353135313,550,4112,627,4170,81.54475693658742,48.3832542492868,0.9404096834264432,0.0,1.0,0.0,0.0,0.0,0.0,0.0,0.0,0.0,0.0,0.0,0.0,0.0,0.0,0.0,0.0,0.0
402,Quartz,1.0,208,16.273715780512877,590.6730769230769,4516.298076923077,581,4510,602,4524,21.942213087957285,13.661566426611252,0.8421052631578947,0.0,0.0,0.0,0.0,0.0,0.0,1.0,0.0,0.0,0.0,0.0,0.0,0.0,0.0,0.0,0.0,0.0
403,Zircon,1.0,102,11.396070970426017,596.9117647058823,950.7254901960785,592,946,604,958,13.25751326334707,10.343428631333625,0.918918918918919,0.0,1.0,0.0,0.0,0.0,0.0,0.0,0.0,0.0,0.0,0.0,0.0,0.0,0.0,0.0,0.0,0.0
404,Rutile,1.0,6171,88.64062968278536,588.627775076973,3361.7554691298005,534,3330,650,3398,113.73990348248148,71.61989736049732,0.9493846153846154,0.0,0.0,1.0,0.0,0.0,0.0,0.0,0.0,0.0,0.0,0.0,0.0,0.0,0.0,0.0,0.0,0.0
405,Zircon,1.0,1738,47.04136827038211,593.0310701956272,3638.2019562715764,569,3615,625,3657,57.20009752544567,40.603004150321944,0.9544206479956068,0.0,1.0,0.0,0.0,0.0,0.0,0.0,0.0,0.0,0.0,0.0,0.0,0.0,0.0,0.0,0.0,0.0
406,Zircon,1.0,1612,45.30410738678208,605.5980148883375,3671.7115384615386,574,3656,636,3693,59.65719067089229,35.766696995723954,0.9328703703703703,0.0,1.0,0.0,0.0,0.0,0.0,0.0,0.0,0.0,0.0,0.0,0.0,0.0,0.0,0.0,0.0,0.0
407,Zircon,1.0,3365,65.45571837535527,589.3937592867757,878.4294205052006,560,841,624,927,86.49440972497295,54.023381368469295,0.8549288617886179,0.0,1.0,0.0,0.0,0.0,0.0,0.0,0.0,0.0,0.0,0.0,0.0,0.0,0.0,0.0,0.0,0.0
408,Zircon,1.0,2987,61.669818551086486,606.9260127217945,3215.6635420154003,570,3184,644,3248,69.73460487259608,56.27080929047448,0.9182293267752843,0.0,1.0,0.0,0.0,0.0,0.0,0.0,0.0,0.0,0.0,0.0,0.0,0.0,0.0,0.0,0.0,0.0
409,Zircon,1.0,2054,51.13935886268055,607.2585199610517,297.68451801363193,582,271,638,328,53.17367413251402,50.601887134518485,0.9100575985821887,0.0,1.0,0.0,0.0,0.0,0.0,0.0,0.0,0.0,0.0,0.0,0.0,0.0,0.0,0.0,0.0,0.0
410,Rutile,1.0,516,25.631847476983474,599.1996124031008,369.7248062015504,586,359,616,384,31.340849202833137,21.4828849676951,0.9297297297297298,0.0,0.0,1.0,0.0,0.0,0.0,0.0,0.0,0.0,0.0,0.0,0.0,0.0,0.0,0.0,0.0,0.0
411,Zircon,1.0,4277,73.79461723481118,614.2440963292028,660.7030628945522,575,612,649,708,91.25789222103788,64.79009556861408,0.8958944281524927,0.0,1.0,0.0,0.0,0.0,0.0,0.0,0.0,0.0,0.0,0.0,0.0,0.0,0.0,0.0,0.0,0.0
412,Rutile,0.8584905660377359,530,25.977239243415305,613.7094339622641,351.411320754717,596,338,631,367,30.92658780835583,23.93516504952951,0.8242612752721618,0.0,0.0,0.8584905660377359,0.14150943396226415,0.0,0.0,0.0,0.0,0.0,0.0,0.0,0.0,0.0,0.0,0.0,0.0,0.0
413,Zircon,1.0,2829,60.01661996527108,611.2191587133262,1856.0042417815482,583,1823,647,1888,66.37565310776323,57.105604167566796,0.8848920863309353,0.0,1.0,0.0,0.0,0.0,0.0,0.0,0.0,0.0,0.0,0.0,0.0,0.0,0.0,0.0,0.0,0.0
414,Zircon,1.0,1422,42.55051859394197,611.5745428973277,2417.9430379746836,586,2393,632,2444,49.39930305924286,39.1572414145136,0.9191984486102133,0.0,1.0,0.0,0.0,0.0,0.0,0.0,0.0,0.0,0.0,0.0,0.0,0.0,0.0,0.0,0.0,0.0
415,Zircon,1.0,878,33.43507619667515,609.4020501138953,582.1332574031891,590,564,628,603,36.3789035812462,31.878916377720234,0.9070247933884298,0.0,1.0,0.0,0.0,0.0,0.0,0.0,0.0,0.0,0.0,0.0,0.0,0.0,0.0,0.0,0.0,0.0
416,Zircon,1.0,2635,57.922242708454874,628.7715370018975,898.7092979127135,606,864,656,930,66.7040939299138,51.03874463937411,0.9777365491651205,0.0,1.0,0.0,0.0,0.0,0.0,0.0,0.0,0.0,0.0,0.0,0.0,0.0,0.0,0.0,0.0,0.0
417,Quartz,1.0,125,12.6156626101008,606.088,1670.544,600,1664,612,1678,14.51214705979614,11.323369980480644,0.9191176470588235,0.0,0.0,0.0,0.0,0.0,0.0,1.0,0.0,0.0,0.0,0.0,0.0,0.0,0.0,0.0,0.0,0.0
418,Zircon,1.0,3385,65.64994942060905,621.4779911373707,1403.1276218611522,584,1364,661,1444,97.49609591844114,46.485944980186936,0.893611404435058,0.0,1.0,0.0,0.0,0.0,0.0,0.0,0.0,0.0,0.0,0.0,0.0,0.0,0.0,0.0,0.0,0.0
419,Zircon,1.0,2735,59.01110196268724,617.4797074954296,2292.7133455210237,589,2261,651,2324,67.71188094519654,52.962750908437364,0.9056291390728477,0.0,1.0,0.0,0.0,0.0,0.0,0.0,0.0,0.0,0.0,0.0,0.0,0.0,0.0,0.0,0.0,0.0
420,Zircon,1.0,7418,97.18482876892585,629.9448638447021,3284.921407387436,577,3244,689,3330,119.51361996922482,80.5602311311128,0.9520020533880903,0.0,1.0,0.0,0.0,0.0,0.0,0.0,0.0,0.0,0.0,0.0,0.0,0.0,0.0,0.0,0.0,0.0
421,Zircon,1.0,5673,84.9887518280071,616.9453551912568,2038.7444033139432,574,1997,658,2082,91.38308010011882,80.22935653390873,0.9415767634854771,0.0,1.0,0.0,0.0,0.0,0.0,0.0,0.0,0.0,0.0,0.0,0.0,0.0,0.0,0.0,0.0,0.0
422,Zircon,1.0,5061,80.27369018492085,618.3189093064611,2982.5682671408813,573,2939,661,3032,85.83059719235551,77.79512667418905,0.9013357079252003,0.0,1.0,0.0,0.0,0.0,0.0,0.0,0.0,0.0,0.0,0.0,0.0,0.0,0.0,0.0,0.0,0.0
423,Zircon,0.9867441860465116,4300,73.99277020331918,622.8725581395349,2823.3688372093025,586,2782,667,2866,79.13709044286509,71.13512022506262,0.9444322424774874,0.0,0.9867441860465116,0.0,0.0,0.0,0.0,0.0,0.0,0.0,0.0,0.0,0.0,0.0,0.0,0.0,0.0,0.013255813953488372
424,Zircon,0.9097531363820316,7413,97.15207020502322,626.8431134493458,1769.342776203966,566,1722,688,1824,127.5622334531902,78.14750306055073,0.8925948223961468,0.0,0.9097531363820316,0.0,0.0,0.0,0.0,0.0,0.0,0.0,0.0,0.0,0.0,0.0,0.0,0.0,0.0,0.09024686361796844
425,Zircon,1.0,2606,57.60262366923779,633.0836531082118,4504.196853415196,591,4485,683,4531,86.2654517752864,42.960318454053244,0.8943033630748113,0.0,1.0,0.0,0.0,0.0,0.0,0.0,0.0,0.0,0.0,0.0,0.0,0.0,0.0,0.0,0.0,0.0
426,Rutile,1.0,139,13.303394180365686,626.7841726618705,1703.6258992805756,621,1694,636,1712,16.261764652225462,13.675398676110717,0.7354497354497355,0.0,0.0,1.0,0.0,0.0,0.0,0.0,0.0,0.0,0.0,0.0,0.0,0.0,0.0,0.0,0.0,0.0
427,Zircon,1.0,4228,73.37068075968948,623.8874172185431,1934.947729422895,578,1898,666,1978,77.5812813205869,72.246853429521,0.9343646408839779,0.0,1.0,0.0,0.0,0.0,0.0,0.0,0.0,0.0,0.0,0.0,0.0,0.0,0.0,0.0,0.0,0.0
428,Zircon,1.0,224,16.88803298257901,621.1383928571429,2761.5401785714284,610,2752,631,2771,23.86861429883563,14.051938693477709,0.7804878048780488,0.0,1.0,0.0,0.0,0.0,0.0,0.0,0.0,0.0,0.0,0.0,0.0,0.0,0.0,0.0,0.0,0.0
429,Zircon,1.0,4274,73.76873195465735,625.0727655591951,3903.6555919513335,586,3860,665,3947,76.87175541536295,76.07474866292935,0.8650070835863185,0.0,1.0,0.0,0.0,0.0,0.0,0.0,0.0,0.0,0.0,0.0,0.0,0.0,0.0,0.0,0.0,0.0
430,Zircon,1.0,5569,84.20612225147362,625.0226252469025,3093.702100915784,591,3036,663,3152,108.85780641586481,66.71851653413664,0.9273938384679434,0.0,1.0,0.0,0.0,0.0,0.0,0.0,0.0,0.0,0.0,0.0,0.0,0.0,0.0,0.0,0.0,0.0
431,Zircon,1.0,2564,57.136557410303936,631.0737129485179,4007.5183307332295,607,3969,662,4045,67.00875319146509,51.219693388234134,0.8958770090845563,0.0,1.0,0.0,0.0,0.0,0.0,0.0,0.0,0.0,0.0,0.0,0.0,0.0,0.0,0.0,0.0,0.0
432,Zircon,0.9699510831586303,2862,60.36564898211594,647.8197064989517,2675.8651292802238,605,2648,690,2708,85.9164934855551,44.75031213529877,0.8860681114551083,0.0,0.9699510831586303,0.0,0.0,0.0,0.0,0.03004891684136967,0.0,0.0,0.0,0.0,0.0,0.0,0.0,0.0,0.0,0.0
433,Zircon,1.0,7544,98.00673000096508,644.657873806999,1164.6337486744433,598,1099,693,1230,121.07813142498824,82.90519712748069,0.9166464155528554,0.0,1.0,0.0,0.0,0.0,0.0,0.0,0.0,0.0,0.0,0.0,0.0,0.0,0.0,0.0,0.0,0.0
434,Zircon,1.0,4607,76.58860608860103,635.8150640329933,2588.640112871717,591,2540,674,2632,92.91625933313325,71.51036103607542,0.8262195121951219,0.0,1.0,0.0,0.0,0.0,0.0,0.0,0.0,0.0,0.0,0.0,0.0,0.0,0.0,0.0,0.0,0.0
436,Zircon,1.0,2659,58.18542729456232,632.6062429484768,4462.2094772470855,600,4435,666,4487,67.78823566138672,51.60959685835591,0.9422395464209781,0.0,1.0,0.0,0.0,0.0,0.0,0.0,0.0,0.0,0.0,0.0,0.0,0.0,0.0,0.0,0.0,0.0
437,Rutile,0.9264705882352942,136,13.159049284959082,638.4485294117648,1649.9485294117646,632,1640,646,1658,16.851698740324448,11.253504202326646,0.8242424242424242,0.0,0.0,0.9264705882352942,0.0,0.0,0.0,0.07352941176470588,0.0,0.0,0.0,0.0,0.0,0.0,0.0,0.0,0.0,0.0
438,Zircon,1.0,5574,84.24391504645186,636.6273771080014,999.835127377108,595,950,680,1055,97.63596813508408,76.21316431365736,0.9019417475728155,0.0,1.0,0.0,0.0,0.0,0.0,0.0,0.0,0.0,0.0,0.0,0.0,0.0,0.0,0.0,0.0,0.0
439,Zircon,1.0,4559,76.18857581322548,648.347663961395,1313.8078525992541,611,1268,696,1353,91.51332503027092,75.88395296181733,0.8229241877256318,0.0,1.0,0.0,0.0,0.0,0.0,0.0,0.0,0.0,0.0,0.0,0.0,0.0,0.0,0.0,0.0,0.0
441,Zircon,1.0,1813,48.04563762304389,633.3993381136238,2516.253171538886,602,2496,661,2539,59.589414946094536,40.46573884083177,0.9462421711899791,0.0,1.0,0.0,0.0,0.0,0.0,0.0,0.0,0.0,0.0,0.0,0.0,0.0,0.0,0.0,0.0,0.0
442,Zircon,1.0,1514,43.9054059396908,640.8038309114927,3607.970937912814,619,3584,665,3636,48.4965916144241,43.69089044013891,0.8277747402952433,0.0,1.0,0.0,0.0,0.0,0.0,0.0,0.0,0.0,0.0,0.0,0.0,0.0,0.0,0.0,0.0,0.0
443,Zircon,1.0,5740,85.48915128119961,617.1491289198606,4663.7172473867595,553,4631,674,4696,124.27903539723232,62.4048762125052,0.9013819095477387,0.0,1.0,0.0,0.0,0.0,0.0,0.0,0.0,0.0,0.0,0.0,0.0,0.0,0.0,0.0,0.0,0.0
444,Zircon,0.9763279445727483,1732,46.960098929637084,647.4203233256351,3554.122401847575,628,3522,669,3586,63.5183611173868,37.86014526339563,0.8424124513618677,0.0,0.9763279445727483,0.02367205542725173,0.0,0.0,0.0,0.0,0.0,0.0,0.0,0.0,0.0,0.0,0.0,0.0,0.0,0.0
445,Zircon,1.0,2092,51.61024246780827,647.0540152963671,3721.07982791587,619,3698,678,3745,59.72294958556755,45.68521858621867,0.9423423423423424,0.0,1.0,0.0,0.0,0.0,0.0,0.0,0.0,0.0,0.0,0.0,0.0,0.0,0.0,0.0,0.0,0.0
446,Rutile,1.0,3450,66.2772693261899,655.8542028985507,386.19652173913045,615,357,703,428,86.80485906699263,55.78933585500526,0.8696748172422486,0.0,0.0,1.0,0.0,0.0,0.0,0.0,0.0,0.0,0.0,0.0,0.0,0.0,0.0,0.0,0.0,0.0
447,Zircon,1.0,2373,54.96723969471763,649.2692793931732,3424.085967130215,625,3392,674,3459,66.33181122633464,48.10620802388556,0.8619687613512532,0.0,1.0,0.0,0.0,0.0,0.0,0.0,0.0,0.0,0.0,0.0,0.0,0.0,0.0,0.0,0.0,0.0
448,Zircon,1.0,2625,57.81222885281108,647.0685714285714,4171.642285714286,623,4136,675,4213,71.93507598342222,48.49886175753284,0.917511359664453,0.0,1.0,0.0,0.0,0.0,0.0,0.0,0.0,0.0,0.0,0.0,0.0,0.0,0.0,0.0,0.0,0.0
449,Zircon,0.9891817766265427,6563,91.41264208027724,648.889989334146,519.079841535883,602,465,696,567,101.39301062068392,83.91035415071228,0.931582682753726,0.0,0.9891817766265427,0.0,0.0,0.0,0.0,0.0,0.0,0.0,0.0,0.0,0.0,0.0,0.0,0.0,0.0,0.01081822337345726
450,Zircon,1.0,4056,71.86278309003778,651.2019230769231,824.4810157790927,622,776,682,878,103.34712939889727,50.73179165099504,0.9213993639254884,0.0,1.0,0.0,0.0,0.0,0.0,0.0,0.0,0.0,0.0,0.0,0.0,0.0,0.0,0.0,0.0,0.0
451,Zircon,1.0,3052,62.3372047057912,654.0344036697247,3768.0740498034074,620,3739,692,3804,75.40333168401027,53.41666107409053,0.9302042060347455,0.0,1.0,0.0,0.0,0.0,0.0,0.0,0.0,0.0,0.0,0.0,0.0,0.0,0.0,0.0,0.0,0.0
452,Zircon,1.0,2215,53.10579621461659,656.8297968397292,4547.7024830699775,631,4518,690,4583,63.84609479504155,47.34524775124397,0.8249534450651769,0.0,1.0,0.0,0.0,0.0,0.0,0.0,0.0,0.0,0.0,0.0,0.0,0.0,0.0,0.0,0.0,0.0
453,Zircon,1.0,3371,65.51404815230268,653.4761198457431,2363.952536339365,620,2323,687,2403,80.68129406928438,54.578518460700394,0.9437290033594625,0.0,1.0,0.0,0.0,0.0,0.0,0.0,0.0,0.0,0.0,0.0,0.0,0.0,0.0,0.0,0.0,0.0
454,Zircon,1.0,3667,68.32985738711768,658.8931006272157,2904.022634305972,625,2859,693,2943,80.57092215562871,60.19152405308913,0.8821265335578542,0.0,1.0,0.0,0.0,0.0,0.0,0.0,0.0,0.0,0.0,0.0,0.0,0.0,0.0,0.0,0.0,0.0
455,Zircon,1.0,6710,92.43071645926446,660.7873323397913,1505.3771982116245,608,1454,706,1552,98.4948287472229,89.06618664358672,0.9493491794001132,0.0,1.0,0.0,0.0,0.0,0.0,0.0,0.0,0.0,0.0,0.0,0.0,0.0,0.0,0.0,0.0,0.0
456,Zircon,1.0,279,18.847647942942654,659.3584229390681,630.0179211469534,651,620,669,640,20.29080706856668,17.78204241356225,0.9238410596026491,0.0,1.0,0.0,0.0,0.0,0.0,0.0,0.0,0.0,0.0,0.0,0.0,0.0,0.0,0.0,0.0,0.0
457,Zircon,1.0,3510,66.8511092056102,660.0666666666667,2233.062393162393,629,2198,698,2271,70.52799494688888,65.54770460959055,0.9283258397249405,0.0,1.0,0.0,0.0,0.0,0.0,0.0,0.0,0.0,0.0,0.0,0.0,0.0,0.0,0.0,0.0,0.0
458,Zircon,1.0,3451,66.2868740315988,670.8988698927847,3662.6261953057083,639,3621,700,3703,82.59479960675597,58.57722905932846,0.8785641547861507,0.0,1.0,0.0,0.0,0.0,0.0,0.0,0.0,0.0,0.0,0.0,0.0,0.0,0.0,0.0,0.0,0.0
459,Zircon,1.0,470,24.462677409178383,661.3255319148936,302.9489361702128,648,287,674,317,29.008669594278665,23.189740986304525,0.8362989323843416,0.0,1.0,0.0,0.0,0.0,0.0,0.0,0.0,0.0,0.0,0.0,0.0,0.0,0.0,0.0,0.0,0.0
460,Zircon,1.0,2982,61.61818175181945,673.8299798792757,2762.9587525150905,636,2730,709,2798,76.21465173533508,51.50980163939143,0.919802590993214,0.0,1.0,0.0,0.0,0.0,0.0,0.0,0.0,0.0,0.0,0.0,0.0,0.0,0.0,0.0,0.0,0.0
461,Zircon,1.0,1311,40.85605271129112,660.5202135774218,3489.4813119755913,646,3464,682,3520,58.24222327731343,31.55094481296773,0.8447164948453608,0.0,1.0,0.0,0.0,0.0,0.0,0.0,0.0,0.0,0.0,0.0,0.0,0.0,0.0,0.0,0.0,0.0
463,Zircon,1.0,1280,40.370120352322566,685.13671875,3501.4453125,669,3474,705,3526,50.4279910583073,34.13990764479532,0.9116809116809117,0.0,1.0,0.0,0.0,0.0,0.0,0.0,0.0,0.0,0.0,0.0,0.0,0.0,0.0,0.0,0.0,0.0
464,Quartz,1.0,1174,38.66242653428625,668.0681431005111,4279.100511073254,650,4243,693,4306,71.39091710450404,22.869763056039023,0.851341551849166,0.0,0.0,0.0,0.0,0.0,0.0,1.0,0.0,0.0,0.0,0.0,0.0,0.0,0.0,0.0,0.0,0.0
465,Zircon,1.0,3173,63.56090839065055,679.4554049795147,3363.5956508036556,642,3331,719,3396,75.79252138336162,54.670811194266854,0.9073491564197884,0.0,1.0,0.0,0.0,0.0,0.0,0.0,0.0,0.0,0.0,0.0,0.0,0.0,0.0,0.0,0.0,0.0
466,Zircon,1.0,2579,57.30344479934853,678.1457929430012,1695.1310585498254,644,1664,707,1734,70.49755189453082,48.12394172783095,0.9457279061239457,0.0,1.0,0.0,0.0,0.0,0.0,0.0,0.0,0.0,0.0,0.0,0.0,0.0,0.0,0.0,0.0,0.0
467,Zircon,1.0,2517,56.610457815658094,652.6936829558999,3187.7906237584425,621,3158,679,3225,69.43340853363303,48.52017217772578,0.9186131386861314,0.0,1.0,0.0,0.0,0.0,0.0,0.0,0.0,0.0,0.0,0.0,0.0,0.0,0.0,0.0,0.0,0.0
469,Zircon,0.9830966869506423,1479,43.394945404543435,679.1440162271805,159.90669371196753,646,123,704,186,76.12308856858476,34.65796819792237,0.7354549975136748,0.0,0.9830966869506423,0.0,0.0,0.0,0.0,0.016903313049357674,0.0,0.0,0.0,0.0,0.0,0.0,0.0,0.0,0.0,0.0
470,Zircon,0.9176995537927616,2017,50.67666289063264,685.7059990084283,3172.5042141794743,651,3138,718,3209,76.4083195730832,40.58265168698283,0.7366691015339664,0.0,0.9176995537927616,0.0,0.0480912245909767,0.034209221616261776,0.0,0.0,0.0,0.0,0.0,0.0,0.0,0.0,0.0,0.0,0.0,0.0
471,Zircon,1.0,2557,57.05850958347765,682.9906140007822,4096.748142354321,657,4053,704,4136,80.25142462853731,44.598450772406125,0.9115864527629234,0.0,1.0,0.0,0.0,0.0,0.0,0.0,0.0,0.0,0.0,0.0,0.0,0.0,0.0,0.0,0.0,0.0
472,Unknown,1.0,275,18.712051592547777,675.7054545454546,3966.112727272727,662,3955,688,3976,29.157354807801106,14.489963677968873,0.7313829787234043,0.0,0.0,0.0,0.0,0.0,0.0,0.0,0.0,0.0,0.0,0.0,0.0,0.0,0.0,0.0,0.0,1.0
473,Zircon,0.967966152916289,3309,64.9087794795793,684.355696585071,4390.510728316712,649,4360,725,4415,75.6091224433138,58.67529461246616,0.9720916568742656,0.0,0.967966152916289,0.0,0.0,0.0,0.0,0.0,0.0,0.0,0.0,0.0,0.0,0.0,0.0,0.0,0.0,0.03203384708371109
474,Zircon,1.0,962,34.997949111844065,685.7837837837837,1940.5530145530145,666,1918,706,1961,42.80368301420637,30.36588716857957,0.8825688073394495,0.0,1.0,0.0,0.0,0.0,0.0,0.0,0.0,0.0,0.0,0.0,0.0,0.0,0.0,0.0,0.0,0.0
475,Zircon,0.9690428855438796,3521,66.95577971327425,694.6324907696677,4438.906844646407,651,4415,732,4473,85.45714178636733,54.779924358345056,0.9488008623012665,0.0,0.9690428855438796,0.0,0.0,0.0,0.0,0.0,0.0,0.0,0.0,0.0,0.0,0.0,0.0,0.0,0.0,0.03095711445612042
476,Zircon,1.0,1330,41.151046092387084,690.4413533834586,614.081954887218,665,594,712,640,52.77776709440612,32.97096682971174,0.9399293286219081,0.0,1.0,0.0,0.0,0.0,0.0,0.0,0.0,0.0,0.0,0.0,0.0,0.0,0.0,0.0,0.0,0.0
477,Zircon,1.0,4805,78.21710818262497,694.5739854318418,930.7508844953173,654,893,740,980,84.81285076824015,76.85861401734921,0.926354347406979,0.0,1.0,0.0,0.0,0.0,0.0,0.0,0.0,0.0,0.0,0.0,0.0,0.0,0.0,0.0,0.0,0.0
478,Zircon,1.0,1246,39.830346128799995,688.2223113964687,1983.5008025682182,665,1963,710,2003,49.28783936904851,33.05326675746753,0.9094890510948905,0.0,1.0,0.0,0.0,0.0,0.0,0.0,0.0,0.0,0.0,0.0,0.0,0.0,0.0,0.0,0.0,0.0
479,Quartz,0.9396825396825397,945,34.68733731168665,699.9619047619047,4182.262433862434,680,4162,720,4206,49.17966370697703,26.24706705657951,0.8188908145580589,0.0,0.0,0.0,0.0,0.0,0.0,0.9396825396825397,0.0,0.06031746031746032,0.0,0.0,0.0,0.0,0.0,0.0,0.0,0.0
480,Zircon,1.0,4043,71.74752594594648,714.8486272569874,4613.1315854563445,675,4573,762,4655,100.43573953830379,54.9484391056552,0.8502628811777077,0.0,1.0,0.0,0.0,0.0,0.0,0.0,0.0,0.0,0.0,0.0,0.0,0.0,0.0,0.0,0.0,0.0
481,Quartz,1.0,946,34.70568554746418,711.2832980972515,2021.5919661733615,688,2006,732,2039,45.30091638084285,27.551173207016337,0.8849391955098223,0.0,0.0,0.0,0.0,0.0,0.0,1.0,0.0,0.0,0.0,0.0,0.0,0.0,0.0,0.0,0.0,0.0
482,Zircon,1.0,1770,47.4724551101082,708.6271186440678,3701.5457627118644,683,3673,732,3730,63.16021619547497,37.49489015247041,0.9090909090909091,0.0,1.0,0.0,0.0,0.0,0.0,0.0,0.0,0.0,0.0,0.0,0.0,0.0,0.0,0.0,0.0,0.0
483,Zircon,1.0,2874,60.49206932787849,711.96416144746,2409.3622129436326,665,2388,752,2435,85.61253596741345,43.98915999601112,0.8956061078217513,0.0,1.0,0.0,0.0,0.0,0.0,0.0,0.0,0.0,0.0,0.0,0.0,0.0,0.0,0.0,0.0,0.0
484,Zircon,1.0,1282,40.4016471984804,709.3260530421217,1724.230109204368,683,1702,736,1748,56.684157843192004,30.683872669063994,0.8971308607417775,0.0,1.0,0.0,0.0,0.0,0.0,0.0,0.0,0.0,0.0,0.0,0.0,0.0,0.0,0.0,0.0,0.0
485,Rutile,1.0,8392,103.36840068133726,713.8489037178265,738.9045519542422,668,683,762,800,119.59259418656772,90.86927036475072,0.9413348289399888,0.0,0.0,1.0,0.0,0.0,0.0,0.0,0.0,0.0,0.0,0.0,0.0,0.0,0.0,0.0,0.0,0.0
486,Zircon,0.9181449027569993,4679,77.18476423372573,721.3498610814277,867.3229322504809,675,829,764,908,89.97180151830462,68.47717811403108,0.9027590198726606,0.0,0.9181449027569993,0.0,0.0,0.0,0.0,0.0,0.0,0.0,0.0,0.0,0.0,0.0,0.0,0.0,0.0,0.08185509724300064
487,Zircon,1.0,1314,40.90277205498429,713.5418569254185,2968.73896499239,686,2948,742,2991,59.411113641799545,30.33905972892524,0.8920570264765784,0.0,1.0,0.0,0.0,0.0,0.0,0.0,0.0,0.0,0.0,0.0,0.0,0.0,0.0,0.0,0.0,0.0
488,Zircon,1.0,9202,108.24209112287589,709.8916539882634,3838.0667246250814,641,3779,777,3903,144.69636652335248,84.67032351549443,0.9012732615083252,0.0,1.0,0.0,0.0,0.0,0.0,0.0,0.0,0.0,0.0,0.0,0.0,0.0,0.0,0.0,0.0,0.0
489,Zircon,1.0,10730,116.88396089715772,737.1550792171482,1621.1969245107175,663,1566,812,1673,147.2205107480599,95.35322579060683,0.9135802469135802,0.0,1.0,0.0,0.0,0.0,0.0,0.0,0.0,0.0,0.0,0.0,0.0,0.0,0.0,0.0,0.0,0.0
490,Quartz,1.0,4853,78.60681592966188,721.1170410055636,2270.441788584381,673,2226,769,2304,90.52159076050737,72.87595139898852,0.8945622119815668,0.0,0.0,0.0,0.0,0.0,0.0,1.0,0.0,0.0,0.0,0.0,0.0,0.0,0.0,0.0,0.0,0.0
491,Zircon,1.0,5838,86.21584809165819,719.9273723878041,3099.6853374443303,682,3053,760,3160,104.27730309965723,73.46883003517999,0.9601973684210526,0.0,1.0,0.0,0.0,0.0,0.0,0.0,0.0,0.0,0.0,0.0,0.0,0.0,0.0,0.0,0.0,0.0
492,Zircon,1.0,1029,36.19618062078487,714.8950437317784,2734.5238095238096,683,2715,738,2759,57.25376555821856,28.46821177769488,0.735,0.0,1.0,0.0,0.0,0.0,0.0,0.0,0.0,0.0,0.0,0.0,0.0,0.0,0.0,0.0,0.0,0.0
493,Zircon,1.0,606,27.777385840094972,721.2722772277227,4341.090759075908,709,4326,743,4358,31.274331158676087,28.742240845402204,0.8898678414096917,0.0,1.0,0.0,0.0,0.0,0.0,0.0,0.0,0.0,0.0,0.0,0.0,0.0,0.0,0.0,0.0,0.0
494,Zircon,1.0,2245,53.46421960461445,720.8966592427616,3281.0672605790646,690,3255,757,3304,66.7571986375658,43.75521341152662,0.9096434359805511,0.0,1.0,0.0,0.0,0.0,0.0,0.0,0.0,0.0,0.0,0.0,0.0,0.0,0.0,0.0,0.0,0.0
495,Zircon,1.0,1243,39.7823673768393,723.9871279163315,1142.1037811745775,702,1123,747,1165,45.8016396297938,36.410342288517874,0.8936017253774263,0.0,1.0,0.0,0.0,0.0,0.0,0.0,0.0,0.0,0.0,0.0,0.0,0.0,0.0,0.0,0.0,0.0
496,Rutile,1.0,1977,50.17165115821301,732.6312594840667,91.73191704602934,692,79,777,112,84.07657003052442,33.64113636389246,0.8909418657052727,0.0,0.0,1.0,0.0,0.0,0.0,0.0,0.0,0.0,0.0,0.0,0.0,0.0,0.0,0.0,0.0,0.0
498,Zircon,1.0,3500,66.75581178124546,719.4217142857143,1861.8885714285714,674,1838,766,1888,92.15480616862624,49.258822070549265,0.9552401746724891,0.0,1.0,0.0,0.0,0.0,0.0,0.0,0.0,0.0,0.0,0.0,0.0,0.0,0.0,0.0,0.0,0.0
499,Quartz,1.0,1682,46.27730452656619,729.0731272294887,4240.692033293698,710,4212,760,4278,64.06562665633467,44.451146591527795,0.7449069973427812,0.0,0.0,0.0,0.0,0.0,0.0,1.0,0.0,0.0,0.0,0.0,0.0,0.0,0.0,0.0,0.0,0.0
500,Zircon,1.0,3374,65.54319357443944,729.8515115589804,1335.0017783046828,697,1298,759,1373,72.61945212457039,59.89112414749865,0.9566203572441168,0.0,1.0,0.0,0.0,0.0,0.0,0.0,0.0,0.0,0.0,0.0,0.0,0.0,0.0,0.0,0.0,0.0
502,Zircon,0.9873667130273528,8628,104.81178746674911,730.2613583681039,2114.131084840056,683,2049,776,2187,133.6478837546001,85.74620515303047,0.9044973267638117,0.0,0.9873667130273528,0.0,0.0,0.0,0.0,0.0,0.0,0.0,0.0,0.0,0.0,0.0,0.0,0.0,0.0,0.012633286972647196
503,Zircon,1.0,3116,62.98741478577103,734.3100128369705,2886.2310654685493,688,2852,775,2920,86.67715674182989,48.12239104093804,0.8518316019682887,0.0,1.0,0.0,0.0,0.0,0.0,0.0,0.0,0.0,0.0,0.0,0.0,0.0,0.0,0.0,0.0,0.0
504,Quartz,1.0,225,16.925687506432688,745.4266666666666,2913.9644444444443,737,2906,757,2923,21.925296609242093,14.277627693261035,0.8122743682310469,0.0,0.0,0.0,0.0,0.0,0.0,1.0,0.0,0.0,0.0,0.0,0.0,0.0,0.0,0.0,0.0,0.0
506,Zircon,1.0,4415,74.97567999028581,725.5494903737259,3446.518912797282,679,3410,764,3493,87.59541140172365,69.02421742306034,0.8735654926790661,0.0,1.0,0.0,0.0,0.0,0.0,0.0,0.0,0.0,0.0,0.0,0.0,0.0,0.0,0.0,0.0,0.0
507,Tourmaline,1.0,1457,43.07098810892469,733.700754975978,3936.277282086479,709,3913,760,3958,46.33229068654336,42.31455293048778,0.8378378378378378,0.0,0.0,0.0,0.0,0.0,0.0,0.0,0.0,0.0,0.0,0.0,0.0,0.0,0.0,0.0,1.0,0.0
508,Zircon,1.0,2247,53.48802910016325,736.3907432131731,3031.4098798397863,703,3009,769,3054,63.52510980937096,45.56416917139816,0.9235511713933415,0.0,1.0,0.0,0.0,0.0,0.0,0.0,0.0,0.0,0.0,0.0,0.0,0.0,0.0,0.0,0.0,0.0
509,Rutile,1.0,1655,45.90437284765684,735.029003021148,4494.073716012084,715,4465,762,4525,57.15397651268139,38.54101158818401,0.9287317620650954,0.0,0.0,1.0,0.0,0.0,0.0,0.0,0.0,0.0,0.0,0.0,0.0,0.0,0.0,0.0,0.0,0.0
510,Zircon,1.0,2401,55.290579187680116,733.1291128696377,2679.6184922948773,701,2648,764,2717,76.52233872618386,41.565234412832105,0.916412213740458,0.0,1.0,0.0,0.0,0.0,0.0,0.0,0.0,0.0,0.0,0.0,0.0,0.0,0.0,0.0,0.0,0.0
511,Zircon,0.9695901278096077,6807,93.09641014030697,745.3552225650066,1061.7928602908771,703,1012,796,1115,99.5260606999772,89.76075153948197,0.9242362525458249,0.0,0.9695901278096077,0.0,0.0,0.0,0.0,0.0,0.0,0.0,0.0,0.0,0.0,0.0,0.0,0.0,0.0,0.030409872190392245
512,Zircon,1.0,4074,72.02206540533986,743.4248895434463,1513.3399607265587,708,1474,779,1554,78.49587659747777,68.14439598853154,0.9320521619766644,0.0,1.0,0.0,0.0,0.0,0.0,0.0,0.0,0.0,0.0,0.0,0.0,0.0,0.0,0.0,0.0,0.0
513,Rutile,1.0,5526,83.88040131166821,731.3461816865725,1251.2180600796237,676,1214,783,1287,106.2876860607409,67.99609701491994,0.9167219641672196,0.0,0.0,1.0,0.0,0.0,0.0,0.0,0.0,0.0,0.0,0.0,0.0,0.0,0.0,0.0,0.0,0.0
514,Zircon,0.9829984544049459,5176,81.18058809561066,747.1620942812983,4144.6599690880985,707,4094,787,4193,100.73212747656567,70.08479080414324,0.931605471562275,0.0,0.9829984544049459,0.0,0.0,0.0,0.0,0.0,0.0,0.0,0.0,0.0,0.0,0.0,0.0,0.0,0.0,0.017001545595054096
515,Zircon,0.9451526333445153,5962,87.12665588504497,750.2056356927205,2567.8649781952363,689,2533,805,2615,116.5517219793871,68.24874996465999,0.9213413691855973,0.0,0.9451526333445153,0.0001677289500167729,0.0,0.0,0.0,0.02532707145253271,0.0,0.0,0.0,0.0,0.0,0.0,0.0,0.0,0.0,0.029352566252935256
516,Zircon,1.0,2177,52.648290465013666,739.7326596233348,4299.949931097841,700,4269,776,4324,77.18607341020352,40.256573952709914,0.8309160305343511,0.0,1.0,0.0,0.0,0.0,0.0,0.0,0.0,0.0,0.0,0.0,0.0,0.0,0.0,0.0,0.0,0.0
517,Zircon,1.0,5532,83.925926634592,750.6983007953723,3588.912689804772,697,3550,807,3637,102.56268253292464,74.96861020896232,0.8818747010999521,0.0,1.0,0.0,0.0,0.0,0.0,0.0,0.0,0.0,0.0,0.0,0.0,0.0,0.0,0.0,0.0,0.0
518,Zircon,1.0,12222,124.74587654809741,763.0836197021764,179.40500736377024,699,111,829,242,159.72178830774368,100.27439816420764,0.9210248681235871,0.0,1.0,0.0,0.0,0.0,0.0,0.0,0.0,0.0,0.0,0.0,0.0,0.0,0.0,0.0,0.0,0.0
519,Zircon,1.0,4072,72.00438477038452,740.5419941060903,545.3339882121808,708,495,780,586,88.94674340541599,69.32103926003205,0.8504594820384294,0.0,1.0,0.0,0.0,0.0,0.0,0.0,0.0,0.0,0.0,0.0,0.0,0.0,0.0,0.0,0.0,0.0
520,Quartz,1.0,172,14.798554040663838,737.2093023255813,580.1337209302326,731,573,752,590,18.915793880905067,16.486672587489828,0.6323529411764706,0.0,0.0,0.0,0.0,0.0,0.0,1.0,0.0,0.0,0.0,0.0,0.0,0.0,0.0,0.0,0.0,0.0
521,Quartz,1.0,816,32.23295624828558,749.0674019607843,1919.6053921568628,730,1904,768,1938,39.55277063075021,27.625905813793153,0.8562434417628542,0.0,0.0,0.0,0.0,0.0,0.0,1.0,0.0,0.0,0.0,0.0,0.0,0.0,0.0,0.0,0.0,0.0
522,Zircon,0.9649422830269346,4678,77.17651579509851,746.1122274476272,1401.2719110731082,705,1350,793,1446,91.19792769007266,69.1431019270593,0.8798194470566109,0.0,0.9649422830269346,0.0,0.0,0.0,0.0,0.0,0.0,0.0,0.0,0.0,0.0,0.0,0.0,0.0,0.0,0.035057716973065416
523,Zircon,1.0,3057,62.38824639509747,756.5937193326791,3678.7922800130846,730,3645,788,3719,75.90030667569357,53.29800147835754,0.9277693474962063,0.0,1.0,0.0,0.0,0.0,0.0,0.0,0.0,0.0,0.0,0.0,0.0,0.0,0.0,0.0,0.0,0.0
524,Zircon,1.0,3401,65.80492148497929,752.5868862099383,1804.6095266098207,713,1775,790,1837,78.66405901565614,56.22368945765418,0.9307608100711549,0.0,1.0,0.0,0.0,0.0,0.0,0.0,0.0,0.0,0.0,0.0,0.0,0.0,0.0,0.0,0.0,0.0
525,Zircon,1.0,4157,72.7520225661395,755.6569641568439,2350.7101274957904,716,2308,798,2395,82.32462064649356,70.81287028030792,0.8280876494023904,0.0,1.0,0.0,0.0,0.0,0.0,0.0,0.0,0.0,0.0,0.0,0.0,0.0,0.0,0.0,0.0,0.0
526,Zircon,0.9562160434643656,3129,63.118670260679,754.7807606263982,1979.5880472994568,712,1949,795,2018,86.28499384784709,52.77763523305216,0.8116731517509728,0.0,0.9562160434643656,0.0,0.0,0.0,0.0,0.0,0.0,0.01597954618088846,0.0,0.0,0.0,0.0,0.0,0.0,0.0,0.027804410354745925
527,Zircon,0.9937357064731033,10057,113.15904781059945,762.8742169633091,290.18961917072687,703,241,827,345,123.69708402215761,105.85586233212138,0.9521870857792085,0.0,0.9937357064731033,0.0,0.0,0.0,0.0,0.0,0.0,0.0,0.0,0.0,0.0,0.0,0.0,0.0,0.0,0.006264293526896689
528,Zircon,1.0,3727,68.88660089761979,758.4231285215991,2814.5105983364638,702,2760,798,2846,100.65081029523495,54.84358406332121,0.8103935638182214,0.0,1.0,0.0,0.0,0.0,0.0,0.0,0.0,0.0,0.0,0.0,0.0,0.0,0.0,0.0,0.0,0.0
529,Zircon,1.0,8045,101.20875524081099,760.4016159105034,3762.392044748291,705,3713,809,3815,105.43771359262018,100.8340632225078,0.9325373826359105,0.0,1.0,0.0,0.0,0.0,0.0,0.0,0.0,0.0,0.0,0.0,0.0,0.0,0.0,0.0,0.0,0.0
530,Rutile,1.0,565,26.821266613927218,763.8247787610619,4600.375221238938,742,4589,780,4616,37.290211182774,22.147989134774907,0.842026825633383,0.0,0.0,1.0,0.0,0.0,0.0,0.0,0.0,0.0,0.0,0.0,0.0,0.0,0.0,0.0,0.0,0.0
531,Zircon,0.9890791759741872,8058,101.29049437867278,768.7936212459667,428.9944154877141,705,377,831,491,131.22368496181787,81.16735227947052,0.9202832343535862,0.0,0.9890791759741872,0.0,0.0,0.0,0.0,0.0,0.0,0.0,0.0,0.0,0.0,0.0,0.0,0.0,0.0,0.010920824025812856
532,Rutile,1.0,3931,70.74676423946133,771.2788094632409,4423.308064105826,736,4386,809,4462,73.05453388912007,70.04051711022456,0.926248821866164,0.0,0.0,1.0,0.0,0.0,0.0,0.0,0.0,0.0,0.0,0.0,0.0,0.0,0.0,0.0,0.0,0.0
533,Zircon,1.0,234,17.26088217525478,783.7094017094017,1210.3418803418804,772,1203,796,1220,26.365075953004435,11.96233233418964,0.8698884758364313,0.0,1.0,0.0,0.0,0.0,0.0,0.0,0.0,0.0,0.0,0.0,0.0,0.0,0.0,0.0,0.0,0.0
534,Zircon,1.0,4997,79.76451595190437,785.0166099659796,3234.383830298179,736,3197,832,3274,90.47498314732678,72.58848188392226,0.9073905937897222,0.0,1.0,0.0,0.0,0.0,0.0,0.0,0.0,0.0,0.0,0.0,0.0,0.0,0.0,0.0,0.0,0.0
535,Zircon,1.0,5900,86.67244841319219,797.6593220338983,2484.652033898305,746,2443,858,2523,114.7691409115582,67.3479242859539,0.9161490683229814,0.0,1.0,0.0,0.0,0.0,0.0,0.0,0.0,0.0,0.0,0.0,0.0,0.0,0.0,0.0,0.0,0.0
536,Zircon,1.0,4571,76.2887800333996,786.1485451761102,2983.6696565302996,749,2933,825,3026,85.5316486347012,69.44104413367451,0.9370643706437064,0.0,1.0,0.0,0.0,0.0,0.0,0.0,0.0,0.0,0.0,0.0,0.0,0.0,0.0,0.0,0.0,0.0
537,Zircon,1.0,2111,51.844080461861104,782.9199431549029,4504.519185220275,754,4478,810,4534,56.22693973790917,48.43026484935776,0.9487640449438203,0.0,1.0,0.0,0.0,0.0,0.0,0.0,0.0,0.0,0.0,0.0,0.0,0.0,0.0,0.0,0.0,0.0
538,Zircon,1.0,4000,71.36496464611085,782.97625,676.35325,745,639,821,718,80.76076136475129,65.71890009567794,0.9092975676290066,0.0,1.0,0.0,0.0,0.0,0.0,0.0,0.0,0.0,0.0,0.0,0.0,0.0,0.0,0.0,0.0,0.0
539,Zircon,1.0,5246,81.7276859557437,796.3042317956538,1436.657072054899,751,1389,843,1477,93.93166189968672,74.87943049077701,0.9344495903099395,0.0,1.0,0.0,0.0,0.0,0.0,0.0,0.0,0.0,0.0,0.0,0.0,0.0,0.0,0.0,0.0,0.0
540,Quartz,1.0,1773,47.51266897171157,788.4850535815003,2913.0129723632263,756,2889,823,2936,67.84281810406092,38.044309081917206,0.7783143107989464,0.0,0.0,0.0,0.0,0.0,0.0,1.0,0.0,0.0,0.0,0.0,0.0,0.0,0.0,0.0,0.0,0.0
541,Zircon,1.0,1366,41.70425899243664,785.7525622254758,3113.1647144948756,763,3087,805,3141,49.74967278314198,36.73762362212102,0.9167785234899329,0.0,1.0,0.0,0.0,0.0,0.0,0.0,0.0,0.0,0.0,0.0,0.0,0.0,0.0,0.0,0.0,0.0
542,Zircon,1.0,6180,88.70524441352555,784.9218446601942,3997.804368932039,754,3938,820,4060,124.4637851723025,65.67166876471697,0.9348056269853274,0.0,1.0,0.0,0.0,0.0,0.0,0.0,0.0,0.0,0.0,0.0,0.0,0.0,0.0,0.0,0.0,0.0
543,Zircon,1.0,1954,49.8789541832275,787.4222108495394,2226.9687819856704,758,2197,811,2263,74.2049702565237,38.173380902097875,0.761199844176081,0.0,1.0,0.0,0.0,0.0,0.0,0.0,0.0,0.0,0.0,0.0,0.0,0.0,0.0,0.0,0.0,0.0
544,Zircon,1.0,4990,79.70862769003404,791.4478957915832,4350.840681362725,750,4302,833,4393,90.08104052428627,74.53715747303126,0.8742116327960757,0.0,1.0,0.0,0.0,0.0,0.0,0.0,0.0,0.0,0.0,0.0,0.0,0.0,0.0,0.0,0.0,0.0
545,Zircon,1.0,2420,55.50891548444353,792.800826446281,4649.387190082644,767,4615,820,4681,64.82532378893212,48.29639257840773,0.9247229652273595,0.0,1.0,0.0,0.0,0.0,0.0,0.0,0.0,0.0,0.0,0.0,0.0,0.0,0.0,0.0,0.0,0.0
546,Zircon,1.0,4735,77.64527831311442,802.2538542766631,956.4063357972545,764,913,842,1003,93.9956554681022,67.29352959633889,0.900875190258752,0.0,1.0,0.0,0.0,0.0,0.0,0.0,0.0,0.0,0.0,0.0,0.0,0.0,0.0,0.0,0.0,0.0
547,Zircon,1.0,4931,79.23600314938335,794.4629892516731,4243.559318596634,749,4196,832,4286,88.04658563533894,72.8433422020106,0.9628978715094708,0.0,1.0,0.0,0.0,0.0,0.0,0.0,0.0,0.0,0.0,0.0,0.0,0.0,0.0,0.0,0.0,0.0
548,Zircon,0.9573363431151242,4430,75.10293724733255,807.1435665914221,2649.331151241535,764,2602,850,2690,98.66984680660104,65.47088678285583,0.8514318662310205,0.0,0.9573363431151242,0.0,0.0,0.0,0.0,0.006997742663656885,0.0,0.0,0.0,0.0,0.0,0.0,0.0,0.0,0.0,0.03566591422121896
549,Zircon,0.9927310488058152,7704,99.04058487630056,797.0469885773624,3407.56243509865,745,3348,849,3471,112.35234306903716,91.26940105761429,0.9130125622185352,0.0,0.9927310488058152,0.007268951194184839,0.0,0.0,0.0,0.0,0.0,0.0,0.0,0.0,0.0,0.0,0.0,0.0,0.0,0.0
550,Zircon,0.987991718426501,4830,78.42032262794406,803.4018633540372,811.5204968944099,762,755,843,863,101.9452002424679,63.257094884579075,0.8737337192474675,0.0,0.987991718426501,0.0,0.0,0.0,0.0,0.0,0.0,0.0,0.0,0.0,0.0,0.0,0.0,0.0,0.0,0.012008281573498964
551,Zircon,1.0,1632,45.58428388170407,793.5680147058823,4560.85294117647,768,4534,821,4589,59.70544073119083,36.661636685330905,0.9071706503613118,0.0,1.0,0.0,0.0,0.0,0.0,0.0,0.0,0.0,0.0,0.0,0.0,0.0,0.0,0.0,0.0,0.0
552,Zircon,1.0,4044,71.75639845274425,807.1753214638971,1339.2851137487637,760,1304,850,1375,86.92654340825817,60.98834374349728,0.9184646831705655,0.0,1.0,0.0,0.0,0.0,0.0,0.0,0.0,0.0,0.0,0.0,0.0,0.0,0.0,0.0,0.0,0.0
553,Zircon,1.0,4184,72.98790485533833,808.3573135755258,510.6536806883365,766,471,848,547,77.53177044528829,69.8613657227769,0.945750452079566,0.0,1.0,0.0,0.0,0.0,0.0,0.0,0.0,0.0,0.0,0.0,0.0,0.0,0.0,0.0,0.0,0.0
554,Zircon,1.0,3261,64.43627980711926,809.4848206071757,3056.6801594602885,777,3019,842,3091,68.56040686386407,61.706182107313865,0.9454914467961728,0.0,1.0,0.0,0.0,0.0,0.0,0.0,0.0,0.0,0.0,0.0,0.0,0.0,0.0,0.0,0.0,0.0
555,Zircon,1.0,2150,52.320789569544914,822.0818604651163,4585.415348837209,793,4549,850,4619,60.06118447046505,48.4020820941473,0.8921161825726142,0.0,1.0,0.0,0.0,0.0,0.0,0.0,0.0,0.0,0.0,0.0,0.0,0.0,0.0,0.0,0.0,0.0
556,Quartz,1.0,236,17.334489682638438,807.8432203389831,3553.8474576271187,798,3541,815,3565,23.021658934173093,15.378292252542792,0.855072463768116,0.0,0.0,0.0,0.0,0.0,0.0,1.0,0.0,0.0,0.0,0.0,0.0,0.0,0.0,0.0,0.0,0.0
557,Zircon,1.0,816,32.23295624828558,823.3688725490196,4444.998774509804,803,4431,849,4459,47.10736628435737,23.654650194310875,0.8403707518022657,0.0,1.0,0.0,0.0,0.0,0.0,0.0,0.0,0.0,0.0,0.0,0.0,0.0,0.0,0.0,0.0,0.0
558,Zircon,0.9767469592177439,8386,103.33144159523312,824.5859766277129,2129.272477939423,764,2079,891,2186,122.12166250151891,91.4565982933941,0.8952706309384008,0.0,0.9767469592177439,0.0,0.0,0.0,0.0,0.0,0.0,0.0,0.0,0.0,0.0,0.0,0.0,0.0,0.0,0.02325304078225614
559,Quartz,1.0,180,15.138795132120961,819.5277777777778,3559.072222222222,814,3549,827,3568,18.816270481907026,12.87836024820623,0.9183673469387755,0.0,0.0,0.0,0.0,0.0,0.0,1.0,0.0,0.0,0.0,0.0,0.0,0.0,0.0,0.0,0.0,0.0
560,Zircon,0.9726177437020811,2739,59.05423873888826,810.5706462212486,1914.7586710478276,784,1879,843,1951,71.04780426855484,56.34981372876552,0.8237593984962406,0.0,0.9726177437020811,0.0,0.0,0.0,0.0,0.0,0.0,0.0,0.0,0.0,0.0,0.0,0.0,0.0,0.0,0.027382256297918947
561,Zircon,1.0,2793,59.633531242458794,819.1911922663802,3922.891872538489,791,3890,849,3961,71.29610763640518,53.535697446233,0.872539831302718,0.0,1.0,0.0,0.0,0.0,0.0,0.0,0.0,0.0,0.0,0.0,0.0,0.0,0.0,0.0,0.0,0.0
562,Quartz,1.0,218,16.66031874701878,820.9357798165138,2902.738532110092,813,2893,830,2918,26.50956861198165,12.97034024097833,0.6964856230031949,0.0,0.0,0.0,0.0,0.0,0.0,1.0,0.0,0.0,0.0,0.0,0.0,0.0,0.0,0.0,0.0,0.0
563,Rutile,1.0,838,32.66457926390705,822.2684964200478,3531.6169451073984,807,3507,841,3554,50.01408297151854,22.390484568652056,0.8413654618473896,0.0,0.0,1.0,0.0,0.0,0.0,0.0,0.0,0.0,0.0,0.0,0.0,0.0,0.0,0.0,0.0,0.0
564,Zircon,1.0,5337,82.43348500610394,815.1405283867341,602.4015364436949,769,557,863,643,95.42796544706871,74.70558976091684,0.915908700875236,0.0,1.0,0.0,0.0,0.0,0.0,0.0,0.0,0.0,0.0,0.0,0.0,0.0,0.0,0.0,0.0,0.0
565,Zircon,1.0,4363,74.53283929704754,832.5599358239743,3744.194132477653,805,3704,871,3802,94.10922503968506,61.86889036071704,0.9158270361041142,0.0,1.0,0.0,0.0,0.0,0.0,0.0,0.0,0.0,0.0,0.0,0.0,0.0,0.0,0.0,0.0,0.0
566,Zircon,1.0,6024,87.57850773725606,824.792994687915,4093.862051792829,783,4041,865,4159,115.32002874423961,73.13048026763224,0.8514487632508834,0.0,1.0,0.0,0.0,0.0,0.0,0.0,0.0,0.0,0.0,0.0,0.0,0.0,0.0,0.0,0.0,0.0
567,Zircon,1.0,3449,66.2676632286938,826.808640185561,1700.393737315164,804,1651,848,1754,102.0933631599612,44.4927863043661,0.9069155929529319,0.0,1.0,0.0,0.0,0.0,0.0,0.0,0.0,0.0,0.0,0.0,0.0,0.0,0.0,0.0,0.0,0.0
568,Zircon,1.0,819,32.29215364663835,826.4529914529915,4407.389499389499,810,4387,842,4425,38.25646289617782,29.602451245658017,0.91,0.0,1.0,0.0,0.0,0.0,0.0,0.0,0.0,0.0,0.0,0.0,0.0,0.0,0.0,0.0,0.0,0.0
569,Zircon,1.0,605,27.754457742221764,830.5338842975207,4683.19173553719,814,4668,844,4696,29.42233428878863,27.66172290510397,0.9002976190476191,0.0,1.0,0.0,0.0,0.0,0.0,0.0,0.0,0.0,0.0,0.0,0.0,0.0,0.0,0.0,0.0,0.0
570,Zircon,1.0,293,19.314740138231286,832.0614334470989,2226.4744027303755,821,2212,842,2237,24.854578548909707,17.316809443498176,0.8071625344352618,0.0,1.0,0.0,0.0,0.0,0.0,0.0,0.0,0.0,0.0,0.0,0.0,0.0,0.0,0.0,0.0,0.0
571,Zircon,1.0,3608,67.77793355808708,832.6286031042129,2558.1577050997785,795,2519,866,2594,76.42435649346767,61.43616531352026,0.9497236114767044,0.0,1.0,0.0,0.0,0.0,0.0,0.0,0.0,0.0,0.0,0.0,0.0,0.0,0.0,0.0,0.0,0.0
572,Zircon,1.0,1294,40.59029404780533,836.0200927357032,1515.354714064915,815,1494,858,1545,49.64453000962508,38.09478264740212,0.8609447771124418,0.0,1.0,0.0,0.0,0.0,0.0,0.0,0.0,0.0,0.0,0.0,0.0,0.0,0.0,0.0,0.0,0.0
573,Ilmenite,1.0,201,15.99753570059363,836.2935323383084,2688.6666666666665,829,2680,845,2699,17.7823709042808,14.594829117170946,0.9305555555555556,0.0,0.0,0.0,1.0,0.0,0.0,0.0,0.0,0.0,0.0,0.0,0.0,0.0,0.0,0.0,0.0,0.0
574,Zircon,1.0,4547,76.08823962946433,846.3188915768638,3308.533978447328,807,3269,894,3348,90.8857076097791,65.59090822615705,0.9260692464358452,0.0,1.0,0.0,0.0,0.0,0.0,0.0,0.0,0.0,0.0,0.0,0.0,0.0,0.0,0.0,0.0,0.0
575,Zircon,1.0,1951,49.84064959225855,838.5668887749872,1828.2060481804203,808,1805,875,1850,67.02174300101217,38.580812775724745,0.8686553873552983,0.0,1.0,0.0,0.0,0.0,0.0,0.0,0.0,0.0,0.0,0.0,0.0,0.0,0.0,0.0,0.0,0.0
576,Zircon,1.0,1265,40.13287958881073,843.298814229249,2757.1731225296444,824,2737,869,2780,41.25418970175599,40.55566922781644,0.9061604584527221,0.0,1.0,0.0,0.0,0.0,0.0,0.0,0.0,0.0,0.0,0.0,0.0,0.0,0.0,0.0,0.0,0.0
577,Zircon,1.0,6939,93.99472964436514,857.1354662055052,3660.542297160974,787,3623,931,3703,145.29192648951044,63.87946096829864,0.9143497166952168,0.0,1.0,0.0,0.0,0.0,0.0,0.0,0.0,0.0,0.0,0.0,0.0,0.0,0.0,0.0,0.0,0.0
578,Zircon,1.0,5006,79.83631480062331,844.0834998002397,3157.09029165002,799,3113,889,3200,100.26005091938147,64.24718645928162,0.9406238256294626,0.0,1.0,0.0,0.0,0.0,0.0,0.0,0.0,0.0,0.0,0.0,0.0,0.0,0.0,0.0,0.0,0.0
579,Zircon,0.9542019176536943,8865,106.24155761319211,860.0259447264524,2832.5249858996053,796,2779,933,2883,133.46097453078133,88.52384445994491,0.9099774173680969,0.0,0.9542019176536943,0.006993795826283136,0.0,0.004624929498025945,0.0,0.0,0.0,0.0,0.0,0.0,0.0,0.0,0.0,0.0,0.0,0.03417935702199661
580,Zircon,0.9737373737373738,3960,71.00724327243837,850.2085858585858,4523.678535353535,816,4481,887,4568,92.54024420045047,56.03853387103712,0.9304511278195489,0.0,0.9737373737373738,0.0,0.0,0.0,0.0,0.0,0.0,0.0,0.0,0.0,0.0,0.0,0.0,0.0,0.0,0.026262626262626262
581,Zircon,1.0,2607,57.61367453239352,861.8147295742233,1880.9424626006905,825,1856,900,1916,69.15127142754032,50.09299050461876,0.8986556359875905,0.0,1.0,0.0,0.0,0.0,0.0,0.0,0.0,0.0,0.0,0.0,0.0,0.0,0.0,0.0,0.0,0.0
582,Zircon,1.0,116,12.153015559492998,857.9051724137931,2208.7844827586205,852,2199,866,2218,19.0954962602084,11.697000082225049,0.6270270270270271,0.0,1.0,0.0,0.0,0.0,0.0,0.0,0.0,0.0,0.0,0.0,0.0,0.0,0.0,0.0,0.0,0.0
583,Zircon,0.9601259181532005,953,34.833852588144914,866.7135362014691,4674.647429171039,840,4662,904,4684,62.272824969909934,21.765373356583048,0.8516532618409294,0.0,0.9601259181532005,0.03987408184679958,0.0,0.0,0.0,0.0,0.0,0.0,0.0,0.0,0.0,0.0,0.0,0.0,0.0,0.0
584,Zircon,1.0,3830,69.83199450349154,859.4480417754569,2294.8577023498697,820,2258,897,2337,73.58223291937685,67.63587885234895,0.9298373391599903,0.0,1.0,0.0,0.0,0.0,0.0,0.0,0.0,0.0,0.0,0.0,0.0,0.0,0.0,0.0,0.0,0.0
585,Zircon,1.0,731,30.508000708034015,866.5170998632011,2241.5841313269493,845,2227,888,2258,42.3187748720759,26.38464971129286,0.7551652892561983,0.0,1.0,0.0,0.0,0.0,0.0,0.0,0.0,0.0,0.0,0.0,0.0,0.0,0.0,0.0,0.0,0.0
586,Zircon,1.0,3716,68.78486859939376,862.1512378902045,447.33423035522065,820,410,899,482,74.40326962288789,66.12899725252271,0.9379101463907118,0.0,1.0,0.0,0.0,0.0,0.0,0.0,0.0,0.0,0.0,0.0,0.0,0.0,0.0,0.0,0.0,0.0
587,Zircon,1.0,2923,61.005566871072354,872.2593226137529,872.5655148819706,842,842,917,908,75.13026106835243,54.43428663771973,0.886294724075197,0.0,1.0,0.0,0.0,0.0,0.0,0.0,0.0,0.0,0.0,0.0,0.0,0.0,0.0,0.0,0.0,0.0
588,Zircon,1.0,746,30.81942083122964,862.2573726541555,3505.219839142091,840,3493,882,3522,40.64971849524186,26.933897372553943,0.888095238095238,0.0,1.0,0.0,0.0,0.0,0.0,0.0,0.0,0.0,0.0,0.0,0.0,0.0,0.0,0.0,0.0,0.0
589,Zircon,1.0,1841,48.415224897313394,870.2552960347637,4602.452471482889,847,4573,903,4628,52.314457789138864,50.28239775063463,0.8906627963231737,0.0,1.0,0.0,0.0,0.0,0.0,0.0,0.0,0.0,0.0,0.0,0.0,0.0,0.0,0.0,0.0,0.0
590,Zircon,1.0,959,34.943335894001606,868.007299270073,2392.6277372262775,851,2373,891,2412,43.320556139344156,29.756076959261783,0.9448275862068966,0.0,1.0,0.0,0.0,0.0,0.0,0.0,0.0,0.0,0.0,0.0,0.0,0.0,0.0,0.0,0.0,0.0
591,Zircon,0.9822392725206024,7038,94.6628750664487,869.3196930946292,1250.119067917022,826,1192,922,1307,108.5859987747499,87.27626594324292,0.8982769623484365,0.0,0.9822392725206024,0.0,0.0,0.0,0.0,0.0,0.0,0.0,0.0,0.0,0.0,0.0,0.0,0.0,0.0,0.017760727479397557
592,Zircon,1.0,4675,77.15176518808164,871.1659893048128,643.9302673796791,828,600,913,690,106.30331720175212,56.57175570597367,0.9558372520956859,0.0,1.0,0.0,0.0,0.0,0.0,0.0,0.0,0.0,0.0,0.0,0.0,0.0,0.0,0.0,0.0,0.0
593,Zircon,0.949607204445296,5219,81.517097494776,872.6087373059974,3239.099444337996,831,3199,910,3287,89.9894286274368,75.09905224452666,0.9363114459992824,0.0,0.949607204445296,0.0,0.0,0.0,0.0,0.0,0.0,0.0,0.0,0.0,0.0,0.0,0.0,0.0,0.0,0.05039279555470397
594,Zircon,1.0,2245,53.46421960461445,870.8944320712695,3372.775501113586,842,3346,904,3403,56.0991088935084,52.46466765482479,0.9185761047463176,0.0,1.0,0.0,0.0,0.0,0.0,0.0,0.0,0.0,0.0,0.0,0.0,0.0,0.0,0.0,0.0,0.0
595,Quartz,1.0,1197,39.039310125154486,879.3141186299081,2630.410192147034,853,2613,905,2652,50.26917398473485,34.197140131707954,0.7668161434977578,0.0,0.0,0.0,0.0,0.0,0.0,1.0,0.0,0.0,0.0,0.0,0.0,0.0,0.0,0.0,0.0,0.0
596,Zircon,1.0,3470,66.46909973988676,882.057636887608,811.336311239193,851,774,923,847,74.97791599395542,60.774688988963334,0.9525116662091683,0.0,1.0,0.0,0.0,0.0,0.0,0.0,0.0,0.0,0.0,0.0,0.0,0.0,0.0,0.0,0.0,0.0
597,Zircon,1.0,2023,50.751981232255694,879.9317844784973,569.0415224913495,856,539,903,601,60.68384337018817,43.51526977908009,0.9019170753455193,0.0,1.0,0.0,0.0,0.0,0.0,0.0,0.0,0.0,0.0,0.0,0.0,0.0,0.0,0.0,0.0,0.0
598,Orthoclase,0.9723830734966592,2245,53.46421960461445,881.2810690423163,3601.058797327394,855,3570,916,3627,58.81923251672793,53.5559857404805,0.9253915910964551,0.0,0.0,0.0,0.0,0.0,0.0,0.0,0.0,0.9723830734966592,0.0,0.0,0.0,0.0,0.0,0.0,0.0,0.027616926503340758
599,Zircon,1.0,3571,67.4295069998978,874.9378325399048,4384.870624474937,833,4359,920,4414,89.86005248378122,52.52555314880689,0.9135328728575083,0.0,1.0,0.0,0.0,0.0,0.0,0.0,0.0,0.0,0.0,0.0,0.0,0.0,0.0,0.0,0.0,0.0
600,Zircon,1.0,1595,45.06458780298101,884.4583072100313,937.0658307210032,863,909,914,971,65.18064283321344,34.87724738228585,0.8294331773270931,0.0,1.0,0.0,0.0,0.0,0.0,0.0,0.0,0.0,0.0,0.0,0.0,0.0,0.0,0.0,0.0,0.0
601,Zircon,0.972653686283089,9142,107.8886273801315,878.3118573616276,2047.2864799824983,813,1998,946,2101,142.4500414178621,85.92323766262791,0.8906858924395947,0.0,0.972653686283089,0.0,0.0,0.0,0.0,0.0,0.0,0.0,0.0,0.0,0.0,0.0,0.0,0.0,0.0,0.02734631371691096
602,Zircon,1.0,1587,44.951431095068635,886.9508506616257,2213.134845620668,862,2177,908,2256,84.21601747401554,27.477907495389083,0.7883755588673621,0.0,1.0,0.0,0.0,0.0,0.0,0.0,0.0,0.0,0.0,0.0,0.0,0.0,0.0,0.0,0.0,0.0
603,Zircon,1.0,7468,97.51180913141852,881.257900374933,3061.7494643813607,838,3003,926,3119,123.63892860543207,79.77526197546155,0.926665839434173,0.0,1.0,0.0,0.0,0.0,0.0,0.0,0.0,0.0,0.0,0.0,0.0,0.0,0.0,0.0,0.0,0.0
604,Zircon,1.0,5341,82.46437053922442,894.8093989889534,354.77513574237037,849,305,944,409,119.15545420527853,59.063593391992654,0.9054076962196983,0.0,1.0,0.0,0.0,0.0,0.0,0.0,0.0,0.0,0.0,0.0,0.0,0.0,0.0,0.0,0.0,0.0
605,Rutile,1.0,3104,62.86601265276767,897.2567654639175,1793.3334407216496,866,1751,938,1826,83.0859680410676,51.089485785884285,0.8978883424934915,0.0,0.0,1.0,0.0,0.0,0.0,0.0,0.0,0.0,0.0,0.0,0.0,0.0,0.0,0.0,0.0,0.0
606,Zircon,0.9962075848303393,5010,79.86820468198322,894.7293413173653,4453.48123752495,857,4413,940,4501,94.4307427106391,71.70381260008672,0.9009171012407841,0.0,0.9962075848303393,0.0,0.0,0.0,0.0,0.0,0.0,0.0,0.0,0.0,0.0,0.0,0.0,0.0,0.0,0.0037924151696606787
607,Zircon,1.0,7497,97.70095632530685,892.7841803388022,226.26183806856076,847,168,934,286,120.7361436508327,83.6698462224366,0.869721577726218,0.0,1.0,0.0,0.0,0.0,0.0,0.0,0.0,0.0,0.0,0.0,0.0,0.0,0.0,0.0,0.0,0.0
608,Orthoclase,1.0,2996,61.762655998803574,891.6251668891856,4302.888184245661,850,4265,928,4337,83.25366884218232,49.423668515909,0.8816951147733961,0.0,0.0,0.0,0.0,0.0,0.0,0.0,0.0,1.0,0.0,0.0,0.0,0.0,0.0,0.0,0.0,0.0
609,Quartz,1.0,1530,44.13679308065777,891.8915032679738,1361.186274509804,861,1339,922,1381,59.75186711793826,34.0207300901188,0.8808290155440415,0.0,0.0,0.0,0.0,0.0,0.0,1.0,0.0,0.0,0.0,0.0,0.0,0.0,0.0,0.0,0.0,0.0
610,Zircon,0.982533961741059,7214,95.83918862198001,896.027585250901,2695.984058774605,842,2646,949,2747,114.04818202145945,81.78286509578898,0.922742389357892,0.0,0.982533961741059,0.0,0.0,0.0,0.0,0.0,0.0,0.0,0.0,0.0,0.0,0.0,0.0,0.0,0.0,0.017466038258940948
611,Zircon,1.0,1952,49.853421059372025,899.9672131147541,504.702868852459,872,472,928,540,72.1815501991809,36.87218402658602,0.8702630405706643,0.0,1.0,0.0,0.0,0.0,0.0,0.0,0.0,0.0,0.0,0.0,0.0,0.0,0.0,0.0,0.0,0.0
612,Zircon,1.0,1914,49.36578256872974,897.6400208986416,3552.3061650992686,850,3533,942,3574,85.53379281663419,32.012211249201805,0.837636761487965,0.0,1.0,0.0,0.0,0.0,0.0,0.0,0.0,0.0,0.0,0.0,0.0,0.0,0.0,0.0,0.0,0.0
613,Quartz,1.0,324,20.310825007719227,899.7037037037037,2389.5246913580245,887,2380,912,2401,24.728351377801584,17.57053924135079,0.8372093023255814,0.0,0.0,0.0,0.0,0.0,0.0,1.0,0.0,0.0,0.0,0.0,0.0,0.0,0.0,0.0,0.0,0.0
614,Zircon,1.0,4404,74.88222055343749,897.9711625794732,1666.232970027248,854,1631,950,1709,97.31629019961714,60.27982288819362,0.9037553868253643,0.0,1.0,0.0,0.0,0.0,0.0,0.0,0.0,0.0,0.0,0.0,0.0,0.0,0.0,0.0,0.0,0.0
615,Zircon,1.0,3427,66.05597565555597,902.4064779690691,2350.4318646046104,860,2316,937,2380,72.28033279094234,63.30998323750548,0.9363387978142077,0.0,1.0,0.0,0.0,0.0,0.0,0.0,0.0,0.0,0.0,0.0,0.0,0.0,0.0,0.0,0.0,0.0
616,Zircon,1.0,399,22.539356209735228,902.0676691729324,3335.6140350877195,884,3327,915,3351,33.4358984841329,17.187305575432845,0.8489361702127659,0.0,1.0,0.0,0.0,0.0,0.0,0.0,0.0,0.0,0.0,0.0,0.0,0.0,0.0,0.0,0.0,0.0
617,Zircon,1.0,1531,44.1512145131879,908.1757021554539,3406.593729588504,887,3383,933,3433,55.66879228965601,37.022858005631335,0.871867881548975,0.0,1.0,0.0,0.0,0.0,0.0,0.0,0.0,0.0,0.0,0.0,0.0,0.0,0.0,0.0,0.0,0.0
618,Zircon,1.0,5271,81.92219259943573,909.3862644659457,4229.48567634225,855,4194,965,4264,105.99652259571921,65.56892491649303,0.9365671641791045,0.0,1.0,0.0,0.0,0.0,0.0,0.0,0.0,0.0,0.0,0.0,0.0,0.0,0.0,0.0,0.0,0.0
619,Zircon,0.9883086515978177,6415,90.37605700336826,907.6053000779423,1010.864068589244,861,958,952,1067,103.08874808304773,80.21354213359758,0.9457467197405278,0.0,0.9883086515978177,0.0,0.0,0.0,0.0,0.0,0.0,0.0,0.0,0.0,0.0,0.0,0.0,0.0,0.0,0.011691348402182385
620,Zircon,1.0,2285,53.93841265480332,908.8096280087527,3512.896717724289,875,3485,944,3536,67.47900652913191,44.57802502924304,0.9330338913842384,0.0,1.0,0.0,0.0,0.0,0.0,0.0,0.0,0.0,0.0,0.0,0.0,0.0,0.0,0.0,0.0,0.0
622,Zircon,1.0,1678,46.2222452512381,912.7163289630513,1730.880810488677,883,1710,937,1754,55.60471292813484,40.553475896637046,0.9085002707092582,0.0,1.0,0.0,0.0,0.0,0.0,0.0,0.0,0.0,0.0,0.0,0.0,0.0,0.0,0.0,0.0,0.0
623,Zircon,0.99070415988845,4303,74.01857713436138,922.5454334185451,2579.935161515222,880,2550,973,2614,92.59750010293425,61.22352372379128,0.934622067767159,0.0,0.99070415988845,0.009295840111550081,0.0,0.0,0.0,0.0,0.0,0.0,0.0,0.0,0.0,0.0,0.0,0.0,0.0,0.0
624,Zircon,1.0,798,31.875463238965796,917.5388471177945,2774.5714285714284,903,2752,930,2806,58.18167981555904,18.831781107210322,0.8986486486486487,0.0,1.0,0.0,0.0,0.0,0.0,0.0,0.0,0.0,0.0,0.0,0.0,0.0,0.0,0.0,0.0,0.0
625,Zircon,1.0,2200,52.925674284012274,918.805909090909,4128.535,891,4097,948,4159,67.27630748437483,42.8781330352683,0.9393680614859095,0.0,1.0,0.0,0.0,0.0,0.0,0.0,0.0,0.0,0.0,0.0,0.0,0.0,0.0,0.0,0.0,0.0
626,Zircon,1.0,2181,52.69663601281765,918.888583218707,423.25217790004587,894,391,942,456,63.64984236437407,44.84839733513805,0.9265080713678845,0.0,1.0,0.0,0.0,0.0,0.0,0.0,0.0,0.0,0.0,0.0,0.0,0.0,0.0,0.0,0.0,0.0
627,Zircon,1.0,7151,95.41978822236585,919.0426513774297,4013.977205985177,880,3947,963,4073,122.30597046670017,75.70800783249085,0.9456492991272151,0.0,1.0,0.0,0.0,0.0,0.0,0.0,0.0,0.0,0.0,0.0,0.0,0.0,0.0,0.0,0.0,0.0
628,Zircon,1.0,317,20.090219901261573,923.564668769716,4171.832807570978,911,4164,940,4183,31.241663732165605,16.549308527760004,0.7254004576659039,0.0,1.0,0.0,0.0,0.0,0.0,0.0,0.0,0.0,0.0,0.0,0.0,0.0,0.0,0.0,0.0,0.0
629,Zircon,1.0,3764,69.22769421541608,927.2085547290117,3177.1017534537727,893,3134,957,3222,86.92504156384265,57.430901134194954,0.9339950372208436,0.0,1.0,0.0,0.0,0.0,0.0,0.0,0.0,0.0,0.0,0.0,0.0,0.0,0.0,0.0,0.0,0.0
631,Zircon,1.0,2282,53.902992876886174,917.7611744084137,1907.451796669588,887,1880,949,1934,60.38083650133639,48.935045047332274,0.9390946502057613,0.0,1.0,0.0,0.0,0.0,0.0,0.0,0.0,0.0,0.0,0.0,0.0,0.0,0.0,0.0,0.0,0.0
632,Zircon,1.0,7435,97.29612538588542,918.7631472763954,3874.616677874916,863,3821,969,3944,125.18573799322982,79.84687005300009,0.9056029232643118,0.0,1.0,0.0,0.0,0.0,0.0,0.0,0.0,0.0,0.0,0.0,0.0,0.0,0.0,0.0,0.0,0.0
633,Rutile,1.0,3481,66.57437085863525,935.4165469692617,4654.287273771904,896,4621,971,4684,72.07809521302993,64.56746276719176,0.8927930238522698,0.0,0.0,1.0,0.0,0.0,0.0,0.0,0.0,0.0,0.0,0.0,0.0,0.0,0.0,0.0,0.0,0.0
634,Quartz,1.0,710,30.066594033278285,905.4619718309859,4628.956338028169,887,4610,928,4652,48.10402494884886,22.168874638210468,0.71,0.0,0.0,0.0,0.0,0.0,0.0,1.0,0.0,0.0,0.0,0.0,0.0,0.0,0.0,0.0,0.0,0.0
635,Quartz,1.0,149,13.773623058786647,909.7248322147651,4676.422818791946,898,4665,928,4684,34.363387973470715,8.874882009359766,0.6182572614107884,0.0,0.0,0.0,0.0,0.0,0.0,1.0,0.0,0.0,0.0,0.0,0.0,0.0,0.0,0.0,0.0,0.0
636,Quartz,1.0,149,13.773623058786647,949.8926174496644,4619.181208053691,939,4610,959,4630,22.307304147141668,12.935947328421339,0.6182572614107884,0.0,0.0,0.0,0.0,0.0,0.0,1.0,0.0,0.0,0.0,0.0,0.0,0.0,0.0,0.0,0.0,0.0
637,Zircon,0.9796033994334278,1765,47.40535620009159,930.4770538243627,1967.0458923512747,907,1938,954,1996,56.82843059875515,41.50141250861121,0.8643486777668952,0.0,0.9796033994334278,0.0,0.020396600566572238,0.0,0.0,0.0,0.0,0.0,0.0,0.0,0.0,0.0,0.0,0.0,0.0,0.0
638,Zircon,1.0,2637,57.94422041469386,936.1846795601061,4357.053849070914,900,4327,975,4384,77.90778850458697,49.852362375513884,0.7801775147928994,0.0,1.0,0.0,0.0,0.0,0.0,0.0,0.0,0.0,0.0,0.0,0.0,0.0,0.0,0.0,0.0,0.0
639,Zircon,1.0,1211,39.26694651579471,941.4442609413708,566.0867052023121,923,547,965,592,43.575749484541895,36.76029546698199,0.9030574198359433,0.0,1.0,0.0,0.0,0.0,0.0,0.0,0.0,0.0,0.0,0.0,0.0,0.0,0.0,0.0,0.0,0.0
640,Zircon,1.0,6997,94.38674215435097,934.2538230670287,704.2215235100757,880,667,990,746,115.49580031401109,78.3584331511003,0.9482314676785473,0.0,1.0,0.0,0.0,0.0,0.0,0.0,0.0,0.0,0.0,0.0,0.0,0.0,0.0,0.0,0.0,0.0
641,Zircon,0.9916145753925903,6559,91.38478086595127,943.3855770696753,2959.048635462723,891,2916,1005,3009,104.7591612000563,82.13286853289041,0.9163174070969544,0.0,0.9916145753925903,0.008385424607409667,0.0,0.0,0.0,0.0,0.0,0.0,0.0,0.0,0.0,0.0,0.0,0.0,0.0,0.0
642,Zircon,0.8998040176384126,4082,72.0927445836884,947.8880450759432,2200.729299363057,907,2158,989,2251,83.23836480048004,72.2114637509559,0.8263157894736842,0.023027927486526212,0.8998040176384126,0.021068103870651642,0.0,0.0,0.0,0.0,0.0,0.0,0.0,0.0,0.0,0.0,0.0,0.0,0.0,0.0560999510044096
643,Unknown,1.0,209,16.312788383647018,942.6602870813397,3786.9904306220096,931,3780,954,3794,20.117260951101827,14.049571257363478,0.8565573770491803,0.0,0.0,0.0,0.0,0.0,0.0,0.0,0.0,0.0,0.0,0.0,0.0,0.0,0.0,0.0,0.0,1.0
644,Zircon,0.9914651493598862,4218,73.28386179571132,952.8918918918919,4478.455429113324,916,4439,995,4518,77.86630855879336,69.88950810569577,0.9495722647456101,0.0,0.9914651493598862,0.0,0.0,0.0,0.0,0.0,0.0,0.0,0.0,0.0,0.0,0.0,0.0,0.0,0.0,0.008534850640113799
645,Zircon,1.0,2316,54.303064237726375,957.1895509499136,4402.14896373057,924,4373,990,4430,65.28333996337712,46.68782699134657,0.8962848297213623,0.0,1.0,0.0,0.0,0.0,0.0,0.0,0.0,0.0,0.0,0.0,0.0,0.0,0.0,0.0,0.0,0.0
646,Zircon,1.0,5650,84.81629223064205,950.5495575221239,3461.9001769911506,899,3422,999,3510,94.42926050107192,78.20921745958077,0.9465572122633606,0.0,1.0,0.0,0.0,0.0,0.0,0.0,0.0,0.0,0.0,0.0,0.0,0.0,0.0,0.0,0.0,0.0
647,Zircon,1.0,1519,43.977845200199525,962.294930875576,2864.4871626069785,933,2850,997,2883,62.88766377215288,31.444991953551035,0.9341943419434194,0.0,1.0,0.0,0.0,0.0,0.0,0.0,0.0,0.0,0.0,0.0,0.0,0.0,0.0,0.0,0.0,0.0
649,Zircon,1.0,1267,40.16459265546523,957.3717442778217,4079.07182320442,937,4055,979,4105,56.47635889821637,28.85963666997119,0.9476439790575916,0.0,1.0,0.0,0.0,0.0,0.0,0.0,0.0,0.0,0.0,0.0,0.0,0.0,0.0,0.0,0.0,0.0
650,Zircon,1.0,5655,84.85381326420955,956.9009725906278,1406.7883289124668,914,1365,1003,1458,91.52236298822368,81.96915977579879,0.9281142294436239,0.0,1.0,0.0,0.0,0.0,0.0,0.0,0.0,0.0,0.0,0.0,0.0,0.0,0.0,0.0,0.0,0.0
651,Zircon,1.0,153,13.957279475043833,960.7908496732026,1800.954248366013,956,1793,969,1813,20.617788071705537,10.453924287173555,0.8742857142857143,0.0,1.0,0.0,0.0,0.0,0.0,0.0,0.0,0.0,0.0,0.0,0.0,0.0,0.0,0.0,0.0,0.0
652,Zircon,1.0,2684,58.45831795449795,966.4351713859911,2616.7436661698957,926,2585,1004,2646,85.33887176767657,41.3515748880787,0.8931780366056572,0.0,1.0,0.0,0.0,0.0,0.0,0.0,0.0,0.0,0.0,0.0,0.0,0.0,0.0,0.0,0.0,0.0
653,Rutile,0.9728518713758566,3794,69.50302750762162,957.3587243015287,625.4913020558777,919,590,996,663,82.66881314370681,61.207090959081285,0.920873786407767,0.0,0.0,0.9728518713758566,0.0,0.0,0.0,0.0,0.0,0.0,0.0,0.0,0.0,0.0,0.0,0.0,0.0,0.027148128624143383
654,Quartz,1.0,1673,46.153328789394244,965.9193066347879,3776.1709503885236,935,3749,992,3804,62.34725745977158,39.702889660682025,0.8086031899468342,0.0,0.0,0.0,0.0,0.0,0.0,1.0,0.0,0.0,0.0,0.0,0.0,0.0,0.0,0.0,0.0,0.0
655,Zircon,1.0,3726,68.8773587159323,969.7066559312937,3586.845947396672,925,3552,1017,3624,99.77439201725694,49.14232891732533,0.8952426717924075,0.0,1.0,0.0,0.0,0.0,0.0,0.0,0.0,0.0,0.0,0.0,0.0,0.0,0.0,0.0,0.0,0.0
656,Zircon,1.0,1965,50.01915338552418,967.6926208651399,1667.169465648855,946,1636,992,1697,61.4278509345979,42.253332461995264,0.9208059981255857,0.0,1.0,0.0,0.0,0.0,0.0,0.0,0.0,0.0,0.0,0.0,0.0,0.0,0.0,0.0,0.0,0.0
657,Rutile,1.0,3979,71.17738509176361,967.487308368937,1857.3772304599145,925,1822,1003,1896,82.20233311631067,63.73152565439889,0.9170315740954137,0.0,0.0,1.0,0.0,0.0,0.0,0.0,0.0,0.0,0.0,0.0,0.0,0.0,0.0,0.0,0.0,0.0
658,Quartz,1.0,101,11.340070282773887,993.8316831683169,1833.029702970297,989,1825,1000,1842,17.03582827387722,9.257925765017166,0.7266187050359713,0.0,0.0,0.0,0.0,0.0,0.0,1.0,0.0,0.0,0.0,0.0,0.0,0.0,0.0,0.0,0.0,0.0
659,Zircon,1.0,2505,56.475349131825496,953.9065868263473,868.7017964071856,929,829,973,906,76.38202693356723,44.47274598971514,0.8936853371387798,0.0,1.0,0.0,0.0,0.0,0.0,0.0,0.0,0.0,0.0,0.0,0.0,0.0,0.0,0.0,0.0,0.0
660,Zircon,1.0,4552,76.13006244339,968.4108084358523,2114.960676625659,929,2073,1009,2161,84.55501025566012,69.8578733596624,0.9064117881322182,0.0,1.0,0.0,0.0,0.0,0.0,0.0,0.0,0.0,0.0,0.0,0.0,0.0,0.0,0.0,0.0,0.0
661,Zircon,1.0,106,11.617374563210365,971.8867924528302,2676.377358490566,966,2668,977,2684,14.728277915471143,10.029675148200427,0.8760330578512396,0.0,1.0,0.0,0.0,0.0,0.0,0.0,0.0,0.0,0.0,0.0,0.0,0.0,0.0,0.0,0.0,0.0
662,Zircon,1.0,3623,67.91867836299153,999.8962186033674,873.8647529671543,972,831,1037,907,77.54608016847946,63.27594422634425,0.9371443352302121,0.0,1.0,0.0,0.0,0.0,0.0,0.0,0.0,0.0,0.0,0.0,0.0,0.0,0.0,0.0,0.0,0.0
663,Zircon,1.0,4130,72.51537298915467,970.7978208232446,1157.7261501210653,930,1124,1011,1193,77.95945923681046,68.20334237657903,0.9405602368480984,0.0,1.0,0.0,0.0,0.0,0.0,0.0,0.0,0.0,0.0,0.0,0.0,0.0,0.0,0.0,0.0,0.0
664,Zircon,0.989731553469268,6817,93.16476789247963,962.9300278714977,497.83277101364234,917,442,1009,555,125.5967071800437,69.84525451715405,0.9487821851078636,0.0,0.989731553469268,0.0,0.0,0.0,0.0,0.0,0.0,0.0,0.0,0.0,0.0,0.0,0.0,0.0,0.0,0.010268446530731994
665,Zircon,1.0,2410,55.39410891793226,973.356846473029,3234.1709543568463,942,3209,1003,3267,61.340121441828614,51.314826665370965,0.9226646248085758,0.0,1.0,0.0,0.0,0.0,0.0,0.0,0.0,0.0,0.0,0.0,0.0,0.0,0.0,0.0,0.0,0.0
666,Rutile,1.0,2362,54.83969187244267,989.7836579170195,4288.577476714649,953,4259,1033,4322,92.61791572246739,36.716545657737335,0.8545586107091172,0.0,0.0,1.0,0.0,0.0,0.0,0.0,0.0,0.0,0.0,0.0,0.0,0.0,0.0,0.0,0.0,0.0
667,Zircon,1.0,1684,46.304809613408565,974.7595011876484,1080.2826603325416,952,1053,1000,1110,62.833678184736726,34.85355407617579,0.9207217058501913,0.0,1.0,0.0,0.0,0.0,0.0,0.0,0.0,0.0,0.0,0.0,0.0,0.0,0.0,0.0,0.0,0.0
668,Monazite & Xenotime,1.0,166,14.538148590038452,980.0783132530121,938.4578313253012,973,930,989,947,19.443039595414998,11.504245163588058,0.8924731182795699,1.0,0.0,0.0,0.0,0.0,0.0,0.0,0.0,0.0,0.0,0.0,0.0,0.0,0.0,0.0,0.0,0.0
669,Zircon,1.0,2886,60.618226022423976,979.8135828135828,4141.035343035343,951,4107,1011,4178,66.03944981729833,56.80517293768697,0.896551724137931,0.0,1.0,0.0,0.0,0.0,0.0,0.0,0.0,0.0,0.0,0.0,0.0,0.0,0.0,0.0,0.0,0.0
670,Rutile,0.9933292904790783,6596,91.64217389975607,983.934960582171,2311.5162219526987,941,2261,1035,2369,109.74499980965402,79.65400921339156,0.8818181818181818,0.0,0.0,0.9933292904790783,0.0,0.0,0.0,0.0066707095209217705,0.0,0.0,0.0,0.0,0.0,0.0,0.0,0.0,0.0,0.0
671,Quartz,1.0,145,13.58748446131949,949.3931034482758,2284.689655172414,941,2267,964,2295,29.464024633241092,11.226622601107414,0.5272727272727272,0.0,0.0,0.0,0.0,0.0,0.0,1.0,0.0,0.0,0.0,0.0,0.0,0.0,0.0,0.0,0.0,0.0
672,Zircon,1.0,2421,55.5203830840875,978.1676992978108,3526.688558446923,946,3500,1008,3554,67.58049628426869,47.97646510217915,0.8871381458409674,0.0,1.0,0.0,0.0,0.0,0.0,0.0,0.0,0.0,0.0,0.0,0.0,0.0,0.0,0.0,0.0,0.0
673,Zircon,1.0,2339,54.572037667064855,988.051731509192,281.6224882428388,957,256,1022,308,66.07855362381174,48.55521248395176,0.8688707280832095,0.0,1.0,0.0,0.0,0.0,0.0,0.0,0.0,0.0,0.0,0.0,0.0,0.0,0.0,0.0,0.0,0.0
674,Zircon,0.9717490652264229,2407,55.35962052053407,986.3327793934358,4541.506439551309,961,4507,1015,4579,66.14300348414426,48.23481823467147,0.8529411764705882,0.0,0.9717490652264229,0.0,0.0,0.0,0.0,0.0,0.0,0.028250934773577065,0.0,0.0,0.0,0.0,0.0,0.0,0.0,0.0
675,Zircon,1.0,646,28.679483013103898,993.7461300309598,2468.201238390093,980,2450,1006,2489,37.6754603826647,22.769433431873345,0.8984700973574409,0.0,1.0,0.0,0.0,0.0,0.0,0.0,0.0,0.0,0.0,0.0,0.0,0.0,0.0,0.0,0.0,0.0
676,Zircon,1.0,5586,84.33454865528492,999.0923737916219,2810.3956319369854,949,2774,1048,2850,96.7244891783438,75.40682415315058,0.938508064516129,0.0,1.0,0.0,0.0,0.0,0.0,0.0,0.0,0.0,0.0,0.0,0.0,0.0,0.0,0.0,0.0,0.0
677,Zircon,0.9783595113438045,5730,85.41465091734838,986.4136125654451,3347.926352530541,935,3308,1040,3392,101.74179217376417,76.2658398385777,0.9035004730368968,0.0,0.9783595113438045,0.0,0.0,0.0,0.0,0.0,0.0,0.0,0.0,0.0,0.0,0.0,0.0,0.0,0.0,0.021640488656195462
678,Zircon,1.0,1864,48.71671696026266,994.994635193133,4607.009656652361,967,4582,1021,4635,52.58562263654726,46.30523979116306,0.9223156853043047,0.0,1.0,0.0,0.0,0.0,0.0,0.0,0.0,0.0,0.0,0.0,0.0,0.0,0.0,0.0,0.0,0.0
679,Unknown,1.0,106,11.617374563210365,994.566037735849,94.83962264150944,990,89,1002,102,12.61799760946238,11.40353784180356,0.9137931034482759,0.0,0.0,0.0,0.0,0.0,0.0,0.0,0.0,0.0,0.0,0.0,0.0,0.0,0.0,0.0,0.0,1.0
680,Rutile,0.9562764456981664,709,30.045412914740087,956.7813822284909,1250.2665726375176,938,1223,979,1275,60.40714189344729,23.80760189989213,0.5534738485558157,0.0,0.0,0.9562764456981664,0.0,0.0,0.0,0.04372355430183357,0.0,0.0,0.0,0.0,0.0,0.0,0.0,0.0,0.0,0.0
681,Rutile,1.0,654,28.856518540128786,1020.2400611620795,1263.3455657492354,1002,1244,1039,1284,38.25862148780177,32.51856997919307,0.5813333333333334,0.0,0.0,1.0,0.0,0.0,0.0,0.0,0.0,0.0,0.0,0.0,0.0,0.0,0.0,0.0,0.0,0.0
682,Quartz,0.9181016379672406,2381,55.059816164008595,986.6530869382613,1248.492650146997,944,1216,1024,1293,98.23398714799568,44.391932557577505,0.6043147208121827,0.0,0.0,0.08189836203275934,0.0,0.0,0.0,0.9181016379672406,0.0,0.0,0.0,0.0,0.0,0.0,0.0,0.0,0.0,0.0
683,Zircon,0.9910464465584778,5361,82.61862501473387,1002.7422122738295,3294.4161537026675,944,3257,1054,3338,113.49649134030292,68.57405560999237,0.8602374839537869,0.0,0.9910464465584778,0.0,0.0,0.0,0.0,0.0,0.0,0.0,0.0,0.0,0.0,0.0,0.0,0.0,0.0,0.008953553441522105
684,Zircon,0.994241645244216,9725,111.2755794078353,1001.6082262210797,1759.2182005141387,942,1691,1063,1832,138.5312565348994,92.64516753950484,0.90121397460847,0.0,0.994241645244216,0.0057583547557840615,0.0,0.0,0.0,0.0,0.0,0.0,0.0,0.0,0.0,0.0,0.0,0.0,0.0,0.0
685,Zircon,1.0,4621,76.70488860705807,992.0108201687947,204.235879679723,942,169,1040,237,101.73360454967336,59.70186405686193,0.9196019900497513,0.0,1.0,0.0,0.0,0.0,0.0,0.0,0.0,0.0,0.0,0.0,0.0,0.0,0.0,0.0,0.0,0.0
686,Zircon,1.0,3421,65.99812484108159,1000.1990646009939,3846.6334405144694,963,3814,1045,3879,79.89086733408749,57.05166316346439,0.9311377245508982,0.0,1.0,0.0,0.0,0.0,0.0,0.0,0.0,0.0,0.0,0.0,0.0,0.0,0.0,0.0,0.0,0.0
687,Rutile,0.989318141356596,5617,84.56823589727652,1008.9553142246751,1925.3715506498131,962,1882,1056,1971,109.7544058124894,65.80809153272304,0.9573887847281405,0.0,0.0,0.989318141356596,0.0,0.0,0.0,0.0,0.0,0.0,0.0,0.0,0.0,0.0,0.0,0.0,0.0,0.010681858643403952
688,Zircon,1.0,3417,65.95952944313696,1003.0163886450102,436.6420836991513,963,404,1039,472,71.11515302759402,62.930738572430705,0.9212725802102992,0.0,1.0,0.0,0.0,0.0,0.0,0.0,0.0,0.0,0.0,0.0,0.0,0.0,0.0,0.0,0.0,0.0
690,Zircon,1.0,3026,62.07111133505346,1004.1083939193655,2712.6996034368804,964,2683,1044,2748,71.47741650876462,55.408583963012155,0.9038231780167264,0.0,1.0,0.0,0.0,0.0,0.0,0.0,0.0,0.0,0.0,0.0,0.0,0.0,0.0,0.0,0.0,0.0
691,Zircon,1.0,2064,51.26369495396695,999.5431201550388,3129.2281976744184,976,3091,1027,3167,75.79520148037325,37.97550822319173,0.864321608040201,0.0,1.0,0.0,0.0,0.0,0.0,0.0,0.0,0.0,0.0,0.0,0.0,0.0,0.0,0.0,0.0,0.0
692,Zircon,0.9704445530043967,8188,102.10428684581031,1009.6424035173425,2043.01209086468,944,1991,1067,2100,125.82532830817397,85.05754806924782,0.9364135407136323,0.0,0.9704445530043967,0.0,0.0,0.0,0.0,0.0,0.0,0.0,0.0,0.0,0.0,0.0,0.0,0.0,0.0,0.02955544699560332
693,Zircon,1.0,4005,71.40955381924975,1007.2032459425718,2893.183520599251,965,2856,1057,2926,89.23629052028966,58.44914765690004,0.9350922250758814,0.0,1.0,0.0,0.0,0.0,0.0,0.0,0.0,0.0,0.0,0.0,0.0,0.0,0.0,0.0,0.0,0.0
694,Rutile,1.0,13580,131.49369953539033,1003.4578792341679,1544.7015463917526,926,1481,1087,1607,159.59811372238946,113.2593801472247,0.9178156258448229,0.0,0.0,1.0,0.0,0.0,0.0,0.0,0.0,0.0,0.0,0.0,0.0,0.0,0.0,0.0,0.0,0.0
695,Quartz,1.0,2055,51.151806072031896,1010.061800486618,2413.0092457420924,984,2381,1035,2451,64.73850142443204,44.09880209337807,0.8286290322580645,0.0,0.0,0.0,0.0,0.0,0.0,1.0,0.0,0.0,0.0,0.0,0.0,0.0,0.0,0.0,0.0,0.0
696,Zircon,1.0,9918,112.37432893985772,1008.9510990118976,350.62321032466224,927,302,1088,399,158.3968880351057,84.57606415464626,0.8911051212938005,0.0,1.0,0.0,0.0,0.0,0.0,0.0,0.0,0.0,0.0,0.0,0.0,0.0,0.0,0.0,0.0,0.0
697,Quartz,1.0,328,20.435815879801165,1010.2865853658536,2365.317073170732,994,2353,1022,2380,25.19636542869403,22.05483226085889,0.6776859504132231,0.0,0.0,0.0,0.0,0.0,0.0,1.0,0.0,0.0,0.0,0.0,0.0,0.0,0.0,0.0,0.0,0.0
698,Rutile,0.9811772758384668,2922,60.995130541020615,1014.6913073237508,1338.9123887748117,977,1310,1051,1365,71.25185376550043,54.13617130257855,0.9220574313663616,0.0,0.0,0.9811772758384668,0.0,0.0,0.0,0.0,0.0,0.0,0.0,0.0,0.0,0.0,0.0,0.0,0.0,0.018822724161533196
699,Zircon,0.916714312940728,5247,81.7354751085806,1014.5244901848675,4217.819134743663,978,4171,1055,4267,93.16920599804948,73.33506277504206,0.9299893654732364,0.0,0.916714312940728,0.0,0.0,0.0,0.0,0.0,0.0,0.0,0.0,0.0,0.0,0.0,0.0,0.0,0.0,0.08328568705927196
700,Zircon,1.0,4764,77.88268864849438,1014.3249370277078,3044.059823677582,963,3005,1063,3087,106.6603531915433,59.09160187507071,0.9070830159939071,0.0,1.0,0.0,0.0,0.0,0.0,0.0,0.0,0.0,0.0,0.0,0.0,0.0,0.0,0.0,0.0,0.0
701,Zircon,1.0,2241,53.41656877553537,1022.5564480142793,127.9553770638108,993,102,1053,157,60.331809841881594,53.91657876522012,0.8251104565537555,0.0,1.0,0.0,0.0,0.0,0.0,0.0,0.0,0.0,0.0,0.0,0.0,0.0,0.0,0.0,0.0,0.0
702,Zircon,1.0,226,16.96325844612841,1024.5221238938052,72.23008849557522,1014,68,1040,80,27.66794054402176,11.141968294210374,0.9338842975206612,0.0,1.0,0.0,0.0,0.0,0.0,0.0,0.0,0.0,0.0,0.0,0.0,0.0,0.0,0.0,0.0,0.0
703,Illite,0.9855595667870036,554,26.558891313141824,1025.3862815884477,3692.0938628158847,1009,3678,1043,3710,35.04506937366335,22.34325112150799,0.8159057437407953,0.0,0.0,0.0,0.0,0.0,0.0,0.0,0.0,0.0,0.0,0.0,0.0,0.9855595667870036,0.0,0.0,0.01444043321299639,0.0
704,Unknown,1.0,309,19.83509564693766,1024.7540453074434,1402.220064724919,1012,1395,1039,1411,27.390066752578736,14.855160463397596,0.8879310344827587,0.0,0.0,0.0,0.0,0.0,0.0,0.0,0.0,0.0,0.0,0.0,0.0,0.0,0.0,0.0,0.0,1.0
705,Illite,0.9553239017125837,1343,41.351671170332686,1027.397617274758,3730.8183172002978,1002,3701,1053,3759,54.23253694875698,37.97825100202438,0.6883649410558688,0.0,0.0,0.0,0.0,0.0,0.0,0.0,0.0,0.0,0.0,0.0,0.0,0.9553239017125837,0.0,0.0,0.044676098287416234,0.0
706,Zircon,1.0,911,34.05761625912379,1016.4094401756312,4420.630076838639,1002,4396,1028,4444,47.49366550058446,25.250844027214853,0.952928870292887,0.0,1.0,0.0,0.0,0.0,0.0,0.0,0.0,0.0,0.0,0.0,0.0,0.0,0.0,0.0,0.0,0.0
707,Rutile,1.0,124,12.565098628628435,1027.225806451613,4680.177419354839,1018,4675,1039,4684,21.002368866307844,8.704860222522667,0.8985507246376812,0.0,0.0,1.0,0.0,0.0,0.0,0.0,0.0,0.0,0.0,0.0,0.0,0.0,0.0,0.0,0.0,0.0
708,Orthoclase,1.0,1882,48.95137202562944,1026.3831030818278,959.8554729011689,997,927,1052,992,66.16994258735544,38.30688327619033,0.8500451671183379,0.0,0.0,0.0,0.0,0.0,0.0,0.0,0.0,1.0,0.0,0.0,0.0,0.0,0.0,0.0,0.0,0.0
709,Zircon,1.0,825,32.41022407214287,1037.3563636363635,4416.566060606061,1027,4394,1052,4439,44.54399976329212,25.27337875514942,0.9156492785793563,0.0,1.0,0.0,0.0,0.0,0.0,0.0,0.0,0.0,0.0,0.0,0.0,0.0,0.0,0.0,0.0,0.0
710,Quartz,1.0,1837,48.36259963730748,1034.6652150244965,3491.9346761023407,1002,3470,1068,3522,60.35407357509831,41.532916249762934,0.8376652986776105,0.0,0.0,0.0,0.0,0.0,0.0,1.0,0.0,0.0,0.0,0.0,0.0,0.0,0.0,0.0,0.0,0.0
711,Rutile,0.9927181252482458,7553,98.06517364174034,1020.6369654441944,4075.566662253409,967,4003,1077,4139,146.97625330788708,69.42473818300235,0.883908718548859,0.0,0.0,0.9927181252482458,0.0,0.0,0.0,0.0,0.0,0.0,0.0,0.0,0.0,0.0,0.0,0.0,0.0,0.00728187475175427
712,Zircon,0.9297658862876255,5083,80.44797452943631,1033.5376746016132,771.8058233326775,986,726,1076,812,90.45929246209829,73.3676702331938,0.9070306923625981,0.0,0.9297658862876255,0.0,0.0,0.0,0.0,0.0,0.0,0.0,0.0,0.0,0.0,0.0,0.0,0.0,0.0,0.07023411371237458
713,Illite,0.7732342007434945,269,18.5067943613625,1035.7881040892194,3777.089219330855,1027,3764,1046,3791,27.919329080072753,15.311628698721924,0.7250673854447439,0.0,0.0,0.0,0.0,0.0,0.0,0.0,0.0,0.0,0.0,0.0,0.0,0.7732342007434945,0.0,0.0,0.22676579925650558,0.0
714,Zircon,1.0,3244,64.26810315483777,1041.2925400739828,4473.360665844636,995,4434,1079,4513,80.97944359327555,60.06620885474653,0.8250254323499492,0.0,1.0,0.0,0.0,0.0,0.0,0.0,0.0,0.0,0.0,0.0,0.0,0.0,0.0,0.0,0.0,0.0
715,Rutile,1.0,272,18.609705966725112,1040.8161764705883,4610.39705882353,1031,4598,1052,4626,30.561884960763116,13.88489797576238,0.6851385390428212,0.0,0.0,1.0,0.0,0.0,0.0,0.0,0.0,0.0,0.0,0.0,0.0,0.0,0.0,0.0,0.0,0.0
716,Zircon,1.0,4332,74.26758180924382,1040.5590951061865,2631.0828716528163,1003,2588,1077,2679,94.17156426130015,60.48597767734493,0.8821014050091631,0.0,1.0,0.0,0.0,0.0,0.0,0.0,0.0,0.0,0.0,0.0,0.0,0.0,0.0,0.0,0.0,0.0
717,Quartz,1.0,3974,71.13265038487978,1041.1502264720684,3211.7845998993457,1009,3155,1079,3256,100.868107713004,56.79770133408333,0.8522410465365644,0.0,0.0,0.0,0.0,0.0,0.0,1.0,0.0,0.0,0.0,0.0,0.0,0.0,0.0,0.0,0.0,0.0
719,Zircon,1.0,2592,57.44768837780631,1036.210262345679,2978.3190586419755,1005,2949,1064,3012,70.22341031898972,50.22446613217004,0.8901098901098901,0.0,1.0,0.0,0.0,0.0,0.0,0.0,0.0,0.0,0.0,0.0,0.0,0.0,0.0,0.0,0.0,0.0
720,Zircon,0.9927300554811556,5227,81.57955074852212,1062.267074803903,1059.2410560550986,1016,1014,1109,1105,109.79661660597593,65.02942397906588,0.8695724505074031,0.0,0.9927300554811556,0.0,0.0,0.0,0.0,0.0,0.0,0.007269944518844462,0.0,0.0,0.0,0.0,0.0,0.0,0.0,0.0
721,Unknown,1.0,105,11.562445770562215,1048.7047619047619,1698.952380952381,1042,1693,1055,1706,14.814630825537808,9.354936205921296,0.8823529411764706,0.0,0.0,0.0,0.0,0.0,0.0,0.0,0.0,0.0,0.0,0.0,0.0,0.0,0.0,0.0,0.0,1.0
722,Rutile,1.0,101,11.340070282773887,1049.5742574257426,1803.5544554455446,1044,1797,1056,1812,14.126697731325537,10.39343593388403,0.7829457364341085,0.0,0.0,1.0,0.0,0.0,0.0,0.0,0.0,0.0,0.0,0.0,0.0,0.0,0.0,0.0,0.0,0.0
723,Zircon,1.0,231,17.14987856615383,1054.2727272727273,71.68398268398268,1039,68,1070,79,30.171430085811625,10.732717508737515,0.8884615384615384,0.0,1.0,0.0,0.0,0.0,0.0,0.0,0.0,0.0,0.0,0.0,0.0,0.0,0.0,0.0,0.0,0.0
724,Illite,0.7987987987987988,333,20.590987552733093,1050.5555555555557,3703.927927927928,1039,3692,1064,3717,27.270306015033846,16.951964138835546,0.8409090909090909,0.0,0.0,0.0,0.0,0.0,0.0,0.0,0.0,0.0,0.0,0.0,0.0,0.7987987987987988,0.0,0.0,0.2012012012012012,0.0
725,Zircon,1.0,3055,62.36783473206299,1051.0176759410801,1146.0294599018002,1022,1110,1082,1185,69.33150007104749,57.97323856282688,0.9100387250521299,0.0,1.0,0.0,0.0,0.0,0.0,0.0,0.0,0.0,0.0,0.0,0.0,0.0,0.0,0.0,0.0,0.0
726,Zircon,1.0,1890,49.055302868797554,1056.5899470899471,1849.9375661375661,1031,1815,1081,1880,64.25158087135165,39.83930287167408,0.8885754583921015,0.0,1.0,0.0,0.0,0.0,0.0,0.0,0.0,0.0,0.0,0.0,0.0,0.0,0.0,0.0,0.0,0.0
728,Zircon,0.9721939640556121,2949,61.27628756235151,1053.0101729399796,3900.632417768735,1012,3871,1093,3925,77.51383396390004,50.63294370621995,0.9332278481012658,0.0,0.9721939640556121,0.0,0.0,0.02780603594438793,0.0,0.0,0.0,0.0,0.0,0.0,0.0,0.0,0.0,0.0,0.0,0.0
729,Rutile,1.0,253,17.94796937867892,1050.4822134387352,1435.3596837944665,1037,1427,1067,1445,26.508581461447967,13.888130444841973,0.7713414634146342,0.0,0.0,1.0,0.0,0.0,0.0,0.0,0.0,0.0,0.0,0.0,0.0,0.0,0.0,0.0,0.0,0.0
730,Rutile,1.0,225,16.925687506432688,1058.7866666666666,4616.355555555556,1049,4608,1070,4627,20.753107915070665,14.441216332060888,0.8653846153846154,0.0,0.0,1.0,0.0,0.0,0.0,0.0,0.0,0.0,0.0,0.0,0.0,0.0,0.0,0.0,0.0,0.0
731,Zircon,1.0,2476,56.14749426968458,1059.5020193861067,2336.432552504039,1030,2310,1092,2366,65.20549506901375,49.20915069839602,0.9106289076866495,0.0,1.0,0.0,0.0,0.0,0.0,0.0,0.0,0.0,0.0,0.0,0.0,0.0,0.0,0.0,0.0,0.0
732,Zircon,0.9591486440096121,2913,60.90112309156153,1058.993134225884,3554.699279093718,1027,3521,1093,3592,65.2454116580087,59.09931454272874,0.8889227952395483,0.0,0.9591486440096121,0.0,0.0,0.0,0.0,0.0,0.0,0.0,0.0,0.0,0.0,0.0,0.0,0.0,0.0,0.040851355990387916
733,Illite,1.0,321,20.216574731145414,1058.1806853582555,3748.7196261682243,1048,3733,1070,3762,29.1236363381932,17.209069688837275,0.7985074626865671,0.0,0.0,0.0,0.0,0.0,0.0,0.0,0.0,0.0,0.0,0.0,0.0,1.0,0.0,0.0,0.0,0.0
734,Zircon,0.9932363189178111,4879,78.8171030853257,1075.417093666735,515.377331420373,1031,479,1121,556,103.26387586268882,62.31248938428666,0.9099216710182768,0.0,0.9932363189178111,0.0,0.0,0.006763681082188973,0.0,0.0,0.0,0.0,0.0,0.0,0.0,0.0,0.0,0.0,0.0,0.0
735,Rutile,1.0,723,30.340603007249587,1068.67081604426,1445.6348547717841,1054,1421,1087,1472,53.20089402740978,21.823629714130313,0.6931927133269415,0.0,0.0,1.0,0.0,0.0,0.0,0.0,0.0,0.0,0.0,0.0,0.0,0.0,0.0,0.0,0.0,0.0
736,Zircon,1.0,7004,94.43394395727142,1053.5025699600228,3418.240148486579,995,3375,1110,3461,115.32952758962823,78.2852211397721,0.9287892852406843,0.0,1.0,0.0,0.0,0.0,0.0,0.0,0.0,0.0,0.0,0.0,0.0,0.0,0.0,0.0,0.0,0.0
737,Zircon,1.0,104,11.507254783503184,1070.298076923077,990.8942307692307,1062,987,1080,997,18.03262414185533,7.941664100725602,0.832,0.0,1.0,0.0,0.0,0.0,0.0,0.0,0.0,0.0,0.0,0.0,0.0,0.0,0.0,0.0,0.0,0.0
738,Illite,1.0,491,25.003212122944625,1067.112016293279,3725.244399185336,1051,3714,1083,3737,31.706256810487634,20.4006908177512,0.8690265486725663,0.0,0.0,0.0,0.0,0.0,0.0,0.0,0.0,0.0,0.0,0.0,0.0,1.0,0.0,0.0,0.0,0.0
739,Zircon,0.9596150217022079,5299,82.13949322677628,1060.8752594829214,4339.184185695414,1017,4293,1108,4387,98.61924860459828,69.73800811387852,0.9575352367184676,0.0,0.9596150217022079,0.0,0.0,0.0,0.0,0.007926023778071334,0.0,0.0,0.0,0.0,0.0,0.0,0.0,0.0,0.0,0.0324589545197207
740,Zircon,1.0,4282,73.83773920263246,1067.7898178421299,851.0397010742644,1028,818,1106,888,79.97304322531583,69.6945810967842,0.9359562841530055,0.0,1.0,0.0,0.0,0.0,0.0,0.0,0.0,0.0,0.0,0.0,0.0,0.0,0.0,0.0,0.0,0.0
741,Zircon,1.0,5195,81.32944998522473,1063.7786333012511,4015.868142444658,999,3978,1120,4058,124.0965467558217,55.29700068894214,0.943859011627907,0.0,1.0,0.0,0.0,0.0,0.0,0.0,0.0,0.0,0.0,0.0,0.0,0.0,0.0,0.0,0.0,0.0
742,Rutile,0.9425987449243263,5418,83.0566785597348,1072.3504983388705,607.8239202657808,1022,560,1117,665,101.49358091853597,83.5798039592158,0.7572327044025158,0.0,0.0,0.9425987449243263,0.0,0.0,0.0,0.05740125507567368,0.0,0.0,0.0,0.0,0.0,0.0,0.0,0.0,0.0,0.0
743,Quartz,1.0,342,20.867389014906145,1064.514619883041,624.2631578947369,1051,607,1089,643,43.452034737436854,24.19612570089895,0.40425531914893614,0.0,0.0,0.0,0.0,0.0,0.0,1.0,0.0,0.0,0.0,0.0,0.0,0.0,0.0,0.0,0.0,0.0
744,Quartz,1.0,116,12.153015559492998,1079.146551724138,568.5086206896551,1073,561,1087,576,19.53973726886933,8.513197374225761,0.8,0.0,0.0,0.0,0.0,0.0,0.0,1.0,0.0,0.0,0.0,0.0,0.0,0.0,0.0,0.0,0.0,0.0
745,Quartz,1.0,116,12.153015559492998,1080.551724137931,650.1206896551724,1071,641,1092,656,23.14472438374561,9.53637367428645,0.6073298429319371,0.0,0.0,0.0,0.0,0.0,0.0,1.0,0.0,0.0,0.0,0.0,0.0,0.0,0.0,0.0,0.0,0.0
746,Quartz,1.0,185,15.347615963921077,1092.8324324324324,619.6702702702703,1087,605,1101,631,23.76106487287631,11.795155338518258,0.6851851851851852,0.0,0.0,0.0,0.0,0.0,0.0,1.0,0.0,0.0,0.0,0.0,0.0,0.0,0.0,0.0,0.0,0.0
747,Quartz,1.0,179,15.09668435477122,1112.3798882681565,580.413407821229,1104,572,1121,590,19.08489887164815,13.72910995733063,0.817351598173516,0.0,0.0,0.0,0.0,0.0,0.0,1.0,0.0,0.0,0.0,0.0,0.0,0.0,0.0,0.0,0.0,0.0
748,Zircon,1.0,2173,52.59990048193541,1065.173032673723,430.9705476300046,1035,397,1097,470,73.21979726096272,40.75092684042784,0.8667730355005984,0.0,1.0,0.0,0.0,0.0,0.0,0.0,0.0,0.0,0.0,0.0,0.0,0.0,0.0,0.0,0.0,0.0
749,Zircon,0.9980552314274601,5142,80.91352012505826,1079.6312718786464,199.8306106573318,1033,154,1123,240,89.29997939316932,76.95224870006494,0.912511091393079,0.0,0.9980552314274601,0.0,0.0,0.0,0.0,0.0,0.0,0.0,0.0,0.0,0.0,0.0,0.0,0.0,0.0,0.0019447685725398677
750,Zircon,1.0,1374,41.82620153045354,1080.9730713245997,2583.4024745269285,1060,2564,1107,2605,48.190652416508854,37.20067540822829,0.9340584636301835,0.0,1.0,0.0,0.0,0.0,0.0,0.0,0.0,0.0,0.0,0.0,0.0,0.0,0.0,0.0,0.0,0.0
751,Zircon,1.0,2530,56.7564626115825,1077.701185770751,2908.332411067194,1044,2883,1112,2937,66.11804123704212,49.53417918435754,0.9387755102040817,0.0,1.0,0.0,0.0,0.0,0.0,0.0,0.0,0.0,0.0,0.0,0.0,0.0,0.0,0.0,0.0,0.0
752,Zircon,1.0,2169,52.55146594083335,1097.053019824804,414.27524204702627,1061,384,1129,454,80.35811753167354,36.06465464193029,0.8788492706645057,0.0,1.0,0.0,0.0,0.0,0.0,0.0,0.0,0.0,0.0,0.0,0.0,0.0,0.0,0.0,0.0,0.0
753,Zircon,1.0,773,31.372187811504013,1082.190168175938,4282.945666235446,1065,4264,1102,4299,40.87400957286055,25.48481959663261,0.8608017817371938,0.0,1.0,0.0,0.0,0.0,0.0,0.0,0.0,0.0,0.0,0.0,0.0,0.0,0.0,0.0,0.0,0.0
754,Rutile,1.0,10768,117.0907486427012,1080.0605497771173,2469.0986255572066,1032,2393,1131,2548,164.624926777644,83.90972042691678,0.9630623378946427,0.0,0.0,1.0,0.0,0.0,0.0,0.0,0.0,0.0,0.0,0.0,0.0,0.0,0.0,0.0,0.0,0.0
755,Zircon,1.0,1634,45.61220687598064,1095.2093023255813,1997.9381884944921,1071,1973,1121,2025,58.08568716693705,37.612835746022704,0.8752008569898232,0.0,1.0,0.0,0.0,0.0,0.0,0.0,0.0,0.0,0.0,0.0,0.0,0.0,0.0,0.0,0.0,0.0
756,Zircon,1.0,440,23.66908109081279,1087.7204545454545,2984.1386363636366,1073,2973,1105,2999,28.98818573248416,22.643882584872987,0.7508532423208191,0.0,1.0,0.0,0.0,0.0,0.0,0.0,0.0,0.0,0.0,0.0,0.0,0.0,0.0,0.0,0.0,0.0
757,Rutile,1.0,4124,72.4626792389559,1079.4299224054316,2123.3290494665375,1025,2076,1123,2156,103.54592687898759,57.84751526810865,0.8504846360074242,0.0,0.0,1.0,0.0,0.0,0.0,0.0,0.0,0.0,0.0,0.0,0.0,0.0,0.0,0.0,0.0,0.0
758,Zircon,1.0,3197,63.80083717725274,1088.2546137003442,4532.629340006256,1048,4501,1125,4567,73.33053858920991,59.6178505104218,0.9008171315863623,0.0,1.0,0.0,0.0,0.0,0.0,0.0,0.0,0.0,0.0,0.0,0.0,0.0,0.0,0.0,0.0,0.0
759,Zircon,1.0,1151,38.28183271462029,1081.4118158123372,1889.4743701129453,1062,1865,1096,1918,51.08658941869012,31.918326631253283,0.8673700075357951,0.0,1.0,0.0,0.0,0.0,0.0,0.0,0.0,0.0,0.0,0.0,0.0,0.0,0.0,0.0,0.0,0.0
760,Zircon,1.0,5646,84.78626344859602,1093.827311370882,938.013460857244,1056,889,1138,983,96.72131143845334,75.87964659111923,0.944621047348168,0.0,1.0,0.0,0.0,0.0,0.0,0.0,0.0,0.0,0.0,0.0,0.0,0.0,0.0,0.0,0.0,0.0
761,Zircon,1.0,1433,42.714778093834084,1110.986741102582,1885.9176552686672,1094,1861,1145,1912,47.84931137305155,44.23960877005077,0.8534842167957117,0.0,1.0,0.0,0.0,0.0,0.0,0.0,0.0,0.0,0.0,0.0,0.0,0.0,0.0,0.0,0.0,0.0
762,Zircon,1.0,1339,41.29004420438882,1091.073935772965,4595.333084391337,1071,4564,1115,4625,68.24179362143217,28.879447694889464,0.7830409356725146,0.0,1.0,0.0,0.0,0.0,0.0,0.0,0.0,0.0,0.0,0.0,0.0,0.0,0.0,0.0,0.0,0.0
763,Rutile,0.9869232206239492,5353,82.5569578107583,1089.6052680739772,3954.0108350457685,1039,3911,1138,3994,100.39245656299612,73.27707981457488,0.8954499832719973,0.0,0.0,0.9869232206239492,0.0,0.0,0.0,0.0,0.0,0.0,0.0,0.0,0.0,0.0,0.0,0.0,0.0,0.013076779376050812
764,Quartz,1.0,229,17.075475271404667,1104.646288209607,1936.1965065502184,1095,1926,1117,1946,21.634627956670016,15.84518754664122,0.720125786163522,0.0,0.0,0.0,0.0,0.0,0.0,1.0,0.0,0.0,0.0,0.0,0.0,0.0,0.0,0.0,0.0,0.0
765,Quartz,1.0,1322,41.02709687681892,1105.8071104387293,4459.797276853253,1082,4437,1127,4483,50.301527972247904,35.532022385085654,0.9199721642310369,0.0,0.0,0.0,0.0,0.0,0.0,1.0,0.0,0.0,0.0,0.0,0.0,0.0,0.0,0.0,0.0,0.0
766,Quartz,1.0,1246,39.830346128799995,1109.416532905297,3571.174157303371,1082,3544,1139,3597,69.23280880053755,25.563565939896172,0.800771208226221,0.0,0.0,0.0,0.0,0.0,0.0,1.0,0.0,0.0,0.0,0.0,0.0,0.0,0.0,0.0,0.0,0.0
767,Zircon,1.0,3704,68.6737160324024,1109.1236501079914,3762.8139848812093,1077,3721,1144,3803,80.49005301770691,60.11727361541395,0.9285535221860115,0.0,1.0,0.0,0.0,0.0,0.0,0.0,0.0,0.0,0.0,0.0,0.0,0.0,0.0,0.0,0.0,0.0
768,Zircon,1.0,338,20.7449985808745,1106.7573964497042,3163.230769230769,1097,3150,1117,3176,23.91718542069959,18.507552415430254,0.9260273972602739,0.0,1.0,0.0,0.0,0.0,0.0,0.0,0.0,0.0,0.0,0.0,0.0,0.0,0.0,0.0,0.0,0.0
769,Quartz,1.0,269,18.5067943613625,1107.7397769516729,1699.17843866171,1094,1691,1125,1709,33.92088056859966,11.00541908150921,0.8126888217522659,0.0,0.0,0.0,0.0,0.0,0.0,1.0,0.0,0.0,0.0,0.0,0.0,0.0,0.0,0.0,0.0,0.0
770,Zircon,1.0,2375,54.990398423233955,1109.0037894736843,1143.6176842105262,1081,1113,1136,1178,65.81686671270455,48.33576339171111,0.8552394670507742,0.0,1.0,0.0,0.0,0.0,0.0,0.0,0.0,0.0,0.0,0.0,0.0,0.0,0.0,0.0,0.0,0.0
771,Rutile,1.0,2112,51.856358515428596,1110.5217803030303,2856.6136363636365,1074,2827,1140,2888,63.625259940507036,47.54541661697381,0.8498993963782696,0.0,0.0,1.0,0.0,0.0,0.0,0.0,0.0,0.0,0.0,0.0,0.0,0.0,0.0,0.0,0.0,0.0
772,Rutile,0.9617233093031239,5826,86.1271942398396,1112.738928939238,3636.2260556127703,1068,3587,1159,3687,97.98830261177066,77.69093788066563,0.9011600928074246,0.0,0.01561963611397185,0.9617233093031239,0.0,0.0,0.0,0.0,0.0,0.0,0.0,0.0,0.0,0.0,0.0,0.0,0.0,0.02265705458290422
773,Quartz,1.0,538,26.17255958188877,1115.6115241635687,3690.700743494424,1090,3674,1134,3709,35.326145587893066,27.40567403995776,0.6359338061465721,0.0,0.0,0.0,0.0,0.0,0.0,1.0,0.0,0.0,0.0,0.0,0.0,0.0,0.0,0.0,0.0,0.0
774,Zircon,0.8796803652968036,4380,74.67790306335611,1111.4415525114155,2216.326940639269,1070,2173,1152,2252,80.24098892784033,71.33115633246746,0.8933306139098511,0.0,0.8796803652968036,0.0,0.0,0.0,0.0,0.010502283105022832,0.0,0.0,0.0,0.0,0.0,0.0,0.0,0.0,0.0,0.10981735159817352
775,Zircon,1.0,1541,44.29517059947829,1106.941596365996,2036.9811810512654,1076,2013,1136,2059,64.11337333717404,36.52331352115024,0.7834265378749364,0.0,1.0,0.0,0.0,0.0,0.0,0.0,0.0,0.0,0.0,0.0,0.0,0.0,0.0,0.0,0.0,0.0
777,Zircon,0.9835092348284961,4548,76.0966060311202,1111.8265171503958,1655.6895338610377,1068,1610,1156,1699,92.50472695049936,66.29708734398021,0.8781618072987063,0.0,0.9835092348284961,0.0,0.0,0.0,0.0,0.0,0.0,0.0,0.0,0.0,0.0,0.0,0.0,0.0,0.0,0.016490765171503958
778,Zircon,1.0,4831,78.42844025361956,1117.346305112813,3238.6385841440697,1083,3197,1157,3298,97.37662195633541,66.83695868481821,0.8737565563393018,0.0,1.0,0.0,0.0,0.0,0.0,0.0,0.0,0.0,0.0,0.0,0.0,0.0,0.0,0.0,0.0,0.0
779,Quartz,1.0,133,13.013103375051497,1120.6766917293232,4180.263157894737,1114,4172,1125,4191,19.484334382656055,9.706276709686927,0.8926174496644296,0.0,0.0,0.0,0.0,0.0,0.0,1.0,0.0,0.0,0.0,0.0,0.0,0.0,0.0,0.0,0.0,0.0
780,Zircon,1.0,3321,65.02636794459211,1117.258958145137,1769.360433604336,1081,1727,1151,1805,79.38646634895696,59.92580690792243,0.84375,0.0,1.0,0.0,0.0,0.0,0.0,0.0,0.0,0.0,0.0,0.0,0.0,0.0,0.0,0.0,0.0,0.0
781,Zircon,1.0,4703,77.38246299317095,1123.0569849032534,3494.2130554964915,1078,3454,1161,3544,88.08648893259539,72.33364036717957,0.8895403820692264,0.0,1.0,0.0,0.0,0.0,0.0,0.0,0.0,0.0,0.0,0.0,0.0,0.0,0.0,0.0,0.0,0.0
782,Quartz,1.0,293,19.314740138231286,1123.7269624573378,4234.126279863482,1106,4225,1138,4242,32.06042866606714,13.374307547305127,0.7897574123989218,0.0,0.0,0.0,0.0,0.0,0.0,1.0,0.0,0.0,0.0,0.0,0.0,0.0,0.0,0.0,0.0,0.0
783,Zircon,1.0,220,16.73656774376801,1121.55,4551.713636363636,1115,4538,1129,4566,30.611554125227624,9.859870767861047,0.8058608058608059,0.0,1.0,0.0,0.0,0.0,0.0,0.0,0.0,0.0,0.0,0.0,0.0,0.0,0.0,0.0,0.0,0.0
784,Zircon,0.9776213226049786,3977,71.1594945837289,1126.7618808146844,272.33442293185817,1084,229,1169,314,75.44834123391382,71.82345213991628,0.8656943839791031,0.0,0.9776213226049786,0.0,0.0,0.0,0.0,0.022378677395021373,0.0,0.0,0.0,0.0,0.0,0.0,0.0,0.0,0.0,0.0
785,Zircon,1.0,1518,43.963366896860585,1126.393280632411,1077.9123847167325,1111,1049,1143,1109,62.92347178928392,32.23153479212441,0.8887587822014051,0.0,1.0,0.0,0.0,0.0,0.0,0.0,0.0,0.0,0.0,0.0,0.0,0.0,0.0,0.0,0.0,0.0
786,Quartz,1.0,3056,62.37804139848138,1124.4293193717278,2353.307591623037,1095,2316,1157,2390,77.3760259095584,51.48614230358813,0.9062870699881376,0.0,0.0,0.0,0.0,0.0,0.0,1.0,0.0,0.0,0.0,0.0,0.0,0.0,0.0,0.0,0.0,0.0
787,Zircon,0.9731632204135504,2273,53.79659362062829,1125.8288605367356,148.66739991201055,1097,116,1159,182,65.3213792176787,46.59650533990997,0.8882375928096913,0.0,0.9731632204135504,0.0,0.0,0.0,0.0,0.0,0.0,0.0,0.0,0.0,0.0,0.0,0.0,0.0,0.0,0.026836779586449627
788,Zircon,1.0,3681,68.46016918011621,1123.1551208910623,2282.4246128769355,1085,2253,1163,2315,80.15025639939203,59.24401485214257,0.9314271255060729,0.0,1.0,0.0,0.0,0.0,0.0,0.0,0.0,0.0,0.0,0.0,0.0,0.0,0.0,0.0,0.0,0.0
789,Zircon,1.0,1693,46.42838085951986,1127.8233904311871,3376.0572947430596,1093,3351,1151,3409,54.99470459171889,47.75686165443432,0.8073438245112065,0.0,1.0,0.0,0.0,0.0,0.0,0.0,0.0,0.0,0.0,0.0,0.0,0.0,0.0,0.0,0.0,0.0
790,Quartz,1.0,1097,37.37303547444967,1126.9671832269826,4265.729261622607,1105,4250,1151,4283,46.18232909761701,32.34607611841497,0.8839645447219984,0.0,0.0,0.0,0.0,0.0,0.0,1.0,0.0,0.0,0.0,0.0,0.0,0.0,0.0,0.0,0.0,0.0
791,Zircon,1.0,1342,41.3362730423848,1133.3830104321908,3431.971684053651,1111,3412,1158,3454,46.82192718504191,37.83996303408638,0.8828947368421053,0.0,1.0,0.0,0.0,0.0,0.0,0.0,0.0,0.0,0.0,0.0,0.0,0.0,0.0,0.0,0.0,0.0
792,Zircon,1.0,130,12.865501965161373,1132.0307692307692,4621.623076923077,1126,4612,1138,4630,16.764744093507847,10.964684319430082,0.8441558441558441,0.0,1.0,0.0,0.0,0.0,0.0,0.0,0.0,0.0,0.0,0.0,0.0,0.0,0.0,0.0,0.0,0.0
793,Zircon,1.0,214,16.50676414605009,1129.6635514018692,822.7289719626168,1119,816,1140,831,20.324081392064517,14.047363860850139,0.8991596638655462,0.0,1.0,0.0,0.0,0.0,0.0,0.0,0.0,0.0,0.0,0.0,0.0,0.0,0.0,0.0,0.0,0.0
794,Zircon,1.0,2711,58.751616197148365,1134.405754334194,4342.701954998156,1099,4307,1171,4381,84.89165563068636,43.577510554957954,0.8527838943063857,0.0,1.0,0.0,0.0,0.0,0.0,0.0,0.0,0.0,0.0,0.0,0.0,0.0,0.0,0.0,0.0,0.0
795,Zircon,0.9163449163449163,777,31.453253031430968,1127.1544401544402,1001.8777348777348,1114,980,1140,1022,41.20902025487503,25.296114246817393,0.8920780711825488,0.0,0.9163449163449163,0.0,0.0,0.0,0.0,0.0,0.0,0.0,0.0,0.0,0.0,0.0,0.0,0.0,0.0,0.08365508365508366
796,Zircon,1.0,2674,58.34931484277965,1145.4094988780853,2753.228122662678,1098,2720,1184,2786,92.81565686984247,41.04571702829954,0.8361475922451532,0.0,1.0,0.0,0.0,0.0,0.0,0.0,0.0,0.0,0.0,0.0,0.0,0.0,0.0,0.0,0.0,0.0
797,Zircon,1.0,885,33.568094927931476,1148.8406779661018,1006.2632768361582,1133,983,1169,1027,41.776545799274714,32.17421624650634,0.8444656488549618,0.0,1.0,0.0,0.0,0.0,0.0,0.0,0.0,0.0,0.0,0.0,0.0,0.0,0.0,0.0,0.0,0.0
798,Zircon,0.9640575079872205,1252,39.926130666625134,1139.3314696485622,2096.776357827476,1117,2069,1155,2133,55.3178162458859,32.81569466718308,0.7969446212603437,0.035942492012779555,0.9640575079872205,0.0,0.0,0.0,0.0,0.0,0.0,0.0,0.0,0.0,0.0,0.0,0.0,0.0,0.0,0.0
799,Zircon,0.972707423580786,1832,48.296737425573774,1140.1381004366813,4155.313318777293,1110,4124,1171,4181,54.47523652215617,46.950273888246656,0.8678351492183799,0.0,0.972707423580786,0.0,0.0,0.027292576419213975,0.0,0.0,0.0,0.0,0.0,0.0,0.0,0.0,0.0,0.0,0.0,0.0
800,Zircon,1.0,7333,96.62642279181688,1143.0245465702988,2653.8619937269877,1092,2596,1191,2706,107.28341349671155,87.91146900794539,0.9555642428980975,0.0,1.0,0.0,0.0,0.0,0.0,0.0,0.0,0.0,0.0,0.0,0.0,0.0,0.0,0.0,0.0,0.0
801,Zircon,1.0,2279,53.86754980924449,1145.9978060552874,4021.2049144361563,1120,3996,1184,4061,73.98363019697673,47.16024188371084,0.8406492069347105,0.0,1.0,0.0,0.0,0.0,0.0,0.0,0.0,0.0,0.0,0.0,0.0,0.0,0.0,0.0,0.0,0.0
802,Quartz,1.0,1530,44.13679308065777,1143.0712418300654,2163.475163398693,1116,2141,1172,2186,58.37989544245174,35.093674830264,0.8590679393599102,0.0,0.0,0.0,0.0,0.0,0.0,1.0,0.0,0.0,0.0,0.0,0.0,0.0,0.0,0.0,0.0,0.0
803,Zircon,1.0,4687,77.2507200366036,1138.3422231704715,3050.577981651376,1089,3009,1182,3100,95.44525345707281,67.89339744854172,0.8765662988591734,0.0,1.0,0.0,0.0,0.0,0.0,0.0,0.0,0.0,0.0,0.0,0.0,0.0,0.0,0.0,0.0,0.0
804,Rutile,1.0,14320,135.028849808504,1143.5749301675978,1375.084567039106,1070,1313,1216,1440,147.7917754266585,123.60725439413795,0.9811579307982186,0.0,0.0,1.0,0.0,0.0,0.0,0.0,0.0,0.0,0.0,0.0,0.0,0.0,0.0,0.0,0.0,0.0
805,Zircon,1.0,3288,64.7024854475407,1148.925486618005,3842.266727493917,1109,3811,1183,3883,84.62069300721451,52.3088269029048,0.9040417926862799,0.0,1.0,0.0,0.0,0.0,0.0,0.0,0.0,0.0,0.0,0.0,0.0,0.0,0.0,0.0,0.0,0.0
806,Zircon,0.962446212022428,7669,98.81535340509572,1124.450775850828,3117.364063111227,1061,3049,1189,3172,152.68213619594852,76.80674041940934,0.7952919216011615,0.0,0.962446212022428,0.0,0.0,0.0,0.0,0.0,0.0,0.0,0.0,0.0,0.0,0.0,0.0,0.0,0.0,0.03755378797757204
807,Zircon,1.0,2644,58.021076827992175,1148.5472768532527,1218.3990166414524,1117,1185,1180,1251,66.06832711646346,53.62586461101812,0.8953606501862512,0.0,1.0,0.0,0.0,0.0,0.0,0.0,0.0,0.0,0.0,0.0,0.0,0.0,0.0,0.0,0.0,0.0
808,Rutile,0.8449367088607594,316,20.0585068271871,1149.4588607594937,1276.860759493671,1138,1264,1162,1293,34.34114697996625,12.534266315977398,0.8186528497409327,0.0,0.0,0.8449367088607594,0.1550632911392405,0.0,0.0,0.0,0.0,0.0,0.0,0.0,0.0,0.0,0.0,0.0,0.0,0.0
809,Zircon,0.9876432262412941,4451,75.28073600607402,1150.6625477420805,1851.5329139519208,1106,1815,1196,1898,84.77056695733133,69.31974404928069,0.9245949314499377,0.0,0.9876432262412941,0.0,0.0,0.0,0.0,0.0,0.0,0.0,0.0,0.0,0.0,0.0,0.0,0.0,0.0,0.012356773758705909
810,Quartz,1.0,201,15.99753570059363,1152.686567164179,1487.6567164179105,1143,1479,1161,1501,22.06183374051679,13.770226826956165,0.8104838709677419,0.0,0.0,0.0,0.0,0.0,0.0,1.0,0.0,0.0,0.0,0.0,0.0,0.0,0.0,0.0,0.0,0.0
811,Zircon,1.0,7575,98.20788945583169,1145.1165676567657,748.8199339933993,1083,705,1209,803,120.1042810867027,82.9934014485592,0.9480600750938674,0.0,1.0,0.0,0.0,0.0,0.0,0.0,0.0,0.0,0.0,0.0,0.0,0.0,0.0,0.0,0.0,0.0
812,Zircon,1.0,431,23.42576026046658,1160.9605568445475,2793.4825986078886,1146,2782,1176,2807,32.30352590276293,22.06439729351877,0.7008130081300813,0.0,1.0,0.0,0.0,0.0,0.0,0.0,0.0,0.0,0.0,0.0,0.0,0.0,0.0,0.0,0.0,0.0
813,Zircon,1.0,2190,52.80525166089076,1153.8091324200914,81.02420091324201,1110,68,1205,103,87.5737204589806,35.15083082178043,0.9571678321678322,0.0,1.0,0.0,0.0,0.0,0.0,0.0,0.0,0.0,0.0,0.0,0.0,0.0,0.0,0.0,0.0,0.0
814,Zircon,1.0,4011,71.4630241029075,1160.3258539017702,192.54649713288455,1119,154,1200,230,81.68686003830496,63.57362022271626,0.9252595155709342,0.0,1.0,0.0,0.0,0.0,0.0,0.0,0.0,0.0,0.0,0.0,0.0,0.0,0.0,0.0,0.0,0.0
815,Zircon,1.0,470,24.462677409178383,1164.4872340425532,2400.248936170213,1153,2388,1176,2419,30.954288954930554,21.349463282203807,0.8986615678776291,0.0,1.0,0.0,0.0,0.0,0.0,0.0,0.0,0.0,0.0,0.0,0.0,0.0,0.0,0.0,0.0,0.0
816,Zircon,1.0,3445,66.22922490572147,1171.3866473149492,3703.6809869375907,1134,3665,1212,3741,71.81333068960711,63.71356693232837,0.8831068956677774,0.0,1.0,0.0,0.0,0.0,0.0,0.0,0.0,0.0,0.0,0.0,0.0,0.0,0.0,0.0,0.0,0.0
817,Quartz,1.0,444,23.77642441290137,1176.9752252252251,4193.923423423424,1154,4185,1202,4205,46.47949299806423,12.80849682682077,0.8361581920903954,0.0,0.0,0.0,0.0,0.0,0.0,1.0,0.0,0.0,0.0,0.0,0.0,0.0,0.0,0.0,0.0,0.0
818,Zircon,1.0,5024,79.97971913397457,1170.9158041401274,1125.9038614649683,1138,1071,1205,1182,108.557622817854,61.56763419080389,0.9131225009087605,0.0,1.0,0.0,0.0,0.0,0.0,0.0,0.0,0.0,0.0,0.0,0.0,0.0,0.0,0.0,0.0,0.0
819,Quartz,1.0,1559,44.55311942212485,1169.5471456061578,909.0795381654907,1131,890,1204,926,67.87593831978512,31.54616043861764,0.8528446389496718,0.0,0.0,0.0,0.0,0.0,0.0,1.0,0.0,0.0,0.0,0.0,0.0,0.0,0.0,0.0,0.0,0.0
820,Quartz,1.0,4717,77.49755436473956,1172.9542081831673,1961.87513249947,1132,1921,1217,2006,90.58392643846098,67.62474877669464,0.9139701608215463,0.0,0.0,0.0,0.0,0.0,0.0,1.0,0.0,0.0,0.0,0.0,0.0,0.0,0.0,0.0,0.0,0.0
821,Zircon,1.0,4871,78.75245915147651,1174.0693902689386,3951.220488606036,1134,3912,1219,3993,86.88193068730125,75.62677142346375,0.9137122491089852,0.0,1.0,0.0,0.0,0.0,0.0,0.0,0.0,0.0,0.0,0.0,0.0,0.0,0.0,0.0,0.0,0.0
822,Zircon,0.89322191272052,1077,37.03078435139837,1176.2878365831011,2362.151346332405,1155,2336,1192,2391,50.86974529957392,31.964804032353616,0.8310185185185185,0.0,0.89322191272052,0.0,0.0,0.0,0.0,0.10677808727948004,0.0,0.0,0.0,0.0,0.0,0.0,0.0,0.0,0.0,0.0
823,Zircon,1.0,2664,58.24010771946145,1175.9868618618618,2534.584834834835,1138,2507,1214,2562,74.8302833232237,47.19677965744371,0.891566265060241,0.0,1.0,0.0,0.0,0.0,0.0,0.0,0.0,0.0,0.0,0.0,0.0,0.0,0.0,0.0,0.0,0.0
824,Zircon,0.9744561403508772,7125,95.2461639974967,1173.0766315789474,4483.461754385965,1113,4440,1234,4528,118.29888577330162,79.13104110454981,0.9313725490196079,0.0,0.9744561403508772,0.0,0.0,0.0,0.0,0.0,0.0,0.0,0.0,0.0,0.0,0.0,0.0,0.0,0.0,0.025543859649122806
825,Zircon,1.0,1779,47.59299475851309,1179.8015739179314,974.3929173693086,1154,953,1209,1012,56.142568299399606,49.687377328638235,0.8336457357075914,0.0,1.0,0.0,0.0,0.0,0.0,0.0,0.0,0.0,0.0,0.0,0.0,0.0,0.0,0.0,0.0,0.0
826,Zircon,1.0,5512,83.77407934785208,1173.787373004354,662.3891509433962,1109,620,1230,699,125.45909770888146,57.488767671808496,0.9133388566694284,0.0,1.0,0.0,0.0,0.0,0.0,0.0,0.0,0.0,0.0,0.0,0.0,0.0,0.0,0.0,0.0,0.0
827,Quartz,1.0,4976,79.59673344178246,1176.4993971061094,4579.532355305466,1139,4524,1221,4626,92.94227214647168,72.92647219799682,0.8690185120502969,0.0,0.0,0.0,0.0,0.0,0.0,1.0,0.0,0.0,0.0,0.0,0.0,0.0,0.0,0.0,0.0,0.0
828,Zircon,1.0,2330,54.46694538188211,1186.7266094420602,4311.169957081545,1155,4283,1221,4338,64.84351505342383,48.490966327034776,0.8713537771129394,0.0,1.0,0.0,0.0,0.0,0.0,0.0,0.0,0.0,0.0,0.0,0.0,0.0,0.0,0.0,0.0,0.0
829,Zircon,1.0,3323,65.04594535522523,1187.3433644297322,2834.7544387601565,1151,2801,1237,2865,76.13026671476166,59.10680312444416,0.90421768707483,0.0,1.0,0.0,0.0,0.0,0.0,0.0,0.0,0.0,0.0,0.0,0.0,0.0,0.0,0.0,0.0,0.0
830,Zircon,1.0,7013,94.49459734412171,1182.882218736632,2980.979894481677,1125,2932,1226,3039,98.50061341997244,96.36733345203359,0.9354408430038682,0.0,1.0,0.0,0.0,0.0,0.0,0.0,0.0,0.0,0.0,0.0,0.0,0.0,0.0,0.0,0.0,0.0
831,Zircon,1.0,1340,41.30545956583848,1182.2776119402986,4656.4313432835825,1165,4634,1202,4684,52.1913756545548,35.645930905986745,0.8600770218228498,0.0,1.0,0.0,0.0,0.0,0.0,0.0,0.0,0.0,0.0,0.0,0.0,0.0,0.0,0.0,0.0,0.0
832,Zircon,1.0,4121,72.43631798934568,1198.8696918223732,131.19024508614413,1157,90,1238,175,82.04774189466038,70.67898675071915,0.8458538587848933,0.0,1.0,0.0,0.0,0.0,0.0,0.0,0.0,0.0,0.0,0.0,0.0,0.0,0.0,0.0,0.0,0.0
833,Zircon,1.0,2586,57.381159474910675,1187.799690641918,2446.754833720031,1153,2416,1226,2477,70.84634506071765,50.796341129678915,0.9041958041958041,0.0,1.0,0.0,0.0,0.0,0.0,0.0,0.0,0.0,0.0,0.0,0.0,0.0,0.0,0.0,0.0,0.0
834,Zircon,0.9991018501886114,5567,84.19100038329898,1185.1036464882343,339.68546793605174,1140,297,1224,392,98.28326122053994,79.33665293359931,0.8576490525342783,0.0,0.9991018501886114,0.0,0.0,0.0,0.0,0.0008981498113885396,0.0,0.0,0.0,0.0,0.0,0.0,0.0,0.0,0.0,0.0
835,Zircon,0.9463235294117647,4080,72.07508128694316,1190.7676470588235,2223.6757352941177,1149,2187,1231,2262,95.28921336945639,55.153582719763826,0.9543859649122807,0.0,0.9463235294117647,0.0,0.0,0.0,0.0,0.0,0.0,0.0,0.0,0.0,0.0,0.0,0.0,0.0,0.0,0.05367647058823529
836,Zircon,1.0,2909,60.85929539219616,1195.3045720178757,3636.2426950842214,1160,3601,1230,3665,68.53860398501145,59.273904807102824,0.8992272024729521,0.0,1.0,0.0,0.0,0.0,0.0,0.0,0.0,0.0,0.0,0.0,0.0,0.0,0.0,0.0,0.0,0.0
837,Zircon,1.0,1583,44.89474578740548,1189.502842703727,3418.765634870499,1165,3394,1214,3449,54.63183380057078,38.80374689945358,0.8953619909502263,0.0,1.0,0.0,0.0,0.0,0.0,0.0,0.0,0.0,0.0,0.0,0.0,0.0,0.0,0.0,0.0,0.0
838,Rutile,1.0,842,32.74244487919323,1187.0736342042755,3562.541567695962,1163,3549,1208,3579,41.72241168288889,28.207242523401884,0.8565615462868769,0.0,0.0,1.0,0.0,0.0,0.0,0.0,0.0,0.0,0.0,0.0,0.0,0.0,0.0,0.0,0.0,0.0
839,Zircon,1.0,2932,61.09941362372881,1195.4522510231923,3181.551841746248,1159,3154,1239,3218,84.41091096955493,46.21783575950919,0.9182586908863138,0.0,1.0,0.0,0.0,0.0,0.0,0.0,0.0,0.0,0.0,0.0,0.0,0.0,0.0,0.0,0.0,0.0
840,Zircon,1.0,281,18.91508160359296,1200.306049822064,1194.3167259786476,1187,1187,1214,1202,26.218802633779646,14.116099791755047,0.8949044585987261,0.0,1.0,0.0,0.0,0.0,0.0,0.0,0.0,0.0,0.0,0.0,0.0,0.0,0.0,0.0,0.0,0.0
841,Zircon,1.0,3030,62.11212297569246,1204.1293729372937,4027.123102310231,1171,3990,1241,4060,66.33503241349193,62.60967730293892,0.8714408973252804,0.0,1.0,0.0,0.0,0.0,0.0,0.0,0.0,0.0,0.0,0.0,0.0,0.0,0.0,0.0,0.0,0.0
842,Zircon,1.0,3594,67.64630753986631,1196.181691708403,4096.683361157485,1158,4060,1235,4133,74.54619854257413,62.84568410359463,0.9352068696330992,0.0,1.0,0.0,0.0,0.0,0.0,0.0,0.0,0.0,0.0,0.0,0.0,0.0,0.0,0.0,0.0,0.0
843,Zircon,1.0,4429,75.0944601394273,1203.8638518853015,2125.1393090991196,1168,2085,1252,2165,81.48943957887712,72.50794413506391,0.9431431005110733,0.0,1.0,0.0,0.0,0.0,0.0,0.0,0.0,0.0,0.0,0.0,0.0,0.0,0.0,0.0,0.0,0.0
844,Rutile,0.8554216867469879,664,29.076297180076903,1201.6596385542168,3093.7996987951806,1187,3078,1219,3107,33.132397662192425,27.227100955330233,0.8877005347593583,0.0,0.0,0.8554216867469879,0.0,0.0,0.0,0.14457831325301204,0.0,0.0,0.0,0.0,0.0,0.0,0.0,0.0,0.0,0.0
845,Rutile,1.0,9362,109.17906675645563,1204.8020722067934,1732.883571886349,1153,1670,1269,1818,165.80886296375056,75.48353308244151,0.9329347284504235,0.0,0.0,1.0,0.0,0.0,0.0,0.0,0.0,0.0,0.0,0.0,0.0,0.0,0.0,0.0,0.0,0.0
846,Zircon,1.0,1841,48.415224897313394,1192.6360673546985,3352.608365019011,1171,3315,1209,3382,68.91424761452663,36.208223657909265,0.9237330657300552,0.0,1.0,0.0,0.0,0.0,0.0,0.0,0.0,0.0,0.0,0.0,0.0,0.0,0.0,0.0,0.0,0.0
847,Zircon,1.0,3123,63.058124759684326,1234.831572206212,3336.657380723663,1208,3301,1270,3380,81.3669427367243,51.37292625893217,0.9078488372093023,0.0,1.0,0.0,0.0,0.0,0.0,0.0,0.0,0.0,0.0,0.0,0.0,0.0,0.0,0.0,0.0,0.0
848,Zircon,0.9903250773993808,7752,99.34864342700902,1209.6675696594427,533.438209494324,1169,475,1257,589,128.77063252463256,83.07751740758647,0.8738586405140345,0.0,0.9903250773993808,0.0,0.0,0.0,0.0,0.0,0.0,0.0,0.0,0.0,0.0,0.0,0.0,0.0,0.0,0.009674922600619196
849,Zircon,1.0,2273,53.79659362062829,1207.2067751869777,1514.4456665200175,1180,1486,1239,1544,55.86322740807199,53.11239601919729,0.9099279423538831,0.0,1.0,0.0,0.0,0.0,0.0,0.0,0.0,0.0,0.0,0.0,0.0,0.0,0.0,0.0,0.0,0.0
850,Rutile,1.0,1426,42.61032258493641,1213.8338008415146,3129.6767180925667,1189,3107,1242,3153,63.81502952996313,29.673240882861354,0.8705738705738706,0.0,0.0,1.0,0.0,0.0,0.0,0.0,0.0,0.0,0.0,0.0,0.0,0.0,0.0,0.0,0.0,0.0
852,Unknown,1.0,289,19.182445840623714,1212.3356401384083,4259.435986159169,1203,4249,1225,4271,26.306982637211593,14.483921219640207,0.8731117824773413,0.0,0.0,0.0,0.0,0.0,0.0,0.0,0.0,0.0,0.0,0.0,0.0,0.0,0.0,0.0,0.0,1.0
853,Zircon,0.991154958326246,5879,86.51806333649651,1192.1966320802858,2895.765266201735,1138,2863,1246,2928,115.88498350224553,66.08612191311884,0.9587410306588389,0.0,0.991154958326246,0.0,0.0,0.0,0.0,0.0,0.0,0.0,0.0,0.0,0.0,0.0,0.0,0.0,0.0,0.00884504167375404
854,Rutile,0.9618320610687023,1179,38.7446696107059,1215.3121289228159,3586.184054283291,1197,3559,1236,3616,53.07702653427249,29.774140450196896,0.8555878084179971,0.0,0.0,0.9618320610687023,0.0,0.0,0.0,0.03816793893129771,0.0,0.0,0.0,0.0,0.0,0.0,0.0,0.0,0.0,0.0
855,Zircon,1.0,1014,35.93139154501889,1215.2859960552269,4171.3116370808675,1193,4158,1236,4193,45.00052733504034,32.138556301260834,0.8600508905852418,0.0,1.0,0.0,0.0,0.0,0.0,0.0,0.0,0.0,0.0,0.0,0.0,0.0,0.0,0.0,0.0,0.0
856,Zircon,1.0,2492,56.32861568936366,1216.2094703049759,2713.4426163723915,1188,2679,1246,2747,65.38940596126028,49.81684502268872,0.8893647394718058,0.0,1.0,0.0,0.0,0.0,0.0,0.0,0.0,0.0,0.0,0.0,0.0,0.0,0.0,0.0,0.0,0.0
857,Zircon,1.0,1599,45.12105973967727,1226.603502188868,4136.590994371482,1197,4104,1251,4161,69.32450431421192,35.72906298352627,0.7639751552795031,0.0,1.0,0.0,0.0,0.0,0.0,0.0,0.0,0.0,0.0,0.0,0.0,0.0,0.0,0.0,0.0,0.0
858,Zircon,1.0,4878,78.80902549339208,1211.9056990569907,3494.858548585486,1176,3449,1248,3552,103.07508586645493,64.03311757718448,0.8792357606344628,0.0,1.0,0.0,0.0,0.0,0.0,0.0,0.0,0.0,0.0,0.0,0.0,0.0,0.0,0.0,0.0,0.0
859,Zircon,1.0,3477,66.5361097227976,1233.1840667241875,245.55191256830602,1191,209,1276,283,88.82846167741218,52.48418422693925,0.8443419135502671,0.0,1.0,0.0,0.0,0.0,0.0,0.0,0.0,0.0,0.0,0.0,0.0,0.0,0.0,0.0,0.0,0.0
860,Zircon,1.0,124,12.565098628628435,1216.3870967741937,2657.0887096774195,1210,2650,1223,2664,15.716065274617025,10.578337960726355,0.9117647058823529,0.0,1.0,0.0,0.0,0.0,0.0,0.0,0.0,0.0,0.0,0.0,0.0,0.0,0.0,0.0,0.0,0.0
861,Zircon,1.0,494,25.079480359432697,1221.3603238866397,874.4716599190283,1208,859,1234,888,28.5162534933672,23.966328987744646,0.8981818181818182,0.0,1.0,0.0,0.0,0.0,0.0,0.0,0.0,0.0,0.0,0.0,0.0,0.0,0.0,0.0,0.0,0.0
862,Zircon,1.0,4034,71.66762395574202,1222.816063460585,1823.3705999008428,1188,1784,1261,1862,77.05992623930675,67.20423502075118,0.9303505535055351,0.0,1.0,0.0,0.0,0.0,0.0,0.0,0.0,0.0,0.0,0.0,0.0,0.0,0.0,0.0,0.0,0.0
863,Zircon,1.0,2604,57.58051558027562,1218.572964669739,806.7588325652841,1193,773,1246,845,75.70328203309145,44.97437835987871,0.9260312944523471,0.0,1.0,0.0,0.0,0.0,0.0,0.0,0.0,0.0,0.0,0.0,0.0,0.0,0.0,0.0,0.0,0.0
864,Zircon,1.0,5448,83.28630763647267,1229.1059104258443,1288.1426211453745,1187,1238,1274,1346,104.97960395112074,69.89099654173779,0.897380991599407,0.0,1.0,0.0,0.0,0.0,0.0,0.0,0.0,0.0,0.0,0.0,0.0,0.0,0.0,0.0,0.0,0.0
866,Quartz,1.0,210,16.351767622932517,1230.6619047619047,3111.6857142857143,1220,3105,1244,3120,25.676872827343804,12.365593678583854,0.7777777777777778,0.0,0.0,0.0,0.0,0.0,0.0,1.0,0.0,0.0,0.0,0.0,0.0,0.0,0.0,0.0,0.0,0.0
867,Zircon,1.0,3704,68.6737160324024,1233.6088012958962,444.09665226781857,1200,401,1266,488,86.85351402831967,55.52232580477978,0.9211638895797065,0.0,1.0,0.0,0.0,0.0,0.0,0.0,0.0,0.0,0.0,0.0,0.0,0.0,0.0,0.0,0.0,0.0
869,Zircon,1.0,2822,59.942322237652995,1223.9128277817151,990.3564847625797,1190,954,1258,1037,87.45880832969351,50.21501299374341,0.7265705458290422,0.0,1.0,0.0,0.0,0.0,0.0,0.0,0.0,0.0,0.0,0.0,0.0,0.0,0.0,0.0,0.0,0.0
870,Zircon,1.0,1838,48.37576131931392,1230.7769314472253,1156.9401523394995,1204,1130,1255,1181,52.37814979087,45.825973152252566,0.905864958107442,0.0,1.0,0.0,0.0,0.0,0.0,0.0,0.0,0.0,0.0,0.0,0.0,0.0,0.0,0.0,0.0,0.0
871,Zircon,0.9649122807017544,1311,40.85605271129112,1236.5942028985507,1218.7276887871853,1214,1193,1257,1240,50.86484582890529,33.85012680334462,0.9424874191229331,0.03508771929824561,0.9649122807017544,0.0,0.0,0.0,0.0,0.0,0.0,0.0,0.0,0.0,0.0,0.0,0.0,0.0,0.0,0.0
872,Zircon,1.0,175,14.927053303604616,1239.662857142857,3978.7314285714288,1233,3969,1246,3992,24.787255399879054,10.025785650233699,0.8215962441314554,0.0,1.0,0.0,0.0,0.0,0.0,0.0,0.0,0.0,0.0,0.0,0.0,0.0,0.0,0.0,0.0,0.0
873,Unknown,1.0,1554,44.48161701780234,1228.177606177606,2626.095238095238,1188,2601,1257,2648,77.73229763914318,28.339460436621973,0.9217081850533808,0.0,0.0,0.0,0.0,0.0,0.0,0.0,0.0,0.0,0.0,0.0,0.0,0.0,0.0,0.0,0.0,1.0
874,Zircon,1.0,556,26.60678836073137,1235.7446043165467,2672.938848920863,1219,2658,1251,2688,33.35842867935261,23.46918023649018,0.8116788321167884,0.0,1.0,0.0,0.0,0.0,0.0,0.0,0.0,0.0,0.0,0.0,0.0,0.0,0.0,0.0,0.0,0.0
875,Zircon,1.0,2588,57.403344343118206,1238.4644513137557,179.1213292117465,1202,148,1275,207,76.20354894754789,47.01885419256335,0.8418998048145738,0.0,1.0,0.0,0.0,0.0,0.0,0.0,0.0,0.0,0.0,0.0,0.0,0.0,0.0,0.0,0.0,0.0
876,Zircon,1.0,4125,72.47146419131151,1246.7112727272727,2284.9873939393938,1205,2251,1289,2324,88.20608041282779,62.20633887596056,0.9559675550405562,0.0,1.0,0.0,0.0,0.0,0.0,0.0,0.0,0.0,0.0,0.0,0.0,0.0,0.0,0.0,0.0,0.0
877,Zircon,1.0,1448,42.937755656025104,1243.8128453038673,382.7617403314917,1217,355,1264,406,55.53099134541128,35.76551102822118,0.8829268292682927,0.0,1.0,0.0,0.0,0.0,0.0,0.0,0.0,0.0,0.0,0.0,0.0,0.0,0.0,0.0,0.0,0.0
878,Zircon,1.0,6027,87.60031242021243,1240.4652397544385,1579.435705989713,1196,1520,1286,1636,107.62256703442615,74.86904511359668,0.9095985511620888,0.0,1.0,0.0,0.0,0.0,0.0,0.0,0.0,0.0,0.0,0.0,0.0,0.0,0.0,0.0,0.0,0.0
879,Zircon,0.9123055162659123,2121,51.96673045693062,1246.7076850542196,1980.3366336633662,1222,1951,1278,2006,55.23756858410538,52.26712433729999,0.8923012200252419,0.0,0.9123055162659123,0.0,0.0,0.0,0.0,0.0,0.0,0.03866100895803866,0.0,0.0,0.0,0.0,0.0,0.0,0.0,0.04903347477604903
880,Zircon,1.0,5583,84.31189938707593,1253.827870320616,4640.20025076124,1206,4596,1312,4673,105.97683514781419,69.64310399638467,0.9573045267489712,0.0,1.0,0.0,0.0,0.0,0.0,0.0,0.0,0.0,0.0,0.0,0.0,0.0,0.0,0.0,0.0,0.0
881,Rutile,1.0,198,15.877702285203682,1253.050505050505,2939.2070707070707,1245,2928,1263,2953,24.06097011534017,12.390099663633546,0.7279411764705882,0.0,0.0,1.0,0.0,0.0,0.0,0.0,0.0,0.0,0.0,0.0,0.0,0.0,0.0,0.0,0.0,0.0
883,Rutile,1.0,2026,50.78959851813597,1264.1954590325765,2757.2986179664363,1235,2735,1298,2781,65.67890574566295,41.90604910899165,0.8843299869052815,0.0,0.0,1.0,0.0,0.0,0.0,0.0,0.0,0.0,0.0,0.0,0.0,0.0,0.0,0.0,0.0,0.0
884,Rutile,1.0,189,15.512648837479231,1257.2857142857142,2956.4973544973545,1247,2947,1268,2968,25.988952186939613,12.471698443763447,0.6450511945392492,0.0,0.0,1.0,0.0,0.0,0.0,0.0,0.0,0.0,0.0,0.0,0.0,0.0,0.0,0.0,0.0,0.0
885,Zircon,1.0,2014,50.63896171029396,1252.3252234359484,4446.121151936445,1219,4421,1284,4469,62.95341978430185,41.5811663243008,0.9376163873370578,0.0,1.0,0.0,0.0,0.0,0.0,0.0,0.0,0.0,0.0,0.0,0.0,0.0,0.0,0.0,0.0,0.0
886,Rutile,1.0,3922,70.66573069353566,1254.278684344722,3074.5527791942886,1213,3035,1293,3112,88.50725474616364,57.23519085190105,0.9318127821335234,0.0,0.0,1.0,0.0,0.0,0.0,0.0,0.0,0.0,0.0,0.0,0.0,0.0,0.0,0.0,0.0,0.0
887,Quartz,1.0,119,12.309163489997376,1219.420168067227,3071.4453781512607,1213,3065,1226,3081,16.225035810805142,10.515783340949996,0.8206896551724138,0.0,0.0,0.0,0.0,0.0,0.0,1.0,0.0,0.0,0.0,0.0,0.0,0.0,0.0,0.0,0.0,0.0
888,Zircon,1.0,3591,67.61806862920568,1259.27903091061,3929.135616819827,1223,3889,1297,3972,75.12787981641955,63.06118740019695,0.9269488900361383,0.0,1.0,0.0,0.0,0.0,0.0,0.0,0.0,0.0,0.0,0.0,0.0,0.0,0.0,0.0,0.0,0.0
889,Zircon,0.9900679560899112,3826,69.79551918394714,1255.0585467851542,2413.951907997909,1220,2374,1294,2453,80.32930255516666,62.752977493635385,0.9029974038234599,0.009932043910088865,0.9900679560899112,0.0,0.0,0.0,0.0,0.0,0.0,0.0,0.0,0.0,0.0,0.0,0.0,0.0,0.0,0.0
890,Rutile,0.98868351565447,5302,82.16274135023632,1261.9028668427009,913.9032440588458,1210,872,1309,953,92.69537037026157,75.07988533160402,0.9341085271317829,0.0,0.0,0.98868351565447,0.0,0.0,0.0,0.0,0.0,0.0,0.0,0.0,0.0,0.0,0.0,0.0,0.0,0.011316484345529988
891,Zircon,1.0,3649,68.16194758616136,1267.5357632228008,4358.632776103042,1235,4323,1299,4401,78.21666346394002,61.52005818690511,0.9502604166666667,0.0,1.0,0.0,0.0,0.0,0.0,0.0,0.0,0.0,0.0,0.0,0.0,0.0,0.0,0.0,0.0,0.0
892,Zircon,1.0,6264,89.30606087058739,1270.1337803320562,3405.7048212005107,1224,3357,1318,3456,95.40781165794603,84.83082745591446,0.940117064385412,0.0,1.0,0.0,0.0,0.0,0.0,0.0,0.0,0.0,0.0,0.0,0.0,0.0,0.0,0.0,0.0,0.0
893,Zircon,1.0,3335,65.16328630211775,1267.6308845577212,3210.736731634183,1222,3175,1309,3245,82.54138617367873,58.099021787112335,0.8302215583768981,0.0,1.0,0.0,0.0,0.0,0.0,0.0,0.0,0.0,0.0,0.0,0.0,0.0,0.0,0.0,0.0,0.0
894,Orthoclase,1.0,138,13.255453865237978,1239.304347826087,3216.289855072464,1230,3208,1248,3229,26.325138605747796,10.374923674962774,0.6052631578947368,0.0,0.0,0.0,0.0,0.0,0.0,0.0,0.0,1.0,0.0,0.0,0.0,0.0,0.0,0.0,0.0,0.0
895,Zircon,1.0,279,18.847647942942654,1271.562724014337,1364.8745519713261,1263,1349,1280,1381,28.514016109499543,13.65571071222758,0.7926136363636364,0.0,1.0,0.0,0.0,0.0,0.0,0.0,0.0,0.0,0.0,0.0,0.0,0.0,0.0,0.0,0.0,0.0
896,Quartz,1.0,608,27.823185353208192,1262.498355263158,2027.1332236842106,1246,2014,1277,2047,36.918701953775525,23.529693550846932,0.8710601719197708,0.0,0.0,0.0,0.0,0.0,0.0,1.0,0.0,0.0,0.0,0.0,0.0,0.0,0.0,0.0,0.0,0.0
897,Zircon,0.9929060045604257,7894,100.2544411292556,1257.5866480871548,2511.7294147453763,1184,2465,1327,2558,150.08954289427297,68.4572376791954,0.9146101262889584,0.0,0.9929060045604257,0.0,0.0,0.0,0.0,0.0,0.0,0.0,0.0,0.0,0.0,0.0,0.0,0.0,0.0,0.00709399543957436
898,Zircon,1.0,3983,71.2131526242179,1264.9043434597038,1884.743409490334,1230,1837,1302,1924,84.89994736837816,64.01100064566751,0.9056389267849022,0.0,1.0,0.0,0.0,0.0,0.0,0.0,0.0,0.0,0.0,0.0,0.0,0.0,0.0,0.0,0.0,0.0
899,Zircon,0.9864804964539007,4512,75.79483376751382,1271.1232269503546,3669.6218971631206,1235,3627,1307,3710,82.61643179953097,70.47766478472008,0.946507237256136,0.0,0.9864804964539007,0.0,0.0,0.0,0.0,0.0,0.0,0.0,0.0,0.0,0.0,0.0,0.0,0.0,0.0,0.013519503546099291
900,Rutile,0.9861111111111112,504,25.332049473868512,1269.843253968254,706.4107142857143,1252,688,1287,721,38.873400140626,25.33311415557612,0.5228215767634855,0.0,0.013888888888888888,0.9861111111111112,0.0,0.0,0.0,0.0,0.0,0.0,0.0,0.0,0.0,0.0,0.0,0.0,0.0,0.0
901,Quartz,1.0,2969,61.483723116925006,1271.054563826204,666.7126978780734,1232,633,1305,705,69.09813072176667,59.43020554818445,0.8277111792584332,0.0,0.0,0.0,0.0,0.0,0.0,1.0,0.0,0.0,0.0,0.0,0.0,0.0,0.0,0.0,0.0,0.0
902,Quartz,1.0,991,35.52154823248202,1280.2906155398587,2043.7386478304743,1262,2017,1298,2076,58.97678764413141,23.677207694023082,0.7628945342571208,0.0,0.0,0.0,0.0,0.0,0.0,1.0,0.0,0.0,0.0,0.0,0.0,0.0,0.0,0.0,0.0,0.0
903,Rutile,1.0,338,20.7449985808745,1276.4526627218936,2939.846153846154,1264,2923,1289,2960,34.94596978895029,20.4765163326583,0.5382165605095541,0.0,0.0,1.0,0.0,0.0,0.0,0.0,0.0,0.0,0.0,0.0,0.0,0.0,0.0,0.0,0.0,0.0
904,Rutile,1.0,3106,62.88626261710434,1281.1854475209273,1747.309401159047,1240,1714,1322,1787,68.95361970889192,61.82516104930806,0.8454001088731627,0.0,0.0,1.0,0.0,0.0,0.0,0.0,0.0,0.0,0.0,0.0,0.0,0.0,0.0,0.0,0.0,0.0
905,Zircon,1.0,3021,62.01980864727758,1280.1317444554784,104.75273088381331,1241,71,1318,140,78.40657723304479,51.104284252746254,0.913516782582401,0.0,1.0,0.0,0.0,0.0,0.0,0.0,0.0,0.0,0.0,0.0,0.0,0.0,0.0,0.0,0.0,0.0
906,Rutile,1.0,760,31.10726690017501,1285.7736842105264,3475.8223684210525,1266,3462,1310,3493,40.103174106147854,26.475619841706692,0.8172043010752689,0.0,0.0,1.0,0.0,0.0,0.0,0.0,0.0,0.0,0.0,0.0,0.0,0.0,0.0,0.0,0.0,0.0
907,Orthoclase,1.0,675,29.316150714175198,1279.4488888888889,1230.1659259259259,1259,1211,1298,1251,43.34666505921302,22.952395871790266,0.8653846153846154,0.0,0.0,0.0,0.0,0.0,0.0,0.0,0.0,1.0,0.0,0.0,0.0,0.0,0.0,0.0,0.0,0.0
908,Zircon,0.9799635701275046,4392,74.78013158905803,1275.9665300546449,3843.4178051001822,1225,3800,1323,3877,99.75465585851715,61.21368936693831,0.8736821165705192,0.0,0.9799635701275046,0.020036429872495445,0.0,0.0,0.0,0.0,0.0,0.0,0.0,0.0,0.0,0.0,0.0,0.0,0.0,0.0
909,Zircon,1.0,2631,57.87826225966199,1292.0022805017104,2153.5860889395667,1263,2117,1323,2186,71.03622886860201,47.90809872157455,0.9326479971641262,0.0,1.0,0.0,0.0,0.0,0.0,0.0,0.0,0.0,0.0,0.0,0.0,0.0,0.0,0.0,0.0,0.0
910,Zircon,0.9451207729468599,5175,81.17274569709015,1295.040966183575,318.3723671497585,1246,273,1355,358,100.9692737013822,70.91646316394241,0.8740077689579463,0.0,0.9451207729468599,0.0,0.0,0.018357487922705314,0.0,0.0,0.0,0.0,0.0,0.0,0.0,0.0,0.0,0.0,0.0,0.036521739130434785
911,Zircon,1.0,10197,113.94394954390714,1285.6186133176425,804.6048837893499,1231,732,1339,872,146.14179730023338,91.53711401109555,0.9349041899697442,0.0,1.0,0.0,0.0,0.0,0.0,0.0,0.0,0.0,0.0,0.0,0.0,0.0,0.0,0.0,0.0,0.0
912,Zircon,0.9908003679852806,3261,64.43627980711926,1288.3820913830114,1173.1478074210365,1247,1134,1328,1210,81.33251670573682,54.66106035770691,0.8259878419452887,0.0,0.9908003679852806,0.00919963201471941,0.0,0.0,0.0,0.0,0.0,0.0,0.0,0.0,0.0,0.0,0.0,0.0,0.0,0.0
913,Quartz,1.0,1478,43.380272556988054,1289.7882273342354,2338.5257104194857,1266,2309,1312,2364,56.43669864964312,39.34119685337536,0.7464646464646465,0.0,0.0,0.0,0.0,0.0,0.0,1.0,0.0,0.0,0.0,0.0,0.0,0.0,0.0,0.0,0.0,0.0
914,Zircon,1.0,4998,79.77249679298212,1282.52981192477,4523.491596638655,1238,4480,1325,4561,89.8642715628578,75.97149106502198,0.8743876836948915,0.0,1.0,0.0,0.0,0.0,0.0,0.0,0.0,0.0,0.0,0.0,0.0,0.0,0.0,0.0,0.0,0.0
915,Zircon,1.0,666,29.120053859730724,1297.3243243243244,1536.3363363363364,1284,1516,1312,1555,38.852759464097005,25.260270361979796,0.7717265353418308,0.0,1.0,0.0,0.0,0.0,0.0,0.0,0.0,0.0,0.0,0.0,0.0,0.0,0.0,0.0,0.0,0.0
916,Zircon,1.0,4277,73.79461723481118,1299.487491232172,575.2864157119476,1258,539,1344,613,79.37753911935373,69.69870160878806,0.9134985049124306,0.0,1.0,0.0,0.0,0.0,0.0,0.0,0.0,0.0,0.0,0.0,0.0,0.0,0.0,0.0,0.0,0.0
917,Zircon,1.0,6153,88.5112587118467,1279.5372988785957,1044.5376239232894,1240,982,1330,1109,111.08300204130913,75.54540657715316,0.9324140021215336,0.0,1.0,0.0,0.0,0.0,0.0,0.0,0.0,0.0,0.0,0.0,0.0,0.0,0.0,0.0,0.0,0.0
918,Zircon,1.0,2253,53.559394080668255,1293.8397691966268,1278.3839325343986,1260,1253,1327,1309,64.64869808972458,47.49315668947944,0.8926307448494454,0.0,1.0,0.0,0.0,0.0,0.0,0.0,0.0,0.0,0.0,0.0,0.0,0.0,0.0,0.0,0.0,0.0
919,Zircon,1.0,3191,63.74093964831319,1316.3795048574116,990.9833907865873,1276,958,1344,1036,78.55811415398705,56.71776565607307,0.9545318576129225,0.0,1.0,0.0,0.0,0.0,0.0,0.0,0.0,0.0,0.0,0.0,0.0,0.0,0.0,0.0,0.0,0.0
920,Zircon,1.0,8191,102.12299011939338,1306.0899768038091,1430.364424368209,1256,1367,1354,1490,130.96720676131815,80.9311983275579,0.9595829428303655,0.0,1.0,0.0,0.0,0.0,0.0,0.0,0.0,0.0,0.0,0.0,0.0,0.0,0.0,0.0,0.0,0.0
921,Unknown,1.0,128,12.766152972845846,1304.6875,381.484375,1297,372,1311,393,19.585509445570537,10.87848397100751,0.6881720430107527,0.0,0.0,0.0,0.0,0.0,0.0,0.0,0.0,0.0,0.0,0.0,0.0,0.0,0.0,0.0,0.0,1.0
922,Zircon,1.0,1462,43.14482836218969,1304.4801641586866,3316.9295485636117,1273,3297,1332,3337,56.65036454387321,35.291739094971604,0.9126092384519351,0.0,1.0,0.0,0.0,0.0,0.0,0.0,0.0,0.0,0.0,0.0,0.0,0.0,0.0,0.0,0.0,0.0
923,Rutile,0.9407894736842105,3648,68.15260713423864,1311.3530701754387,1650.0548245614036,1277,1609,1352,1694,85.42225630796527,61.54298788980215,0.8164726947179947,0.0,0.0,0.9407894736842105,0.0,0.0,0.0,0.05921052631578947,0.0,0.0,0.0,0.0,0.0,0.0,0.0,0.0,0.0,0.0
924,Quartz,1.0,111,11.888212206450685,1335.8018018018017,1670.6936936936936,1330,1664,1343,1678,14.69735388610666,10.388077085571092,0.7762237762237763,0.0,0.0,0.0,0.0,0.0,0.0,1.0,0.0,0.0,0.0,0.0,0.0,0.0,0.0,0.0,0.0,0.0
925,Rutile,1.0,519,25.70625067405882,1305.47591522158,2964.830443159923,1295,2948,1318,2983,34.72243215410929,20.849284886563723,0.8134796238244514,0.0,0.0,1.0,0.0,0.0,0.0,0.0,0.0,0.0,0.0,0.0,0.0,0.0,0.0,0.0,0.0,0.0
926,Zircon,1.0,1675,46.1809077155419,1306.1797014925373,3980.8728358208955,1284,3958,1330,4011,53.18485101334803,41.18145249873559,0.8990874932903918,0.0,1.0,0.0,0.0,0.0,0.0,0.0,0.0,0.0,0.0,0.0,0.0,0.0,0.0,0.0,0.0,0.0
927,Zircon,1.0,2093,51.62257613806866,1304.3827042522694,2589.7611084567607,1272,2556,1331,2616,63.366856541608634,45.99257700336791,0.9462025316455697,0.0,1.0,0.0,0.0,0.0,0.0,0.0,0.0,0.0,0.0,0.0,0.0,0.0,0.0,0.0,0.0,0.0
928,Zircon,1.0,1508,43.818320751263684,1300.1233421750662,2663.7407161803712,1266,2645,1329,2686,67.56613621121882,32.62490025841068,0.805125467164976,0.0,1.0,0.0,0.0,0.0,0.0,0.0,0.0,0.0,0.0,0.0,0.0,0.0,0.0,0.0,0.0,0.0
929,Zircon,1.0,6792,92.99377929647352,1297.3305359246172,3536.6915488810364,1247,3476,1344,3598,136.5349829228975,64.8827696821317,0.9097240825073667,0.0,1.0,0.0,0.0,0.0,0.0,0.0,0.0,0.0,0.0,0.0,0.0,0.0,0.0,0.0,0.0,0.0
930,Zircon,1.0,4596,76.49711725027818,1297.1936466492602,4157.450826805918,1253,4127,1341,4189,97.12179566299632,63.488951341233,0.9099188279548605,0.0,1.0,0.0,0.0,0.0,0.0,0.0,0.0,0.0,0.0,0.0,0.0,0.0,0.0,0.0,0.0,0.0
931,Zircon,0.9750227066303361,4404,74.88222055343749,1313.2665758401454,4064.559718437784,1278,4015,1351,4113,90.12482677217847,65.31962921532222,0.8958502847843776,0.0,0.9750227066303361,0.0,0.0,0.0,0.0,0.0,0.0,0.0,0.0,0.0,0.0,0.0,0.0,0.0,0.0,0.024977293369663943
932,Zircon,1.0,4726,77.57145150387724,1306.8487092678797,492.35674989420227,1265,450,1347,531,89.393212444961,69.21809771885341,0.9336230738838404,0.0,1.0,0.0,0.0,0.0,0.0,0.0,0.0,0.0,0.0,0.0,0.0,0.0,0.0,0.0,0.0,0.0
933,Zircon,1.0,1813,48.04563762304389,1314.688361831219,1970.8433535576394,1290,1946,1339,1995,50.90157070171962,47.65449841855726,0.8984142715559961,0.0,1.0,0.0,0.0,0.0,0.0,0.0,0.0,0.0,0.0,0.0,0.0,0.0,0.0,0.0,0.0,0.0
935,Quartz,1.0,1535,44.20885319897447,1298.8794788273615,4583.136807817589,1268,4562,1320,4607,52.15813415113672,41.1686976873681,0.9235860409145608,0.0,0.0,0.0,0.0,0.0,0.0,1.0,0.0,0.0,0.0,0.0,0.0,0.0,0.0,0.0,0.0,0.0
936,Zircon,0.9858334645049582,6353,89.93826120012821,1311.7446875491894,2820.9129545096803,1245,2775,1361,2863,108.30558984777218,79.40191356886801,0.9388207477464164,0.0,0.9858334645049582,0.0,0.0,0.0,0.0,0.0,0.0,0.014166535495041713,0.0,0.0,0.0,0.0,0.0,0.0,0.0,0.0
937,Zircon,1.0,3836,69.88667178800321,1321.766944734098,2233.4541188738267,1289,2196,1358,2270,73.35287018801532,67.907293698311,0.9221153846153847,0.0,1.0,0.0,0.0,0.0,0.0,0.0,0.0,0.0,0.0,0.0,0.0,0.0,0.0,0.0,0.0,0.0
938,Quartz,1.0,1036,36.319088209172165,1331.2403474903474,4582.219111969112,1319,4560,1348,4605,47.662891289511265,28.973300041279252,0.911169744942832,0.0,0.0,0.0,0.0,0.0,0.0,1.0,0.0,0.0,0.0,0.0,0.0,0.0,0.0,0.0,0.0,0.0
939,Zircon,1.0,1882,48.95137202562944,1319.0807651434643,3195.8262486716258,1296,3152,1348,3247,100.20879328693464,29.643710311949544,0.6996282527881041,0.0,1.0,0.0,0.0,0.0,0.0,0.0,0.0,0.0,0.0,0.0,0.0,0.0,0.0,0.0,0.0,0.0
940,Zircon,1.0,2978,61.576841135457045,1317.3764271323037,2475.686366689053,1280,2449,1358,2509,76.04328388983718,51.293291352379654,0.9029714978775015,0.0,1.0,0.0,0.0,0.0,0.0,0.0,0.0,0.0,0.0,0.0,0.0,0.0,0.0,0.0,0.0,0.0
941,Zircon,1.0,2933,61.10983214433036,1331.600750085237,2436.745311967269,1293,2405,1371,2473,88.30624889390347,46.625538232858204,0.8348989467691432,0.0,1.0,0.0,0.0,0.0,0.0,0.0,0.0,0.0,0.0,0.0,0.0,0.0,0.0,0.0,0.0,0.0
942,Zircon,1.0,808,32.07456238432586,1329.6683168316831,76.0,1302,68,1355,88,52.42387435505504,20.78739502391952,0.9287356321839081,0.0,1.0,0.0,0.0,0.0,0.0,0.0,0.0,0.0,0.0,0.0,0.0,0.0,0.0,0.0,0.0,0.0
943,Zircon,1.0,1160,38.43120960746342,1328.5086206896551,634.3456896551725,1306,613,1356,648,48.640165023297264,33.73630651719282,0.9362389023405973,0.0,1.0,0.0,0.0,0.0,0.0,0.0,0.0,0.0,0.0,0.0,0.0,0.0,0.0,0.0,0.0,0.0
944,Zircon,1.0,1257,40.005775929634204,1325.980906921241,662.200477326969,1305,648,1353,684,48.32413400067782,34.98310060866879,0.958079268292683,0.0,1.0,0.0,0.0,0.0,0.0,0.0,0.0,0.0,0.0,0.0,0.0,0.0,0.0,0.0,0.0,0.0
945,Zircon,1.0,9598,110.5466107592996,1328.5677224421754,1856.5608460095852,1282,1783,1378,1932,151.0485425219759,81.98309011307263,0.9405193532582068,0.0,1.0,0.0,0.0,0.0,0.0,0.0,0.0,0.0,0.0,0.0,0.0,0.0,0.0,0.0,0.0,0.0
946,Zircon,1.0,178,15.054455784347004,1334.9494382022472,278.561797752809,1326,268,1346,290,29.860482336050286,8.536908153381253,0.8240740740740741,0.0,1.0,0.0,0.0,0.0,0.0,0.0,0.0,0.0,0.0,0.0,0.0,0.0,0.0,0.0,0.0,0.0
947,Rutile,1.0,3826,69.79551918394714,1323.601150026137,2064.618139048615,1292,2019,1363,2108,87.60949403402354,60.34571336994565,0.8991774383078731,0.0,0.0,1.0,0.0,0.0,0.0,0.0,0.0,0.0,0.0,0.0,0.0,0.0,0.0,0.0,0.0,0.0
948,Zircon,0.9785190359762487,5726,85.38483257085852,1317.0586797066014,3038.594481313308,1270,2997,1366,3082,107.40147726721575,69.94140302030209,0.9280388978930308,0.0,0.9785190359762487,0.0,0.0,0.0,0.0,0.0,0.0,0.0,0.0,0.0,0.0,0.0,0.0,0.0,0.0,0.021480964023751308
949,Zircon,1.0,3639,68.0684853900192,1340.1338279747183,3792.9804891453696,1306,3748,1374,3840,100.41881149896349,46.95855916096611,0.9390967741935484,0.0,1.0,0.0,0.0,0.0,0.0,0.0,0.0,0.0,0.0,0.0,0.0,0.0,0.0,0.0,0.0,0.0
950,Zircon,1.0,2986,61.6594946506959,1330.014735432016,1092.1252511721366,1293,1062,1365,1119,70.91797434300112,55.63147174265799,0.931960049937578,0.0,1.0,0.0,0.0,0.0,0.0,0.0,0.0,0.0,0.0,0.0,0.0,0.0,0.0,0.0,0.0,0.0
951,Quartz,1.0,481,24.747287144606645,1335.948024948025,422.2972972972973,1322,412,1355,435,33.278412030750935,20.603283832749742,0.857397504456328,0.0,0.0,0.0,0.0,0.0,0.0,1.0,0.0,0.0,0.0,0.0,0.0,0.0,0.0,0.0,0.0,0.0
952,Zircon,1.0,2180,52.68455378498194,1330.3922018348624,2744.5720183486237,1300,2719,1361,2773,61.5502105356913,50.77194838703204,0.8664546899841018,0.0,1.0,0.0,0.0,0.0,0.0,0.0,0.0,0.0,0.0,0.0,0.0,0.0,0.0,0.0,0.0,0.0
953,Rutile,0.9867448381340811,3923,70.67473900904088,1332.884272240632,2947.1825133826155,1292,2893,1364,3006,107.22676496381018,60.748801793139826,0.7007859949982137,0.0,0.0,0.9867448381340811,0.0,0.0,0.0,0.0,0.0,0.0,0.0,0.0,0.0,0.0,0.0,0.0,0.0,0.01325516186591894
954,Zircon,1.0,6207,88.89880682085196,1340.5266634444981,218.81118092476237,1298,161,1390,268,107.71686903113164,76.12335576669872,0.937188585233278,0.0,1.0,0.0,0.0,0.0,0.0,0.0,0.0,0.0,0.0,0.0,0.0,0.0,0.0,0.0,0.0,0.0
955,Zircon,1.0,4402,74.86521539356036,1338.365288505225,3895.9979554747842,1308,3851,1374,3946,94.2407013310882,60.46144659249519,0.9462596732588134,0.0,1.0,0.0,0.0,0.0,0.0,0.0,0.0,0.0,0.0,0.0,0.0,0.0,0.0,0.0,0.0,0.0
956,Zircon,1.0,2046,51.039671908508026,1340.3245356793743,1251.0004887585533,1314,1223,1366,1285,62.35729945508567,44.462350355740824,0.8830384117393181,0.0,1.0,0.0,0.0,0.0,0.0,0.0,0.0,0.0,0.0,0.0,0.0,0.0,0.0,0.0,0.0,0.0
957,Zircon,1.0,2352,54.72348133312703,1335.1318027210884,4433.270833333333,1298,4404,1374,4461,75.62725419588183,42.08008468421191,0.9180327868852459,0.0,1.0,0.0,0.0,0.0,0.0,0.0,0.0,0.0,0.0,0.0,0.0,0.0,0.0,0.0,0.0,0.0
958,Rutile,1.0,2052,51.114455350678966,1343.2553606237816,4236.852339181287,1313,4212,1380,4268,63.583301809700345,45.039700772051745,0.8085106382978723,0.0,0.0,1.0,0.0,0.0,0.0,0.0,0.0,0.0,0.0,0.0,0.0,0.0,0.0,0.0,0.0,0.0
959,Zircon,1.0,481,24.747287144606645,1340.4054054054054,4328.484407484408,1332,4309,1351,4350,39.7636592661904,15.913277728628776,0.9144486692015209,0.0,1.0,0.0,0.0,0.0,0.0,0.0,0.0,0.0,0.0,0.0,0.0,0.0,0.0,0.0,0.0,0.0
960,Zircon,1.0,2842,60.15435799788185,1352.8574947220268,117.69774806474314,1315,93,1399,148,83.02522603374659,46.30785241986572,0.8839813374805598,0.0,1.0,0.0,0.0,0.0,0.0,0.0,0.0,0.0,0.0,0.0,0.0,0.0,0.0,0.0,0.0,0.0
961,Zircon,1.0,281,18.91508160359296,1349.6156583629893,4000.6298932384343,1340,3989,1358,4017,28.881200490240182,13.738175577818279,0.8726708074534162,0.0,1.0,0.0,0.0,0.0,0.0,0.0,0.0,0.0,0.0,0.0,0.0,0.0,0.0,0.0,0.0,0.0
964,Quartz,1.0,100,11.283791670955125,1352.53,1663.83,1346,1658,1360,1671,14.521693803861849,9.524894176151271,0.8,0.0,0.0,0.0,0.0,0.0,0.0,1.0,0.0,0.0,0.0,0.0,0.0,0.0,0.0,0.0,0.0,0.0
965,Monazite & Xenotime,1.0,193,15.67594437773643,1356.7772020725388,1323.2953367875648,1348,1315,1367,1333,19.691093978266217,13.195953559776202,0.8247863247863247,1.0,0.0,0.0,0.0,0.0,0.0,0.0,0.0,0.0,0.0,0.0,0.0,0.0,0.0,0.0,0.0,0.0
966,Zircon,1.0,5241,81.68872905093448,1353.7427971761115,2320.741079946575,1322,2271,1393,2378,103.32483580977187,66.94061431532536,0.9065905552672548,0.0,1.0,0.0,0.0,0.0,0.0,0.0,0.0,0.0,0.0,0.0,0.0,0.0,0.0,0.0,0.0,0.0
967,Zircon,1.0,746,30.81942083122964,1354.3150134048258,3489.058981233244,1341,3475,1374,3512,39.850687378808495,27.025664808563985,0.8849347568208779,0.0,1.0,0.0,0.0,0.0,0.0,0.0,0.0,0.0,0.0,0.0,0.0,0.0,0.0,0.0,0.0,0.0
969,Zircon,1.0,1187,38.875896640471694,1367.5956192080876,3510.7506318449873,1345,3485,1389,3540,49.38688688311153,33.39462639425051,0.8779585798816568,0.0,1.0,0.0,0.0,0.0,0.0,0.0,0.0,0.0,0.0,0.0,0.0,0.0,0.0,0.0,0.0,0.0
970,Zircon,1.0,1206,39.1857996084118,1364.6965174129352,3976.072968490879,1340,3950,1384,4009,68.63179947457382,24.35008358260244,0.8790087463556852,0.0,1.0,0.0,0.0,0.0,0.0,0.0,0.0,0.0,0.0,0.0,0.0,0.0,0.0,0.0,0.0,0.0
971,Zircon,0.9654853620955316,3245,64.27800807947928,1361.093374422188,1169.037904468413,1326,1135,1392,1212,72.44619526360312,58.65254446352593,0.9400347624565469,0.0,0.9654853620955316,0.0,0.0,0.0,0.0,0.0,0.0,0.0,0.0,0.0,0.0,0.0,0.0,0.0,0.0,0.03451463790446841
972,Zircon,1.0,514,25.582125126616702,1353.420233463035,2399.070038910506,1342,2380,1363,2418,37.794008661430986,17.757355363140903,0.9294755877034359,0.0,1.0,0.0,0.0,0.0,0.0,0.0,0.0,0.0,0.0,0.0,0.0,0.0,0.0,0.0,0.0,0.0
973,Zircon,1.0,3041,62.22476561257286,1361.3669845445577,3105.0683985531077,1330,3072,1397,3151,75.91062086344208,53.455501681775864,0.872346528973035,0.0,1.0,0.0,0.0,0.0,0.0,0.0,0.0,0.0,0.0,0.0,0.0,0.0,0.0,0.0,0.0,0.0
974,Zircon,1.0,747,30.8400703617415,1381.9250334672022,2387.4377510040163,1360,2376,1411,2403,56.942412478415974,21.235880500244598,0.7440239043824701,0.0,1.0,0.0,0.0,0.0,0.0,0.0,0.0,0.0,0.0,0.0,0.0,0.0,0.0,0.0,0.0,0.0
975,Zircon,0.985071695148301,10182,113.86011173582006,1362.4560007857003,3621.9861520329996,1306,3562,1431,3681,123.98915412476413,109.91986486837604,0.9153182308522114,0.0,0.985071695148301,0.0,0.0,0.0,0.0,0.0,0.0,0.0,0.0,0.0,0.0,0.0,0.0,0.0,0.0,0.014928304851699077
976,Zircon,1.0,5783,85.8087657946637,1368.303648625281,692.1985128825869,1329,637,1408,743,114.89458595016904,65.74407030163472,0.9371252633284719,0.0,1.0,0.0,0.0,0.0,0.0,0.0,0.0,0.0,0.0,0.0,0.0,0.0,0.0,0.0,0.0,0.0
977,Zircon,1.0,2626,57.823239657377705,1367.59139375476,4381.317593297791,1332,4349,1410,4411,76.69791241000007,49.065287776872495,0.7598379629629629,0.0,1.0,0.0,0.0,0.0,0.0,0.0,0.0,0.0,0.0,0.0,0.0,0.0,0.0,0.0,0.0,0.0
978,Zircon,0.9914570479354533,4214,73.24910539736288,1378.063597532036,1994.5901756051258,1338,1951,1424,2036,98.68844367010728,58.56837740693427,0.8710210830921868,0.00854295206454675,0.9914570479354533,0.0,0.0,0.0,0.0,0.0,0.0,0.0,0.0,0.0,0.0,0.0,0.0,0.0,0.0,0.0
979,Zircon,1.0,8120,101.67942320474444,1367.384236453202,2565.781403940887,1331,2507,1419,2637,140.1154285499779,78.22882962340884,0.9307657038055938,0.0,1.0,0.0,0.0,0.0,0.0,0.0,0.0,0.0,0.0,0.0,0.0,0.0,0.0,0.0,0.0,0.0
980,Zircon,0.9826912339475153,5373,82.7110396129926,1371.1472175693282,3333.0174948818167,1335,3288,1408,3381,96.61830914581962,73.94217433120896,0.9172072379651758,0.0,0.9826912339475153,0.0,0.0,0.0,0.0,0.0,0.0,0.0,0.0,0.0,0.0,0.0,0.0,0.0,0.0,0.017308766052484645
981,Zircon,1.0,652,28.812361638146328,1373.515337423313,65.6042944785276,1355,57,1396,79,39.461595217699724,22.779897279892268,0.9354375896700143,0.0,1.0,0.0,0.0,0.0,0.0,0.0,0.0,0.0,0.0,0.0,0.0,0.0,0.0,0.0,0.0,0.0
982,Rutile,1.0,2314,54.27961225466857,1379.5894554883319,2098.337510803803,1354,2058,1411,2139,89.40041486088079,34.470293989761316,0.8968992248062015,0.0,0.0,1.0,0.0,0.0,0.0,0.0,0.0,0.0,0.0,0.0,0.0,0.0,0.0,0.0,0.0,0.0
985,Zircon,0.9990846681922196,2185,52.744937247534295,1375.5848970251716,4560.620594965675,1351,4533,1401,4589,61.044160097004244,46.5748706033036,0.95,0.0,0.9990846681922196,0.0009153318077803204,0.0,0.0,0.0,0.0,0.0,0.0,0.0,0.0,0.0,0.0,0.0,0.0,0.0,0.0
986,Rutile,1.0,3606,67.75914549575575,1363.5560177481975,1742.9600665557405,1333,1707,1404,1792,96.28699497955675,50.43416707952493,0.9329883570504528,0.0,0.0,1.0,0.0,0.0,0.0,0.0,0.0,0.0,0.0,0.0,0.0,0.0,0.0,0.0,0.0,0.0
988,Rutile,1.0,207,16.23454913941803,1378.9951690821256,1705.0048309178744,1353,1703,1406,1708,59.392120695455596,4.618319572775444,0.8771186440677966,0.0,0.0,1.0,0.0,0.0,0.0,0.0,0.0,0.0,0.0,0.0,0.0,0.0,0.0,0.0,0.0,0.0
989,Zircon,1.0,118,12.257335203001883,1381.1440677966102,803.6186440677966,1373,798,1390,810,17.500200239243913,8.987708317911485,0.9291338582677166,0.0,1.0,0.0,0.0,0.0,0.0,0.0,0.0,0.0,0.0,0.0,0.0,0.0,0.0,0.0,0.0,0.0
990,Zircon,1.0,1085,37.1680629847407,1383.6350230414746,1010.026728110599,1359,984,1403,1033,57.64547859801543,26.621407814457964,0.856353591160221,0.0,1.0,0.0,0.0,0.0,0.0,0.0,0.0,0.0,0.0,0.0,0.0,0.0,0.0,0.0,0.0,0.0
991,Rutile,1.0,3693,68.57166790086818,1396.9287841862983,1667.0936907663147,1354,1618,1430,1704,100.33862491024612,50.54335104990814,0.9175155279503105,0.0,0.0,1.0,0.0,0.0,0.0,0.0,0.0,0.0,0.0,0.0,0.0,0.0,0.0,0.0,0.0,0.0
992,Zircon,1.0,1954,49.8789541832275,1394.1033776867964,3048.700102354145,1366,3029,1425,3069,65.85315548062917,39.60619363097556,0.9092601209865053,0.0,1.0,0.0,0.0,0.0,0.0,0.0,0.0,0.0,0.0,0.0,0.0,0.0,0.0,0.0,0.0,0.0
993,Zircon,1.0,3445,66.22922490572147,1383.0856313497823,4102.613352685051,1351,4067,1417,4141,75.0335010545461,60.96130504633683,0.8997127187255158,0.0,1.0,0.0,0.0,0.0,0.0,0.0,0.0,0.0,0.0,0.0,0.0,0.0,0.0,0.0,0.0,0.0
994,Zircon,1.0,4315,74.12171500668497,1383.6108922363846,3427.22201622248,1343,3384,1419,3467,84.5232814627929,66.99386734184972,0.9263632460283383,0.0,1.0,0.0,0.0,0.0,0.0,0.0,0.0,0.0,0.0,0.0,0.0,0.0,0.0,0.0,0.0,0.0
995,Zircon,1.0,5296,82.11623852148503,1387.5655211480362,4308.478851963746,1352,4256,1426,4356,99.6080060820343,71.22887733214375,0.8996093086461695,0.0,1.0,0.0,0.0,0.0,0.0,0.0,0.0,0.0,0.0,0.0,0.0,0.0,0.0,0.0,0.0,0.0
996,Quartz,1.0,454,24.04268606686374,1391.3942731277532,3866.920704845815,1375,3852,1408,3881,32.16809124661772,19.916579377011075,0.8049645390070922,0.0,0.0,0.0,0.0,0.0,0.0,1.0,0.0,0.0,0.0,0.0,0.0,0.0,0.0,0.0,0.0,0.0
997,Zircon,1.0,3849,70.00499273398749,1387.6464016627694,939.9532346063912,1350,904,1426,983,71.50210299143737,70.65353827504428,0.9306092843326886,0.0,1.0,0.0,0.0,0.0,0.0,0.0,0.0,0.0,0.0,0.0,0.0,0.0,0.0,0.0,0.0,0.0
998,Zircon,1.0,2317,54.314786431977915,1390.4173500215795,2185.7496763055674,1363,2158,1425,2213,58.427431926185974,52.66448516857874,0.8963249516441005,0.0,1.0,0.0,0.0,0.0,0.0,0.0,0.0,0.0,0.0,0.0,0.0,0.0,0.0,0.0,0.0,0.0
999,Quartz,1.0,952,34.815571898044055,1398.8382352941176,3806.209033613445,1379,3787,1415,3837,49.3877222764954,29.921813352914047,0.7913549459684123,0.0,0.0,0.0,0.0,0.0,0.0,1.0,0.0,0.0,0.0,0.0,0.0,0.0,0.0,0.0,0.0,0.0
1000,Zircon,0.9891563078550648,3781,69.3838505608016,1386.973287490082,869.6376619941815,1349,833,1424,905,76.70908800631199,70.02987968568445,0.8821745216985535,0.0,0.9891563078550648,0.0,0.0,0.0,0.0,0.010843692144935203,0.0,0.0,0.0,0.0,0.0,0.0,0.0,0.0,0.0,0.0
1001,Zircon,1.0,184,15.306079714651624,1395.1630434782608,3773.2445652173915,1382,3768,1409,3780,25.471644926979153,10.41674765682808,0.8679245283018868,0.0,1.0,0.0,0.0,0.0,0.0,0.0,0.0,0.0,0.0,0.0,0.0,0.0,0.0,0.0,0.0,0.0
1002,Zircon,1.0,4451,75.28073600607402,1392.0280835767244,371.22938665468433,1345,336,1434,410,83.38237176864156,69.72275117318596,0.913025641025641,0.0,1.0,0.0,0.0,0.0,0.0,0.0,0.0,0.0,0.0,0.0,0.0,0.0,0.0,0.0,0.0,0.0
1003,Zircon,1.0,710,30.066594033278285,1403.9281690140845,4038.3422535211266,1384,4025,1435,4055,49.062656521422824,22.982242873378564,0.7545164718384697,0.0,1.0,0.0,0.0,0.0,0.0,0.0,0.0,0.0,0.0,0.0,0.0,0.0,0.0,0.0,0.0,0.0
1004,Zircon,1.0,3143,63.25971774441154,1396.425389755011,1831.291123130767,1361,1799,1431,1868,72.69247111616671,64.660320533269,0.8467133620689655,0.0,1.0,0.0,0.0,0.0,0.0,0.0,0.0,0.0,0.0,0.0,0.0,0.0,0.0,0.0,0.0,0.0
1005,Zircon,1.0,3485,66.61261001793912,1396.8152080344332,1560.1302725968437,1361,1527,1435,1598,73.32036042384094,64.1094122775059,0.8729959919839679,0.0,1.0,0.0,0.0,0.0,0.0,0.0,0.0,0.0,0.0,0.0,0.0,0.0,0.0,0.0,0.0,0.0
1006,Rutile,1.0,1257,40.005775929634204,1404.7056483691329,1346.340493237868,1378,1314,1426,1368,58.17977518049105,33.65418851878466,0.789572864321608,0.0,0.0,1.0,0.0,0.0,0.0,0.0,0.0,0.0,0.0,0.0,0.0,0.0,0.0,0.0,0.0,0.0
1007,Zircon,0.9849765258215962,14910,137.78244304700536,1409.5131455399062,477.17189805499663,1339,390,1494,558,176.40763412886616,127.86004402662519,0.7837468460891506,0.0,0.9849765258215962,0.0,0.0,0.0,0.0,0.0,0.0,0.0,0.0,0.0,0.0,0.0,0.0,0.0,0.0,0.015023474178403756
1008,Zircon,1.0,5266,81.88332823337952,1404.866502088872,3163.6114698063047,1360,3126,1451,3205,91.20546834977526,74.42386873555648,0.9529496923633731,0.0,1.0,0.0,0.0,0.0,0.0,0.0,0.0,0.0,0.0,0.0,0.0,0.0,0.0,0.0,0.0,0.0
1009,Zircon,1.0,4100,72.25151993843566,1405.029512195122,2734.0251219512197,1364,2699,1445,2774,79.02308090913591,67.36011606047384,0.9311832841244606,0.0,1.0,0.0,0.0,0.0,0.0,0.0,0.0,0.0,0.0,0.0,0.0,0.0,0.0,0.0,0.0,0.0
1010,Rutile,0.9778075970272502,9688,111.06369663123165,1407.536023947151,4487.4336292320395,1336,4437,1475,4541,133.15326982566134,94.62178987915365,0.8952134540750324,0.0,0.0,0.9778075970272502,0.0,0.0,0.0,0.022192402972749794,0.0,0.0,0.0,0.0,0.0,0.0,0.0,0.0,0.0,0.0
1011,Zircon,1.0,399,22.539356209735228,1415.516290726817,4666.959899749373,1399,4660,1438,4673,40.625547364946854,13.30916692006322,0.95,0.0,1.0,0.0,0.0,0.0,0.0,0.0,0.0,0.0,0.0,0.0,0.0,0.0,0.0,0.0,0.0,0.0
1012,Zircon,1.0,3857,70.07770632693055,1418.5812807881773,1201.8475499092558,1376,1168,1463,1233,85.72452668130325,59.019188172006416,0.9200858778625954,0.0,1.0,0.0,0.0,0.0,0.0,0.0,0.0,0.0,0.0,0.0,0.0,0.0,0.0,0.0,0.0,0.0
1013,Zircon,1.0,877,33.416030295843605,1407.6944127708095,4638.816419612314,1392,4620,1425,4658,40.53695687425685,28.700851313563465,0.8903553299492386,0.0,1.0,0.0,0.0,0.0,0.0,0.0,0.0,0.0,0.0,0.0,0.0,0.0,0.0,0.0,0.0,0.0
1014,Zircon,1.0,1169,38.580008136279666,1410.9563729683491,310.65012831479896,1391,289,1430,336,49.20971824933029,32.489580922448454,0.8385939741750359,0.0,1.0,0.0,0.0,0.0,0.0,0.0,0.0,0.0,0.0,0.0,0.0,0.0,0.0,0.0,0.0,0.0
1015,Zircon,1.0,340,20.806283791440396,1409.4352941176471,2039.9911764705882,1392,2031,1424,2048,29.546033376766324,15.926268531770683,0.8564231738035264,0.0,1.0,0.0,0.0,0.0,0.0,0.0,0.0,0.0,0.0,0.0,0.0,0.0,0.0,0.0,0.0,0.0
1016,Zircon,1.0,8955,106.77949298954076,1408.6102735901732,2879.175432719151,1346,2824,1465,2940,139.10111802208326,84.88744551881064,0.9227202472952086,0.0,1.0,0.0,0.0,0.0,0.0,0.0,0.0,0.0,0.0,0.0,0.0,0.0,0.0,0.0,0.0,0.0
1017,Zircon,1.0,3485,66.61261001793912,1413.74175035868,2258.304447632712,1377,2213,1442,2295,89.1393842293524,56.15442935269634,0.8624102944815639,0.0,1.0,0.0,0.0,0.0,0.0,0.0,0.0,0.0,0.0,0.0,0.0,0.0,0.0,0.0,0.0,0.0
1018,Zircon,0.994472182596291,5608,84.50045779091846,1426.174215406562,3947.881419400856,1371,3913,1482,3983,112.69052145040486,64.66954493970907,0.9157413455258001,0.0,0.994472182596291,0.0,0.0,0.005527817403708987,0.0,0.0,0.0,0.0,0.0,0.0,0.0,0.0,0.0,0.0,0.0,0.0
1019,Rutile,1.0,2556,57.04735117727269,1414.0387323943662,116.48591549295774,1383,67,1440,163,106.1935478231642,36.71961946465263,0.7344827586206897,0.0,0.0,1.0,0.0,0.0,0.0,0.0,0.0,0.0,0.0,0.0,0.0,0.0,0.0,0.0,0.0,0.0
1020,Zircon,1.0,1988,50.31103472334378,1422.167505030181,2803.291750503018,1390,2777,1454,2829,57.77988115006197,45.231669103449015,0.9127640036730946,0.0,1.0,0.0,0.0,0.0,0.0,0.0,0.0,0.0,0.0,0.0,0.0,0.0,0.0,0.0,0.0,0.0
1021,Zircon,1.0,6728,92.55460905313238,1423.157996432818,1094.535820451843,1370,1049,1481,1144,124.14310598818331,71.36848394716728,0.9239219994507003,0.0,1.0,0.0,0.0,0.0,0.0,0.0,0.0,0.0,0.0,0.0,0.0,0.0,0.0,0.0,0.0,0.0
1022,Rutile,1.0,1655,45.90437284765684,1431.8755287009064,2014.963746223565,1406,1983,1455,2043,54.5986338116137,41.16724449269723,0.9083424807903403,0.0,0.0,1.0,0.0,0.0,0.0,0.0,0.0,0.0,0.0,0.0,0.0,0.0,0.0,0.0,0.0,0.0
1023,Zircon,0.9999035493827161,10368,114.89537675561262,1425.2798032407406,1467.4583333333333,1376,1398,1476,1538,146.74526456938028,93.00097402870355,0.928949018905116,0.0,0.9999035493827161,0.0,0.0,0.0,0.0,9.645061728395061e-05,0.0,0.0,0.0,0.0,0.0,0.0,0.0,0.0,0.0,0.0
1024,Monazite & Xenotime,1.0,191,15.594510349620345,1427.2041884816754,3290.86387434555,1415,3284,1439,3302,26.883677749317386,14.983083203021838,0.596875,1.0,0.0,0.0,0.0,0.0,0.0,0.0,0.0,0.0,0.0,0.0,0.0,0.0,0.0,0.0,0.0,0.0
1026,Zircon,1.0,1617,45.37431370100002,1420.5794681508967,2576.7717996289425,1401,2550,1442,2607,60.08370426326396,35.43499465139888,0.911499436302142,0.0,1.0,0.0,0.0,0.0,0.0,0.0,0.0,0.0,0.0,0.0,0.0,0.0,0.0,0.0,0.0,0.0
1027,Zircon,1.0,1415,42.445658856946196,1436.4982332155478,2317.5590106007066,1416,2289,1459,2346,59.57223326028292,31.491195254601156,0.9158576051779935,0.0,1.0,0.0,0.0,0.0,0.0,0.0,0.0,0.0,0.0,0.0,0.0,0.0,0.0,0.0,0.0,0.0
1028,Zircon,1.0,3993,71.30249295871431,1435.1855747558227,801.8287002253944,1398,757,1475,839,79.23031250912399,66.31355810210886,0.907912687585266,0.0,1.0,0.0,0.0,0.0,0.0,0.0,0.0,0.0,0.0,0.0,0.0,0.0,0.0,0.0,0.0,0.0
1029,Zircon,1.0,1740,47.068426868115985,1446.5379310344827,2590.826436781609,1422,2557,1468,2621,66.90130258220506,36.59791329108668,0.8277830637488106,0.0,1.0,0.0,0.0,0.0,0.0,0.0,0.0,0.0,0.0,0.0,0.0,0.0,0.0,0.0,0.0,0.0
1030,Zircon,1.0,4378,74.66085136703533,1440.7444038373687,2982.4111466423024,1393,2940,1480,3026,87.98983497152072,72.56109533278357,0.8401458453271925,0.0,1.0,0.0,0.0,0.0,0.0,0.0,0.0,0.0,0.0,0.0,0.0,0.0,0.0,0.0,0.0,0.0
1031,Quartz,1.0,857,33.032806266468405,1438.8926487747958,4104.175029171529,1418,4087,1465,4124,46.97118775565542,26.397315515588637,0.7692998204667864,0.0,0.0,0.0,0.0,0.0,0.0,1.0,0.0,0.0,0.0,0.0,0.0,0.0,0.0,0.0,0.0,0.0
1032,Zircon,1.0,4577,76.33883281956072,1440.9143543805988,4572.716189643872,1401,4536,1478,4612,82.35161876487585,71.42692354014574,0.9656118143459915,0.0,1.0,0.0,0.0,0.0,0.0,0.0,0.0,0.0,0.0,0.0,0.0,0.0,0.0,0.0,0.0,0.0
1033,Zircon,1.0,3563,67.35393453905559,1457.5655346618018,869.3477406679764,1422,829,1498,907,85.23977400261373,62.560951358111005,0.8287973947429634,0.0,1.0,0.0,0.0,0.0,0.0,0.0,0.0,0.0,0.0,0.0,0.0,0.0,0.0,0.0,0.0,0.0
1034,Zircon,1.0,701,29.87542335866304,1449.259629101284,1358.0427960057061,1434,1342,1473,1373,36.48468697236316,27.33100367711483,0.8559218559218559,0.0,1.0,0.0,0.0,0.0,0.0,0.0,0.0,0.0,0.0,0.0,0.0,0.0,0.0,0.0,0.0,0.0
1035,Zircon,0.918825561312608,2895,60.712671511046985,1449.2248704663211,3356.3889464594126,1409,3330,1493,3383,82.45296752079598,45.437685603784736,0.9092336683417085,0.0,0.918825561312608,0.0,0.0,0.0,0.0,0.0,0.0,0.0,0.0,0.0,0.0,0.0,0.0,0.0,0.0,0.08117443868739206
1036,Zircon,1.0,4008,71.43629396391258,1446.5396706586826,4182.12000998004,1414,4132,1480,4235,109.41140193195115,47.7538524827599,0.9201101928374655,0.0,1.0,0.0,0.0,0.0,0.0,0.0,0.0,0.0,0.0,0.0,0.0,0.0,0.0,0.0,0.0,0.0
1037,Rutile,1.0,640,28.54598585844434,1456.2421875,4628.1671875,1438,4613,1478,4645,46.95835584084087,19.304846893978866,0.8311688311688312,0.0,0.0,1.0,0.0,0.0,0.0,0.0,0.0,0.0,0.0,0.0,0.0,0.0,0.0,0.0,0.0,0.0
1038,Zircon,1.0,857,33.032806266468405,1443.3605600933488,4059.382730455076,1425,4042,1457,4082,37.78897023768157,30.897116258668703,0.9345692475463467,0.0,1.0,0.0,0.0,0.0,0.0,0.0,0.0,0.0,0.0,0.0,0.0,0.0,0.0,0.0,0.0,0.0
1039,Rutile,1.0,384,22.111625566165472,1439.0,4039.9114583333335,1422,4031,1458,4054,40.081400637983464,15.39283022069088,0.7137546468401487,0.0,0.0,1.0,0.0,0.0,0.0,0.0,0.0,0.0,0.0,0.0,0.0,0.0,0.0,0.0,0.0,0.0
1040,Zircon,0.9934405144694534,7775,99.49591680222807,1454.1462379421223,2110.698006430868,1403,2052,1515,2163,118.90071410999752,96.348228467476,0.878134176643325,0.0,0.9934405144694534,0.0,0.0,0.0,0.0,0.0,0.0,0.0,0.0,0.0,0.0,0.0,0.0,0.0,0.0,0.0065594855305466234
1041,Zircon,1.0,3277,64.59416373092176,1450.2667073542875,3792.9752822703695,1420,3745,1475,3838,104.1093929681118,44.51652296703584,0.8149714001492167,0.0,1.0,0.0,0.0,0.0,0.0,0.0,0.0,0.0,0.0,0.0,0.0,0.0,0.0,0.0,0.0,0.0
1042,Zircon,1.0,2461,55.97716069606635,1455.817960178789,4323.155221454693,1428,4289,1478,4358,67.37551432631302,47.642817804734236,0.947267128560431,0.0,1.0,0.0,0.0,0.0,0.0,0.0,0.0,0.0,0.0,0.0,0.0,0.0,0.0,0.0,0.0,0.0
1043,Zircon,1.0,8482,103.9212096659948,1453.01002122141,597.4344494223061,1403,532,1507,657,120.39408723606714,93.62337723111125,0.9044572403497547,0.0,1.0,0.0,0.0,0.0,0.0,0.0,0.0,0.0,0.0,0.0,0.0,0.0,0.0,0.0,0.0,0.0
1044,Rutile,1.0,3645,68.12457809454432,1455.358024691358,966.0186556927298,1432,910,1477,1024,115.40597880777898,42.06628138923121,0.8732630570196455,0.0,0.0,1.0,0.0,0.0,0.0,0.0,0.0,0.0,0.0,0.0,0.0,0.0,0.0,0.0,0.0,0.0
1045,Rutile,1.0,4950,79.38851142601841,1446.7466666666667,715.750505050505,1396,675,1499,758,102.33413397176436,68.45152818657053,0.8438458915785885,0.0,0.0,1.0,0.0,0.0,0.0,0.0,0.0,0.0,0.0,0.0,0.0,0.0,0.0,0.0,0.0,0.0
1046,Zircon,0.9829015544041451,1930,49.57168870775802,1473.9932642487047,4075.837305699482,1454,4040,1500,4108,68.6734987797564,38.30332859301229,0.8736985061113626,0.0,0.9829015544041451,0.01709844559585492,0.0,0.0,0.0,0.0,0.0,0.0,0.0,0.0,0.0,0.0,0.0,0.0,0.0,0.0
1047,Zircon,1.0,571,26.963304323539017,1455.402802101576,4390.278458844133,1435,4376,1472,4402,35.917270864085864,22.62581253064528,0.8204022988505747,0.0,1.0,0.0,0.0,0.0,0.0,0.0,0.0,0.0,0.0,0.0,0.0,0.0,0.0,0.0,0.0,0.0
1048,Zircon,1.0,4010,71.4541151676235,1467.4473815461347,3420.328927680798,1430,3383,1512,3455,87.5289601622346,62.592646571456335,0.8790004384042087,0.0,1.0,0.0,0.0,0.0,0.0,0.0,0.0,0.0,0.0,0.0,0.0,0.0,0.0,0.0,0.0,0.0
1049,Zircon,1.0,1975,50.14626706796774,1448.5240506329114,1732.907848101266,1427,1701,1466,1769,64.59658407592892,41.63191323054114,0.9629449049244271,0.0,1.0,0.0,0.0,0.0,0.0,0.0,0.0,0.0,0.0,0.0,0.0,0.0,0.0,0.0,0.0,0.0
1050,Orthoclase,1.0,2363,54.851299384875006,1468.0368176047398,1313.4659331358444,1440,1281,1496,1348,63.279678214674504,48.83656233302824,0.880074487895717,0.0,0.0,0.0,0.0,0.0,0.0,0.0,0.0,1.0,0.0,0.0,0.0,0.0,0.0,0.0,0.0,0.0
1051,Zircon,1.0,243,17.58969042850512,1467.102880658436,1730.7119341563787,1465,1701,1475,1770,84.76137265160492,5.816491596714032,0.5547945205479452,0.0,1.0,0.0,0.0,0.0,0.0,0.0,0.0,0.0,0.0,0.0,0.0,0.0,0.0,0.0,0.0,0.0
1052,Zircon,1.0,2066,51.28852600165895,1484.097289448209,1739.5735721200388,1468,1703,1506,1774,71.34757944740748,38.54637590798821,0.9455377574370709,0.0,1.0,0.0,0.0,0.0,0.0,0.0,0.0,0.0,0.0,0.0,0.0,0.0,0.0,0.0,0.0,0.0
1053,Zircon,1.0,1987,50.298379450920365,1479.5279315551081,3162.090588827378,1455,3136,1520,3187,67.22661328397871,51.54277940234184,0.7144911902193456,0.0,1.0,0.0,0.0,0.0,0.0,0.0,0.0,0.0,0.0,0.0,0.0,0.0,0.0,0.0,0.0,0.0
1054,Zircon,1.0,4536,75.99614842160554,1473.6327160493827,3541.8225308641977,1430,3503,1522,3579,92.78138234349453,67.7502707758228,0.8862837045720985,0.0,1.0,0.0,0.0,0.0,0.0,0.0,0.0,0.0,0.0,0.0,0.0,0.0,0.0,0.0,0.0,0.0
1055,Zircon,1.0,4199,73.1186217617848,1474.4839247439866,2440.7628006668256,1443,2399,1508,2486,88.11649118107398,61.50346979583658,0.9406362007168458,0.0,1.0,0.0,0.0,0.0,0.0,0.0,0.0,0.0,0.0,0.0,0.0,0.0,0.0,0.0,0.0,0.0
1056,Zircon,0.9848927875243665,4104,72.28675599024422,1474.5653021442495,3215.347953216374,1425,3188,1534,3248,110.60210695975134,50.77657118223114,0.8743076267575628,0.0,0.9848927875243665,0.0,0.0,0.0,0.0,0.0,0.0,0.0,0.0,0.0,0.0,0.0,0.0,0.0,0.0,0.015107212475633527
1057,Zircon,0.9636992221261884,5785,85.8236026177701,1482.5185825410545,172.23439930855662,1433,125,1530,216,111.56372011407721,68.38596842676644,0.9017926734216679,0.0,0.9636992221261884,0.0,0.0,0.0,0.0,0.0,0.0,0.0,0.0,0.0,0.0,0.0,0.0,0.0,0.0,0.036300777873811585
1058,Zircon,1.0,2925,61.02643417692329,1474.0974358974358,3607.557948717949,1441,3577,1503,3637,66.38548509932623,58.096059819485376,0.9339080459770115,0.0,1.0,0.0,0.0,0.0,0.0,0.0,0.0,0.0,0.0,0.0,0.0,0.0,0.0,0.0,0.0,0.0
1059,Zircon,1.0,476,24.61832697999475,1470.1995798319329,3852.985294117647,1455,3836,1490,3867,38.13915181220674,20.310810692120548,0.7289433384379785,0.0,1.0,0.0,0.0,0.0,0.0,0.0,0.0,0.0,0.0,0.0,0.0,0.0,0.0,0.0,0.0,0.0
1061,Zircon,1.0,575,27.05758189903005,1484.6052173913044,1018.7182608695653,1472,997,1504,1040,42.88374598619781,22.098666951694753,0.7241813602015114,0.0,1.0,0.0,0.0,0.0,0.0,0.0,0.0,0.0,0.0,0.0,0.0,0.0,0.0,0.0,0.0,0.0
1062,Zircon,1.0,5223,81.54833010032611,1483.7880528431936,1835.376412023741,1445,1790,1524,1874,93.81919525545244,73.01683658296265,0.946881798404641,0.0,1.0,0.0,0.0,0.0,0.0,0.0,0.0,0.0,0.0,0.0,0.0,0.0,0.0,0.0,0.0,0.0
1063,Zircon,1.0,3063,62.449441354777576,1460.3950375448906,3083.0652954619654,1421,3056,1493,3119,74.13971227134793,56.44268040782053,0.9228683338354926,0.0,1.0,0.0,0.0,0.0,0.0,0.0,0.0,0.0,0.0,0.0,0.0,0.0,0.0,0.0,0.0,0.0
1064,Rutile,1.0,2570,57.20337079202036,1481.7599221789883,2291.6556420233464,1442,2263,1513,2325,67.26452693890926,53.64814835056393,0.9036568213783404,0.0,0.0,1.0,0.0,0.0,0.0,0.0,0.0,0.0,0.0,0.0,0.0,0.0,0.0,0.0,0.0,0.0
1065,Zircon,0.9687854125888534,9707,111.17255174162472,1478.9937158751416,270.9891830637684,1416,213,1546,329,149.86059181387117,84.20940702854921,0.9466549639165204,0.0,0.9687854125888534,0.0,0.0,0.0,0.0,0.0,0.0,0.0,0.0,0.0,0.0,0.0,0.0,0.0,0.0,0.031214587411146594
1066,Zircon,0.9866692805332288,5101,80.59029046786011,1487.8133699274651,2719.588316016467,1446,2678,1533,2760,91.18351232681846,73.30552321557043,0.9015553199010251,0.0,0.9866692805332288,0.0,0.0,0.0,0.0,0.0,0.0,0.0,0.0,0.0,0.0,0.0,0.0,0.0,0.0,0.013330719466771222
1067,Monazite & Xenotime,1.0,347,21.019374919894773,1499.5475504322767,1962.086455331412,1484,1946,1514,1975,35.17359458142517,15.855242032790631,0.7289915966386554,1.0,0.0,0.0,0.0,0.0,0.0,0.0,0.0,0.0,0.0,0.0,0.0,0.0,0.0,0.0,0.0,0.0
1068,Rutile,1.0,2310,54.23267786434878,1487.2510822510822,1937.2177489177488,1463,1908,1517,1973,62.87790195119954,51.56584885408306,0.8273638968481375,0.0,0.0,1.0,0.0,0.0,0.0,0.0,0.0,0.0,0.0,0.0,0.0,0.0,0.0,0.0,0.0,0.0
1069,Zircon,1.0,248,17.769732893161912,1490.8064516129032,3088.3508064516127,1489,3061,1494,3118,63.58356063858886,5.172615063170119,0.9393939393939394,0.0,1.0,0.0,0.0,0.0,0.0,0.0,0.0,0.0,0.0,0.0,0.0,0.0,0.0,0.0,0.0,0.0
1070,Zircon,1.0,1525,44.06461512053774,1507.0773770491803,3092.8688524590166,1492,3062,1529,3122,58.91274324027803,35.40009709123708,0.9483830845771144,0.0,1.0,0.0,0.0,0.0,0.0,0.0,0.0,0.0,0.0,0.0,0.0,0.0,0.0,0.0,0.0,0.0
1071,Quartz,1.0,3572,67.43894760295419,1508.7057670772676,1456.5968645016796,1470,1417,1547,1499,91.22743984258376,51.141996541731594,0.9170731707317074,0.0,0.0,0.0,0.0,0.0,0.0,1.0,0.0,0.0,0.0,0.0,0.0,0.0,0.0,0.0,0.0,0.0
1072,Zircon,1.0,2436,55.692113723352755,1498.0238095238096,4240.972085385879,1476,4204,1521,4278,76.72999501425213,42.08179097667844,0.8978990047917434,0.0,1.0,0.0,0.0,0.0,0.0,0.0,0.0,0.0,0.0,0.0,0.0,0.0,0.0,0.0,0.0,0.0
1073,Zircon,1.0,2643,58.01010357459324,1492.6912599318955,4415.292470677261,1450,4387,1540,4438,84.7960608487408,43.35665771286556,0.8792415169660679,0.0,1.0,0.0,0.0,0.0,0.0,0.0,0.0,0.0,0.0,0.0,0.0,0.0,0.0,0.0,0.0,0.0
1074,Zircon,1.0,409,22.820056393372074,1491.4572127139365,4161.630806845966,1479,4147,1500,4178,30.145903905524168,18.842991750502442,0.9048672566371682,0.0,1.0,0.0,0.0,0.0,0.0,0.0,0.0,0.0,0.0,0.0,0.0,0.0,0.0,0.0,0.0,0.0
1075,Quartz,1.0,1454,43.02662313085849,1499.0591471801927,3819.2152682255846,1481,3790,1520,3848,53.98577664645538,35.68602361964131,0.8849665246500305,0.0,0.0,0.0,0.0,0.0,0.0,1.0,0.0,0.0,0.0,0.0,0.0,0.0,0.0,0.0,0.0,0.0
1076,Zircon,1.0,4990,79.70862769003404,1489.7064128256513,2360.7967935871743,1436,2325,1541,2393,106.5066618506349,62.0440096778389,0.9105839416058394,0.0,1.0,0.0,0.0,0.0,0.0,0.0,0.0,0.0,0.0,0.0,0.0,0.0,0.0,0.0,0.0,0.0
1077,Zircon,0.9483204134366925,1161,38.44777121547521,1516.4849267872523,4146.568475452196,1499,4119,1538,4176,59.86342721281221,25.73237912299694,0.8930769230769231,0.0,0.9483204134366925,0.0,0.0,0.0,0.0,0.0,0.0,0.0,0.0,0.0,0.0,0.0,0.0,0.0,0.0,0.05167958656330749
1078,Zircon,1.0,1070,36.910246719124274,1501.9710280373831,3276.972897196262,1479,3262,1526,3297,43.72781832509758,32.216824014468436,0.9419014084507042,0.0,1.0,0.0,0.0,0.0,0.0,0.0,0.0,0.0,0.0,0.0,0.0,0.0,0.0,0.0,0.0,0.0
1079,Zircon,1.0,983,35.37788111906457,1504.6134282807732,4321.626653102747,1488,4299,1520,4348,45.06707661680206,29.027500551960387,0.9018348623853211,0.0,1.0,0.0,0.0,0.0,0.0,0.0,0.0,0.0,0.0,0.0,0.0,0.0,0.0,0.0,0.0,0.0
1080,Zircon,1.0,1300,40.68428945128219,1505.5546153846153,4465.33,1483,4445,1528,4489,54.36863455227319,31.579885113554038,0.8971704623878537,0.0,1.0,0.0,0.0,0.0,0.0,0.0,0.0,0.0,0.0,0.0,0.0,0.0,0.0,0.0,0.0,0.0
1081,Quartz,1.0,1056,36.667982753900326,1505.3977272727273,2654.476325757576,1485,2632,1527,2676,44.423610684493376,32.00809282066193,0.8536782538399353,0.0,0.0,0.0,0.0,0.0,0.0,1.0,0.0,0.0,0.0,0.0,0.0,0.0,0.0,0.0,0.0,0.0
1082,Zircon,1.0,5713,85.28785094649756,1511.439348853492,2794.859968492911,1456,2761,1570,2830,112.64323800995835,65.35216126667328,0.9461742298774428,0.0,1.0,0.0,0.0,0.0,0.0,0.0,0.0,0.0,0.0,0.0,0.0,0.0,0.0,0.0,0.0,0.0
1083,Zircon,1.0,2517,56.610457815658094,1504.165673420739,3958.9237187127533,1479,3919,1533,3995,70.43443364695008,47.26711524622226,0.8840885142255005,0.0,1.0,0.0,0.0,0.0,0.0,0.0,0.0,0.0,0.0,0.0,0.0,0.0,0.0,0.0,0.0,0.0
1084,Zircon,1.0,5265,81.87555314641014,1507.335992402659,1626.3244064577398,1464,1593,1552,1670,87.42369254594045,78.87605717799212,0.963932625411937,0.0,1.0,0.0,0.0,0.0,0.0,0.0,0.0,0.0,0.0,0.0,0.0,0.0,0.0,0.0,0.0,0.0
1085,Rutile,1.0,827,32.44948541188257,1512.8016928657798,1330.310761789601,1496,1311,1534,1349,37.74498326526569,30.83811768955561,0.8311557788944723,0.0,0.0,1.0,0.0,0.0,0.0,0.0,0.0,0.0,0.0,0.0,0.0,0.0,0.0,0.0,0.0,0.0
1086,Rutile,1.0,6336,89.81784764422932,1518.1777146464647,2027.230587121212,1466,1985,1571,2067,104.28928680937425,77.81428437349878,0.9661482159194876,0.0,0.0,1.0,0.0,0.0,0.0,0.0,0.0,0.0,0.0,0.0,0.0,0.0,0.0,0.0,0.0,0.0
1087,Zircon,0.9863319386331939,3585,67.56155539858122,1513.768479776848,1214.7168758716875,1476,1176,1551,1256,70.20530994230138,67.47244553563243,0.8904619970193741,0.0,0.9863319386331939,0.0,0.013668061366806136,0.0,0.0,0.0,0.0,0.0,0.0,0.0,0.0,0.0,0.0,0.0,0.0,0.0
1088,Zircon,0.9688195991091314,1347,41.41320642932957,1519.9079435783221,218.93318485523386,1491,197,1542,244,49.91006709279974,38.68887006585454,0.8208409506398537,0.031180400890868598,0.9688195991091314,0.0,0.0,0.0,0.0,0.0,0.0,0.0,0.0,0.0,0.0,0.0,0.0,0.0,0.0,0.0
1089,Zircon,1.0,5471,83.46192874146915,1520.1226466825078,1560.3907877901663,1476,1522,1567,1602,95.13256291112233,76.50296565063233,0.9045965608465608,0.0,1.0,0.0,0.0,0.0,0.0,0.0,0.0,0.0,0.0,0.0,0.0,0.0,0.0,0.0,0.0,0.0
1090,Zircon,1.0,227,17.000746355818674,1519.1189427312775,1746.2466960352424,1511,1737,1527,1758,19.247859141738978,16.09615908748157,0.8901960784313725,0.0,1.0,0.0,0.0,0.0,0.0,0.0,0.0,0.0,0.0,0.0,0.0,0.0,0.0,0.0,0.0,0.0
1091,Zircon,1.0,4347,74.39605030486331,1522.1403266620657,2195.6287094547965,1485,2149,1555,2240,87.75006700157272,64.30738274816542,0.9489194499017681,0.0,1.0,0.0,0.0,0.0,0.0,0.0,0.0,0.0,0.0,0.0,0.0,0.0,0.0,0.0,0.0,0.0
1092,Rutile,0.9905042987296292,7793,99.61102234251551,1517.2638265109713,514.3831643782883,1471,454,1566,588,128.84773710328642,83.20517273187924,0.882559456398641,0.0,0.0,0.9905042987296292,0.0,0.0,0.0,0.0,0.0,0.0,0.0,0.0,0.0,0.0,0.0,0.0,0.0,0.009495701270370846
1093,Quartz,1.0,697,29.790064831759068,1522.3744619799138,2622.715925394548,1497,2610,1550,2637,50.68640205699693,21.250493623898894,0.7535135135135135,0.0,0.0,0.0,0.0,0.0,0.0,1.0,0.0,0.0,0.0,0.0,0.0,0.0,0.0,0.0,0.0,0.0
1094,Zircon,1.0,3284,64.66311672746895,1529.805724725944,423.28166869671134,1497,390,1563,455,67.87190111214362,64.93451749532018,0.9002192982456141,0.0,1.0,0.0,0.0,0.0,0.0,0.0,0.0,0.0,0.0,0.0,0.0,0.0,0.0,0.0,0.0,0.0
1095,Zircon,0.9400286944045911,3485,66.61261001793912,1524.3730272596842,1120.136011477762,1491,1079,1559,1158,72.93655646438467,64.53664713555865,0.9073158031762562,0.0,0.9400286944045911,0.0,0.0,0.0,0.0,0.0,0.0,0.0,0.0,0.0,0.0,0.0,0.0,0.0,0.0,0.0599713055954089
1096,Zircon,0.990977928145642,6207,88.89880682085196,1526.7491541807638,3889.6739165458353,1463,3855,1603,3923,133.66344465891794,64.1453457109347,0.8608876560332871,0.0,0.990977928145642,0.0,0.0,0.0,0.0,0.0,0.0,0.0,0.0,0.0,0.0,0.0,0.0,0.0,0.0,0.009022071854357983
1097,Zircon,1.0,7027,94.58886975143528,1525.5759214458517,2876.8037569375265,1471,2830,1576,2929,102.26882762614869,92.8907660307361,0.8817919437821559,0.0,1.0,0.0,0.0,0.0,0.0,0.0,0.0,0.0,0.0,0.0,0.0,0.0,0.0,0.0,0.0,0.0
1098,Zircon,0.9683329563447184,4421,75.02660879497456,1523.6394480886677,4640.197466636508,1473,4612,1582,4673,106.87625272547007,56.184951075285184,0.8754455445544554,0.019000226193168965,0.9683329563447184,0.0,0.0,0.0,0.0,0.0,0.0,0.0,0.0,0.0,0.0,0.0,0.0,0.0,0.0,0.012666817462112644
1099,Zircon,1.0,4159,72.76952154957144,1539.2772301033901,905.885068526088,1494,867,1589,937,91.50101176719123,61.19328118279028,0.894216297570415,0.0,1.0,0.0,0.0,0.0,0.0,0.0,0.0,0.0,0.0,0.0,0.0,0.0,0.0,0.0,0.0,0.0
1100,Zircon,1.0,3636,68.04042169664332,1534.7230473047305,3328.495599559956,1503,3289,1570,3369,75.26207638794435,62.238642569220275,0.9422130085514382,0.0,1.0,0.0,0.0,0.0,0.0,0.0,0.0,0.0,0.0,0.0,0.0,0.0,0.0,0.0,0.0,0.0
1101,Zircon,0.9927068723702664,7130,95.27957784311236,1534.662412342216,4545.423842917251,1493,4488,1578,4607,115.96306776117495,79.35588106442343,0.9468791500664011,0.0,0.9927068723702664,0.0,0.0,0.0,0.0,0.0,0.0,0.0,0.0,0.0,0.0,0.0,0.0,0.0,0.0,0.0072931276297335205
1102,Quartz,1.0,11193,119.37910296287485,1548.4324131153398,3734.3344054319664,1484,3671,1620,3790,134.05241859001197,111.56223035858945,0.8867849786087784,0.0,0.0,0.0,0.0,0.0,0.0,1.0,0.0,0.0,0.0,0.0,0.0,0.0,0.0,0.0,0.0,0.0
1103,Zircon,1.0,1740,47.068426868115985,1535.6396551724138,4049.9333333333334,1510,4022,1560,4081,61.68083119755647,36.90026863895447,0.924548352816153,0.0,1.0,0.0,0.0,0.0,0.0,0.0,0.0,0.0,0.0,0.0,0.0,0.0,0.0,0.0,0.0,0.0
1104,Zircon,1.0,6678,92.21005194522675,1540.5582509733454,2994.052860137766,1491,2947,1590,3045,106.24512389123213,83.1796560735227,0.9231407243572021,0.0,1.0,0.0,0.0,0.0,0.0,0.0,0.0,0.0,0.0,0.0,0.0,0.0,0.0,0.0,0.0,0.0
1105,Zircon,1.0,551,26.486883341553696,1536.0290381125226,2259.3920145190564,1524,2243,1546,2277,33.67075426330793,22.05578694097196,0.9214046822742475,0.0,1.0,0.0,0.0,0.0,0.0,0.0,0.0,0.0,0.0,0.0,0.0,0.0,0.0,0.0,0.0,0.0
1106,Zircon,1.0,746,30.81942083122964,1555.1916890080429,2253.0509383378017,1543,2235,1569,2276,39.81932695672028,24.9181141723134,0.9108669108669109,0.0,1.0,0.0,0.0,0.0,0.0,0.0,0.0,0.0,0.0,0.0,0.0,0.0,0.0,0.0,0.0,0.0
1107,Zircon,1.0,9335,109.02151691341827,1555.5185859667915,998.5385109801821,1502,932,1616,1061,134.49405762738266,96.36556712445443,0.8778446492382923,0.0,1.0,0.0,0.0,0.0,0.0,0.0,0.0,0.0,0.0,0.0,0.0,0.0,0.0,0.0,0.0,0.0
1108,Zircon,1.0,5472,83.46955605962458,1548.0811403508771,2467.4610745614036,1511,2410,1589,2520,108.05714474273927,66.08105003293637,0.9241682148285763,0.0,1.0,0.0,0.0,0.0,0.0,0.0,0.0,0.0,0.0,0.0,0.0,0.0,0.0,0.0,0.0,0.0
1109,Zircon,1.0,1220,39.41258992475499,1550.1491803278689,4463.756557377049,1525,4446,1585,4480,60.07215807276982,28.032043336369725,0.8751793400286944,0.0,1.0,0.0,0.0,0.0,0.0,0.0,0.0,0.0,0.0,0.0,0.0,0.0,0.0,0.0,0.0,0.0
1110,Rutile,1.0,1560,44.56740613707347,1548.2166666666667,3535.504487179487,1527,3512,1573,3560,50.37508175607202,39.95330238501118,0.9397590361445783,0.0,0.0,1.0,0.0,0.0,0.0,0.0,0.0,0.0,0.0,0.0,0.0,0.0,0.0,0.0,0.0,0.0
1111,Zircon,1.0,6493,90.92383826019122,1551.4443246573232,1694.296165100878,1498,1635,1602,1741,101.7137596676676,88.62350997920552,0.8694429566148902,0.0,1.0,0.0,0.0,0.0,0.0,0.0,0.0,0.0,0.0,0.0,0.0,0.0,0.0,0.0,0.0,0.0
1112,Zircon,1.0,376,21.880083839428522,1550.281914893617,2671.696808510638,1533,2661,1563,2685,28.966817425664864,19.592937464921942,0.8227571115973742,0.0,1.0,0.0,0.0,0.0,0.0,0.0,0.0,0.0,0.0,0.0,0.0,0.0,0.0,0.0,0.0,0.0
1113,Zircon,1.0,5200,81.36857890256438,1558.1128846153847,4252.2288461538465,1522,4199,1591,4303,98.58714902744038,69.80277655853185,0.9098862642169728,0.0,1.0,0.0,0.0,0.0,0.0,0.0,0.0,0.0,0.0,0.0,0.0,0.0,0.0,0.0,0.0,0.0
1114,Zircon,1.0,3867,70.168492355835,1566.140936126196,100.43910007757952,1526,65,1610,140,87.57179241251367,56.81773736419242,0.9457079970652972,0.0,1.0,0.0,0.0,0.0,0.0,0.0,0.0,0.0,0.0,0.0,0.0,0.0,0.0,0.0,0.0,0.0
1115,Quartz,1.0,349,21.079862454783044,1561.0143266475645,1870.1289398280803,1547,1861,1576,1882,26.847113136966662,18.639558431934326,0.7986270022883295,0.0,0.0,0.0,0.0,0.0,0.0,1.0,0.0,0.0,0.0,0.0,0.0,0.0,0.0,0.0,0.0,0.0
1116,Rutile,1.0,118,12.257335203001883,1564.7033898305085,4658.661016949152,1556,4652,1574,4664,18.846792045700695,12.142921437954561,0.6781609195402298,0.0,0.0,1.0,0.0,0.0,0.0,0.0,0.0,0.0,0.0,0.0,0.0,0.0,0.0,0.0,0.0,0.0
1117,Zircon,1.0,3435,66.13303135472684,1563.6224163027657,357.18078602620085,1533,317,1595,396,78.59364198896559,56.47648340522915,0.959229265568277,0.0,1.0,0.0,0.0,0.0,0.0,0.0,0.0,0.0,0.0,0.0,0.0,0.0,0.0,0.0,0.0,0.0
1118,Zircon,1.0,636,28.456639830653998,1560.2830188679245,1957.551886792453,1538,1942,1574,1973,30.58823078066883,29.83672963916598,0.8559892328398385,0.0,1.0,0.0,0.0,0.0,0.0,0.0,0.0,0.0,0.0,0.0,0.0,0.0,0.0,0.0,0.0,0.0
1119,Zircon,1.0,4586,76.41385052564395,1568.9053641517662,2323.074356737898,1529,2276,1615,2372,97.83819742304374,63.179940028305445,0.8594452773613194,0.0,1.0,0.0,0.0,0.0,0.0,0.0,0.0,0.0,0.0,0.0,0.0,0.0,0.0,0.0,0.0,0.0
1120,Zircon,1.0,1181,38.77751800118501,1565.5503810330229,4400.595258255716,1551,4374,1581,4434,58.25510114135076,26.82006214124359,0.911969111969112,0.0,1.0,0.0,0.0,0.0,0.0,0.0,0.0,0.0,0.0,0.0,0.0,0.0,0.0,0.0,0.0,0.0
1121,Quartz,1.0,1577,44.809583372838354,1565.544071020926,3834.4071020925808,1542,3806,1588,3862,52.31516741549188,39.578298809084366,0.9016580903373356,0.0,0.0,0.0,0.0,0.0,0.0,1.0,0.0,0.0,0.0,0.0,0.0,0.0,0.0,0.0,0.0,0.0
1122,Zircon,1.0,3998,71.34712117423646,1574.8689344672337,845.2781390695347,1533,796,1621,880,79.02728633159133,72.01491421263864,0.8301495016611296,0.0,1.0,0.0,0.0,0.0,0.0,0.0,0.0,0.0,0.0,0.0,0.0,0.0,0.0,0.0,0.0,0.0
1123,Zircon,1.0,9263,108.60026658752645,1577.6074705818849,3220.263953362841,1528,3147,1629,3301,141.95082459177507,85.18803892715957,0.9294601645595023,0.0,1.0,0.0,0.0,0.0,0.0,0.0,0.0,0.0,0.0,0.0,0.0,0.0,0.0,0.0,0.0,0.0
1124,Zircon,1.0,4786,78.06231139994824,1573.517969076473,1349.7285833681572,1534,1308,1617,1390,81.8282344530568,76.10998432756969,0.9259044302573032,0.0,1.0,0.0,0.0,0.0,0.0,0.0,0.0,0.0,0.0,0.0,0.0,0.0,0.0,0.0,0.0,0.0
1125,Unknown,1.0,609,27.846056861676377,1573.2775041050902,2927.11986863711,1560,2908,1594,2945,37.40564664937669,24.102665605077846,0.7689393939393939,0.0,0.0,0.0,0.0,0.0,0.0,0.0,0.0,0.0,0.0,0.0,0.0,0.0,0.0,0.0,0.0,1.0
1126,Unknown,1.0,161,14.317526556719258,1574.7577639751553,1125.223602484472,1567,1118,1584,1134,19.341705662946072,10.82488955064291,0.9252873563218391,0.0,0.0,0.0,0.0,0.0,0.0,0.0,0.0,0.0,0.0,0.0,0.0,0.0,0.0,0.0,0.0,1.0
1127,Monazite & Xenotime,0.963302752293578,109,11.780624362746345,1576.2844036697247,3350.8715596330276,1566,3346,1583,3357,17.23697957355812,10.633510071620757,0.7171052631578947,0.963302752293578,0.03669724770642202,0.0,0.0,0.0,0.0,0.0,0.0,0.0,0.0,0.0,0.0,0.0,0.0,0.0,0.0,0.0
1128,Orthoclase,1.0,870,33.282403818227905,1584.2563218390806,2592.0632183908046,1567,2570,1601,2612,44.33372932541118,26.39763568876274,0.8761329305135952,0.0,0.0,0.0,0.0,0.0,0.0,0.0,0.0,1.0,0.0,0.0,0.0,0.0,0.0,0.0,0.0,0.0
1129,Quartz,1.0,1266,40.14873925336531,1585.1832543443918,1994.108214849921,1562,1976,1613,2019,51.16340945395749,36.735093673967334,0.7522281639928698,0.0,0.0,0.0,0.0,0.0,0.0,1.0,0.0,0.0,0.0,0.0,0.0,0.0,0.0,0.0,0.0,0.0
1130,Zircon,1.0,3810,69.64942688522979,1592.5540682414698,1248.3656167979002,1545,1216,1636,1282,85.24181146396171,59.6043359618342,0.8801108801108801,0.0,1.0,0.0,0.0,0.0,0.0,0.0,0.0,0.0,0.0,0.0,0.0,0.0,0.0,0.0,0.0,0.0
1131,Zircon,1.0,1175,38.678889139475245,1590.2017021276595,1293.616170212766,1569,1275,1615,1312,45.70031497699315,33.346457947300024,0.9244689221085759,0.0,1.0,0.0,0.0,0.0,0.0,0.0,0.0,0.0,0.0,0.0,0.0,0.0,0.0,0.0,0.0,0.0
1132,Zircon,1.0,4117,72.40115472611376,1582.5535584163226,2105.3500121447655,1542,2072,1629,2156,97.21900279724265,62.44915076835829,0.8412341642827953,0.0,1.0,0.0,0.0,0.0,0.0,0.0,0.0,0.0,0.0,0.0,0.0,0.0,0.0,0.0,0.0,0.0
1133,Zircon,1.0,3014,61.947913506685445,1597.0557398805574,2250.327471798275,1569,2208,1625,2294,90.26931813535255,43.00110972760377,0.9559150015857913,0.0,1.0,0.0,0.0,0.0,0.0,0.0,0.0,0.0,0.0,0.0,0.0,0.0,0.0,0.0,0.0,0.0
1134,Zircon,1.0,7275,96.24353322664494,1593.525498281787,688.1424054982817,1541,635,1654,746,108.24010284941842,89.43310640398357,0.8811773255813954,0.0,1.0,0.0,0.0,0.0,0.0,0.0,0.0,0.0,0.0,0.0,0.0,0.0,0.0,0.0,0.0,0.0
1135,Zircon,1.0,150,13.81976597885342,1596.3066666666666,1923.1266666666668,1592,1915,1604,1935,21.422869262997725,10.389381613853873,0.8333333333333334,0.0,1.0,0.0,0.0,0.0,0.0,0.0,0.0,0.0,0.0,0.0,0.0,0.0,0.0,0.0,0.0,0.0
1136,Zircon,1.0,6112,88.21587214000276,1594.855530104712,3104.8931609947645,1545,3065,1646,3149,99.17846469139127,80.25382092401325,0.9173045174846165,0.0,1.0,0.0,0.0,0.0,0.0,0.0,0.0,0.0,0.0,0.0,0.0,0.0,0.0,0.0,0.0,0.0
1137,Zircon,1.0,248,17.769732893161912,1603.75,62.08467741935484,1592,57,1619,71,26.442082007263885,13.135459053758774,0.9018181818181819,0.0,1.0,0.0,0.0,0.0,0.0,0.0,0.0,0.0,0.0,0.0,0.0,0.0,0.0,0.0,0.0,0.0
1138,Zircon,1.0,5240,81.68093544035996,1596.4391221374046,260.5104961832061,1556,201,1631,310,109.78626943070584,69.50209683786699,0.8452976286497822,0.0,1.0,0.0,0.0,0.0,0.0,0.0,0.0,0.0,0.0,0.0,0.0,0.0,0.0,0.0,0.0,0.0
1139,Zircon,1.0,531,26.001734523957655,1597.0056497175142,3368.8060263653483,1577,3352,1611,3384,39.00421700913513,21.770173912871545,0.7324137931034482,0.0,1.0,0.0,0.0,0.0,0.0,0.0,0.0,0.0,0.0,0.0,0.0,0.0,0.0,0.0,0.0,0.0
1141,Zircon,1.0,3973,71.12370006708595,1600.528316133904,4042.1107475459353,1562,3991,1632,4086,91.99669069004997,61.21638171629033,0.8343133137337253,0.0,1.0,0.0,0.0,0.0,0.0,0.0,0.0,0.0,0.0,0.0,0.0,0.0,0.0,0.0,0.0,0.0
1142,Quartz,1.0,1912,49.339983882583816,1605.0821129707113,2028.1767782426778,1577,1998,1632,2057,57.41426149070424,44.85708269605438,0.8671201814058956,0.0,0.0,0.0,0.0,0.0,0.0,1.0,0.0,0.0,0.0,0.0,0.0,0.0,0.0,0.0,0.0,0.0
1143,Zircon,1.0,2737,59.032674290939426,1603.2108147606868,4157.865911582024,1574,4128,1636,4193,69.04307902134443,53.28494865622557,0.9015151515151515,0.0,1.0,0.0,0.0,0.0,0.0,0.0,0.0,0.0,0.0,0.0,0.0,0.0,0.0,0.0,0.0,0.0
1144,Zircon,0.9627605056371712,2927,61.047294349871244,1611.438332763922,3319.5872907413736,1577,3283,1644,3354,74.57900836702629,51.36579321281849,0.9239267676767676,0.0,0.9627605056371712,0.0,0.0,0.0,0.0,0.0,0.0,0.0,0.0,0.0,0.0,0.0,0.0,0.0,0.0,0.037239494362828834
1145,Rutile,1.0,357,21.320096563347295,1604.686274509804,4651.431372549019,1593,4636,1617,4664,31.234463587171824,17.102808220221387,0.7579617834394905,0.0,0.0,1.0,0.0,0.0,0.0,0.0,0.0,0.0,0.0,0.0,0.0,0.0,0.0,0.0,0.0,0.0
1146,Quartz,1.0,2341,54.59536403601515,1614.1072191371209,4478.031610422896,1579,4454,1655,4506,68.83368635916254,44.558066214281915,0.8593979441997063,0.0,0.0,0.0,0.0,0.0,0.0,1.0,0.0,0.0,0.0,0.0,0.0,0.0,0.0,0.0,0.0,0.0
1147,Zircon,1.0,6889,93.65547086892754,1610.666424735085,1498.6587313107852,1565,1434,1658,1555,109.69750154989376,84.96149440999365,0.8792597319719209,0.0,1.0,0.0,0.0,0.0,0.0,0.0,0.0,0.0,0.0,0.0,0.0,0.0,0.0,0.0,0.0,0.0
1148,Zircon,0.9724680432645034,2034,50.88977533838523,1612.2458210422812,3806.649459193707,1586,3775,1640,3835,55.944427255251725,49.092211993602405,0.898806893504198,0.0,0.9724680432645034,0.0,0.0,0.0,0.0,0.0,0.0,0.0,0.0,0.0,0.0,0.0,0.0,0.0,0.0,0.02753195673549656
1149,Zircon,1.0,1677,46.208470181568096,1614.1216457960645,1082.7751937984497,1585,1059,1639,1116,65.782544322866,37.29171115084408,0.8347436535589846,0.0,1.0,0.0,0.0,0.0,0.0,0.0,0.0,0.0,0.0,0.0,0.0,0.0,0.0,0.0,0.0,0.0
1150,Zircon,0.9932546374367622,7709,99.07271900156657,1609.1059800233493,1784.5575301595538,1553,1736,1668,1840,128.14456287758918,77.73820603235458,0.9374923993676274,0.006745362563237774,0.9932546374367622,0.0,0.0,0.0,0.0,0.0,0.0,0.0,0.0,0.0,0.0,0.0,0.0,0.0,0.0,0.0
1151,Zircon,1.0,3334,65.15351596151226,1611.6880623875225,1867.7030593881225,1575,1833,1653,1903,80.07682588436965,55.9750998209604,0.8945532599946338,0.0,1.0,0.0,0.0,0.0,0.0,0.0,0.0,0.0,0.0,0.0,0.0,0.0,0.0,0.0,0.0,0.0
1152,Zircon,1.0,5885,86.56220145517577,1619.695836873407,2644.246389124894,1569,2609,1681,2684,114.00941977879864,68.0545944410226,0.926771653543307,0.0,1.0,0.0,0.0,0.0,0.0,0.0,0.0,0.0,0.0,0.0,0.0,0.0,0.0,0.0,0.0,0.0
1153,Zircon,1.0,5753,85.58590480249298,1623.8378237441334,535.9671475751782,1578,489,1675,578,95.5691866617522,78.69393413191432,0.9388054830287206,0.0,1.0,0.0,0.0,0.0,0.0,0.0,0.0,0.0,0.0,0.0,0.0,0.0,0.0,0.0,0.0,0.0
1154,Zircon,1.0,1565,44.63877112455639,1633.8562300319488,4612.770607028754,1606,4587,1664,4630,62.28906775954128,38.22861726705405,0.7656555772994129,0.0,1.0,0.0,0.0,0.0,0.0,0.0,0.0,0.0,0.0,0.0,0.0,0.0,0.0,0.0,0.0,0.0
1155,Zircon,0.984397854705022,6153,88.5112587118467,1621.169510807736,2419.296115715911,1577,2374,1679,2473,117.71974747694202,68.95477983084788,0.9450161265550606,0.0,0.984397854705022,0.0,0.0,0.0,0.0,0.0,0.0,0.0,0.0,0.0,0.0,0.0,0.0,0.0,0.0,0.015602145294978059
1157,Zircon,1.0,4186,73.00534729909441,1624.2061634018155,2529.0979455327283,1588,2491,1664,2574,81.29826548988986,69.62287498640383,0.9423683025664116,0.0,1.0,0.0,0.0,0.0,0.0,0.0,0.0,0.0,0.0,0.0,0.0,0.0,0.0,0.0,0.0,0.0
1158,Zircon,1.0,3601,67.71215253255004,1613.9630658150513,3562.669536239933,1568,3536,1662,3591,96.31790800723384,49.06866688118048,0.8993506493506493,0.0,1.0,0.0,0.0,0.0,0.0,0.0,0.0,0.0,0.0,0.0,0.0,0.0,0.0,0.0,0.0,0.0
1159,Zircon,1.0,2854,60.28122145970629,1631.6920112123335,169.89838822704976,1610,128,1652,214,88.2720785918137,42.22739992033884,0.9173899067823851,0.0,1.0,0.0,0.0,0.0,0.0,0.0,0.0,0.0,0.0,0.0,0.0,0.0,0.0,0.0,0.0,0.0
1160,Zircon,0.9772426567875099,3779,69.36549747211635,1642.0134956337656,1002.5760783275999,1600,971,1699,1035,93.87196901878316,55.96428601845918,0.8314631463146315,0.0,0.9772426567875099,0.022757343212490077,0.0,0.0,0.0,0.0,0.0,0.0,0.0,0.0,0.0,0.0,0.0,0.0,0.0,0.0
1161,Zircon,1.0,4011,71.4630241029075,1627.0523560209424,2982.690850162054,1592,2950,1664,3029,82.00834938044697,66.31880200407349,0.9513757115749526,0.0,1.0,0.0,0.0,0.0,0.0,0.0,0.0,0.0,0.0,0.0,0.0,0.0,0.0,0.0,0.0,0.0
1162,Rutile,1.0,3099,62.81535918176596,1632.055179090029,3440.618586640852,1597,3408,1666,3476,73.73675040406012,54.42807431336019,0.9165927240461402,0.0,0.0,1.0,0.0,0.0,0.0,0.0,0.0,0.0,0.0,0.0,0.0,0.0,0.0,0.0,0.0,0.0
1163,Zircon,1.0,2550,56.98035485213009,1632.0694117647058,2929.3301960784315,1598,2900,1665,2951,67.12428302410211,50.81359292817549,0.9486607142857143,0.0,1.0,0.0,0.0,0.0,0.0,0.0,0.0,0.0,0.0,0.0,0.0,0.0,0.0,0.0,0.0,0.0
1164,Zircon,1.0,4923,79.17170124944396,1628.1373146455414,2805.858419662807,1594,2751,1667,2864,108.48959537631113,59.278839918051276,0.9220827870387713,0.0,1.0,0.0,0.0,0.0,0.0,0.0,0.0,0.0,0.0,0.0,0.0,0.0,0.0,0.0,0.0,0.0
1165,Zircon,1.0,2811,59.82538224073911,1617.1437210956956,919.891853432942,1592,878,1637,960,81.44583037113597,46.234550077410894,0.9496621621621621,0.0,1.0,0.0,0.0,0.0,0.0,0.0,0.0,0.0,0.0,0.0,0.0,0.0,0.0,0.0,0.0,0.0
1166,Rutile,0.9837510327733406,3631,67.99362313433059,1631.6075461305425,1157.4439548333792,1600,1117,1665,1210,86.41737319532749,58.473725478917565,0.9331791313287072,0.0,0.0,0.9837510327733406,0.0,0.0,0.0,0.0,0.0,0.0,0.0,0.0,0.0,0.0,0.0,0.0,0.0,0.016248967226659323
1167,Zircon,1.0,3202,63.850708862486336,1641.942535915053,3512.7785758900686,1606,3480,1680,3545,72.95614109901126,58.2094006796247,0.9055429864253394,0.0,1.0,0.0,0.0,0.0,0.0,0.0,0.0,0.0,0.0,0.0,0.0,0.0,0.0,0.0,0.0,0.0
1168,Zircon,1.0,1770,47.4724551101082,1642.438418079096,3903.382485875706,1615,3879,1675,3922,63.3858115556081,36.98697553252879,0.927187008905186,0.0,1.0,0.0,0.0,0.0,0.0,0.0,0.0,0.0,0.0,0.0,0.0,0.0,0.0,0.0,0.0,0.0
1169,Zircon,0.961405529953917,1736,47.01429409935071,1638.1290322580646,4549.877880184332,1599,4529,1679,4581,65.90298071281676,47.437924154911464,0.7185430463576159,0.0,0.961405529953917,0.03859447004608295,0.0,0.0,0.0,0.0,0.0,0.0,0.0,0.0,0.0,0.0,0.0,0.0,0.0,0.0
1170,Zircon,1.0,244,17.625846048215095,1637.4959016393443,918.3319672131148,1636,878,1640,960,93.36679052599244,3.42989334277312,0.8591549295774648,0.0,1.0,0.0,0.0,0.0,0.0,0.0,0.0,0.0,0.0,0.0,0.0,0.0,0.0,0.0,0.0,0.0
1171,Zircon,1.0,244,17.625846048215095,1636.139344262295,4587.770491803279,1622,4581,1649,4595,27.16969870684038,12.320777564357439,0.8591549295774648,0.0,1.0,0.0,0.0,0.0,0.0,0.0,0.0,0.0,0.0,0.0,0.0,0.0,0.0,0.0,0.0,0.0
1172,Zircon,1.0,4276,73.78598981708896,1667.6085126286248,926.8475210477081,1639,878,1705,971,94.24908363728342,60.25443227741589,0.9483255710800621,0.0,1.0,0.0,0.0,0.0,0.0,0.0,0.0,0.0,0.0,0.0,0.0,0.0,0.0,0.0,0.0,0.0
1173,Zircon,1.0,5103,80.60608783946493,1631.3119733490105,1629.6547129139722,1580,1595,1680,1672,102.3686486731191,65.14208213231416,0.933589462129528,0.0,1.0,0.0,0.0,0.0,0.0,0.0,0.0,0.0,0.0,0.0,0.0,0.0,0.0,0.0,0.0,0.0
1174,Zircon,1.0,5986,87.30184370782031,1645.2507517540928,3958.4465419311728,1582,3922,1703,3994,124.63689845963528,62.877070342044945,0.9300807955251709,0.0,1.0,0.0,0.0,0.0,0.0,0.0,0.0,0.0,0.0,0.0,0.0,0.0,0.0,0.0,0.0,0.0
1175,Zircon,1.0,10342,114.75122383509056,1634.6066524850125,434.2773157996519,1564,383,1703,486,136.91965409994287,98.02203781890559,0.9354196816208393,0.0,1.0,0.0,0.0,0.0,0.0,0.0,0.0,0.0,0.0,0.0,0.0,0.0,0.0,0.0,0.0,0.0
1176,Quartz,1.0,925,34.318312587888485,1646.9697297297298,3768.7902702702704,1627,3744,1671,3788,48.76060161706272,28.636678201485587,0.7441673370876911,0.0,0.0,0.0,0.0,0.0,0.0,1.0,0.0,0.0,0.0,0.0,0.0,0.0,0.0,0.0,0.0,0.0
1177,Quartz,1.0,700,29.854106607209232,1646.6385714285714,3034.0071428571428,1627,3021,1668,3047,37.268482833564,24.492287322844184,0.9271523178807947,0.0,0.0,0.0,0.0,0.0,0.0,1.0,0.0,0.0,0.0,0.0,0.0,0.0,0.0,0.0,0.0,0.0
1179,Zircon,1.0,3172,63.55089170027385,1650.0844892812106,4425.615384615385,1619,4389,1683,4460,72.5306143408793,56.87455855957709,0.9381839692398699,0.0,1.0,0.0,0.0,0.0,0.0,0.0,0.0,0.0,0.0,0.0,0.0,0.0,0.0,0.0,0.0,0.0
1180,Zircon,1.0,6486,90.87481327162254,1659.3766574159729,1929.7235584335492,1610,1886,1719,1970,107.3915654759066,81.31283618856918,0.9241949273297235,0.0,1.0,0.0,0.0,0.0,0.0,0.0,0.0,0.0,0.0,0.0,0.0,0.0,0.0,0.0,0.0,0.0
1181,Quartz,0.9745517640254482,1729,46.91941147166166,1657.6506651243494,4038.6963562753035,1632,4011,1685,4065,59.145796750616036,39.520506079869484,0.8352657004830918,0.0,0.0,0.0,0.0,0.0,0.0,0.9745517640254482,0.0,0.025448235974551765,0.0,0.0,0.0,0.0,0.0,0.0,0.0,0.0
1182,Zircon,1.0,2118,51.929965874715094,1663.2714825306894,4219.574126534467,1639,4183,1697,4247,67.04573563721506,43.415974450902944,0.8499197431781701,0.0,1.0,0.0,0.0,0.0,0.0,0.0,0.0,0.0,0.0,0.0,0.0,0.0,0.0,0.0,0.0,0.0
1183,Zircon,1.0,3789,69.45721442011285,1660.541567695962,2073.7073106360517,1619,2036,1698,2113,73.52738501334919,67.4110553269357,0.9367119901112485,0.0,1.0,0.0,0.0,0.0,0.0,0.0,0.0,0.0,0.0,0.0,0.0,0.0,0.0,0.0,0.0,0.0
1184,Zircon,1.0,467,24.384480051691096,1659.7901498929336,3740.7323340471094,1648,3723,1676,3759,35.73446521274915,22.046040846379444,0.6709770114942529,0.0,1.0,0.0,0.0,0.0,0.0,0.0,0.0,0.0,0.0,0.0,0.0,0.0,0.0,0.0,0.0,0.0
1185,Zircon,1.0,1948,49.802315539983645,1661.4789527720739,1086.0374743326488,1635,1055,1692,1114,54.589856799045705,50.333672155186285,0.8371293510958315,0.0,1.0,0.0,0.0,0.0,0.0,0.0,0.0,0.0,0.0,0.0,0.0,0.0,0.0,0.0,0.0,0.0
1186,Zircon,1.0,6478,90.81875230806898,1663.6170114232789,1296.2749305341154,1613,1241,1703,1356,113.96793694254049,76.99528702971327,0.8538289178858574,0.0,1.0,0.0,0.0,0.0,0.0,0.0,0.0,0.0,0.0,0.0,0.0,0.0,0.0,0.0,0.0,0.0
1187,Zircon,1.0,108,11.726460285670077,1665.462962962963,3761.0555555555557,1660,3756,1672,3769,13.574903323299647,11.039605581516096,0.907563025210084,0.0,1.0,0.0,0.0,0.0,0.0,0.0,0.0,0.0,0.0,0.0,0.0,0.0,0.0,0.0,0.0,0.0
1188,Quartz,0.8546153846153847,1300,40.68428945128219,1670.4315384615384,2278.5176923076924,1645,2260,1698,2300,51.29871289171233,35.43686338296461,0.7921998781230957,0.0,0.0,0.0,0.0,0.0,0.0,0.8546153846153847,0.0,0.1453846153846154,0.0,0.0,0.0,0.0,0.0,0.0,0.0,0.0
1189,Quartz,1.0,625,28.209479177387816,1668.8688,4655.0272,1648,4645,1689,4664,41.42873150536729,20.49203146045282,0.9110787172011662,0.0,0.0,0.0,0.0,0.0,0.0,1.0,0.0,0.0,0.0,0.0,0.0,0.0,0.0,0.0,0.0,0.0
1190,Zircon,1.0,2965,61.44229203195269,1670.1386172006746,1400.552445193929,1638,1369,1702,1437,64.64666855246605,59.20606372559333,0.9533762057877814,0.0,1.0,0.0,0.0,0.0,0.0,0.0,0.0,0.0,0.0,0.0,0.0,0.0,0.0,0.0,0.0,0.0
1191,Zircon,1.0,3405,65.84360750918215,1669.6980910425843,1570.267254038179,1636,1537,1708,1608,70.6909378812568,63.423244079948255,0.9333881578947368,0.0,1.0,0.0,0.0,0.0,0.0,0.0,0.0,0.0,0.0,0.0,0.0,0.0,0.0,0.0,0.0,0.0
1192,Zircon,1.0,372,21.76338922689847,1673.236559139785,1875.2983870967741,1661,1859,1687,1893,39.25237531546783,12.633201390863862,0.8435374149659864,0.0,1.0,0.0,0.0,0.0,0.0,0.0,0.0,0.0,0.0,0.0,0.0,0.0,0.0,0.0,0.0,0.0
1193,Zircon,1.0,4825,78.37972188868216,1666.9747150259068,365.4240414507772,1613,335,1728,400,110.2327094761265,60.333358600853934,0.8912079793128925,0.0,1.0,0.0,0.0,0.0,0.0,0.0,0.0,0.0,0.0,0.0,0.0,0.0,0.0,0.0,0.0,0.0
1194,Zircon,0.9750140897989855,5323,82.32529439136718,1687.9590456509486,3350.8904752958856,1647,3298,1731,3408,128.88258033059145,57.22456683926865,0.8907295850066934,0.0,0.9750140897989855,0.007702423445425512,0.0,0.0,0.0,0.0,0.0,0.017283486755588953,0.0,0.0,0.0,0.0,0.0,0.0,0.0,0.0
1195,Zircon,1.0,7956,100.64737362650331,1693.0314228255404,304.1978381096028,1625,255,1752,343,123.5005765207555,85.90357433731197,0.955905322600024,0.0,1.0,0.0,0.0,0.0,0.0,0.0,0.0,0.0,0.0,0.0,0.0,0.0,0.0,0.0,0.0,0.0
1196,Zircon,1.0,4719,77.5139820394052,1680.4727696545879,2448.39923712651,1639,2398,1720,2500,91.46794227678805,68.68178636108578,0.9331619537275064,0.0,1.0,0.0,0.0,0.0,0.0,0.0,0.0,0.0,0.0,0.0,0.0,0.0,0.0,0.0,0.0,0.0
1197,Zircon,1.0,403,22.65205369339104,1679.471464019851,3570.454094292804,1670,3551,1691,3588,34.446710596070375,15.864741977717836,0.8360995850622407,0.0,1.0,0.0,0.0,0.0,0.0,0.0,0.0,0.0,0.0,0.0,0.0,0.0,0.0,0.0,0.0,0.0
1198,Zircon,1.0,4822,78.35535134700727,1673.9176690170054,3833.4054334301118,1642,3786,1718,3888,99.36416716624625,64.53750016117974,0.9209320091673033,0.0,1.0,0.0,0.0,0.0,0.0,0.0,0.0,0.0,0.0,0.0,0.0,0.0,0.0,0.0,0.0,0.0
1199,Zircon,1.0,962,34.997949111844065,1677.593555093555,1682.821205821206,1664,1658,1696,1709,50.2309412152584,26.139267722473296,0.8460861917326298,0.0,1.0,0.0,0.0,0.0,0.0,0.0,0.0,0.0,0.0,0.0,0.0,0.0,0.0,0.0,0.0,0.0
1200,Zircon,1.0,5031,80.0354180945074,1674.4784337109918,2208.8384019081695,1614,2173,1727,2244,108.4508784927499,62.43665822937674,0.9150600218261186,0.0,1.0,0.0,0.0,0.0,0.0,0.0,0.0,0.0,0.0,0.0,0.0,0.0,0.0,0.0,0.0,0.0
1201,Rutile,1.0,2997,61.77296265819928,1679.117117117117,2871.16016016016,1642,2841,1715,2901,70.36224003495667,54.953950772789405,0.9409733124018839,0.0,0.0,1.0,0.0,0.0,0.0,0.0,0.0,0.0,0.0,0.0,0.0,0.0,0.0,0.0,0.0,0.0
1202,Zircon,1.0,1073,36.961953837707625,1680.4501397949673,2148.4315004659834,1665,2125,1699,2173,45.2305832124851,31.452434441519117,0.9395796847635727,0.0,1.0,0.0,0.0,0.0,0.0,0.0,0.0,0.0,0.0,0.0,0.0,0.0,0.0,0.0,0.0,0.0
1203,Zircon,1.0,1892,49.08125119267976,1677.963002114165,4266.186046511628,1647,4248,1706,4291,60.68436819570936,40.62111361450982,0.9555555555555556,0.0,1.0,0.0,0.0,0.0,0.0,0.0,0.0,0.0,0.0,0.0,0.0,0.0,0.0,0.0,0.0,0.0
1204,Zircon,1.0,6600,91.66995688475082,1668.550303030303,610.1178787878788,1617,566,1724,658,119.85286710504018,71.24902664234867,0.9351090960612072,0.0,1.0,0.0,0.0,0.0,0.0,0.0,0.0,0.0,0.0,0.0,0.0,0.0,0.0,0.0,0.0,0.0
1205,Zircon,1.0,2557,57.05850958347765,1685.1724677356276,1484.155260070395,1653,1449,1716,1515,62.834192643257374,54.957094596433905,0.906094968107725,0.0,1.0,0.0,0.0,0.0,0.0,0.0,0.0,0.0,0.0,0.0,0.0,0.0,0.0,0.0,0.0,0.0
1206,Zircon,1.0,241,17.517155313611116,1688.9211618257261,3438.228215767635,1679,3427,1700,3448,24.96721985684026,12.87426347745823,0.8485915492957746,0.0,1.0,0.0,0.0,0.0,0.0,0.0,0.0,0.0,0.0,0.0,0.0,0.0,0.0,0.0,0.0,0.0
1207,Zircon,0.9902543018120907,6567,91.44049480550625,1681.6739759403076,3164.1021775544386,1627,3116,1737,3210,110.39676151982178,78.56791890820504,0.9050441014332966,0.0,0.9902543018120907,0.0,0.0,0.0,0.0,0.0,0.0,0.0,0.0,0.0,0.0,0.0,0.0,0.0,0.0,0.009745698187909243
1208,Zircon,1.0,4559,76.18857581322548,1691.9357315200702,4094.985303794692,1657,4050,1727,4143,91.56585634663811,64.26701755910956,0.9614086883171657,0.0,1.0,0.0,0.0,0.0,0.0,0.0,0.0,0.0,0.0,0.0,0.0,0.0,0.0,0.0,0.0,0.0
1209,Quartz,0.9580057526366251,5215,81.48585291812238,1696.2318312559923,4333.012847555129,1652,4292,1743,4378,90.30043223423083,74.67332144833279,0.9186189889025894,0.0,0.0,0.0,0.0,0.0,0.0,0.9580057526366251,0.0,0.04199424736337488,0.0,0.0,0.0,0.0,0.0,0.0,0.0,0.0
1210,Zircon,1.0,908,34.00149271163735,1696.2026431718061,1140.6068281938326,1679,1124,1717,1164,46.29478302485355,27.513187144062666,0.8614800759013282,0.0,1.0,0.0,0.0,0.0,0.0,0.0,0.0,0.0,0.0,0.0,0.0,0.0,0.0,0.0,0.0,0.0
1211,Zircon,1.0,4448,75.25536190187384,1695.8772482014388,2983.6124100719426,1653,2935,1740,3028,104.4651840980163,55.94472506628057,0.9094254753629115,0.0,1.0,0.0,0.0,0.0,0.0,0.0,0.0,0.0,0.0,0.0,0.0,0.0,0.0,0.0,0.0,0.0
1212,Quartz,1.0,2139,52.18677405424207,1701.3894343151005,1218.945301542777,1666,1197,1739,1251,61.66512752293505,50.6848266911666,0.8501589825119237,0.0,0.0,0.0,0.0,0.0,0.0,1.0,0.0,0.0,0.0,0.0,0.0,0.0,0.0,0.0,0.0,0.0
1213,Zircon,0.9645988957453718,3079,62.61233551177887,1694.222799610263,4177.140305293927,1661,4143,1725,4212,70.98940712399468,57.442496521118485,0.8883439122908252,0.0,0.9645988957453718,0.0,0.0,0.0,0.0,0.0,0.0,0.0,0.0,0.0,0.0,0.0,0.0,0.0,0.0,0.03540110425462813
1214,Zircon,1.0,4824,78.3715992168236,1713.5810530679935,3075.968905472637,1667,3039,1762,3111,95.78356114618983,65.85971150960658,0.9348837209302325,0.0,1.0,0.0,0.0,0.0,0.0,0.0,0.0,0.0,0.0,0.0,0.0,0.0,0.0,0.0,0.0,0.0
1215,Zircon,1.0,2691,58.534499356211484,1710.2753623188405,773.7528799702712,1678,747,1747,809,68.82051118428913,52.319313962576686,0.8892927957699934,0.0,1.0,0.0,0.0,0.0,0.0,0.0,0.0,0.0,0.0,0.0,0.0,0.0,0.0,0.0,0.0,0.0
1216,Zircon,1.0,5768,85.69740774394765,1704.0078016643552,2776.9500693481277,1659,2725,1746,2821,91.90697865003312,81.50320470009704,0.9502471169686986,0.0,1.0,0.0,0.0,0.0,0.0,0.0,0.0,0.0,0.0,0.0,0.0,0.0,0.0,0.0,0.0,0.0
1218,Zircon,1.0,2863,60.37619412133205,1712.0482011875654,506.92106182326233,1686,469,1743,543,80.24481729533218,46.923405864526885,0.9017322834645669,0.0,1.0,0.0,0.0,0.0,0.0,0.0,0.0,0.0,0.0,0.0,0.0,0.0,0.0,0.0,0.0,0.0
1219,Zircon,1.0,9073,107.48070705657891,1687.3616223961203,3629.841728204563,1605,3593,1766,3668,167.80499831996113,70.37812164173704,0.9329562982005142,0.0,1.0,0.0,0.0,0.0,0.0,0.0,0.0,0.0,0.0,0.0,0.0,0.0,0.0,0.0,0.0,0.0
1220,Quartz,1.0,671,29.229158977248975,1718.4754098360656,4581.37257824143,1702,4560,1735,4598,39.14558982892038,24.33846323865264,0.8253382533825339,0.0,0.0,0.0,0.0,0.0,0.0,1.0,0.0,0.0,0.0,0.0,0.0,0.0,0.0,0.0,0.0,0.0
1221,Rutile,1.0,1230,39.573787284315486,1718.4056910569107,408.8853658536585,1701,386,1741,441,49.99137953427466,34.43238423967746,0.8668076109936576,0.0,0.0,1.0,0.0,0.0,0.0,0.0,0.0,0.0,0.0,0.0,0.0,0.0,0.0,0.0,0.0,0.0
1222,Zircon,1.0,1925,49.507435033691536,1724.097142857143,1523.5142857142857,1695,1498,1754,1546,59.06969737038091,42.83072664530613,0.9201720841300192,0.0,1.0,0.0,0.0,0.0,0.0,0.0,0.0,0.0,0.0,0.0,0.0,0.0,0.0,0.0,0.0,0.0
1223,Zircon,1.0,4530,75.94586978664664,1719.4512141280354,1627.065783664459,1684,1586,1755,1668,84.7901882531452,68.6131048435424,0.9660908509277031,0.0,1.0,0.0,0.0,0.0,0.0,0.0,0.0,0.0,0.0,0.0,0.0,0.0,0.0,0.0,0.0,0.0
1224,Zircon,0.9799274486094317,4135,72.55925521585719,1715.9743651753324,3541.853446191052,1684,3492,1753,3589,93.59260769300188,59.350828909651554,0.8942474048442907,0.0,0.9799274486094317,0.020072551390568318,0.0,0.0,0.0,0.0,0.0,0.0,0.0,0.0,0.0,0.0,0.0,0.0,0.0,0.0
1225,Zircon,1.0,7818,99.77067084438944,1717.3323100537223,2660.011383985674,1677,2596,1758,2724,130.51743376281368,77.05491349918901,0.9639950678175092,0.0,1.0,0.0,0.0,0.0,0.0,0.0,0.0,0.0,0.0,0.0,0.0,0.0,0.0,0.0,0.0,0.0
1226,Unknown,1.0,125,12.6156626101008,1719.224,3740.248,1708,3733,1728,3748,19.107040434665276,12.541695492558661,0.6038647342995169,0.0,0.0,0.0,0.0,0.0,0.0,0.0,0.0,0.0,0.0,0.0,0.0,0.0,0.0,0.0,0.0,1.0
1227,Zircon,1.0,5355,82.57237892937805,1712.775350140056,679.380578898226,1658,643,1762,723,109.18027444612666,64.82855131405171,0.9342288904396371,0.0,1.0,0.0,0.0,0.0,0.0,0.0,0.0,0.0,0.0,0.0,0.0,0.0,0.0,0.0,0.0,0.0
1229,Zircon,1.0,1885,48.99037192985762,1735.638196286472,1702.602122015915,1709,1675,1765,1728,59.02876667201849,42.501666881551294,0.8837318330989217,0.0,1.0,0.0,0.0,0.0,0.0,0.0,0.0,0.0,0.0,0.0,0.0,0.0,0.0,0.0,0.0,0.0
1231,Zircon,0.9827107131830812,3239,64.21855561593699,1729.4467428218586,902.1781414016672,1696,871,1765,937,66.51889302128839,63.62706990176814,0.9170441676104191,0.0,0.9827107131830812,0.0,0.0,0.0,0.0,0.0,0.0,0.0,0.0,0.0,0.0,0.0,0.0,0.0,0.0,0.0172892868169188
1232,Zircon,1.0,2834,60.06963350795018,1730.6450247000705,4032.0204657727595,1698,3996,1762,4064,64.3109860467688,57.21496327575645,0.9297900262467191,0.0,1.0,0.0,0.0,0.0,0.0,0.0,0.0,0.0,0.0,0.0,0.0,0.0,0.0,0.0,0.0,0.0
1233,Zircon,1.0,2150,52.320789569544914,1733.346511627907,4519.657674418605,1709,4495,1759,4551,55.97646209299797,52.03341096670189,0.9129511677282378,0.0,1.0,0.0,0.0,0.0,0.0,0.0,0.0,0.0,0.0,0.0,0.0,0.0,0.0,0.0,0.0,0.0
1234,Zircon,1.0,2228,53.26140915963398,1728.307001795332,4643.38868940754,1689,4615,1765,4664,75.08761219948562,41.697817521606645,0.8197203826342899,0.0,1.0,0.0,0.0,0.0,0.0,0.0,0.0,0.0,0.0,0.0,0.0,0.0,0.0,0.0,0.0,0.0
1235,Zircon,1.0,1484,43.46823534935576,1733.6037735849056,1166.865229110512,1714,1143,1757,1193,47.8328646392764,42.202138017937536,0.8436611711199545,0.0,1.0,0.0,0.0,0.0,0.0,0.0,0.0,0.0,0.0,0.0,0.0,0.0,0.0,0.0,0.0,0.0
1236,Zircon,1.0,2764,59.323132938576244,1741.6555716353112,1461.104558610709,1706,1423,1777,1492,78.14618159879386,46.980905524701505,0.8867500802053256,0.0,1.0,0.0,0.0,0.0,0.0,0.0,0.0,0.0,0.0,0.0,0.0,0.0,0.0,0.0,0.0,0.0
1237,Zircon,1.0,123,12.514330345744634,1737.5691056910568,2869.268292682927,1730,2862,1746,2877,16.36853928946474,10.319161447910238,0.8661971830985915,0.0,1.0,0.0,0.0,0.0,0.0,0.0,0.0,0.0,0.0,0.0,0.0,0.0,0.0,0.0,0.0,0.0
1238,Zircon,1.0,1909,49.301260540674065,1735.1367207962285,2272.9533787323207,1711,2244,1762,2308,66.03399266360364,40.799287143020806,0.8380158033362599,0.0,1.0,0.0,0.0,0.0,0.0,0.0,0.0,0.0,0.0,0.0,0.0,0.0,0.0,0.0,0.0,0.0
1239,Rutile,0.9510647938377889,6621,91.81567962876228,1743.5588279716055,3884.590243165685,1691,3841,1796,3928,114.63429813034216,74.4363565500334,0.9366246993917103,0.008457936867542667,0.0,0.9510647938377889,0.0,0.0,0.0,0.015254493278960881,0.0,0.0,0.0,0.0,0.0,0.0,0.0,0.0,0.0,0.025222776015707597
1240,Zircon,1.0,1546,44.36697348434488,1744.261319534282,4613.501940491591,1715,4595,1772,4633,56.305017805688,35.58958651180841,0.9392466585662211,0.0,1.0,0.0,0.0,0.0,0.0,0.0,0.0,0.0,0.0,0.0,0.0,0.0,0.0,0.0,0.0,0.0
1241,Zircon,1.0,3015,61.95818934875773,1737.4653399668325,4433.66135986733,1694,4403,1768,4467,67.35522036307647,60.15463215895185,0.8938630299436703,0.0,1.0,0.0,0.0,0.0,0.0,0.0,0.0,0.0,0.0,0.0,0.0,0.0,0.0,0.0,0.0,0.0
1243,Zircon,1.0,4800,78.17640190446718,1748.7152083333333,2017.0895833333334,1707,1974,1791,2065,95.10048406433081,66.48038678631268,0.8916960802526472,0.0,1.0,0.0,0.0,0.0,0.0,0.0,0.0,0.0,0.0,0.0,0.0,0.0,0.0,0.0,0.0,0.0
1244,Zircon,1.0,3668,68.33917361285968,1738.333151581243,1859.7249182115595,1691,1826,1779,1892,95.57180857323506,50.22547080378206,0.9131192432163306,0.0,1.0,0.0,0.0,0.0,0.0,0.0,0.0,0.0,0.0,0.0,0.0,0.0,0.0,0.0,0.0,0.0
1245,Zircon,1.0,1596,45.078712419470456,1747.717418546366,3946.464912280702,1720,3920,1771,3971,54.42019408100695,39.239541697092605,0.9421487603305785,0.0,1.0,0.0,0.0,0.0,0.0,0.0,0.0,0.0,0.0,0.0,0.0,0.0,0.0,0.0,0.0,0.0
1246,Quartz,1.0,950,34.77898169151024,1744.5557894736842,1083.2063157894736,1722,1059,1763,1102,39.563395994041265,35.73390689318497,0.811965811965812,0.0,0.0,0.0,0.0,0.0,0.0,1.0,0.0,0.0,0.0,0.0,0.0,0.0,0.0,0.0,0.0,0.0
1247,Zircon,1.0,1073,36.961953837707625,1749.7744641192917,3423.1192917054987,1730,3404,1772,3442,40.98853930592566,35.13724463089865,0.8737785016286646,0.0,1.0,0.0,0.0,0.0,0.0,0.0,0.0,0.0,0.0,0.0,0.0,0.0,0.0,0.0,0.0,0.0
1248,Zircon,1.0,1662,46.00134914706133,1757.693742478941,624.9283995186522,1737,596,1778,657,59.29884242979972,36.942920338810175,0.9067103109656302,0.0,1.0,0.0,0.0,0.0,0.0,0.0,0.0,0.0,0.0,0.0,0.0,0.0,0.0,0.0,0.0,0.0
1249,Zircon,1.0,4716,77.4893392214118,1756.8295165394402,1930.2667514843088,1715,1886,1803,1970,88.2631293591894,69.60542742698772,0.9134224288204532,0.0,1.0,0.0,0.0,0.0,0.0,0.0,0.0,0.0,0.0,0.0,0.0,0.0,0.0,0.0,0.0,0.0
1250,Zircon,1.0,2774,59.43034996611867,1756.3154289834174,3803.689978370584,1729,3772,1791,3837,61.940328760216,59.11410914227371,0.9240506329113924,0.0,1.0,0.0,0.0,0.0,0.0,0.0,0.0,0.0,0.0,0.0,0.0,0.0,0.0,0.0,0.0,0.0
1252,Zircon,1.0,11202,119.42708813382035,1763.307980717729,146.66389930369576,1697,81,1824,226,142.30812249227398,104.94315301235761,0.8735865242143024,0.0,1.0,0.0,0.0,0.0,0.0,0.0,0.0,0.0,0.0,0.0,0.0,0.0,0.0,0.0,0.0,0.0
1253,Rutile,0.9709985315712188,2724,58.89231290973876,1760.2834067547724,1789.8201174743026,1734,1752,1795,1823,71.56078597292266,53.13225655426528,0.8832684824902723,0.0,0.0,0.9709985315712188,0.029001468428781204,0.0,0.0,0.0,0.0,0.0,0.0,0.0,0.0,0.0,0.0,0.0,0.0,0.0
1255,Zircon,1.0,5135,80.85842604339427,1766.4710808179163,549.9626095423564,1726,501,1811,598,94.79298420544572,70.44471935610775,0.9154929577464789,0.0,1.0,0.0,0.0,0.0,0.0,0.0,0.0,0.0,0.0,0.0,0.0,0.0,0.0,0.0,0.0,0.0
1256,Zircon,1.0,1434,42.72967946463235,1775.94769874477,58.168061366806135,1746,46,1808,76,62.587332829973725,30.648378668706325,0.9384816753926701,0.0,1.0,0.0,0.0,0.0,0.0,0.0,0.0,0.0,0.0,0.0,0.0,0.0,0.0,0.0,0.0,0.0
1257,Zircon,1.0,5304,82.17823644539534,1772.868778280543,2390.9042232277525,1735,2345,1815,2438,95.01052057559636,73.62568572587715,0.8976138094432222,0.0,1.0,0.0,0.0,0.0,0.0,0.0,0.0,0.0,0.0,0.0,0.0,0.0,0.0,0.0,0.0,0.0
1258,Zircon,1.0,7989,100.85589086855173,1776.4459882338215,992.2982851420703,1718,937,1845,1044,124.67861186633121,86.57248631900563,0.9055769666742235,0.0,1.0,0.0,0.0,0.0,0.0,0.0,0.0,0.0,0.0,0.0,0.0,0.0,0.0,0.0,0.0,0.0
1259,Zircon,1.0,1121,37.77964438223469,1772.6628010704728,1676.3559322033898,1754,1653,1794,1696,44.784469290738,33.26422440048525,0.9180999180999181,0.0,1.0,0.0,0.0,0.0,0.0,0.0,0.0,0.0,0.0,0.0,0.0,0.0,0.0,0.0,0.0,0.0
1260,Zircon,1.0,116,12.153015559492998,1769.7758620689656,3184.0086206896553,1764,3176,1776,3193,17.298368648599936,9.495701374525323,0.8592592592592593,0.0,1.0,0.0,0.0,0.0,0.0,0.0,0.0,0.0,0.0,0.0,0.0,0.0,0.0,0.0,0.0,0.0
1261,Zircon,1.0,6335,89.81075946620903,1756.394317284925,2112.160220994475,1695,2061,1815,2162,132.23800711152674,64.27619279503115,0.8821891101517895,0.0,1.0,0.0,0.0,0.0,0.0,0.0,0.0,0.0,0.0,0.0,0.0,0.0,0.0,0.0,0.0,0.0
1262,Zircon,1.0,5116,80.70869538572094,1769.9235731039876,2527.283620015637,1732,2481,1813,2576,87.80541834125141,76.73547987557501,0.9093494489868468,0.0,1.0,0.0,0.0,0.0,0.0,0.0,0.0,0.0,0.0,0.0,0.0,0.0,0.0,0.0,0.0,0.0
1263,Zircon,1.0,2523,56.677891380738714,1776.5576694411416,2760.2397938961553,1749,2725,1805,2796,68.28903356990102,48.171291742717,0.9191256830601093,0.0,1.0,0.0,0.0,0.0,0.0,0.0,0.0,0.0,0.0,0.0,0.0,0.0,0.0,0.0,0.0,0.0
1264,Zircon,1.0,6002,87.4184405460338,1779.8178940353216,3698.8013995334886,1735,3651,1831,3745,99.24064497646609,80.75560412369434,0.8979652902453621,0.0,1.0,0.0,0.0,0.0,0.0,0.0,0.0,0.0,0.0,0.0,0.0,0.0,0.0,0.0,0.0,0.0
1265,Zircon,1.0,1252,39.926130666625134,1756.365015974441,469.09584664536743,1723,450,1790,485,75.1429404025335,27.597535271420284,0.7085455574419921,0.0,1.0,0.0,0.0,0.0,0.0,0.0,0.0,0.0,0.0,0.0,0.0,0.0,0.0,0.0,0.0,0.0
1267,Zircon,1.0,625,28.209479177387816,1770.1504,447.688,1742,438,1794,459,56.369130170177264,15.655291032031686,0.8148631029986962,0.0,1.0,0.0,0.0,0.0,0.0,0.0,0.0,0.0,0.0,0.0,0.0,0.0,0.0,0.0,0.0,0.0
1268,Rutile,1.0,942,34.63223427878316,1774.1719745222929,854.7027600849257,1754,833,1798,879,48.78210732034761,30.937902057991444,0.7922624053826746,0.0,0.0,1.0,0.0,0.0,0.0,0.0,0.0,0.0,0.0,0.0,0.0,0.0,0.0,0.0,0.0,0.0
1269,Rutile,0.9855213699011555,7183,95.6330468500961,1792.1124878184603,2943.677989697898,1746,2892,1844,2996,104.28289560958883,96.24138827355038,0.8616842610364683,0.0,0.0,0.9855213699011555,0.0,0.0,0.0,0.0,0.0,0.0,0.0,0.0,0.0,0.0,0.0,0.0,0.0,0.014478630098844494
1270,Rutile,1.0,1377,41.87183842513151,1785.5584604212056,2242.3761801016703,1763,2218,1805,2271,50.34305748771588,37.827090549170514,0.8849614395886889,0.0,0.0,1.0,0.0,0.0,0.0,0.0,0.0,0.0,0.0,0.0,0.0,0.0,0.0,0.0,0.0,0.0
1271,Zircon,0.9512290284822473,2563,57.12541424931833,1786.862660944206,4261.932891143191,1758,4229,1818,4291,62.520331827801485,54.23979720168755,0.9114509246088194,0.0,0.9512290284822473,0.0,0.0,0.0,0.0,0.0,0.0,0.0,0.0,0.0,0.0,0.0,0.0,0.0,0.0,0.048770971517752636
1272,Zircon,1.0,8092,101.50396246451139,1791.8214285714287,746.7214532871973,1747,690,1838,809,121.20757940362347,85.8426939978064,0.9536829699469652,0.0,1.0,0.0,0.0,0.0,0.0,0.0,0.0,0.0,0.0,0.0,0.0,0.0,0.0,0.0,0.0,0.0
1273,Zircon,1.0,3052,62.3372047057912,1788.78374836173,1502.8315858453473,1749,1478,1826,1532,76.62821881491426,51.621713635851464,0.9399445642131198,0.0,1.0,0.0,0.0,0.0,0.0,0.0,0.0,0.0,0.0,0.0,0.0,0.0,0.0,0.0,0.0,0.0
1274,Zircon,1.0,4846,78.55010397056517,1807.6333058192324,1355.1576557985968,1772,1300,1846,1411,117.10838436463474,56.741974642805,0.8793322446017057,0.0,1.0,0.0,0.0,0.0,0.0,0.0,0.0,0.0,0.0,0.0,0.0,0.0,0.0,0.0,0.0,0.0
1275,Rutile,0.912292817679558,4344,74.37037435921341,1793.4891804788213,2853.0913904235726,1746,2803,1850,2893,88.44376868598648,76.95703759289356,0.7091087169441724,0.0,0.0,0.912292817679558,0.020027624309392266,0.0,0.0,0.06767955801104972,0.0,0.0,0.0,0.0,0.0,0.0,0.0,0.0,0.0,0.0
1276,Ilmenite,1.0,575,27.05758189903005,1832.4521739130435,2845.1582608695653,1818,2831,1848,2864,30.28499694657802,27.74484458697849,0.7506527415143603,0.0,0.0,0.0,1.0,0.0,0.0,0.0,0.0,0.0,0.0,0.0,0.0,0.0,0.0,0.0,0.0,0.0
1277,Quartz,1.0,241,17.517155313611116,1764.0871369294605,2827.3858921161827,1750,2814,1779,2840,34.98966259149619,11.141094512285669,0.6827195467422096,0.0,0.0,0.0,0.0,0.0,0.0,1.0,0.0,0.0,0.0,0.0,0.0,0.0,0.0,0.0,0.0,0.0
1278,Quartz,1.0,105,11.562445770562215,1793.6095238095238,2843.866666666667,1789,2839,1802,2853,17.072146238944928,9.174951587244372,0.8267716535433071,0.0,0.0,0.0,0.0,0.0,0.0,1.0,0.0,0.0,0.0,0.0,0.0,0.0,0.0,0.0,0.0,0.0
1280,Zircon,1.0,1878,48.899323768459574,1800.7460063897763,1194.0053248136314,1772,1168,1828,1221,62.688051719407646,38.80455118002699,0.9214916584887144,0.0,1.0,0.0,0.0,0.0,0.0,0.0,0.0,0.0,0.0,0.0,0.0,0.0,0.0,0.0,0.0,0.0
1281,Zircon,1.0,3386,65.6596458905564,1799.6869462492616,1083.9509746012995,1775,1043,1835,1131,89.6999345738157,54.73435660762028,0.8387416398315581,0.0,1.0,0.0,0.0,0.0,0.0,0.0,0.0,0.0,0.0,0.0,0.0,0.0,0.0,0.0,0.0,0.0
1282,Zircon,1.0,3462,66.39243408606988,1810.736568457539,1887.9087232813404,1770,1849,1849,1926,86.11808463495913,53.32904487572238,0.9093774625689519,0.0,1.0,0.0,0.0,0.0,0.0,0.0,0.0,0.0,0.0,0.0,0.0,0.0,0.0,0.0,0.0,0.0
1283,Zircon,1.0,9129,107.81189082790127,1802.4238142184247,3257.2539160915762,1748,3193,1855,3318,137.93220589147427,87.60768271189166,0.8992316784869976,0.0,1.0,0.0,0.0,0.0,0.0,0.0,0.0,0.0,0.0,0.0,0.0,0.0,0.0,0.0,0.0,0.0
1284,Zircon,1.0,1094,37.32189788770486,1808.95521023766,674.7531992687386,1790,653,1838,690,46.65648444699908,33.16340045404204,0.895986895986896,0.0,1.0,0.0,0.0,0.0,0.0,0.0,0.0,0.0,0.0,0.0,0.0,0.0,0.0,0.0,0.0,0.0
1285,Zircon,1.0,3210,63.9304226374257,1804.490031152648,3616.873520249221,1770,3585,1841,3654,79.3405508645293,54.113940069534785,0.9158345221112696,0.0,1.0,0.0,0.0,0.0,0.0,0.0,0.0,0.0,0.0,0.0,0.0,0.0,0.0,0.0,0.0,0.0
1286,Zircon,0.968013468013468,1782,47.63310685561105,1809.4175084175083,2181.8905723905723,1787,2147,1828,2213,62.18081126139512,38.92896062769933,0.9119754350051177,0.0,0.968013468013468,0.03198653198653199,0.0,0.0,0.0,0.0,0.0,0.0,0.0,0.0,0.0,0.0,0.0,0.0,0.0,0.0
1287,Zircon,1.0,2098,51.68420034066863,1817.8751191611059,2015.6143946615825,1790,1995,1854,2045,65.77158208940273,43.71556879590457,0.8694571073352673,0.0,1.0,0.0,0.0,0.0,0.0,0.0,0.0,0.0,0.0,0.0,0.0,0.0,0.0,0.0,0.0,0.0
1288,Zircon,1.0,3034,62.15310755486393,1822.3938694792353,1448.7313777191825,1789,1412,1853,1487,84.49195617923507,47.33522619886068,0.9127557160048135,0.0,1.0,0.0,0.0,0.0,0.0,0.0,0.0,0.0,0.0,0.0,0.0,0.0,0.0,0.0,0.0,0.0
1289,Zircon,0.9780232558139534,8600,104.64157913908983,1811.795465116279,4511.346976744186,1749,4457,1869,4566,125.87829798064023,94.90892007912277,0.8991113434396236,0.0,0.9780232558139534,0.0,0.0,0.0,0.0,0.011511627906976744,0.0,0.0,0.0,0.0,0.0,0.0,0.0,0.0,0.0,0.010465116279069767
1290,Zircon,1.0,2131,52.089091658720946,1812.7541060534961,4139.141248240263,1788,4111,1841,4169,56.71313218418554,48.57439133556315,0.9445921985815603,0.0,1.0,0.0,0.0,0.0,0.0,0.0,0.0,0.0,0.0,0.0,0.0,0.0,0.0,0.0,0.0,0.0
1291,Zircon,1.0,3730,68.91432000580255,1812.3914209115283,4422.536461126006,1777,4390,1851,4457,79.09243985290895,65.95447428934061,0.8700723116398413,0.0,1.0,0.0,0.0,0.0,0.0,0.0,0.0,0.0,0.0,0.0,0.0,0.0,0.0,0.0,0.0,0.0
1292,Zircon,1.0,5932,86.90717449882366,1825.4527983816588,261.6626770060688,1760,226,1881,299,126.54589358021887,62.587369018276426,0.8967498110355253,0.0,1.0,0.0,0.0,0.0,0.0,0.0,0.0,0.0,0.0,0.0,0.0,0.0,0.0,0.0,0.0,0.0
1293,Zircon,1.0,6893,93.68265678266962,1807.9950674597417,4002.5161758305526,1748,3954,1864,4050,111.28513486916403,82.7842920978597,0.9054249310390122,0.0,1.0,0.0,0.0,0.0,0.0,0.0,0.0,0.0,0.0,0.0,0.0,0.0,0.0,0.0,0.0,0.0
1294,Zircon,1.0,270,18.5411616971131,1820.9518518518519,4251.6,1813,4236,1829,4264,24.13609910145119,16.302003924729902,0.8681672025723473,0.0,1.0,0.0,0.0,0.0,0.0,0.0,0.0,0.0,0.0,0.0,0.0,0.0,0.0,0.0,0.0,0.0
1295,Zircon,1.0,923,34.28119163317628,1819.4842903575297,1553.498374864572,1807,1524,1837,1577,54.921563000459464,25.68648687767776,0.804006968641115,0.0,1.0,0.0,0.0,0.0,0.0,0.0,0.0,0.0,0.0,0.0,0.0,0.0,0.0,0.0,0.0,0.0
1296,Quartz,1.0,496,25.13019725725687,1823.850806451613,2295.75,1811,2283,1840,2309,27.316542478786886,24.70729381309386,0.8435374149659864,0.0,0.0,0.0,0.0,0.0,0.0,1.0,0.0,0.0,0.0,0.0,0.0,0.0,0.0,0.0,0.0,0.0
1297,Zircon,1.0,1379,41.90223540802793,1822.9876722262509,943.8274111675127,1797,923,1847,967,45.82580948670653,39.76487082589254,0.882842509603073,0.0,1.0,0.0,0.0,0.0,0.0,0.0,0.0,0.0,0.0,0.0,0.0,0.0,0.0,0.0,0.0,0.0
1298,Zircon,1.0,616,28.00563442518059,1823.6753246753246,4620.043831168831,1811,4599,1842,4641,43.29749316482475,22.40592123195366,0.7359617682198327,0.0,1.0,0.0,0.0,0.0,0.0,0.0,0.0,0.0,0.0,0.0,0.0,0.0,0.0,0.0,0.0,0.0
1299,Rutile,1.0,2727,58.92473367349901,1820.7887788778878,1738.8166483315,1789,1712,1857,1772,72.34009087467757,51.749309530772976,0.8474207582349286,0.0,0.0,1.0,0.0,0.0,0.0,0.0,0.0,0.0,0.0,0.0,0.0,0.0,0.0,0.0,0.0,0.0
1300,Zircon,1.0,4276,73.78598981708896,1821.5203461178671,2648.1821796071094,1774,2615,1868,2681,93.88168797721873,59.52024981967115,0.9412282632621616,0.0,1.0,0.0,0.0,0.0,0.0,0.0,0.0,0.0,0.0,0.0,0.0,0.0,0.0,0.0,0.0,0.0
1301,Zircon,1.0,11359,120.26108260217315,1824.301963200986,3489.5802447398537,1756,3416,1879,3581,170.79250685431356,92.40808622841573,0.8200851924048805,0.0,1.0,0.0,0.0,0.0,0.0,0.0,0.0,0.0,0.0,0.0,0.0,0.0,0.0,0.0,0.0,0.0
1302,Quartz,1.0,234,17.26088217525478,1828.5897435897436,869.0555555555555,1819,860,1838,880,21.393509611637537,14.882537705000093,0.823943661971831,0.0,0.0,0.0,0.0,0.0,0.0,1.0,0.0,0.0,0.0,0.0,0.0,0.0,0.0,0.0,0.0,0.0
1303,Zircon,0.9829528158295282,6570,91.46137878312364,1816.6713850837139,1265.0978691019786,1762,1210,1887,1323,130.897921524816,72.21320828515248,0.8395093278814209,0.0,0.9829528158295282,0.0,0.0,0.0,0.0,0.0,0.0,0.0,0.0,0.0,0.0,0.0,0.0,0.0,0.0,0.01704718417047184
1304,Rutile,1.0,1606,45.21971593060566,1830.640099626401,1134.881693648817,1805,1113,1864,1163,56.28998071331814,40.10684308322076,0.8457082675092154,0.0,0.0,1.0,0.0,0.0,0.0,0.0,0.0,0.0,0.0,0.0,0.0,0.0,0.0,0.0,0.0,0.0
1305,Zircon,1.0,2214,53.09380709690773,1817.780487804878,4186.83017163505,1784,4162,1856,4220,82.8984829304866,36.501033435823125,0.838001514004542,0.0,1.0,0.0,0.0,0.0,0.0,0.0,0.0,0.0,0.0,0.0,0.0,0.0,0.0,0.0,0.0,0.0
1306,Zircon,1.0,2396,55.232978818686306,1831.9236227045076,1962.093489148581,1805,1935,1862,1991,59.72700972172576,52.2604596020614,0.9410840534171249,0.0,1.0,0.0,0.0,0.0,0.0,0.0,0.0,0.0,0.0,0.0,0.0,0.0,0.0,0.0,0.0,0.0
1307,Quartz,0.9899736147757255,3790,69.46637945471367,1836.4606860158312,2470.1366754617416,1804,2429,1870,2509,85.20312172207198,57.73328680070468,0.9232643118148599,0.0,0.0,0.010026385224274407,0.0,0.0,0.0,0.9899736147757255,0.0,0.0,0.0,0.0,0.0,0.0,0.0,0.0,0.0,0.0
1308,Zircon,1.0,1793,47.77989643888051,1833.9665365309538,2550.2749581706635,1811,2526,1857,2575,49.07337315428985,47.898291468227015,0.914329423763386,0.0,1.0,0.0,0.0,0.0,0.0,0.0,0.0,0.0,0.0,0.0,0.0,0.0,0.0,0.0,0.0,0.0
1309,Zircon,0.97601421379923,3377,65.57232604209374,1835.2173526798933,2784.8705952028427,1804,2746,1866,2827,75.11313623360859,58.02570889200597,0.9438233650083846,0.021912940479715724,0.97601421379923,0.0,0.0,0.0,0.0,0.00207284572105419,0.0,0.0,0.0,0.0,0.0,0.0,0.0,0.0,0.0,0.0
1310,Zircon,1.0,2160,52.44232466841979,1848.2689814814814,4107.808333333333,1820,4075,1884,4139,80.00292874256982,38.34290795998694,0.8388349514563107,0.0,1.0,0.0,0.0,0.0,0.0,0.0,0.0,0.0,0.0,0.0,0.0,0.0,0.0,0.0,0.0,0.0
1311,Rutile,1.0,2849,60.228394158822454,1838.3773253773254,4359.589680589681,1797,4333,1877,4396,76.54013032318366,51.54679337459863,0.8522285372419982,0.0,0.0,1.0,0.0,0.0,0.0,0.0,0.0,0.0,0.0,0.0,0.0,0.0,0.0,0.0,0.0,0.0
1313,Zircon,1.0,2801,59.71887444353913,1848.2220635487326,3352.5390931810066,1818,3317,1884,3381,67.60136690872223,57.56818326862377,0.8552671755725191,0.0,1.0,0.0,0.0,0.0,0.0,0.0,0.0,0.0,0.0,0.0,0.0,0.0,0.0,0.0,0.0,0.0
1314,Zircon,0.9802595503564248,5471,83.46192874146915,1839.3366843355877,334.36300493511243,1786,299,1891,372,103.34514836377296,71.04867728333649,0.8767628205128205,0.0,0.9802595503564248,0.0,0.0,0.0,0.0,0.0,0.0,0.0,0.0,0.0,0.0,0.0,0.0,0.0,0.0,0.019740449643575214
1315,Zircon,0.9501269914569384,4331,74.25900934060452,1846.119371969522,1652.420226275687,1815,1604,1877,1703,101.95430170237098,55.17767540703799,0.9218816517667092,0.0,0.9501269914569384,0.0,0.0,0.0,0.0,0.0,0.0,0.0,0.0,0.0,0.0,0.0,0.0,0.0,0.0,0.04987300854306165
1316,Zircon,0.9864115859109601,5593,84.38737330728908,1842.8510638297873,2370.622563919185,1810,2313,1881,2422,114.03607527907913,64.86981017571482,0.9073653471771577,0.0,0.9864115859109601,0.0,0.0,0.0,0.0,0.0,0.0,0.0,0.0,0.0,0.0,0.0,0.0,0.0,0.0,0.013588414089039871
1317,Zircon,1.0,2752,59.19421616265535,1849.7056686046512,2085.328851744186,1814,2046,1881,2123,71.19258259388697,55.49266473224309,0.7842690225135366,0.0,1.0,0.0,0.0,0.0,0.0,0.0,0.0,0.0,0.0,0.0,0.0,0.0,0.0,0.0,0.0,0.0
1319,Zircon,0.9905260308580709,11083,118.79105132247886,1859.5089777136154,3923.1530271587117,1790,3863,1926,3982,135.66008449926875,106.02069503365767,0.9449228408218945,0.0,0.9905260308580709,0.0,0.0,0.004782098709735631,0.0,0.0,0.0,0.0,0.0,0.0,0.0,0.0,0.0,0.0,0.0,0.004691870432193449
1320,Zircon,0.9711058961572309,6818,93.17160090931324,1853.8863303021415,489.1931651510707,1814,437,1901,547,112.91180160561626,78.28139249164015,0.9477342229635808,0.0,0.9711058961572309,0.0,0.0,0.0,0.0,0.0,0.0,0.0,0.0,0.0,0.0,0.0,0.0,0.0,0.0,0.02889410384276914
1321,Zircon,1.0,1702,46.551624087020286,1850.1274970622796,3410.867802585194,1823,3385,1877,3438,59.147844819627394,38.60543162134875,0.8476095617529881,0.0,1.0,0.0,0.0,0.0,0.0,0.0,0.0,0.0,0.0,0.0,0.0,0.0,0.0,0.0,0.0,0.0
1322,Rutile,1.0,4130,72.51537298915467,1838.5886198547216,1815.8469733656175,1806,1774,1878,1869,95.99193404686021,60.847639172041895,0.8321579689703809,0.0,0.0,1.0,0.0,0.0,0.0,0.0,0.0,0.0,0.0,0.0,0.0,0.0,0.0,0.0,0.0,0.0
1323,Zircon,1.0,943,34.65061169280073,1857.4814422057264,3023.3351007423116,1838,3006,1876,3042,38.60888960607547,31.65952586711957,0.9299802761341223,0.0,1.0,0.0,0.0,0.0,0.0,0.0,0.0,0.0,0.0,0.0,0.0,0.0,0.0,0.0,0.0,0.0
1324,Rutile,1.0,115,12.100518486599809,1858.791304347826,1839.391304347826,1858,1811,1861,1869,65.73028796662118,2.3293678541833884,0.8098591549295775,0.0,0.0,1.0,0.0,0.0,0.0,0.0,0.0,0.0,0.0,0.0,0.0,0.0,0.0,0.0,0.0,0.0
1325,Zircon,0.8164794007490637,267,18.437867513470433,1860.752808988764,4609.865168539326,1854,4596,1870,4626,30.373772427997125,12.4714156497136,0.7784256559766763,0.0,0.8164794007490637,0.0,0.18352059925093633,0.0,0.0,0.0,0.0,0.0,0.0,0.0,0.0,0.0,0.0,0.0,0.0,0.0
1326,Rutile,1.0,3717,68.79412320671439,1885.7054075867636,1833.918213613129,1860,1792,1917,1878,83.63205600459635,58.119001030614676,0.9419665484034465,0.0,0.0,1.0,0.0,0.0,0.0,0.0,0.0,0.0,0.0,0.0,0.0,0.0,0.0,0.0,0.0,0.0
1327,Quartz,1.0,131,12.914889870235298,1862.9541984732825,2572.206106870229,1858,2562,1868,2582,19.04601663670651,9.449834067540056,0.8506493506493507,0.0,0.0,0.0,0.0,0.0,0.0,1.0,0.0,0.0,0.0,0.0,0.0,0.0,0.0,0.0,0.0,0.0
1328,Zircon,1.0,1657,45.93210125420091,1870.5111647555823,1175.3627036813518,1837,1153,1905,1195,61.61899273791383,36.97017339788399,0.8870449678800857,0.0,1.0,0.0,0.0,0.0,0.0,0.0,0.0,0.0,0.0,0.0,0.0,0.0,0.0,0.0,0.0,0.0
1329,Zircon,1.0,2131,52.089091658720946,1864.9286719849836,3068.996715157203,1820,3046,1901,3093,75.92577548107074,39.97155625520976,0.8295056442195406,0.0,1.0,0.0,0.0,0.0,0.0,0.0,0.0,0.0,0.0,0.0,0.0,0.0,0.0,0.0,0.0,0.0
1330,Zircon,0.8507751937984496,516,25.631847476983474,1866.9263565891472,4582.9011627906975,1853,4570,1880,4599,28.269954739006216,26.42601041739994,0.8100470957613815,0.0,0.8507751937984496,0.0,0.14922480620155038,0.0,0.0,0.0,0.0,0.0,0.0,0.0,0.0,0.0,0.0,0.0,0.0,0.0
1331,Rutile,1.0,579,27.151532118863187,1870.518134715026,2248.887737478411,1858,2233,1885,2268,39.10881924151032,20.987365615333907,0.8212765957446808,0.0,0.0,1.0,0.0,0.0,0.0,0.0,0.0,0.0,0.0,0.0,0.0,0.0,0.0,0.0,0.0,0.0
1332,Zircon,1.0,712,30.10891156869401,1868.7879213483145,4639.273876404494,1852,4624,1888,4652,34.44392170636518,28.171422958814432,0.9295039164490861,0.0,1.0,0.0,0.0,0.0,0.0,0.0,0.0,0.0,0.0,0.0,0.0,0.0,0.0,0.0,0.0,0.0
1333,Zircon,1.0,1539,44.266416834293416,1868.4418453541261,3186.009746588694,1852,3154,1896,3214,57.66257676984915,39.950532327135534,0.8332430969139144,0.0,1.0,0.0,0.0,0.0,0.0,0.0,0.0,0.0,0.0,0.0,0.0,0.0,0.0,0.0,0.0,0.0
1334,Zircon,1.0,647,28.701672171559103,1871.3570324574962,3761.6027820710974,1850,3750,1890,3773,39.37628955447153,22.728510174006285,0.8986111111111111,0.0,1.0,0.0,0.0,0.0,0.0,0.0,0.0,0.0,0.0,0.0,0.0,0.0,0.0,0.0,0.0,0.0
1335,Zircon,1.0,283,18.982275710779543,1873.3710247349823,2526.2544169611306,1864,2517,1888,2536,22.732611336506025,17.836836280229,0.8397626112759644,0.0,1.0,0.0,0.0,0.0,0.0,0.0,0.0,0.0,0.0,0.0,0.0,0.0,0.0,0.0,0.0,0.0
1336,Rutile,1.0,679,29.40288507740653,1870.7319587628865,576.6023564064801,1847,564,1891,592,40.7005321039569,22.503526926855987,0.8331288343558282,0.0,0.0,1.0,0.0,0.0,0.0,0.0,0.0,0.0,0.0,0.0,0.0,0.0,0.0,0.0,0.0,0.0
1337,Quartz,1.0,152,13.911592676604096,1878.1776315789473,557.921052631579,1871,548,1886,568,20.195462674924634,11.967578169158646,0.7342995169082126,0.0,0.0,0.0,0.0,0.0,0.0,1.0,0.0,0.0,0.0,0.0,0.0,0.0,0.0,0.0,0.0,0.0
1338,Zircon,1.0,577,27.104597715372734,1874.7175043327557,4545.911611785095,1861,4531,1888,4564,32.33369165521318,26.20874449085567,0.8586309523809523,0.0,1.0,0.0,0.0,0.0,0.0,0.0,0.0,0.0,0.0,0.0,0.0,0.0,0.0,0.0,0.0,0.0
1339,Quartz,1.0,676,29.33785834448333,1864.6050295857988,3691.3846153846152,1848,3672,1878,3707,32.67410505555226,28.625128070099198,0.8418430884184309,0.0,0.0,0.0,0.0,0.0,0.0,1.0,0.0,0.0,0.0,0.0,0.0,0.0,0.0,0.0,0.0,0.0
1340,Zircon,1.0,8561,104.4040408340488,1893.4835883658452,3827.2193668963905,1831,3772,1953,3882,136.1053136800605,81.22909354451319,0.9247137610715057,0.0,1.0,0.0,0.0,0.0,0.0,0.0,0.0,0.0,0.0,0.0,0.0,0.0,0.0,0.0,0.0,0.0
1341,Rutile,1.0,410,22.847936741452536,1836.3048780487804,3820.390243902439,1826,3801,1847,3842,45.53820689663277,13.841138901255409,0.7295373665480427,0.0,0.0,1.0,0.0,0.0,0.0,0.0,0.0,0.0,0.0,0.0,0.0,0.0,0.0,0.0,0.0,0.0
1342,Quartz,1.0,469,24.436639426909572,1885.857142857143,3692.827292110874,1877,3678,1899,3710,29.8885312466834,22.10027211764897,0.9142300194931774,0.0,0.0,0.0,0.0,0.0,0.0,1.0,0.0,0.0,0.0,0.0,0.0,0.0,0.0,0.0,0.0,0.0
1343,Zircon,1.0,1233,39.6220186090822,1874.7323600973236,2213.1062449310625,1851,2191,1899,2233,54.641763394113816,29.79323948352124,0.9072847682119205,0.0,1.0,0.0,0.0,0.0,0.0,0.0,0.0,0.0,0.0,0.0,0.0,0.0,0.0,0.0,0.0,0.0
1344,Zircon,1.0,1064,36.80661456312185,1885.46992481203,2787.717105263158,1866,2769,1912,2808,43.73913897668814,33.64630709900342,0.8404423380726699,0.0,1.0,0.0,0.0,0.0,0.0,0.0,0.0,0.0,0.0,0.0,0.0,0.0,0.0,0.0,0.0,0.0
1345,Zircon,1.0,1454,43.02662313085849,1879.5495185694635,4094.951169188446,1854,4066,1906,4120,66.95305892039461,29.71834879773947,0.8828172434729812,0.0,1.0,0.0,0.0,0.0,0.0,0.0,0.0,0.0,0.0,0.0,0.0,0.0,0.0,0.0,0.0,0.0
1346,Zircon,0.9906414837502127,5877,86.5033456255222,1881.827633146163,1524.0353922069082,1834,1472,1928,1577,96.62358977938143,80.52758060699507,0.9048498845265589,0.0,0.9906414837502127,0.0,0.0,0.0,0.0,0.0,0.0,0.0,0.0,0.0,0.0,0.0,0.0,0.0,0.0,0.009358516249787306
1347,Quartz,1.0,831,32.52786592561707,1879.4584837545126,2610.7232250300844,1860,2589,1897,2631,42.29608332423415,27.09047774067284,0.8171091445427728,0.0,0.0,0.0,0.0,0.0,0.0,1.0,0.0,0.0,0.0,0.0,0.0,0.0,0.0,0.0,0.0,0.0
1349,Zircon,1.0,449,23.90992587997897,1883.7795100222718,1896.4075723830736,1875,1883,1896,1916,32.29991251773014,19.519774645479863,0.8873517786561265,0.0,1.0,0.0,0.0,0.0,0.0,0.0,0.0,0.0,0.0,0.0,0.0,0.0,0.0,0.0,0.0,0.0
1350,Rutile,1.0,1067,36.85846706297507,1886.398313027179,2569.0740393626993,1869,2545,1902,2594,50.44569155001544,28.269599240368077,0.8899082568807339,0.0,0.0,1.0,0.0,0.0,0.0,0.0,0.0,0.0,0.0,0.0,0.0,0.0,0.0,0.0,0.0,0.0
1351,Zircon,1.0,6758,92.76072899304009,1879.818881325836,704.8767386800829,1837,655,1925,763,118.8344290798244,74.02618636089935,0.9395245377450299,0.0,1.0,0.0,0.0,0.0,0.0,0.0,0.0,0.0,0.0,0.0,0.0,0.0,0.0,0.0,0.0,0.0
1352,Zircon,1.0,4884,78.85747863384002,1884.666257166257,817.0034807534807,1835,773,1918,866,92.01054040759578,72.95564028801347,0.9026058029939014,0.0,1.0,0.0,0.0,0.0,0.0,0.0,0.0,0.0,0.0,0.0,0.0,0.0,0.0,0.0,0.0,0.0
1353,Zircon,1.0,4490,75.60982446653927,1889.6178173719377,985.1055679287305,1855,947,1933,1032,85.95456805741824,70.76586300885732,0.8929992044550518,0.0,1.0,0.0,0.0,0.0,0.0,0.0,0.0,0.0,0.0,0.0,0.0,0.0,0.0,0.0,0.0,0.0
1354,Rutile,1.0,260,18.19456736586892,1888.0,2254.126923076923,1880,2242,1897,2266,24.059681133160428,15.126547981275037,0.8253968253968254,0.0,0.0,1.0,0.0,0.0,0.0,0.0,0.0,0.0,0.0,0.0,0.0,0.0,0.0,0.0,0.0,0.0
1355,Zircon,0.942,1000,35.682482323055424,1887.362,2381.554,1878,2340,1900,2429,85.82711385929298,17.945115396228566,0.8032128514056225,0.0,0.942,0.058,0.0,0.0,0.0,0.0,0.0,0.0,0.0,0.0,0.0,0.0,0.0,0.0,0.0,0.0
1356,Zircon,1.0,132,12.964089628857149,1890.128787878788,3345.621212121212,1884,3337,1898,3355,19.340723305037056,9.659956044411466,0.7951807228915663,0.0,1.0,0.0,0.0,0.0,0.0,0.0,0.0,0.0,0.0,0.0,0.0,0.0,0.0,0.0,0.0,0.0
1357,Zircon,1.0,3135,63.1791577400707,1886.2583732057417,207.05582137161085,1850,172,1920,243,67.45089470939924,61.66415821574107,0.917203042715038,0.0,1.0,0.0,0.0,0.0,0.0,0.0,0.0,0.0,0.0,0.0,0.0,0.0,0.0,0.0,0.0,0.0
1358,Zircon,1.0,3197,63.80083717725274,1890.9002189552705,4170.754457303722,1856,4140,1926,4203,68.18814809416256,61.250385385003916,0.929090380703284,0.0,1.0,0.0,0.0,0.0,0.0,0.0,0.0,0.0,0.0,0.0,0.0,0.0,0.0,0.0,0.0,0.0
1359,Rutile,1.0,644,28.635053113438516,1893.22049689441,4310.223602484472,1874,4294,1911,4325,34.51061069595601,25.577287622873897,0.8385416666666666,0.0,0.0,1.0,0.0,0.0,0.0,0.0,0.0,0.0,0.0,0.0,0.0,0.0,0.0,0.0,0.0,0.0
1360,Quartz,1.0,1379,41.90223540802793,1896.1878172588833,4481.43219724438,1867,4458,1922,4504,57.74953399474155,33.661834993156454,0.8902517753389283,0.0,0.0,0.0,0.0,0.0,0.0,1.0,0.0,0.0,0.0,0.0,0.0,0.0,0.0,0.0,0.0,0.0
1361,Zircon,1.0,313,19.963065333312567,1896.8722044728434,2822.26517571885,1889,2811,1906,2836,24.73664675226388,16.891386517087525,0.886685552407932,0.0,1.0,0.0,0.0,0.0,0.0,0.0,0.0,0.0,0.0,0.0,0.0,0.0,0.0,0.0,0.0,0.0
1362,Zircon,1.0,5656,84.86131548015315,1898.4497878359264,1097.9439533239038,1847,1060,1952,1144,101.72258626298401,72.45473995527813,0.9016419575960466,0.0,1.0,0.0,0.0,0.0,0.0,0.0,0.0,0.0,0.0,0.0,0.0,0.0,0.0,0.0,0.0,0.0
1363,Quartz,1.0,1585,44.92309738213999,1901.9955835962146,4349.367192429022,1881,4321,1923,4385,60.29739833405891,35.37190297915846,0.9067505720823799,0.0,0.0,0.0,0.0,0.0,0.0,1.0,0.0,0.0,0.0,0.0,0.0,0.0,0.0,0.0,0.0,0.0
1364,Zircon,1.0,4455,75.31455484695604,1904.0976430976432,623.2060606060606,1862,584,1948,666,86.27111282982305,68.71862212911142,0.8899320815021974,0.0,1.0,0.0,0.0,0.0,0.0,0.0,0.0,0.0,0.0,0.0,0.0,0.0,0.0,0.0,0.0,0.0
1365,Zircon,1.0,2025,50.77706251929806,1900.7797530864198,1964.666172839506,1877,1937,1926,1998,58.33333680634186,45.70911691733086,0.9076647243388615,0.0,1.0,0.0,0.0,0.0,0.0,0.0,0.0,0.0,0.0,0.0,0.0,0.0,0.0,0.0,0.0,0.0
1366,Zircon,1.0,5921,86.82655898040011,1941.9929066036143,64.6838371896639,1863,46,2029,90,171.436422815198,46.21688083174058,0.9551540571059849,0.0,1.0,0.0,0.0,0.0,0.0,0.0,0.0,0.0,0.0,0.0,0.0,0.0,0.0,0.0,0.0,0.0
1367,Zircon,1.0,3586,67.57097755264677,1908.2490239821527,3005.409648633575,1872,2974,1952,3039,78.72180226866062,59.9461310633508,0.9399737876802097,0.0,1.0,0.0,0.0,0.0,0.0,0.0,0.0,0.0,0.0,0.0,0.0,0.0,0.0,0.0,0.0,0.0
1368,Zircon,1.0,1595,45.06458780298101,1908.675235109718,3274.094670846395,1884,3254,1944,3302,57.90715734782582,40.61995759159931,0.8856191004997224,0.0,1.0,0.0,0.0,0.0,0.0,0.0,0.0,0.0,0.0,0.0,0.0,0.0,0.0,0.0,0.0,0.0
1369,Quartz,1.0,722,30.319613310508885,1905.6675900277007,4552.013850415512,1890,4537,1922,4569,31.671640239886326,29.804727620026654,0.8957816377171216,0.0,0.0,0.0,0.0,0.0,0.0,1.0,0.0,0.0,0.0,0.0,0.0,0.0,0.0,0.0,0.0,0.0
1370,Zircon,0.9718557607739666,2274,53.80842614988623,1911.014511873351,3130.958663148637,1884,3100,1943,3170,69.9270018899013,43.526181366440596,0.9296811120196239,0.0,0.9718557607739666,0.0,0.0,0.0,0.0,0.0,0.0,0.0,0.0,0.0,0.0,0.0,0.0,0.0,0.0,0.028144239226033423
1371,Zircon,1.0,4338,74.31899585611431,1905.6166436145688,2500.5965882895343,1867,2452,1941,2553,95.76139424422232,60.17257901106054,0.9100062932662052,0.0,1.0,0.0,0.0,0.0,0.0,0.0,0.0,0.0,0.0,0.0,0.0,0.0,0.0,0.0,0.0,0.0
1372,Zircon,1.0,3111,62.93685902292147,1913.0523947283832,2879.7563484410157,1884,2845,1945,2911,68.09413572756114,58.88713013282469,0.9646511627906976,0.0,1.0,0.0,0.0,0.0,0.0,0.0,0.0,0.0,0.0,0.0,0.0,0.0,0.0,0.0,0.0,0.0
1373,Orthoclase,1.0,1338,41.274623085567335,1918.9872944693573,3669.586696562033,1890,3652,1950,3687,59.28652351565875,29.96847262719627,0.904054054054054,0.0,0.0,0.0,0.0,0.0,0.0,0.0,0.0,1.0,0.0,0.0,0.0,0.0,0.0,0.0,0.0,0.0
1374,Zircon,1.0,2492,56.32861568936366,1921.4626805778491,3416.069422150883,1891,3383,1961,3446,63.533291498891586,54.26614722785271,0.8661800486618005,0.0,1.0,0.0,0.0,0.0,0.0,0.0,0.0,0.0,0.0,0.0,0.0,0.0,0.0,0.0,0.0,0.0
1375,Zircon,1.0,1497,43.65821341361255,1919.9144956579826,2237.9185036740146,1899,2209,1943,2259,50.558531926403205,40.39589137541283,0.9486692015209125,0.0,1.0,0.0,0.0,0.0,0.0,0.0,0.0,0.0,0.0,0.0,0.0,0.0,0.0,0.0,0.0,0.0
1376,Zircon,1.0,4464,75.39059177177062,1920.6158154121863,1683.3331093189963,1870,1649,1963,1716,96.6385360380198,64.79111556871217,0.8604471858134156,0.0,1.0,0.0,0.0,0.0,0.0,0.0,0.0,0.0,0.0,0.0,0.0,0.0,0.0,0.0,0.0,0.0
1377,Quartz,1.0,469,24.436639426909572,1903.9147121535182,1659.275053304904,1890,1646,1921,1675,34.87598295194043,18.450242665307446,0.8360071301247772,0.0,0.0,0.0,0.0,0.0,0.0,1.0,0.0,0.0,0.0,0.0,0.0,0.0,0.0,0.0,0.0,0.0
1378,Zircon,1.0,281,18.91508160359296,1919.252669039146,2052.462633451957,1909,2044,1930,2064,21.64113482366254,17.466135110106194,0.8413173652694611,0.0,1.0,0.0,0.0,0.0,0.0,0.0,0.0,0.0,0.0,0.0,0.0,0.0,0.0,0.0,0.0,0.0
1379,Zircon,1.0,2637,57.94422041469386,1922.1930223739098,4428.936670458855,1887,4400,1959,4458,69.82689001716744,49.04062740191345,0.9130886426592798,0.0,1.0,0.0,0.0,0.0,0.0,0.0,0.0,0.0,0.0,0.0,0.0,0.0,0.0,0.0,0.0,0.0
1380,Zircon,1.0,3677,68.4229625636832,1923.381561055208,4053.8895838999183,1894,4018,1962,4099,85.56828885471319,56.46180193031767,0.9389683350357507,0.0,1.0,0.0,0.0,0.0,0.0,0.0,0.0,0.0,0.0,0.0,0.0,0.0,0.0,0.0,0.0,0.0
1381,Zircon,1.0,7537,97.96124973002806,1897.9710760249436,898.7050550616956,1832,863,1960,939,135.76089185870697,73.03298012508812,0.9189222140941233,0.0,1.0,0.0,0.0,0.0,0.0,0.0,0.0,0.0,0.0,0.0,0.0,0.0,0.0,0.0,0.0,0.0
1382,Zircon,1.0,2459,55.95441037580295,1918.4819032126882,3582.736884912566,1887,3552,1948,3617,73.48070178811948,44.03675802238035,0.9127691165553081,0.0,1.0,0.0,0.0,0.0,0.0,0.0,0.0,0.0,0.0,0.0,0.0,0.0,0.0,0.0,0.0,0.0
1383,Quartz,1.0,1183,38.810338589372,1927.3322062552832,1368.986475063398,1906,1346,1958,1390,57.88813005795747,28.488441517030314,0.8437945791726106,0.0,0.0,0.0,0.0,0.0,0.0,1.0,0.0,0.0,0.0,0.0,0.0,0.0,0.0,0.0,0.0,0.0
1384,Zircon,1.0,2002,50.487875460944046,1927.9665334665335,1037.7042957042956,1896,1011,1954,1069,54.64241895913859,48.60032788847217,0.9179275561668959,0.0,1.0,0.0,0.0,0.0,0.0,0.0,0.0,0.0,0.0,0.0,0.0,0.0,0.0,0.0,0.0,0.0
1385,Zircon,0.9879315461469977,10109,113.45121664278335,1926.2173310911069,2129.727371649026,1865,2069,1991,2180,126.03671821077447,106.05684911401688,0.960657607146251,0.0,0.9879315461469977,0.0,0.0,0.0,0.0,0.0,0.0,0.0,0.0,0.0,0.0,0.0,0.0,0.0,0.0,0.012068453853002275
1386,Zircon,1.0,3083,62.65299287678528,1929.3379824845929,2691.6545572494324,1894,2657,1970,2729,81.41015982778231,54.83220200011602,0.780506329113924,0.0,1.0,0.0,0.0,0.0,0.0,0.0,0.0,0.0,0.0,0.0,0.0,0.0,0.0,0.0,0.0,0.0
1387,Zircon,1.0,3488,66.64127498807512,1933.0768348623853,3066.4271788990827,1900,3030,1967,3103,80.60071323808587,55.529204121449524,0.9532659196501776,0.0,1.0,0.0,0.0,0.0,0.0,0.0,0.0,0.0,0.0,0.0,0.0,0.0,0.0,0.0,0.0,0.0
1388,Zircon,1.0,1492,43.585242924008845,1922.8954423592493,1626.1494638069705,1887,1609,1952,1645,61.61227833658943,34.131674702598474,0.8467650397275823,0.0,1.0,0.0,0.0,0.0,0.0,0.0,0.0,0.0,0.0,0.0,0.0,0.0,0.0,0.0,0.0,0.0
1389,Zircon,1.0,1241,39.75034936973935,1933.4971796937953,3530.8452860596294,1912,3512,1958,3552,46.45982160364279,35.311112000873244,0.9219910846953938,0.0,1.0,0.0,0.0,0.0,0.0,0.0,0.0,0.0,0.0,0.0,0.0,0.0,0.0,0.0,0.0,0.0
1390,Zircon,1.0,1421,42.53555445822549,1935.527093596059,4531.172413793103,1909,4506,1961,4555,49.77686498623995,38.118894183295836,0.8859102244389028,0.0,1.0,0.0,0.0,0.0,0.0,0.0,0.0,0.0,0.0,0.0,0.0,0.0,0.0,0.0,0.0,0.0
1391,Quartz,1.0,432,23.452920571340155,1926.2337962962963,3498.0925925925926,1915,3484,1936,3512,27.103545228026693,21.524683887490642,0.9,0.0,0.0,0.0,0.0,0.0,0.0,1.0,0.0,0.0,0.0,0.0,0.0,0.0,0.0,0.0,0.0,0.0
1392,Quartz,1.0,537,26.148224328293928,1935.8845437616387,130.6238361266294,1922,115,1950,147,29.33523477766324,24.094442286388354,0.8876033057851239,0.0,0.0,0.0,0.0,0.0,0.0,1.0,0.0,0.0,0.0,0.0,0.0,0.0,0.0,0.0,0.0,0.0
1393,Quartz,1.0,469,24.436639426909572,1943.9296375266524,3497.765458422175,1934,3483,1958,3512,30.014257357608106,21.61618865727236,0.875,0.0,0.0,0.0,0.0,0.0,0.0,1.0,0.0,0.0,0.0,0.0,0.0,0.0,0.0,0.0,0.0,0.0
1394,Zircon,1.0,4426,75.069023072089,1939.0549028468142,1202.8217352010845,1901,1165,1977,1245,78.918914612184,73.51529789532668,0.9140850888062784,0.0,1.0,0.0,0.0,0.0,0.0,0.0,0.0,0.0,0.0,0.0,0.0,0.0,0.0,0.0,0.0,0.0
1395,Zircon,0.9574850299401197,1670,46.111929472835136,1938.868263473054,3343.905389221557,1913,3319,1965,3369,63.70937407224461,34.7729698845327,0.8706986444212722,0.0,0.9574850299401197,0.0,0.0,0.0,0.0,0.0,0.0,0.0,0.0,0.0,0.0,0.0,0.0,0.0,0.0,0.04251497005988024
1396,Zircon,1.0,6218,88.9775448591567,1940.5821807655195,286.924412994532,1893,246,1987,329,96.36094554845745,83.20195639340696,0.9547059726700445,0.0,1.0,0.0,0.0,0.0,0.0,0.0,0.0,0.0,0.0,0.0,0.0,0.0,0.0,0.0,0.0,0.0
1397,Zircon,1.0,1663,46.01518622036181,1945.6704750450992,4633.3812387251955,1917,4613,1976,4651,56.321524581279306,38.812697919788036,0.93954802259887,0.0,1.0,0.0,0.0,0.0,0.0,0.0,0.0,0.0,0.0,0.0,0.0,0.0,0.0,0.0,0.0,0.0
1398,Zircon,1.0,389,22.255115881567058,1946.5989717223651,3387.848329048843,1933,3377,1960,3401,30.145062828946465,17.93460728037886,0.820675105485232,0.0,1.0,0.0,0.0,0.0,0.0,0.0,0.0,0.0,0.0,0.0,0.0,0.0,0.0,0.0,0.0,0.0
1399,Zircon,1.0,2240,53.404649424996364,1945.0071428571428,4137.421428571429,1913,4106,1970,4172,60.779966175541205,50.39100378758567,0.8770555990602976,0.0,1.0,0.0,0.0,0.0,0.0,0.0,0.0,0.0,0.0,0.0,0.0,0.0,0.0,0.0,0.0,0.0
1400,Zircon,1.0,4172,72.8831625317885,1949.805129434324,4357.066395014382,1919,4308,1977,4413,98.61469575528766,55.58158983334503,0.9320822162645219,0.0,1.0,0.0,0.0,0.0,0.0,0.0,0.0,0.0,0.0,0.0,0.0,0.0,0.0,0.0,0.0,0.0
1401,Zircon,0.9902396837163331,8094,101.51650543180851,1948.289597232518,1782.0033358042995,1911,1715,1985,1849,139.37188727512435,75.36815550315842,0.952123279614163,0.0,0.9902396837163331,0.0,0.0,0.0,0.0,0.0,0.0,0.0,0.0,0.0,0.0,0.0,0.0,0.0,0.0,0.009760316283666914
1402,Quartz,0.9370192307692308,2080,51.46200786064549,1947.4201923076923,2824.6177884615386,1922,2796,1973,2858,56.10473727084185,49.69410218837112,0.8843537414965986,0.0,0.0,0.06298076923076923,0.0,0.0,0.0,0.9370192307692308,0.0,0.0,0.0,0.0,0.0,0.0,0.0,0.0,0.0,0.0
1403,Rutile,0.9526362823949955,1119,37.7459276023076,1947.0393208221626,2957.6014298480786,1917,2937,1972,2979,54.72368773851742,32.032140972625676,0.7289902280130293,0.0,0.0,0.9526362823949955,0.0,0.0,0.0,0.04736371760500447,0.0,0.0,0.0,0.0,0.0,0.0,0.0,0.0,0.0,0.0
1404,Quartz,1.0,361,21.43920417481474,1947.6509695290858,2973.0,1930,2965,1970,2982,42.43760291555819,15.689627604845809,0.6889312977099237,0.0,0.0,0.0,0.0,0.0,0.0,1.0,0.0,0.0,0.0,0.0,0.0,0.0,0.0,0.0,0.0,0.0
1405,Quartz,1.0,626,28.2320377409108,1950.6916932907347,4091.172523961661,1933,4074,1966,4107,30.52677936121173,28.300935360387875,0.8917378917378918,0.0,0.0,0.0,0.0,0.0,0.0,1.0,0.0,0.0,0.0,0.0,0.0,0.0,0.0,0.0,0.0,0.0
1406,Zircon,1.0,2778,59.47318265633917,1952.473722102232,4477.798776097912,1922,4446,1982,4516,68.65137071543309,55.085331517899235,0.9177403369672944,0.0,1.0,0.0,0.0,0.0,0.0,0.0,0.0,0.0,0.0,0.0,0.0,0.0,0.0,0.0,0.0,0.0
1407,Zircon,1.0,6345,89.88161609219434,1974.2499605988967,1978.443341213554,1916,1944,2039,2018,124.6379639503944,66.11403828757916,0.9471562919838782,0.0,1.0,0.0,0.0,0.0,0.0,0.0,0.0,0.0,0.0,0.0,0.0,0.0,0.0,0.0,0.0,0.0
1408,Zircon,1.0,1869,48.78201214699963,1956.6762974852863,1867.9464954521134,1922,1848,1997,1891,66.09975492563075,37.98805827177832,0.8870431893687708,0.0,1.0,0.0,0.0,0.0,0.0,0.0,0.0,0.0,0.0,0.0,0.0,0.0,0.0,0.0,0.0,0.0
1409,Zircon,1.0,4206,73.17954307835008,1955.6436043747028,796.2862577270566,1919,760,1993,838,77.37599762531771,71.10249651132682,0.9018010291595198,0.0,1.0,0.0,0.0,0.0,0.0,0.0,0.0,0.0,0.0,0.0,0.0,0.0,0.0,0.0,0.0,0.0
1410,Orthoclase,1.0,1637,45.654059345598846,1958.2901649358582,3144.0745265729993,1931,3123,1990,3165,55.72075020088909,39.87862152031373,0.8675145733969264,0.0,0.0,0.0,0.0,0.0,0.0,0.0,0.0,1.0,0.0,0.0,0.0,0.0,0.0,0.0,0.0,0.0
1411,Zircon,1.0,3028,62.091620541406975,1958.1733817701454,3929.9821664464994,1929,3902,1989,3958,64.60651034235805,61.337074132802606,0.9588347055098163,0.0,1.0,0.0,0.0,0.0,0.0,0.0,0.0,0.0,0.0,0.0,0.0,0.0,0.0,0.0,0.0,0.0
1412,Rutile,1.0,632,28.367012395961314,1950.634493670886,3978.3860759493673,1940,3959,1960,4000,41.65939400828699,20.18140119797611,0.9080459770114943,0.0,0.0,1.0,0.0,0.0,0.0,0.0,0.0,0.0,0.0,0.0,0.0,0.0,0.0,0.0,0.0,0.0
1413,Zircon,1.0,422,23.179885415554555,1958.222748815166,2335.504739336493,1946,2320,1971,2350,27.349331165205705,20.966616317371,0.8508064516129032,0.0,1.0,0.0,0.0,0.0,0.0,0.0,0.0,0.0,0.0,0.0,0.0,0.0,0.0,0.0,0.0,0.0
1416,Rutile,1.0,927,34.355393433484295,1970.2168284789643,3988.7982740021575,1958,3963,1984,4016,52.65230655243261,23.658326240403014,0.8786729857819905,0.0,0.0,1.0,0.0,0.0,0.0,0.0,0.0,0.0,0.0,0.0,0.0,0.0,0.0,0.0,0.0,0.0
1417,Zircon,1.0,4470,75.44124047870751,1955.4876957494407,3723.2340044742728,1918,3681,1996,3768,87.49483995574101,66.36436555435482,0.9464323523184417,0.0,1.0,0.0,0.0,0.0,0.0,0.0,0.0,0.0,0.0,0.0,0.0,0.0,0.0,0.0,0.0,0.0
1418,Rutile,1.0,2058,51.18912954002017,1967.8022351797863,1139.3041788143828,1943,1109,1992,1176,64.85056950586919,41.68625106795565,0.9363057324840764,0.0,0.0,1.0,0.0,0.0,0.0,0.0,0.0,0.0,0.0,0.0,0.0,0.0,0.0,0.0,0.0,0.0
1419,Zircon,0.9712041884816754,1528,44.10793607000138,1961.9640052356021,2275.3893979057593,1939,2252,1986,2310,60.487066787339614,36.784057453064094,0.7917098445595855,0.0,0.9712041884816754,0.028795811518324606,0.0,0.0,0.0,0.0,0.0,0.0,0.0,0.0,0.0,0.0,0.0,0.0,0.0,0.0
1420,Rutile,0.9347764169752207,3511,66.8606314774633,1965.8843634292225,4231.604101395614,1901,4203,2024,4263,134.38315953734875,40.41896572015399,0.7362130425665758,0.0,0.0,0.9347764169752207,0.0,0.0,0.0,0.03560239248077471,0.0,0.0,0.0,0.0,0.0,0.0,0.0,0.0,0.0,0.02962119054400456
1421,Quartz,1.0,3465,66.42119407619332,1959.782106782107,4196.550937950938,1907,4164,2023,4241,116.71805116070689,51.256732887845125,0.6828931809223492,0.0,0.0,0.0,0.0,0.0,0.0,1.0,0.0,0.0,0.0,0.0,0.0,0.0,0.0,0.0,0.0,0.0
1422,Zircon,1.0,1525,44.06461512053774,1954.3239344262295,1545.872131147541,1931,1520,1972,1579,59.8446593377057,35.16830925635953,0.8645124716553289,0.0,1.0,0.0,0.0,0.0,0.0,0.0,0.0,0.0,0.0,0.0,0.0,0.0,0.0,0.0,0.0,0.0
1423,Zircon,1.0,1883,48.9643754451776,1990.142857142857,1567.2857142857142,1970,1533,2016,1597,65.68817334976701,39.23829323362522,0.8754067875406788,0.0,1.0,0.0,0.0,0.0,0.0,0.0,0.0,0.0,0.0,0.0,0.0,0.0,0.0,0.0,0.0,0.0
1424,Quartz,1.0,1454,43.02662313085849,1974.9401650618981,139.16299862448417,1947,118,1998,156,53.80215093120568,36.96504109109516,0.920253164556962,0.0,0.0,0.0,0.0,0.0,0.0,1.0,0.0,0.0,0.0,0.0,0.0,0.0,0.0,0.0,0.0,0.0
1425,Quartz,1.0,1499,43.687367482580235,1976.398932621748,169.83855903935958,1946,155,2003,193,59.445901227310294,34.41892533455716,0.9046469523234761,0.0,0.0,0.0,0.0,0.0,0.0,1.0,0.0,0.0,0.0,0.0,0.0,0.0,0.0,0.0,0.0,0.0
1426,Zircon,0.9631988676574664,1413,42.41565131777166,1974.9759377211606,2685.2434536447277,1953,2662,1999,2708,53.89028717366393,34.63489223704764,0.9265573770491803,0.0,0.9631988676574664,0.0,0.0,0.0,0.0,0.0,0.0,0.0,0.0,0.0,0.0,0.0,0.0,0.0,0.0,0.03680113234253362
1427,Zircon,1.0,949,34.76067214473376,1968.8651211801896,3418.282402528978,1954,3394,1981,3446,51.449662215016836,25.618370050075363,0.8223570190641247,0.0,1.0,0.0,0.0,0.0,0.0,0.0,0.0,0.0,0.0,0.0,0.0,0.0,0.0,0.0,0.0,0.0
1428,Zircon,1.0,358,21.349935761383176,1976.8351955307262,2348.7960893854747,1964,2337,1990,2360,27.411549859595727,17.52376992716958,0.8605769230769231,0.0,1.0,0.0,0.0,0.0,0.0,0.0,0.0,0.0,0.0,0.0,0.0,0.0,0.0,0.0,0.0,0.0
1429,Zircon,1.0,291,19.248706645328987,1974.615120274914,2303.594501718213,1956,2294,1991,2316,34.158076350394786,17.135544979580906,0.5796812749003984,0.0,1.0,0.0,0.0,0.0,0.0,0.0,0.0,0.0,0.0,0.0,0.0,0.0,0.0,0.0,0.0,0.0
1430,Zircon,1.0,1427,42.62526047236635,1977.1730903994394,3474.3889278206025,1954,3447,2003,3502,53.94367875762288,37.65172292830203,0.8544910179640719,0.0,1.0,0.0,0.0,0.0,0.0,0.0,0.0,0.0,0.0,0.0,0.0,0.0,0.0,0.0,0.0,0.0
1431,Zircon,0.9400977995110025,818,32.27243324562564,1991.757946210269,3424.7200488997555,1980,3405,2009,3446,39.75023294319061,28.129397981371763,0.9078801331853497,0.0,0.9400977995110025,0.05990220048899755,0.0,0.0,0.0,0.0,0.0,0.0,0.0,0.0,0.0,0.0,0.0,0.0,0.0,0.0
1432,Zircon,1.0,2071,51.35055108902456,1984.5808788025108,3562.189763399324,1957,3534,2020,3586,60.022941680883,47.578157285728146,0.9131393298059964,0.0,1.0,0.0,0.0,0.0,0.0,0.0,0.0,0.0,0.0,0.0,0.0,0.0,0.0,0.0,0.0,0.0
1433,Zircon,0.9760658189977561,1337,41.25919620291836,1983.9805534779357,586.9476439790576,1958,566,2010,603,53.608314056935974,35.35745487142935,0.857051282051282,0.0,0.9760658189977561,0.0,0.0,0.0,0.0,0.0,0.0,0.02393418100224383,0.0,0.0,0.0,0.0,0.0,0.0,0.0,0.0
1434,Zircon,1.0,206,16.195287778099022,1989.7233009708739,4647.194174757282,1974,4641,2013,4651,38.10008851737672,9.217524772572817,0.789272030651341,0.0,1.0,0.0,0.0,0.0,0.0,0.0,0.0,0.0,0.0,0.0,0.0,0.0,0.0,0.0,0.0,0.0
1435,Zircon,1.0,14176,134.3482183959492,1957.828724604966,381.4674097065463,1874,329,2037,439,169.16675476665748,110.79444663530029,0.9381245450334194,0.0,1.0,0.0,0.0,0.0,0.0,0.0,0.0,0.0,0.0,0.0,0.0,0.0,0.0,0.0,0.0,0.0
1436,Zircon,1.0,1642,45.723728330650566,1991.6894031668696,619.9123020706455,1963,600,2015,644,54.78668540398686,40.512156940145815,0.927683615819209,0.0,1.0,0.0,0.0,0.0,0.0,0.0,0.0,0.0,0.0,0.0,0.0,0.0,0.0,0.0,0.0,0.0
1437,Zircon,0.9935545023696682,5275,81.95327082232889,1986.6743127962086,520.5095734597156,1941,481,2025,567,83.84536749339453,82.54886586180612,0.9501080691642652,0.0,0.9935545023696682,0.0,0.0,0.0064454976303317535,0.0,0.0,0.0,0.0,0.0,0.0,0.0,0.0,0.0,0.0,0.0,0.0
1438,Zircon,0.9606169099421646,3631,67.99362313433059,1993.109611677224,674.4764527678326,1956,640,2032,715,83.96009524105683,57.23045793512918,0.9032338308457711,0.0,0.9606169099421646,0.0,0.0,0.0,0.0,0.0,0.0,0.0,0.0,0.0,0.0,0.0,0.0,0.0,0.0,0.03938309005783531
1439,Zircon,1.0,3410,65.8919330991807,2003.2436950146628,2607.3961876832846,1963,2580,2040,2642,80.84403696877992,56.18447826636475,0.8877896381150742,0.0,1.0,0.0,0.0,0.0,0.0,0.0,0.0,0.0,0.0,0.0,0.0,0.0,0.0,0.0,0.0,0.0
1440,Zircon,1.0,901,33.87017611123954,1987.221975582686,3073.430632630411,1971,3050,2005,3098,46.70094502558439,26.345667968260607,0.9055276381909547,0.0,1.0,0.0,0.0,0.0,0.0,0.0,0.0,0.0,0.0,0.0,0.0,0.0,0.0,0.0,0.0,0.0
1441,Zircon,1.0,6513,91.06376422518517,1993.6047904191616,3240.497620144327,1948,3194,2043,3292,98.38098004282064,86.42797545482605,0.9300299871483649,0.0,1.0,0.0,0.0,0.0,0.0,0.0,0.0,0.0,0.0,0.0,0.0,0.0,0.0,0.0,0.0,0.0
1442,Zircon,1.0,2739,59.05423873888826,1998.0741146403798,232.63088718510406,1964,205,2041,257,74.72623134888632,49.74444392076842,0.9253378378378379,0.0,1.0,0.0,0.0,0.0,0.0,0.0,0.0,0.0,0.0,0.0,0.0,0.0,0.0,0.0,0.0,0.0
1443,Quartz,1.0,409,22.820056393372074,1992.5476772616137,4095.7677261613694,1980,4083,2008,4108,24.617970298168938,21.97686512328416,0.8969298245614035,0.0,0.0,0.0,0.0,0.0,0.0,1.0,0.0,0.0,0.0,0.0,0.0,0.0,0.0,0.0,0.0,0.0
1444,Zircon,1.0,3135,63.1791577400707,1991.0854864433811,2741.6491228070176,1959,2706,2022,2774,69.99866111825175,59.38410536274219,0.9422903516681695,0.0,1.0,0.0,0.0,0.0,0.0,0.0,0.0,0.0,0.0,0.0,0.0,0.0,0.0,0.0,0.0,0.0
1445,Orthoclase,1.0,196,15.797308339337176,1998.7908163265306,2056.3469387755104,1989,2045,2008,2065,20.19791133072081,13.754035434954266,0.7935222672064778,0.0,0.0,0.0,0.0,0.0,0.0,0.0,0.0,1.0,0.0,0.0,0.0,0.0,0.0,0.0,0.0,0.0
1446,Quartz,1.0,1893,49.09422021158563,2000.1980982567354,3609.866877971474,1977,3582,2022,3643,60.24012910751685,43.12407791787436,0.8695452457510335,0.0,0.0,0.0,0.0,0.0,0.0,1.0,0.0,0.0,0.0,0.0,0.0,0.0,0.0,0.0,0.0,0.0
1447,Zircon,1.0,744,30.77808020788433,2002.864247311828,4442.153225806452,1988,4428,2022,4463,34.91291638997898,28.82070109952288,0.8867699642431466,0.0,1.0,0.0,0.0,0.0,0.0,0.0,0.0,0.0,0.0,0.0,0.0,0.0,0.0,0.0,0.0,0.0
1448,Rutile,1.0,1953,49.86618925552436,2003.2201740911419,3998.590885816692,1979,3971,2037,4028,61.66091597156405,42.92771995745449,0.900830258302583,0.0,0.0,1.0,0.0,0.0,0.0,0.0,0.0,0.0,0.0,0.0,0.0,0.0,0.0,0.0,0.0,0.0
1449,Quartz,1.0,261,18.229523339239496,2007.7586206896551,3393.065134099617,1999,3384,2020,3407,25.500493963459203,18.577903486795872,0.7478510028653295,0.0,0.0,0.0,0.0,0.0,0.0,1.0,0.0,0.0,0.0,0.0,0.0,0.0,0.0,0.0,0.0,0.0
1450,Rutile,1.0,1939,49.68713593317168,1999.5425477050026,3669.7184115523464,1973,3641,2029,3698,62.065989402770256,41.5138568907108,0.8972697825080981,0.0,0.0,1.0,0.0,0.0,0.0,0.0,0.0,0.0,0.0,0.0,0.0,0.0,0.0,0.0,0.0,0.0
1451,Zircon,1.0,2604,57.58051558027562,2008.438940092166,3845.3371735791093,1968,3821,2047,3874,77.86758448835745,45.6339066586431,0.8642548954530368,0.0,1.0,0.0,0.0,0.0,0.0,0.0,0.0,0.0,0.0,0.0,0.0,0.0,0.0,0.0,0.0,0.0
1452,Quartz,1.0,137,13.207339536360731,2006.5109489051094,3379.021897810219,2000,3372,2015,3385,16.998239656788304,11.267771165925666,0.9072847682119205,0.0,0.0,0.0,0.0,0.0,0.0,1.0,0.0,0.0,0.0,0.0,0.0,0.0,0.0,0.0,0.0,0.0
1453,Zircon,1.0,2940,61.18271211315643,2007.091836734694,1218.952380952381,1979,1188,2038,1255,68.36170756917343,56.03135297309298,0.9363057324840764,0.0,1.0,0.0,0.0,0.0,0.0,0.0,0.0,0.0,0.0,0.0,0.0,0.0,0.0,0.0,0.0,0.0
1454,Zircon,1.0,476,24.61832697999475,2006.640756302521,2287.718487394958,1993,2269,2017,2308,43.604314277120366,19.500565807101335,0.7031019202363368,0.0,1.0,0.0,0.0,0.0,0.0,0.0,0.0,0.0,0.0,0.0,0.0,0.0,0.0,0.0,0.0,0.0
1455,Zircon,1.0,3546,67.19306084433784,2005.2633953750706,4527.389452904681,1967,4490,2042,4567,76.16224726518611,60.5891621669721,0.9205607476635514,0.0,1.0,0.0,0.0,0.0,0.0,0.0,0.0,0.0,0.0,0.0,0.0,0.0,0.0,0.0,0.0,0.0
1456,Zircon,0.9723391461214672,3326,65.07530042795923,2011.3286229705352,4312.495490078172,1975,4280,2051,4347,83.14665246507643,55.042292968351276,0.8845744680851064,0.0,0.9723391461214672,0.0,0.0,0.0,0.0,0.0,0.0,0.0,0.0,0.0,0.0,0.0,0.0,0.0,0.0,0.027660853878532773
1457,Rutile,1.0,4704,77.39068948157914,2000.3803146258504,934.4581207482993,1954,895,2045,973,100.36052101743908,60.878811208625024,0.9432524563866052,0.0,0.0,1.0,0.0,0.0,0.0,0.0,0.0,0.0,0.0,0.0,0.0,0.0,0.0,0.0,0.0,0.0
1458,Rutile,1.0,104,11.507254783503184,2018.076923076923,2825.3653846153848,2012,2820,2026,2833,14.287648932458136,10.71741983794737,0.8188976377952756,0.0,0.0,1.0,0.0,0.0,0.0,0.0,0.0,0.0,0.0,0.0,0.0,0.0,0.0,0.0,0.0,0.0
1459,Orthoclase,1.0,178,15.054455784347004,2013.1797752808989,2833.544943820225,2006,2825,2027,2844,19.148364841321126,18.14125974312841,0.6312056737588653,0.0,0.0,0.0,0.0,0.0,0.0,0.0,0.0,1.0,0.0,0.0,0.0,0.0,0.0,0.0,0.0,0.0
1460,Zircon,1.0,3007,61.87593482945235,2030.9092118390422,2892.671433322248,1995,2865,2070,2922,80.29218301054433,49.223385577361285,0.9156516443361754,0.0,1.0,0.0,0.0,0.0,0.0,0.0,0.0,0.0,0.0,0.0,0.0,0.0,0.0,0.0,0.0,0.0
1461,Zircon,1.0,113,11.994835078277376,2022.2477876106195,3888.734513274336,2017,3882,2032,3895,14.314225192044983,11.475326235644376,0.8560606060606061,0.0,1.0,0.0,0.0,0.0,0.0,0.0,0.0,0.0,0.0,0.0,0.0,0.0,0.0,0.0,0.0,0.0
1462,Zircon,1.0,8245,102.45906522285578,2025.140206185567,1074.9966040024258,1967,1020,2086,1130,112.4165934953698,96.29128042765696,0.9372513356826191,0.0,1.0,0.0,0.0,0.0,0.0,0.0,0.0,0.0,0.0,0.0,0.0,0.0,0.0,0.0,0.0,0.0
1463,Zircon,1.0,3269,64.51527006639007,2020.12909146528,757.8950749464668,1980,723,2056,797,72.94956450388082,59.90702182346948,0.9154298515821898,0.0,1.0,0.0,0.0,0.0,0.0,0.0,0.0,0.0,0.0,0.0,0.0,0.0,0.0,0.0,0.0,0.0
1464,Zircon,1.0,2954,61.32821222853044,2025.0186188219363,2248.774881516588,1986,2218,2064,2283,80.69258136673166,48.640716981955364,0.9196762141967622,0.0,1.0,0.0,0.0,0.0,0.0,0.0,0.0,0.0,0.0,0.0,0.0,0.0,0.0,0.0,0.0,0.0
1465,Rutile,1.0,1398,42.18991447656368,2022.1952789699571,3524.2124463519312,1999,3497,2045,3554,68.60743651444548,26.888459187152055,0.8893129770992366,0.0,0.0,1.0,0.0,0.0,0.0,0.0,0.0,0.0,0.0,0.0,0.0,0.0,0.0,0.0,0.0,0.0
1466,Zircon,1.0,2823,59.95294183597135,2033.1144172865745,1920.1069783917817,2002,1887,2066,1952,64.66900132703827,56.42599185103483,0.9432008018710324,0.0,1.0,0.0,0.0,0.0,0.0,0.0,0.0,0.0,0.0,0.0,0.0,0.0,0.0,0.0,0.0,0.0
1467,Zircon,1.0,5066,80.31333347351693,2032.8152388472167,2676.937228582708,1988,2640,2080,2731,89.85173081977469,78.8520454918297,0.8799722077470905,0.0,1.0,0.0,0.0,0.0,0.0,0.0,0.0,0.0,0.0,0.0,0.0,0.0,0.0,0.0,0.0,0.0
1468,Zircon,1.0,6034,87.65116891937022,2042.7406363937687,3443.7855485581704,2002,3376,2080,3508,136.473354832638,58.18934731903852,0.9254601226993865,0.0,1.0,0.0,0.0,0.0,0.0,0.0,0.0,0.0,0.0,0.0,0.0,0.0,0.0,0.0,0.0,0.0
1469,Zircon,1.0,1751,47.21697197863571,2035.9434608794975,3003.0982295830954,2013,2983,2067,3033,55.92625659985734,43.54835800303256,0.8798994974874372,0.0,1.0,0.0,0.0,0.0,0.0,0.0,0.0,0.0,0.0,0.0,0.0,0.0,0.0,0.0,0.0,0.0
1470,Orthoclase,0.97145003756574,2662,58.2182417124135,2034.579263711495,3309.939519158527,2006,3276,2067,3344,65.43184409969838,54.89553703377031,0.8381612090680101,0.0,0.0,0.0,0.0,0.0,0.0,0.028549962434259956,0.0,0.97145003756574,0.0,0.0,0.0,0.0,0.0,0.0,0.0,0.0
1471,Zircon,1.0,3194,63.7708954452116,2052.0832811521605,4256.9198497182215,2019,4227,2088,4289,70.8959441694956,61.62407237650816,0.9233882625036137,0.0,1.0,0.0,0.0,0.0,0.0,0.0,0.0,0.0,0.0,0.0,0.0,0.0,0.0,0.0,0.0,0.0
1472,Rutile,0.9828385899814471,2156,52.39374445913377,2041.9452690166977,3737.588589981447,2015,3693,2063,3771,67.25237210793782,43.80538268333788,0.8814390842191333,0.0,0.0,0.9828385899814471,0.0,0.0,0.0,0.017161410018552876,0.0,0.0,0.0,0.0,0.0,0.0,0.0,0.0,0.0,0.0
1473,Zircon,1.0,2526,56.711578094786084,2048.4968329374506,2316.0645288994456,2023,2281,2086,2346,60.24765179933923,57.08365105012801,0.8710344827586207,0.0,1.0,0.0,0.0,0.0,0.0,0.0,0.0,0.0,0.0,0.0,0.0,0.0,0.0,0.0,0.0,0.0
1474,Zircon,1.0,3131,63.13883919241622,2045.399872245289,4144.176940274672,2011,4107,2075,4183,74.02181457785326,55.55293112146256,0.9337906352520131,0.0,1.0,0.0,0.0,0.0,0.0,0.0,0.0,0.0,0.0,0.0,0.0,0.0,0.0,0.0,0.0,0.0
1476,Zircon,1.0,2966,61.452652421880806,2044.0704652730951,3954.014497639919,2015,3914,2075,3990,81.84242665058187,47.80760570006641,0.9406914050111005,0.0,1.0,0.0,0.0,0.0,0.0,0.0,0.0,0.0,0.0,0.0,0.0,0.0,0.0,0.0,0.0,0.0
1477,Zircon,0.9881078785304735,4709,77.43180881367735,2051.2730940751753,4037.481418560204,2014,3995,2094,4081,81.77742058678518,76.80398452304257,0.915079673532841,0.0,0.9881078785304735,0.0,0.0,0.0,0.0,0.0,0.0,0.0,0.0,0.0,0.0,0.0,0.0,0.0,0.0,0.011892121469526439
1478,Zircon,1.0,5367,82.66484522814773,2054.155766722564,153.2334637600149,2016,105,2090,214,109.54886260942848,67.07096657217502,0.8714076960545543,0.0,1.0,0.0,0.0,0.0,0.0,0.0,0.0,0.0,0.0,0.0,0.0,0.0,0.0,0.0,0.0,0.0
1479,Zircon,1.0,4851,78.59061668870065,2056.9224902082046,2026.2486085343228,2014,1986,2100,2069,92.24856417798071,67.3957113349298,0.9551092734790313,0.0,1.0,0.0,0.0,0.0,0.0,0.0,0.0,0.0,0.0,0.0,0.0,0.0,0.0,0.0,0.0,0.0
1480,Zircon,1.0,3586,67.57097755264677,2058.9899609592862,3625.0354155047407,2024,3584,2096,3663,77.8274830850174,60.45873217194507,0.9085381302254877,0.0,1.0,0.0,0.0,0.0,0.0,0.0,0.0,0.0,0.0,0.0,0.0,0.0,0.0,0.0,0.0,0.0
1481,Zircon,1.0,3276,64.5843072932767,2065.837912087912,2139.1529304029305,2028,2100,2109,2173,94.81163238478577,48.052945429680356,0.8443298969072165,0.0,1.0,0.0,0.0,0.0,0.0,0.0,0.0,0.0,0.0,0.0,0.0,0.0,0.0,0.0,0.0,0.0
1482,Rutile,0.9292589763177999,6545,91.2871996519317,2057.687089381207,3100.5957219251336,2006,3053,2107,3154,114.71503964006209,77.06057426721935,0.8919324066503135,0.0,0.0,0.9292589763177999,0.0,0.0,0.0,0.008403361344537815,0.0,0.0,0.0,0.0,0.0,0.0,0.0,0.0,0.0,0.06233766233766234
1483,Rutile,0.8295218295218295,2405,55.33661631404713,2062.4594594594596,697.8316008316008,2030,663,2106,724,77.42865132427107,46.73660898530864,0.7743077913715389,0.03617463617463618,0.0,0.8295218295218295,0.0,0.0,0.0,0.1343035343035343,0.0,0.0,0.0,0.0,0.0,0.0,0.0,0.0,0.0,0.0
1484,Quartz,1.0,102,11.396070970426017,2050.823529411765,669.2647058823529,2043,664,2060,676,18.590548729402087,7.775499680850143,0.8225806451612904,0.0,0.0,0.0,0.0,0.0,0.0,1.0,0.0,0.0,0.0,0.0,0.0,0.0,0.0,0.0,0.0,0.0
1485,Zircon,1.0,1359,41.597266031496424,2056.9227373068434,1240.1611479028697,2030,1203,2072,1269,72.38836928508823,27.7806270458814,0.7910360884749709,0.0,1.0,0.0,0.0,0.0,0.0,0.0,0.0,0.0,0.0,0.0,0.0,0.0,0.0,0.0,0.0,0.0
1486,Zircon,1.0,364,21.528102431092233,2052.2884615384614,3907.782967032967,2035,3893,2068,3917,34.75905178970819,17.745707029588456,0.6606170598911071,0.0,1.0,0.0,0.0,0.0,0.0,0.0,0.0,0.0,0.0,0.0,0.0,0.0,0.0,0.0,0.0,0.0
1487,Zircon,1.0,5058,80.24989481158498,2059.5838275998417,299.62870699881375,2014,256,2099,350,98.26590160995876,67.07149731655824,0.9323502304147465,0.0,1.0,0.0,0.0,0.0,0.0,0.0,0.0,0.0,0.0,0.0,0.0,0.0,0.0,0.0,0.0,0.0
1488,Zircon,0.9914191419141914,6060,87.8398067000098,2035.2516501650166,2953.721782178218,1971,2917,2104,2987,142.45782167442758,56.09831500811292,0.9108672779197354,0.0,0.9914191419141914,0.0,0.0,0.0,0.0,0.0,0.0,0.0,0.0,0.0,0.0,0.0,0.0,0.0,0.0,0.008580858085808581
1489,Zircon,1.0,531,26.001734523957655,2060.2090395480227,645.0828625235405,2047,623,2074,662,38.23551257964145,20.86024757962085,0.8057663125948407,0.0,1.0,0.0,0.0,0.0,0.0,0.0,0.0,0.0,0.0,0.0,0.0,0.0,0.0,0.0,0.0,0.0
1490,Zircon,1.0,295,19.38054864282415,2059.9830508474574,3357.84406779661,2053,3343,2070,3370,28.625999559885653,14.51624011404533,0.8575581395348837,0.0,1.0,0.0,0.0,0.0,0.0,0.0,0.0,0.0,0.0,0.0,0.0,0.0,0.0,0.0,0.0,0.0
1491,Zircon,1.0,3072,62.54112152357375,2060.4267578125,82.68522135416667,2018,52,2098,112,81.81646731025333,52.88532895155778,0.8764621968616263,0.0,1.0,0.0,0.0,0.0,0.0,0.0,0.0,0.0,0.0,0.0,0.0,0.0,0.0,0.0,0.0,0.0
1492,Zircon,1.0,2178,52.66038101298911,2061.3310376492195,1169.8126721763085,2030,1143,2094,1195,62.2936353968414,45.624992465306974,0.9228813559322034,0.0,1.0,0.0,0.0,0.0,0.0,0.0,0.0,0.0,0.0,0.0,0.0,0.0,0.0,0.0,0.0,0.0
1493,Rutile,0.9120879120879121,364,21.528102431092233,2065.434065934066,1744.7252747252746,2054,1729,2078,1761,33.804198050567614,15.56691119155292,0.7505154639175258,0.0,0.0,0.9120879120879121,0.0,0.0,0.0,0.08791208791208792,0.0,0.0,0.0,0.0,0.0,0.0,0.0,0.0,0.0,0.0
1494,Zircon,1.0,827,32.44948541188257,2063.061668681983,894.8464328899637,2041,879,2086,906,44.2184782679859,25.852015387599284,0.9271300448430493,0.0,1.0,0.0,0.0,0.0,0.0,0.0,0.0,0.0,0.0,0.0,0.0,0.0,0.0,0.0,0.0,0.0
1495,Zircon,1.0,841,32.722995845769866,2067.6337693222354,915.7241379310345,2044,905,2087,931,43.41402927948019,26.22596785940871,0.9622425629290617,0.0,1.0,0.0,0.0,0.0,0.0,0.0,0.0,0.0,0.0,0.0,0.0,0.0,0.0,0.0,0.0,0.0
1496,Zircon,1.0,1030,36.21376438700094,2067.4009708737863,2747.883495145631,2050,2730,2090,2769,37.59856938458363,36.62998801694607,0.8979947689625108,0.0,1.0,0.0,0.0,0.0,0.0,0.0,0.0,0.0,0.0,0.0,0.0,0.0,0.0,0.0,0.0,0.0
1497,Zircon,0.9628571428571429,1400,42.22008245644752,2069.6178571428572,1279.9607142857142,2049,1252,2094,1319,71.5700147667691,27.196014236760593,0.8805031446540881,0.0,0.9628571428571429,0.0,0.0,0.037142857142857144,0.0,0.0,0.0,0.0,0.0,0.0,0.0,0.0,0.0,0.0,0.0,0.0
1498,Zircon,1.0,547,26.390567083147985,2060.0091407678246,39.44058500914077,2033,35,2090,46,62.25290898177942,11.678436416456224,0.9366438356164384,0.0,1.0,0.0,0.0,0.0,0.0,0.0,0.0,0.0,0.0,0.0,0.0,0.0,0.0,0.0,0.0,0.0
1499,Zircon,0.9842729970326409,3370,65.50433012982805,2071.415430267062,2833.285756676558,2042,2793,2103,2872,77.04685761970018,56.434357909295976,0.938195991091314,0.0,0.9842729970326409,0.0,0.0,0.0,0.0,0.0,0.0,0.0,0.0,0.0,0.0,0.0,0.0,0.0,0.0,0.01572700296735905
1500,Zircon,1.0,2510,56.531683658681686,2075.3402390438246,1657.190438247012,2048,1627,2108,1688,62.179261747808475,53.08790131343361,0.9261992619926199,0.0,1.0,0.0,0.0,0.0,0.0,0.0,0.0,0.0,0.0,0.0,0.0,0.0,0.0,0.0,0.0,0.0
1501,Zircon,1.0,701,29.87542335866304,2078.9386590584877,3929.691868758916,2059,3915,2100,3944,38.58503727006614,24.12498719354676,0.8839848675914249,0.0,1.0,0.0,0.0,0.0,0.0,0.0,0.0,0.0,0.0,0.0,0.0,0.0,0.0,0.0,0.0,0.0
1502,Rutile,0.945913096323306,3291,64.73199627482086,2063.3220905499848,1797.9437860832575,2027,1761,2110,1839,70.2723023818355,66.17512728729245,0.7649930264993027,0.0,0.0,0.945913096323306,0.0,0.0,0.0,0.038893953205712546,0.0,0.0,0.0,0.0,0.0,0.0,0.0,0.0,0.0,0.015192950470981464
1503,Quartz,1.0,169,14.668929172241665,2087.455621301775,1784.076923076923,2079,1777,2096,1795,19.828519382682252,13.962102972805194,0.7222222222222222,0.0,0.0,0.0,0.0,0.0,0.0,1.0,0.0,0.0,0.0,0.0,0.0,0.0,0.0,0.0,0.0,0.0
1504,Quartz,1.0,547,26.390567083147985,2079.107861060329,3296.0987202925044,2061,3282,2093,3313,36.074410580299606,21.795764219112986,0.8079763663220089,0.0,0.0,0.0,0.0,0.0,0.0,1.0,0.0,0.0,0.0,0.0,0.0,0.0,0.0,0.0,0.0,0.0
1505,Zircon,1.0,619,28.07374713484229,2083.0985460420034,2345.78352180937,2067,2331,2100,2361,30.616800485997768,26.5586869789588,0.9062957540263543,0.0,1.0,0.0,0.0,0.0,0.0,0.0,0.0,0.0,0.0,0.0,0.0,0.0,0.0,0.0,0.0,0.0
1506,Rutile,1.0,262,18.26441241104166,2083.0687022900765,3587.9847328244273,2072,3577,2091,3602,24.570024523698827,15.018242991211979,0.8317460317460318,0.0,0.0,1.0,0.0,0.0,0.0,0.0,0.0,0.0,0.0,0.0,0.0,0.0,0.0,0.0,0.0,0.0
1508,Zircon,1.0,6123,88.29521919341613,2079.9893842887473,4561.252163971909,2018,4519,2132,4613,113.22296930311727,71.68379630941672,0.9140170174652933,0.0,1.0,0.0,0.0,0.0,0.0,0.0,0.0,0.0,0.0,0.0,0.0,0.0,0.0,0.0,0.0,0.0
1509,Zircon,1.0,323,20.279456919490165,2090.4582043343653,1241.3560371517028,2077,1235,2106,1250,29.1201848292933,14.55305821978054,0.8898071625344353,0.0,1.0,0.0,0.0,0.0,0.0,0.0,0.0,0.0,0.0,0.0,0.0,0.0,0.0,0.0,0.0,0.0
1510,Zircon,1.0,570,26.939683377854365,2096.79298245614,1225.7035087719298,2080,1206,2114,1239,34.42981935859494,26.445121454682827,0.7818930041152263,0.0,1.0,0.0,0.0,0.0,0.0,0.0,0.0,0.0,0.0,0.0,0.0,0.0,0.0,0.0,0.0,0.0
1511,Zircon,1.0,2152,52.34511916377754,2091.671003717472,3537.2732342007434,2068,3507,2121,3568,60.27602094029352,47.18981552580437,0.9228130360205832,0.0,1.0,0.0,0.0,0.0,0.0,0.0,0.0,0.0,0.0,0.0,0.0,0.0,0.0,0.0,0.0,0.0
1512,Zircon,1.0,3668,68.33917361285968,2098.8664122137407,492.80288985823336,2066,451,2133,534,82.24015165064657,58.07488972691855,0.9202207727044657,0.0,1.0,0.0,0.0,0.0,0.0,0.0,0.0,0.0,0.0,0.0,0.0,0.0,0.0,0.0,0.0,0.0
1513,Zircon,1.0,3876,70.2500994689224,2090.886738906089,1039.0763673890608,2053,1004,2123,1083,82.23099228141929,62.78739185240329,0.9315068493150684,0.0,1.0,0.0,0.0,0.0,0.0,0.0,0.0,0.0,0.0,0.0,0.0,0.0,0.0,0.0,0.0,0.0
1514,Quartz,1.0,744,30.77808020788433,2093.505376344086,3995.1155913978496,2077,3980,2111,4014,34.90705626325221,28.819672121546944,0.9007263922518159,0.0,0.0,0.0,0.0,0.0,0.0,1.0,0.0,0.0,0.0,0.0,0.0,0.0,0.0,0.0,0.0,0.0
1515,Rutile,1.0,3650,68.17128675830715,2118.6290410958904,4478.029863013699,2072,4444,2157,4526,92.51481812432303,57.805247487306595,0.7790821771611526,0.0,0.0,1.0,0.0,0.0,0.0,0.0,0.0,0.0,0.0,0.0,0.0,0.0,0.0,0.0,0.0,0.0
1516,Quartz,1.0,1154,38.33168969174693,2084.7339688041593,4467.585788561525,2053,4434,2141,4497,106.46654469809535,44.70018507885199,0.3490623109497883,0.0,0.0,0.0,0.0,0.0,0.0,1.0,0.0,0.0,0.0,0.0,0.0,0.0,0.0,0.0,0.0,0.0
1517,Quartz,1.0,131,12.914889870235298,2103.977099236641,4495.5496183206105,2096,4489,2112,4504,15.805870693229037,11.431372935316732,0.8238993710691824,0.0,0.0,0.0,0.0,0.0,0.0,1.0,0.0,0.0,0.0,0.0,0.0,0.0,0.0,0.0,0.0,0.0
1518,Quartz,1.0,120,12.360774464742066,2120.7833333333333,4511.6,2117,4501,2127,4522,19.756837430795372,8.745833119568719,0.7843137254901961,0.0,0.0,0.0,0.0,0.0,0.0,1.0,0.0,0.0,0.0,0.0,0.0,0.0,0.0,0.0,0.0,0.0
1519,Zircon,1.0,3152,63.35022529561543,2117.4841370558374,2920.818845177665,2075,2896,2163,2946,90.97781643595194,45.587926980060445,0.91415313225058,0.0,1.0,0.0,0.0,0.0,0.0,0.0,0.0,0.0,0.0,0.0,0.0,0.0,0.0,0.0,0.0,0.0
1520,Zircon,1.0,2401,55.290579187680116,2108.2061640982924,3856.8583923365263,2079,3831,2144,3888,67.14462010021342,49.946311927591736,0.8478107344632768,0.0,1.0,0.0,0.0,0.0,0.0,0.0,0.0,0.0,0.0,0.0,0.0,0.0,0.0,0.0,0.0,0.0
1521,Zircon,1.0,6278,89.40580440803244,2094.740841032176,961.8569608155464,2032,900,2136,1005,119.47827038939255,75.92194934886595,0.9018819135181727,0.0,1.0,0.0,0.0,0.0,0.0,0.0,0.0,0.0,0.0,0.0,0.0,0.0,0.0,0.0,0.0,0.0
1522,Zircon,1.0,1614,45.332202959955,2100.5105328376703,4186.633209417596,2076,4162,2128,4210,49.19371045045918,44.51122940049132,0.893687707641196,0.0,1.0,0.0,0.0,0.0,0.0,0.0,0.0,0.0,0.0,0.0,0.0,0.0,0.0,0.0,0.0,0.0
1523,Rutile,1.0,882,33.511151553720346,2101.8786848072564,3434.5975056689344,2083,3413,2123,3462,56.721655396629814,20.504266471182788,0.9102167182662538,0.0,0.0,1.0,0.0,0.0,0.0,0.0,0.0,0.0,0.0,0.0,0.0,0.0,0.0,0.0,0.0,0.0
1524,Zircon,1.0,5664,84.92130934800736,2091.9885240112994,3197.998940677966,2039,3147,2147,3250,128.25853867711365,58.543980678260645,0.9239804241435563,0.0,1.0,0.0,0.0,0.0,0.0,0.0,0.0,0.0,0.0,0.0,0.0,0.0,0.0,0.0,0.0,0.0
1525,Zircon,1.0,3479,66.55524304015148,2105.17160103478,4111.056625467088,2070,4073,2144,4148,79.48454534948964,59.51855494227765,0.8872736546799286,0.0,1.0,0.0,0.0,0.0,0.0,0.0,0.0,0.0,0.0,0.0,0.0,0.0,0.0,0.0,0.0,0.0
1526,Zircon,1.0,3889,70.36780932695751,2106.4157881203396,217.5106711236822,2067,174,2142,257,80.49860767272786,65.2640406508404,0.9004399166473721,0.0,1.0,0.0,0.0,0.0,0.0,0.0,0.0,0.0,0.0,0.0,0.0,0.0,0.0,0.0,0.0,0.0
1527,Zircon,1.0,1041,36.40662530459675,2113.363112391931,1149.8242074927955,2096,1130,2132,1174,43.56034419518348,31.459715215007137,0.9115586690017513,0.0,1.0,0.0,0.0,0.0,0.0,0.0,0.0,0.0,0.0,0.0,0.0,0.0,0.0,0.0,0.0,0.0
1528,Zircon,1.0,674,29.294426998176625,2112.0697329376853,2679.100890207715,2095,2656,2127,2697,37.81159934233429,25.374129447365846,0.7948113207547169,0.0,1.0,0.0,0.0,0.0,0.0,0.0,0.0,0.0,0.0,0.0,0.0,0.0,0.0,0.0,0.0,0.0
1529,Zircon,1.0,1089,37.23651251415191,2103.7355371900826,4231.561065197428,2087,4211,2118,4254,46.67803410642363,30.74652517871674,0.9569420035149385,0.0,1.0,0.0,0.0,0.0,0.0,0.0,0.0,0.0,0.0,0.0,0.0,0.0,0.0,0.0,0.0,0.0
1530,Quartz,0.9591685226429102,1347,41.41320642932957,2116.0081662954713,54.516703786191535,2096,35,2138,80,47.76940304745313,38.91177346516258,0.8803921568627451,0.0,0.0,0.04083147735708983,0.0,0.0,0.0,0.9591685226429102,0.0,0.0,0.0,0.0,0.0,0.0,0.0,0.0,0.0,0.0
1531,Quartz,1.0,497,25.15551736167189,2111.8913480885312,3700.4325955734407,2097,3685,2128,3715,27.026172024431123,25.37930567296874,0.8160919540229885,0.0,0.0,0.0,0.0,0.0,0.0,1.0,0.0,0.0,0.0,0.0,0.0,0.0,0.0,0.0,0.0,0.0
1532,Zircon,1.0,2603,57.56945835202576,2112.864771417595,4620.161736457933,2085,4581,2142,4651,68.6673900930721,49.73466324316313,0.9031922276197085,0.0,1.0,0.0,0.0,0.0,0.0,0.0,0.0,0.0,0.0,0.0,0.0,0.0,0.0,0.0,0.0,0.0
1533,Zircon,1.0,3740,69.00663661786095,2115.521657754011,1980.8058823529411,2072,1941,2158,2017,85.0997425965952,57.92869374423799,0.9193706981317601,0.0,1.0,0.0,0.0,0.0,0.0,0.0,0.0,0.0,0.0,0.0,0.0,0.0,0.0,0.0,0.0,0.0
1534,Zircon,1.0,3731,68.92355723123185,2116.649691771643,3051.989010989011,2075,3025,2160,3096,79.83600105314909,67.4625591967107,0.896875,0.0,1.0,0.0,0.0,0.0,0.0,0.0,0.0,0.0,0.0,0.0,0.0,0.0,0.0,0.0,0.0,0.0
1535,Zircon,0.9659785932721713,5232,81.61855976464159,2118.1483180428136,1580.4361620795107,2072,1536,2168,1622,99.18510724328189,68.74863190644737,0.9121338912133892,0.01548165137614679,0.9659785932721713,0.0,0.0,0.0,0.0,0.0,0.0,0.0,0.0,0.0,0.0,0.0,0.0,0.0,0.0,0.018539755351681956
1536,Rutile,1.0,1031,36.23133961947795,2116.916585838991,2867.1978661493695,2108,2835,2131,2897,65.1742583229769,21.033741233727792,0.927992799279928,0.0,0.0,1.0,0.0,0.0,0.0,0.0,0.0,0.0,0.0,0.0,0.0,0.0,0.0,0.0,0.0,0.0
1537,Zircon,1.0,1793,47.77989643888051,2120.745119910764,3482.8098159509204,2095,3458,2151,3509,56.88569983681358,41.73785765682416,0.9209039548022598,0.0,1.0,0.0,0.0,0.0,0.0,0.0,0.0,0.0,0.0,0.0,0.0,0.0,0.0,0.0,0.0,0.0
1538,Zircon,1.0,1514,43.9054059396908,2117.8612945838836,3653.125495376486,2093,3632,2145,3677,49.37095472862795,40.661040552176054,0.8905882352941177,0.0,1.0,0.0,0.0,0.0,0.0,0.0,0.0,0.0,0.0,0.0,0.0,0.0,0.0,0.0,0.0,0.0
1539,Zircon,1.0,1100,37.424103185095554,2118.3018181818184,1265.8763636363637,2101,1242,2136,1292,48.481644497685025,29.31910439180019,0.9361702127659575,0.0,1.0,0.0,0.0,0.0,0.0,0.0,0.0,0.0,0.0,0.0,0.0,0.0,0.0,0.0,0.0,0.0
1540,Zircon,1.0,4244,73.50937782253385,2119.1828463713478,1438.2895852968898,2084,1403,2159,1482,84.22398291893558,67.28511442774929,0.9134739560912613,0.0,1.0,0.0,0.0,0.0,0.0,0.0,0.0,0.0,0.0,0.0,0.0,0.0,0.0,0.0,0.0,0.0
1541,Zircon,1.0,982,35.35988168715967,2123.2596741344196,2143.582484725051,2104,2121,2138,2170,45.318940252462546,29.684899813326552,0.8744434550311665,0.0,1.0,0.0,0.0,0.0,0.0,0.0,0.0,0.0,0.0,0.0,0.0,0.0,0.0,0.0,0.0,0.0
1542,Zircon,1.0,1964,50.00642424588925,2115.372199592668,2592.9348268839103,2088,2560,2138,2633,69.85684479663269,38.50687631796588,0.8052480524805248,0.0,1.0,0.0,0.0,0.0,0.0,0.0,0.0,0.0,0.0,0.0,0.0,0.0,0.0,0.0,0.0,0.0
1543,Zircon,1.0,956,34.88863718700998,2129.7960251046024,4233.720711297071,2118,4214,2146,4255,44.114649810849485,28.644127445529737,0.9493545183714002,0.0,1.0,0.0,0.0,0.0,0.0,0.0,0.0,0.0,0.0,0.0,0.0,0.0,0.0,0.0,0.0,0.0
1544,Zircon,1.0,337,20.71428798138497,2124.3827893175076,1232.519287833828,2114,1221,2135,1245,22.787941767213933,19.651797449422705,0.9182561307901907,0.0,1.0,0.0,0.0,0.0,0.0,0.0,0.0,0.0,0.0,0.0,0.0,0.0,0.0,0.0,0.0,0.0
1545,Zircon,1.0,5781,85.7939264057426,2113.6158104134233,1346.9830479155855,2060,1306,2162,1391,109.2217003436928,70.20661439693296,0.9001868576767362,0.0,1.0,0.0,0.0,0.0,0.0,0.0,0.0,0.0,0.0,0.0,0.0,0.0,0.0,0.0,0.0,0.0
1546,Rutile,1.0,240,17.480774889473267,2086.579166666667,1367.7791666666667,2070,1358,2103,1379,37.886167785786725,10.964688851870244,0.6,0.0,0.0,1.0,0.0,0.0,0.0,0.0,0.0,0.0,0.0,0.0,0.0,0.0,0.0,0.0,0.0,0.0
1547,Zircon,1.0,4406,74.89922185245403,2106.791647753064,794.4852473899228,2062,746,2144,845,90.00311392778914,69.40471665715356,0.8827890202364256,0.0,1.0,0.0,0.0,0.0,0.0,0.0,0.0,0.0,0.0,0.0,0.0,0.0,0.0,0.0,0.0,0.0
1548,Zircon,1.0,3745,69.05274864212998,2129.1826435246994,3261.8712950600802,2089,3222,2173,3302,74.77150683185232,67.37050990617406,0.8918790188140033,0.0,1.0,0.0,0.0,0.0,0.0,0.0,0.0,0.0,0.0,0.0,0.0,0.0,0.0,0.0,0.0,0.0
1549,Zircon,1.0,3430,66.08488207178408,2151.423906705539,812.3714285714286,2123,765,2177,857,94.6086482876445,48.52422562202854,0.9045358649789029,0.0,1.0,0.0,0.0,0.0,0.0,0.0,0.0,0.0,0.0,0.0,0.0,0.0,0.0,0.0,0.0,0.0
1550,Rutile,1.0,2089,51.57322375954168,2134.24844423169,4049.1033987553856,2114,4015,2164,4093,70.48496382526048,42.61192139943747,0.8632231404958678,0.0,0.0,1.0,0.0,0.0,0.0,0.0,0.0,0.0,0.0,0.0,0.0,0.0,0.0,0.0,0.0,0.0
1551,Zircon,0.9862373409504025,3851,70.02317821104032,2136.498571799533,125.93767852505843,2106,78,2167,178,88.81810260068956,56.87205594572134,0.8922613531047267,0.0,0.9862373409504025,0.0,0.0,0.0,0.0,0.0,0.0,0.0,0.0,0.0,0.0,0.0,0.0,0.0,0.0,0.013762659049597507
1553,Zircon,0.9785226816539543,4982,79.64470736885522,2135.2141710156566,350.1290646326776,2090,299,2189,402,113.92245240175924,62.860093775361854,0.8522066370167636,0.0,0.9785226816539543,0.0,0.0,0.0,0.0,0.0,0.0,0.0,0.0,0.0,0.0,0.0,0.0,0.0,0.0,0.021477318346045764
1554,Zircon,1.0,4124,72.4626792389559,2140.8423860329776,2749.1682832201745,2096,2714,2187,2788,94.22413315367181,58.379606403450474,0.9012237762237763,0.0,1.0,0.0,0.0,0.0,0.0,0.0,0.0,0.0,0.0,0.0,0.0,0.0,0.0,0.0,0.0,0.0
1555,Zircon,1.0,613,27.93735565372383,2143.0032626427405,4282.3132137031,2130,4268,2156,4301,33.38293523713041,24.067130805259204,0.8988269794721407,0.0,1.0,0.0,0.0,0.0,0.0,0.0,0.0,0.0,0.0,0.0,0.0,0.0,0.0,0.0,0.0,0.0
1556,Zircon,1.0,107,11.67204486311899,2144.504672897196,1914.0093457943926,2139,1908,2151,1920,14.516991790322422,9.5537371782481,0.9304347826086956,0.0,1.0,0.0,0.0,0.0,0.0,0.0,0.0,0.0,0.0,0.0,0.0,0.0,0.0,0.0,0.0,0.0
1557,Zircon,1.0,2493,56.33991644495722,2141.683112715604,2299.4159647011634,2117,2265,2170,2330,66.22320491346657,50.32015142837939,0.9065454545454545,0.0,1.0,0.0,0.0,0.0,0.0,0.0,0.0,0.0,0.0,0.0,0.0,0.0,0.0,0.0,0.0,0.0
1559,Rutile,1.0,2975,61.54581744998688,2146.3902521008404,2089.001680672269,2112,2058,2186,2121,71.14817205215442,54.580012788538596,0.9441447159631863,0.0,0.0,1.0,0.0,0.0,0.0,0.0,0.0,0.0,0.0,0.0,0.0,0.0,0.0,0.0,0.0,0.0
1560,Zircon,0.9482885535517115,5434,83.17922628932584,2157.553735737946,3342.168936326831,2109,3300,2208,3381,105.48200506352156,69.34515704357885,0.8740550104552035,0.0,0.9482885535517115,0.0,0.0,0.0,0.0,0.0,0.0,0.0,0.0,0.0,0.0,0.0,0.0,0.0,0.0,0.05171144644828855
1561,Zircon,1.0,1384,41.97813156768016,2145.176300578035,4175.976878612717,2122,4152,2169,4198,56.30062647439622,32.60021559960022,0.8820905035054175,0.0,1.0,0.0,0.0,0.0,0.0,0.0,0.0,0.0,0.0,0.0,0.0,0.0,0.0,0.0,0.0,0.0
1562,Zircon,1.0,1864,48.71671696026266,2151.1609442060085,1295.1958154506437,2123,1272,2180,1321,54.87268218360286,44.54928634574022,0.8944337811900192,0.0,1.0,0.0,0.0,0.0,0.0,0.0,0.0,0.0,0.0,0.0,0.0,0.0,0.0,0.0,0.0,0.0
1563,Zircon,1.0,2018,50.689223719401724,2156.517839444995,2612.132804757185,2137,2577,2180,2650,70.72979064704067,37.65982149330104,0.9156079854809437,0.0,1.0,0.0,0.0,0.0,0.0,0.0,0.0,0.0,0.0,0.0,0.0,0.0,0.0,0.0,0.0,0.0
1564,Zircon,1.0,1899,49.17196249339733,2158.9963138493945,882.6245392311743,2136,860,2186,911,50.71319836563317,49.72538610956273,0.9116658665386462,0.0,1.0,0.0,0.0,0.0,0.0,0.0,0.0,0.0,0.0,0.0,0.0,0.0,0.0,0.0,0.0,0.0
1565,Zircon,1.0,1192,38.95768906550174,2158.7911073825503,3980.7323825503354,2133,3961,2186,4002,57.32837255462788,27.288961910290894,0.916923076923077,0.0,1.0,0.0,0.0,0.0,0.0,0.0,0.0,0.0,0.0,0.0,0.0,0.0,0.0,0.0,0.0,0.0
1566,Zircon,1.0,1642,45.723728330650566,2164.6449451887943,1118.400730816078,2139,1098,2196,1152,57.812842107350896,43.25065020820371,0.806483300589391,0.0,1.0,0.0,0.0,0.0,0.0,0.0,0.0,0.0,0.0,0.0,0.0,0.0,0.0,0.0,0.0,0.0
1567,Quartz,1.0,183,15.26443044094783,2158.8852459016393,1863.4043715846994,2153,1854,2167,1873,18.869802376350663,13.03085007678842,0.8926829268292683,0.0,0.0,0.0,0.0,0.0,0.0,1.0,0.0,0.0,0.0,0.0,0.0,0.0,0.0,0.0,0.0,0.0
1568,Zircon,1.0,4871,78.75245915147651,2158.2151508930406,3769.0236091151714,2115,3727,2203,3813,88.37814516073078,73.66388465474144,0.8667259786476869,0.0,1.0,0.0,0.0,0.0,0.0,0.0,0.0,0.0,0.0,0.0,0.0,0.0,0.0,0.0,0.0,0.0
1570,Zircon,0.997427652733119,13995,133.48778007206727,2177.9420507324044,598.9951411218292,2119,513,2249,683,178.33997410572206,103.00056621982297,0.9135117493472585,0.0,0.997427652733119,0.002572347266881029,0.0,0.0,0.0,0.0,0.0,0.0,0.0,0.0,0.0,0.0,0.0,0.0,0.0,0.0
1571,Zircon,1.0,967,35.088782249586586,2163.542916235781,3522.6401240951395,2145,3503,2181,3542,38.97035587784226,33.149216127227646,0.8696043165467626,0.0,1.0,0.0,0.0,0.0,0.0,0.0,0.0,0.0,0.0,0.0,0.0,0.0,0.0,0.0,0.0,0.0
1572,Zircon,1.0,6472,90.77668386499901,2181.854604449938,994.1766069221261,2125,949,2238,1046,111.60735773530533,78.32456782197453,0.8806640359232548,0.0,1.0,0.0,0.0,0.0,0.0,0.0,0.0,0.0,0.0,0.0,0.0,0.0,0.0,0.0,0.0,0.0
1573,Zircon,1.0,948,34.74235294865525,2170.2858649789027,1656.909282700422,2155,1635,2187,1681,42.74519400019738,28.88504672166128,0.9239766081871345,0.0,1.0,0.0,0.0,0.0,0.0,0.0,0.0,0.0,0.0,0.0,0.0,0.0,0.0,0.0,0.0,0.0
1574,Quartz,1.0,105,11.562445770562215,2171.866666666667,1867.6666666666667,2167,1861,2178,1876,15.732979936190567,9.506472787901284,0.8333333333333334,0.0,0.0,0.0,0.0,0.0,0.0,1.0,0.0,0.0,0.0,0.0,0.0,0.0,0.0,0.0,0.0,0.0
1575,Zircon,1.0,5390,82.84178381784477,2170.912244897959,4335.875695732839,2119,4296,2226,4382,122.5672372117847,58.10266226114732,0.9251630621352558,0.0,1.0,0.0,0.0,0.0,0.0,0.0,0.0,0.0,0.0,0.0,0.0,0.0,0.0,0.0,0.0,0.0
1576,Quartz,1.0,134,13.061933202803933,2159.4328358208954,4301.619402985075,2150,4292,2167,4316,28.114696853749788,8.81370760081822,0.6232558139534884,0.0,0.0,0.0,0.0,0.0,0.0,1.0,0.0,0.0,0.0,0.0,0.0,0.0,0.0,0.0,0.0,0.0
1577,Zircon,1.0,2309,54.220937918791954,2179.2763100909483,2209.9449978345606,2155,2183,2209,2242,62.63563984138031,48.47845525944824,0.9517724649629019,0.0,1.0,0.0,0.0,0.0,0.0,0.0,0.0,0.0,0.0,0.0,0.0,0.0,0.0,0.0,0.0,0.0
1578,Zircon,1.0,464,24.306031118985995,2181.2866379310344,3850.2047413793102,2171,3834,2195,3864,27.985928803505864,22.434020198155217,0.8656716417910447,0.0,1.0,0.0,0.0,0.0,0.0,0.0,0.0,0.0,0.0,0.0,0.0,0.0,0.0,0.0,0.0,0.0
1579,Zircon,1.0,2959,61.38009296890439,2187.7881040892194,55.60189253126056,2151,35,2228,85,78.75862779650761,49.30272219695704,0.9616509587260319,0.0,1.0,0.0,0.0,0.0,0.0,0.0,0.0,0.0,0.0,0.0,0.0,0.0,0.0,0.0,0.0,0.0
1580,Zircon,1.0,2394,55.20992184468277,2180.9586466165415,4117.303675856308,2154,4081,2208,4154,72.41773495221342,43.72027025791621,0.9311551925320887,0.0,1.0,0.0,0.0,0.0,0.0,0.0,0.0,0.0,0.0,0.0,0.0,0.0,0.0,0.0,0.0,0.0
1581,Zircon,1.0,2034,50.88977533838523,2181.707472959685,4258.287610619469,2147,4235,2217,4291,63.09723729861315,45.23952157713773,0.8275020341741253,0.0,1.0,0.0,0.0,0.0,0.0,0.0,0.0,0.0,0.0,0.0,0.0,0.0,0.0,0.0,0.0,0.0
1582,Quartz,1.0,551,26.486883341553696,2179.676950998185,2814.61887477314,2158,2802,2196,2833,35.65761043629612,23.67620584088109,0.7496598639455783,0.0,0.0,0.0,0.0,0.0,0.0,1.0,0.0,0.0,0.0,0.0,0.0,0.0,0.0,0.0,0.0,0.0
1583,Zircon,0.9678556615512236,4822,78.35535134700727,2186.0037328909166,4585.133139776027,2145,4539,2226,4632,88.0283026416215,72.5082981150025,0.8956166419019317,0.0,0.9678556615512236,0.011406055578598091,0.02073828287017835,0.0,0.0,0.0,0.0,0.0,0.0,0.0,0.0,0.0,0.0,0.0,0.0,0.0
1584,Rutile,0.9698023426061494,5464,83.40851798487328,2188.5889458272327,3124.9946925329427,2153,3076,2229,3175,97.3470910663721,72.8091399125107,0.955077783604265,0.0,0.0,0.9698023426061494,0.008052708638360176,0.0,0.0,0.022144948755490484,0.0,0.0,0.0,0.0,0.0,0.0,0.0,0.0,0.0,0.0
1585,Zircon,1.0,5520,83.83485126686931,2187.425724637681,3416.6771739130436,2137,3380,2242,3456,108.72025714882605,66.6295345686843,0.897415054462689,0.0,1.0,0.0,0.0,0.0,0.0,0.0,0.0,0.0,0.0,0.0,0.0,0.0,0.0,0.0,0.0,0.0
1586,Quartz,1.0,184,15.306079714651624,2156.891304347826,3434.7391304347825,2149,3428,2168,3443,17.87657266552718,13.712032385966209,0.8679245283018868,0.0,0.0,0.0,0.0,0.0,0.0,1.0,0.0,0.0,0.0,0.0,0.0,0.0,0.0,0.0,0.0,0.0
1588,Zircon,0.9954069183292665,6967,94.18418077453282,2181.1960671738193,4445.142241997991,2130,4387,2230,4500,128.90480092225215,72.30761781426673,0.8883080453907943,0.004593081670733458,0.9954069183292665,0.0,0.0,0.0,0.0,0.0,0.0,0.0,0.0,0.0,0.0,0.0,0.0,0.0,0.0,0.0
1589,Zircon,1.0,4581,76.3721831194564,2193.6775813141235,225.06112202575858,2159,181,2232,267,85.76993874754623,68.7671915894479,0.9439521945188544,0.0,1.0,0.0,0.0,0.0,0.0,0.0,0.0,0.0,0.0,0.0,0.0,0.0,0.0,0.0,0.0,0.0
1591,Zircon,1.0,1169,38.580008136279666,2188.4721984602224,4053.0188195038495,2161,4026,2210,4075,62.01233848937916,31.972376372409194,0.7455357142857143,0.0,1.0,0.0,0.0,0.0,0.0,0.0,0.0,0.0,0.0,0.0,0.0,0.0,0.0,0.0,0.0,0.0
1592,Zircon,0.9529636711281071,2615,57.7020052466329,2166.0474187380496,3564.9502868068835,2126,3542,2197,3594,76.55367575134075,47.456828863078,0.9140160782943026,0.0,0.9529636711281071,0.0,0.0,0.0,0.0,0.0,0.0,0.0,0.0,0.0,0.0,0.0,0.0,0.0,0.0,0.04703632887189293
1593,Zircon,1.0,396,22.45446191105733,2194.2979797979797,2891.742424242424,2181,2882,2207,2903,28.01862929176614,18.44537320505724,0.9361702127659575,0.0,1.0,0.0,0.0,0.0,0.0,0.0,0.0,0.0,0.0,0.0,0.0,0.0,0.0,0.0,0.0,0.0
1594,Quartz,1.0,1167,38.54699143520717,2196.337617823479,4164.839760068552,2173,4144,2223,4186,44.680379817703475,35.05436724699054,0.8359598853868195,0.0,0.0,0.0,0.0,0.0,0.0,1.0,0.0,0.0,0.0,0.0,0.0,0.0,0.0,0.0,0.0,0.0
1595,Rutile,1.0,1854,48.58586333429706,2197.61380798274,1313.7017259978425,2168,1281,2224,1342,51.72705499364639,47.40535736342421,0.9169139465875371,0.0,0.0,1.0,0.0,0.0,0.0,0.0,0.0,0.0,0.0,0.0,0.0,0.0,0.0,0.0,0.0,0.0
1596,Zircon,1.0,1464,43.17432910297829,2212.0443989071036,3569.9822404371585,2196,3544,2236,3595,49.25792527801425,40.46927584190146,0.9549902152641878,0.0,1.0,0.0,0.0,0.0,0.0,0.0,0.0,0.0,0.0,0.0,0.0,0.0,0.0,0.0,0.0,0.0
1597,Zircon,1.0,3823,69.7681501798817,2182.6113000261576,3655.094428459325,2133,3608,2227,3700,117.10618670841845,45.68834715380364,0.8666968941283155,0.0,1.0,0.0,0.0,0.0,0.0,0.0,0.0,0.0,0.0,0.0,0.0,0.0,0.0,0.0,0.0,0.0
1598,Zircon,1.0,3455,66.32527894445667,2202.756874095514,3244.8127351664257,2170,3213,2236,3281,73.26404551673791,63.87285094740863,0.8934574605637445,0.0,1.0,0.0,0.0,0.0,0.0,0.0,0.0,0.0,0.0,0.0,0.0,0.0,0.0,0.0,0.0,0.0
1599,Zircon,1.0,1297,40.63731892634535,2199.2690824980723,3517.016962220509,2181,3496,2220,3538,42.460817953070816,39.94466928919184,0.9088997897687456,0.0,1.0,0.0,0.0,0.0,0.0,0.0,0.0,0.0,0.0,0.0,0.0,0.0,0.0,0.0,0.0,0.0
1600,Quartz,1.0,1986,50.285720993578614,2202.113796576032,2273.6339375629404,2183,2233,2221,2316,80.13463280437402,32.244671020997366,0.898236092265943,0.0,0.0,0.0,0.0,0.0,0.0,1.0,0.0,0.0,0.0,0.0,0.0,0.0,0.0,0.0,0.0,0.0
1601,Zircon,1.0,2069,51.325750048655415,2201.904784920251,3707.2421459642337,2181,3673,2226,3738,65.10956738502108,41.94785286093514,0.9138692579505301,0.0,1.0,0.0,0.0,0.0,0.0,0.0,0.0,0.0,0.0,0.0,0.0,0.0,0.0,0.0,0.0,0.0
1602,Zircon,0.9817724013355958,18269,152.5149607178479,2211.3197219333297,419.8710931085445,2121,330,2294,511,197.36517271865304,126.67709416796528,0.903600751805322,0.0,0.9817724013355958,0.0,0.0,0.0,0.0,0.0,0.0,0.0,0.0,0.0,0.0,0.0,0.0,0.0,0.0,0.018227598664404182
1603,Zircon,1.0,2075,51.40011726956917,2209.8385542168676,308.45301204819276,2178,282,2242,337,59.03916575413531,46.94974206808165,0.925100312082033,0.0,1.0,0.0,0.0,0.0,0.0,0.0,0.0,0.0,0.0,0.0,0.0,0.0,0.0,0.0,0.0,0.0
1604,Zircon,1.0,3540,67.13618985586295,2203.901129943503,694.022033898305,2153,668,2251,721,94.7266143468867,49.705043683050675,0.8503483065097286,0.0,1.0,0.0,0.0,0.0,0.0,0.0,0.0,0.0,0.0,0.0,0.0,0.0,0.0,0.0,0.0,0.0
1605,Zircon,1.0,3647,68.14326540201269,2200.4650397587056,2946.438442555525,2152,2916,2242,2977,93.18782164792528,53.43397453998696,0.8503147586850082,0.0,1.0,0.0,0.0,0.0,0.0,0.0,0.0,0.0,0.0,0.0,0.0,0.0,0.0,0.0,0.0,0.0
1606,Zircon,1.0,1713,46.70181302831116,2208.477524810274,3055.8902510215994,2183,3030,2236,3081,54.20953503335728,41.34086519162884,0.9030047443331576,0.0,1.0,0.0,0.0,0.0,0.0,0.0,0.0,0.0,0.0,0.0,0.0,0.0,0.0,0.0,0.0,0.0
1607,Zircon,1.0,739,30.67448489476694,2210.464140730717,1641.3504736129905,2196,1629,2228,1658,35.39816657098683,27.994855455754227,0.9146039603960396,0.0,1.0,0.0,0.0,0.0,0.0,0.0,0.0,0.0,0.0,0.0,0.0,0.0,0.0,0.0,0.0,0.0
1608,Zircon,1.0,3235,64.17889004352017,2211.442658423493,2725.044513137558,2178,2691,2246,2761,66.87340006297391,62.80746618197901,0.9213899174024495,0.0,1.0,0.0,0.0,0.0,0.0,0.0,0.0,0.0,0.0,0.0,0.0,0.0,0.0,0.0,0.0,0.0
1609,Quartz,0.9782034346103038,1514,43.9054059396908,2206.5779392338177,4206.062087186261,2184,4180,2229,4235,51.78069642018914,39.884255605615415,0.8505617977528089,0.0,0.0,0.0,0.0,0.0,0.0,0.9782034346103038,0.0,0.021796565389696168,0.0,0.0,0.0,0.0,0.0,0.0,0.0,0.0
1610,Quartz,0.7563025210084033,238,17.407785949022028,2208.752100840336,2663.483193277311,2198,2655,2219,2672,21.513336471663855,15.576981479765236,0.8235294117647058,0.0,0.0,0.0,0.24369747899159663,0.0,0.0,0.7563025210084033,0.0,0.0,0.0,0.0,0.0,0.0,0.0,0.0,0.0,0.0
1611,Zircon,1.0,2585,57.370063823743436,2213.4564796905224,1580.9582205029014,2187,1548,2240,1618,70.33906042974074,50.158735736596846,0.8715441672285907,0.0,1.0,0.0,0.0,0.0,0.0,0.0,0.0,0.0,0.0,0.0,0.0,0.0,0.0,0.0,0.0,0.0
1612,Quartz,1.0,141,13.398760233979036,2213.028368794326,2981.304964539007,2208,2973,2220,2990,17.736697855734608,10.488465541623702,0.8757763975155279,0.0,0.0,0.0,0.0,0.0,0.0,1.0,0.0,0.0,0.0,0.0,0.0,0.0,0.0,0.0,0.0,0.0
1613,Zircon,1.0,1844,48.45465633447048,2217.236984815618,1765.1133405639914,2193,1736,2247,1791,63.00444029802296,38.291837159351424,0.9456410256410256,0.0,1.0,0.0,0.0,0.0,0.0,0.0,0.0,0.0,0.0,0.0,0.0,0.0,0.0,0.0,0.0,0.0
1614,Zircon,0.979970688812897,2047,51.052143422905154,2215.9115779189056,876.4494382022472,2187,850,2244,903,53.40224850531356,49.88791198678195,0.9171146953405018,0.0,0.979970688812897,0.0,0.0,0.020029311187103077,0.0,0.0,0.0,0.0,0.0,0.0,0.0,0.0,0.0,0.0,0.0,0.0
1615,Zircon,1.0,3571,67.4295069998978,2218.3592831139736,1088.4133295995518,2169,1053,2263,1123,91.74662801871679,51.969003436274015,0.8900797607178464,0.0,1.0,0.0,0.0,0.0,0.0,0.0,0.0,0.0,0.0,0.0,0.0,0.0,0.0,0.0,0.0,0.0
1617,Zircon,0.9949422459162053,14631,136.48724401576936,2228.7494361287677,1469.2643701729205,2169,1387,2286,1555,167.855718360135,112.21193462995001,0.9523530560437414,0.0,0.9949422459162053,0.0,0.0,0.0,0.0,0.0,0.0,0.0,0.0,0.0,0.0,0.0,0.0,0.0,0.0,0.005057754083794682
1618,Zircon,1.0,2427,55.58913900279658,2230.401318500206,4082.9184177997527,2203,4045,2251,4125,75.21908692049777,44.27405248551751,0.8799854967367657,0.0,1.0,0.0,0.0,0.0,0.0,0.0,0.0,0.0,0.0,0.0,0.0,0.0,0.0,0.0,0.0,0.0
1619,Zircon,1.0,5792,85.87551131205021,2207.648825966851,761.0317679558011,2148,722,2267,801,123.939277098178,61.59805530659448,0.9044347282948157,0.0,1.0,0.0,0.0,0.0,0.0,0.0,0.0,0.0,0.0,0.0,0.0,0.0,0.0,0.0,0.0,0.0
1620,Zircon,1.0,2595,57.480923953845306,2235.2643545279384,2102.7938342967245,2203,2064,2282,2133,70.16075299720832,59.0791410807749,0.7246579167830215,0.0,1.0,0.0,0.0,0.0,0.0,0.0,0.0,0.0,0.0,0.0,0.0,0.0,0.0,0.0,0.0,0.0
1621,Quartz,1.0,180,15.138795132120961,2226.788888888889,4024.688888888889,2216,4018,2242,4031,23.78605941479818,10.581193180385139,0.7627118644067796,0.0,0.0,0.0,0.0,0.0,0.0,1.0,0.0,0.0,0.0,0.0,0.0,0.0,0.0,0.0,0.0,0.0
1622,Quartz,1.0,199,15.91774699517169,2233.4824120603016,4035.0,2223,4028,2244,4044,19.73792699991829,14.51449602668293,0.8652173913043478,0.0,0.0,0.0,0.0,0.0,0.0,1.0,0.0,0.0,0.0,0.0,0.0,0.0,0.0,0.0,0.0,0.0
1623,Zircon,1.0,1001,35.700319106135424,2236.5644355644354,3089.0949050949052,2220,3067,2258,3112,41.32394729383329,32.981951868268055,0.8651685393258427,0.0,1.0,0.0,0.0,0.0,0.0,0.0,0.0,0.0,0.0,0.0,0.0,0.0,0.0,0.0,0.0,0.0
1624,Zircon,1.0,4189,73.03150315374589,2236.1153019813796,1173.6908570064454,2196,1128,2280,1217,102.15302250524105,54.04710268591943,0.8727083333333333,0.0,1.0,0.0,0.0,0.0,0.0,0.0,0.0,0.0,0.0,0.0,0.0,0.0,0.0,0.0,0.0,0.0
1625,Zircon,1.0,2363,54.851299384875006,2235.757511637749,3839.0567075751164,2203,3807,2276,3869,75.46286630408868,45.42736857661682,0.8340981291916696,0.0,1.0,0.0,0.0,0.0,0.0,0.0,0.0,0.0,0.0,0.0,0.0,0.0,0.0,0.0,0.0,0.0
1626,Zircon,1.0,1097,37.37303547444967,2240.316317228806,4159.476754785779,2225,4129,2258,4188,56.3835246753062,26.892194852828744,0.8590446358653093,0.0,1.0,0.0,0.0,0.0,0.0,0.0,0.0,0.0,0.0,0.0,0.0,0.0,0.0,0.0,0.0,0.0
1627,Zircon,1.0,2397,55.244503697021166,2244.6370463078847,3803.4634960367125,2214,3770,2281,3828,75.68292478827256,42.222329295975236,0.937793427230047,0.0,1.0,0.0,0.0,0.0,0.0,0.0,0.0,0.0,0.0,0.0,0.0,0.0,0.0,0.0,0.0,0.0
1628,Zircon,1.0,2087,51.54852985160959,2245.8342117872544,1728.0929563967418,2218,1699,2275,1763,66.65513303577944,41.69765483347425,0.9329459097004917,0.0,1.0,0.0,0.0,0.0,0.0,0.0,0.0,0.0,0.0,0.0,0.0,0.0,0.0,0.0,0.0,0.0
1629,Rutile,1.0,2409,55.38261517179382,2251.8696554586963,2683.8235782482357,2228,2650,2278,2721,75.60526954441836,41.90104668405073,0.8962053571428571,0.0,0.0,1.0,0.0,0.0,0.0,0.0,0.0,0.0,0.0,0.0,0.0,0.0,0.0,0.0,0.0,0.0
1630,Zircon,0.9781477627471384,4805,78.21710818262497,2257.6060353798125,3005.9392299687825,2202,2971,2323,3037,118.73873360124568,59.72567244158282,0.8339118361679972,0.0,0.9781477627471384,0.0,0.0,0.0,0.0,0.021852237252861603,0.0,0.0,0.0,0.0,0.0,0.0,0.0,0.0,0.0,0.0
1631,Zircon,1.0,1174,38.66242653428625,2251.164395229983,818.8833049403748,2233,797,2270,840,41.525213587657625,36.42239238612675,0.9483037156704361,0.0,1.0,0.0,0.0,0.0,0.0,0.0,0.0,0.0,0.0,0.0,0.0,0.0,0.0,0.0,0.0,0.0
1632,Zircon,1.0,1305,40.76245338395847,2257.8551724137933,2309.606130268199,2233,2289,2287,2335,60.3439087073123,30.14519660961519,0.8354673495518566,0.0,1.0,0.0,0.0,0.0,0.0,0.0,0.0,0.0,0.0,0.0,0.0,0.0,0.0,0.0,0.0,0.0
1634,Quartz,1.0,1720,46.797136845585754,2246.5267441860465,4532.063953488372,2222,4504,2273,4553,50.35164501838581,46.71658817061301,0.9168443496801706,0.0,0.0,0.0,0.0,0.0,0.0,1.0,0.0,0.0,0.0,0.0,0.0,0.0,0.0,0.0,0.0,0.0
1635,Zircon,1.0,584,27.26851470332286,2244.828767123288,640.0445205479452,2231,625,2256,658,31.755748695729434,24.790692399621335,0.9125,0.0,1.0,0.0,0.0,0.0,0.0,0.0,0.0,0.0,0.0,0.0,0.0,0.0,0.0,0.0,0.0,0.0
1636,Zircon,0.9950293718933574,8852,106.16363054264704,2260.6578174423857,2193.747740623588,2206,2131,2328,2257,145.00645139863914,85.55494802771378,0.8611732658818951,0.0,0.9950293718933574,0.0,0.0,0.0,0.0,0.0,0.0,0.004970628106642567,0.0,0.0,0.0,0.0,0.0,0.0,0.0,0.0
1637,Quartz,1.0,1245,39.81435963562993,2253.778313253012,4567.8265060240965,2228,4552,2279,4586,47.36910303461227,35.04125729984269,0.9114202049780381,0.0,0.0,0.0,0.0,0.0,0.0,1.0,0.0,0.0,0.0,0.0,0.0,0.0,0.0,0.0,0.0,0.0
1638,Zircon,1.0,6503,90.99382813912581,2250.7848685222207,1837.1942180532062,2204,1788,2297,1881,94.442160157558,89.47306856064444,0.9320624910419951,0.0,1.0,0.0,0.0,0.0,0.0,0.0,0.0,0.0,0.0,0.0,0.0,0.0,0.0,0.0,0.0,0.0
1639,Zircon,1.0,3463,66.40202213350034,2252.9650591972277,2014.038983540283,2213,1972,2289,2052,82.93381586856438,62.04684745252294,0.8239352843207233,0.0,1.0,0.0,0.0,0.0,0.0,0.0,0.0,0.0,0.0,0.0,0.0,0.0,0.0,0.0,0.0,0.0
1640,Zircon,1.0,829,32.48869930584249,2268.668275030157,645.7370325693606,2255,629,2287,666,34.577249011844934,32.297812427561475,0.8952483801295896,0.0,1.0,0.0,0.0,0.0,0.0,0.0,0.0,0.0,0.0,0.0,0.0,0.0,0.0,0.0,0.0,0.0
1641,Zircon,1.0,697,29.790064831759068,2255.698708751793,1043.4921090387375,2236,1026,2272,1060,33.137631668616606,29.40825853604945,0.8219339622641509,0.0,1.0,0.0,0.0,0.0,0.0,0.0,0.0,0.0,0.0,0.0,0.0,0.0,0.0,0.0,0.0,0.0
1643,Zircon,1.0,3526,67.00330316287537,2281.7195121951218,1382.6213840045377,2236,1350,2335,1411,106.5475778859678,43.69725178085978,0.9504043126684636,0.0,1.0,0.0,0.0,0.0,0.0,0.0,0.0,0.0,0.0,0.0,0.0,0.0,0.0,0.0,0.0,0.0
1644,Rutile,1.0,2182,52.70871547108813,2260.9152153987166,4266.61503208066,2234,4236,2290,4295,55.73602577617609,51.74983051235957,0.8700159489633174,0.0,0.0,1.0,0.0,0.0,0.0,0.0,0.0,0.0,0.0,0.0,0.0,0.0,0.0,0.0,0.0,0.0
1646,Zircon,1.0,2644,58.021076827992175,2262.695158850227,1911.5030257186081,2233,1883,2299,1951,64.68942349277377,55.44440423211224,0.9215754618333915,0.0,1.0,0.0,0.0,0.0,0.0,0.0,0.0,0.0,0.0,0.0,0.0,0.0,0.0,0.0,0.0,0.0
1647,Quartz,1.0,567,26.86869594648831,2267.0088183421517,4223.820105820106,2253,4209,2285,4238,30.25879011277556,25.39187382292039,0.8915094339622641,0.0,0.0,0.0,0.0,0.0,0.0,1.0,0.0,0.0,0.0,0.0,0.0,0.0,0.0,0.0,0.0,0.0
1648,Zircon,1.0,6094,88.08587733352086,2273.9972103708565,266.9725959960617,2209,225,2331,312,115.23810275782841,70.84901799905897,0.915015015015015,0.0,1.0,0.0,0.0,0.0,0.0,0.0,0.0,0.0,0.0,0.0,0.0,0.0,0.0,0.0,0.0,0.0
1649,Orthoclase,1.0,722,30.319613310508885,2262.01108033241,4175.569252077562,2243,4152,2282,4198,47.57143854412273,24.112933323821174,0.722,0.0,0.0,0.0,0.0,0.0,0.0,0.0,0.0,1.0,0.0,0.0,0.0,0.0,0.0,0.0,0.0,0.0
1650,Zircon,1.0,1114,37.66150359232848,2270.8043087971273,503.19928186714543,2247,484,2293,527,46.3584477179511,32.63543604652859,0.9229494614747308,0.0,1.0,0.0,0.0,0.0,0.0,0.0,0.0,0.0,0.0,0.0,0.0,0.0,0.0,0.0,0.0,0.0
1651,Zircon,1.0,951,34.79728160421644,2263.348054679285,3341.160883280757,2241,3327,2288,3360,47.7105048034457,28.75065788501578,0.7782324058919804,0.0,1.0,0.0,0.0,0.0,0.0,0.0,0.0,0.0,0.0,0.0,0.0,0.0,0.0,0.0,0.0,0.0
1652,Zircon,1.0,2833,60.05903454297876,2272.900458877515,3421.181080127074,2239,3390,2307,3453,71.53287670452526,53.94220500459017,0.8982244768547876,0.0,1.0,0.0,0.0,0.0,0.0,0.0,0.0,0.0,0.0,0.0,0.0,0.0,0.0,0.0,0.0,0.0
1653,Rutile,1.0,277,18.77997214831907,2268.198555956679,4328.815884476534,2261,4315,2279,4342,26.187146968546585,14.88410897706517,0.8445121951219512,0.0,0.0,1.0,0.0,0.0,0.0,0.0,0.0,0.0,0.0,0.0,0.0,0.0,0.0,0.0,0.0,0.0
1654,Zircon,1.0,1157,38.381481905452574,2268.4321521175452,3368.177182368194,2248,3351,2294,3393,49.05012260109709,32.093835477589806,0.9088766692851532,0.0,1.0,0.0,0.0,0.0,0.0,0.0,0.0,0.0,0.0,0.0,0.0,0.0,0.0,0.0,0.0,0.0
1655,Zircon,1.0,1155,38.34829427978659,2272.787012987013,4623.683116883117,2253,4603,2300,4640,50.89567400245176,31.274750758540193,0.924,0.0,1.0,0.0,0.0,0.0,0.0,0.0,0.0,0.0,0.0,0.0,0.0,0.0,0.0,0.0,0.0,0.0
1656,Zircon,1.0,1955,49.89171584499017,2262.8496163682867,3264.306905370844,2239,3230,2294,3295,70.77842949760223,36.6187066168504,0.9013370216689719,0.0,1.0,0.0,0.0,0.0,0.0,0.0,0.0,0.0,0.0,0.0,0.0,0.0,0.0,0.0,0.0,0.0
1657,Zircon,1.0,643,28.61281229213077,2276.818040435459,3069.189735614308,2258,3058,2296,3086,36.06178707535209,24.149162525568535,0.9056338028169014,0.0,1.0,0.0,0.0,0.0,0.0,0.0,0.0,0.0,0.0,0.0,0.0,0.0,0.0,0.0,0.0,0.0
1658,Zircon,1.0,2266,53.71369293178304,2286.016769638129,3240.17519858782,2255,3207,2310,3279,74.07625964884929,40.99237178899705,0.8999205718824463,0.0,1.0,0.0,0.0,0.0,0.0,0.0,0.0,0.0,0.0,0.0,0.0,0.0,0.0,0.0,0.0,0.0
1659,Rutile,0.9566965666563563,3233,64.15904806127334,2282.0615527373957,989.1540364986081,2238,956,2326,1026,95.57841335712342,46.98146089931207,0.8393042575285566,0.0,0.0,0.9566965666563563,0.0,0.0,0.0,0.04330343334364367,0.0,0.0,0.0,0.0,0.0,0.0,0.0,0.0,0.0,0.0
1660,Zircon,1.0,2336,54.53702940664572,2288.5595034246576,3174.970890410959,2255,3151,2329,3199,80.9913890481624,42.46460290473527,0.8196491228070175,0.0,1.0,0.0,0.0,0.0,0.0,0.0,0.0,0.0,0.0,0.0,0.0,0.0,0.0,0.0,0.0,0.0
1661,Zircon,1.0,2737,59.032674290939426,2275.4957983193276,3973.2217756667883,2250,3932,2306,4009,68.49194400137901,54.81630953388311,0.8800643086816721,0.0,1.0,0.0,0.0,0.0,0.0,0.0,0.0,0.0,0.0,0.0,0.0,0.0,0.0,0.0,0.0,0.0
1662,Zircon,0.9710507505360972,2798,59.68688504327383,2279.496068620443,2365.345604002859,2243,2331,2309,2404,66.9577089200441,56.53259889937541,0.9131853785900783,0.0,0.9710507505360972,0.0,0.0,0.0,0.0,0.0,0.0,0.0,0.0,0.0,0.0,0.0,0.0,0.0,0.0,0.028949249463902788
1663,Zircon,1.0,1270,40.212115361090575,2280.6842519685038,3871.0141732283464,2261,3846,2306,3894,44.56228785877175,40.156458328259646,0.856372218476062,0.0,1.0,0.0,0.0,0.0,0.0,0.0,0.0,0.0,0.0,0.0,0.0,0.0,0.0,0.0,0.0,0.0
1664,Zircon,0.9869696969696969,3300,64.82044814428573,2281.179696969697,2514.339696969697,2250,2475,2314,2548,72.26353780656493,59.675211524029415,0.9356393535582648,0.0,0.9869696969696969,0.013030303030303031,0.0,0.0,0.0,0.0,0.0,0.0,0.0,0.0,0.0,0.0,0.0,0.0,0.0,0.0
1665,Zircon,1.0,2515,56.58796210333903,2279.0326043737573,3686.5328031809145,2247,3655,2308,3719,65.28742502658963,50.477723915336306,0.9239529757531227,0.0,1.0,0.0,0.0,0.0,0.0,0.0,0.0,0.0,0.0,0.0,0.0,0.0,0.0,0.0,0.0,0.0
1666,Quartz,1.0,8492,103.982451470866,2281.166509656147,165.0555817239755,2225,97,2333,223,130.664837226294,85.98272906247057,0.9104749651549265,0.0,0.0,0.0,0.0,0.0,0.0,1.0,0.0,0.0,0.0,0.0,0.0,0.0,0.0,0.0,0.0,0.0
1667,Zircon,1.0,3786,69.42971205735572,2281.577390385631,3493.354463814052,2238,3456,2326,3528,85.13085769470597,58.56507590649586,0.9297642436149313,0.0,1.0,0.0,0.0,0.0,0.0,0.0,0.0,0.0,0.0,0.0,0.0,0.0,0.0,0.0,0.0,0.0
1668,Zircon,1.0,4329,74.24186143381993,2275.6070686070684,70.63802263802263,2228,35,2325,109,93.14471809315113,65.09404444375184,0.8326601269474899,0.0,1.0,0.0,0.0,0.0,0.0,0.0,0.0,0.0,0.0,0.0,0.0,0.0,0.0,0.0,0.0,0.0
1669,Quartz,1.0,1692,46.414666967370295,2288.1908983451535,848.7411347517731,2266,824,2312,877,49.37254091158968,44.59714102316101,0.897136797454931,0.0,0.0,0.0,0.0,0.0,0.0,1.0,0.0,0.0,0.0,0.0,0.0,0.0,0.0,0.0,0.0,0.0
1670,Zircon,1.0,1091,37.2706901372387,2287.1310724106324,2891.8835930339137,2266,2875,2310,2912,40.9542998760939,34.76392444744217,0.9061461794019934,0.0,1.0,0.0,0.0,0.0,0.0,0.0,0.0,0.0,0.0,0.0,0.0,0.0,0.0,0.0,0.0,0.0
1671,Zircon,1.0,813,32.173649930800316,2289.3813038130384,2443.4587945879457,2274,2427,2308,2462,38.26660476157851,27.767172151722388,0.9165727170236753,0.0,1.0,0.0,0.0,0.0,0.0,0.0,0.0,0.0,0.0,0.0,0.0,0.0,0.0,0.0,0.0,0.0
1672,Quartz,1.0,580,27.17496892263898,2294.6775862068966,2634.755172413793,2276,2620,2314,2650,38.35008997713413,22.31313348092089,0.8055555555555556,0.0,0.0,0.0,0.0,0.0,0.0,1.0,0.0,0.0,0.0,0.0,0.0,0.0,0.0,0.0,0.0,0.0
1673,Zircon,1.0,2368,54.90930014062158,2291.477195945946,2792.8602195945946,2260,2767,2319,2823,56.85095789079848,53.787422681347934,0.9594813614262561,0.0,1.0,0.0,0.0,0.0,0.0,0.0,0.0,0.0,0.0,0.0,0.0,0.0,0.0,0.0,0.0,0.0
1674,Zircon,1.0,2884,60.59721814585394,2298.0592926490986,2119.0894590846046,2267,2087,2326,2155,70.11406929950873,54.55394186892485,0.9443352979698756,0.0,1.0,0.0,0.0,0.0,0.0,0.0,0.0,0.0,0.0,0.0,0.0,0.0,0.0,0.0,0.0,0.0
1675,Zircon,1.0,2737,59.032674290939426,2291.366824990866,2737.6857873584217,2250,2709,2326,2767,67.93459486162578,53.818752697564385,0.9044943820224719,0.0,1.0,0.0,0.0,0.0,0.0,0.0,0.0,0.0,0.0,0.0,0.0,0.0,0.0,0.0,0.0,0.0
1676,Zircon,1.0,10010,112.8943215702144,2305.286813186813,4445.608191808192,2243,4385,2360,4509,129.4550528350937,100.34635774867442,0.9463931171409663,0.0,1.0,0.0,0.0,0.0,0.0,0.0,0.0,0.0,0.0,0.0,0.0,0.0,0.0,0.0,0.0,0.0
1677,Zircon,0.9871043376318874,5971,87.1923925673201,2301.9983252386537,4110.307318707084,2259,4055,2354,4159,97.79502369924832,80.86856522192795,0.8943978430197723,0.0,0.9871043376318874,0.0,0.0,0.0,0.0,0.0,0.0,0.0,0.0,0.0,0.0,0.0,0.0,0.0,0.0,0.012895662368112544
1678,Zircon,1.0,611,27.891743614073043,2305.7250409165304,1171.2340425531916,2285,1161,2329,1186,42.09098856669207,20.7779336953975,0.8617771509167842,0.0,1.0,0.0,0.0,0.0,0.0,0.0,0.0,0.0,0.0,0.0,0.0,0.0,0.0,0.0,0.0,0.0
1679,Zircon,1.0,4445,75.22997923931521,2303.562429696288,1674.8940382452192,2274,1621,2344,1723,104.29071962440737,60.39004243480145,0.8657966497857421,0.0,1.0,0.0,0.0,0.0,0.0,0.0,0.0,0.0,0.0,0.0,0.0,0.0,0.0,0.0,0.0,0.0
1680,Zircon,1.0,5386,82.81103904639518,2304.2064611956926,1765.025250649833,2255,1721,2364,1807,97.24534654019804,73.65437850937134,0.8880461665292663,0.0,1.0,0.0,0.0,0.0,0.0,0.0,0.0,0.0,0.0,0.0,0.0,0.0,0.0,0.0,0.0,0.0
1681,Zircon,1.0,1361,41.62786350972815,2304.0213078618663,3573.597354886113,2278,3549,2323,3601,48.523101972117445,39.15834667297793,0.8685386088066369,0.0,1.0,0.0,0.0,0.0,0.0,0.0,0.0,0.0,0.0,0.0,0.0,0.0,0.0,0.0,0.0,0.0
1682,Zircon,1.0,3008,61.88622262316039,2295.0186170212764,1127.5222739361702,2244,1101,2335,1157,87.75587161306646,47.198087581282174,0.8888888888888888,0.0,1.0,0.0,0.0,0.0,0.0,0.0,0.0,0.0,0.0,0.0,0.0,0.0,0.0,0.0,0.0,0.0
1684,Zircon,1.0,1966,50.03187928660416,2309.5239064089524,4544.631230925737,2287,4513,2333,4573,59.21367277196461,43.67012558854516,0.913144449605202,0.0,1.0,0.0,0.0,0.0,0.0,0.0,0.0,0.0,0.0,0.0,0.0,0.0,0.0,0.0,0.0,0.0
1685,Zircon,1.0,2103,51.745751154834416,2312.242035187827,4305.035663338089,2285,4280,2340,4334,57.953819071484936,47.59891135442509,0.9103896103896104,0.0,1.0,0.0,0.0,0.0,0.0,0.0,0.0,0.0,0.0,0.0,0.0,0.0,0.0,0.0,0.0,0.0
1686,Zircon,1.0,1831,48.283554202337704,2314.99781540142,352.54669579464775,2295,317,2336,385,68.65191342680188,36.888253972129256,0.8383699633699634,0.0,1.0,0.0,0.0,0.0,0.0,0.0,0.0,0.0,0.0,0.0,0.0,0.0,0.0,0.0,0.0,0.0
1687,Zircon,1.0,1171,38.61299660586932,2308.202391118702,4606.298889837745,2288,4578,2330,4633,54.03833604705742,31.01880570087439,0.8183088749126485,0.0,1.0,0.0,0.0,0.0,0.0,0.0,0.0,0.0,0.0,0.0,0.0,0.0,0.0,0.0,0.0,0.0
1688,Zircon,1.0,1496,43.64362907600379,2335.0708556149734,4589.008021390375,2315,4565,2359,4614,45.42141591129497,42.81087289568467,0.9420654911838791,0.0,1.0,0.0,0.0,0.0,0.0,0.0,0.0,0.0,0.0,0.0,0.0,0.0,0.0,0.0,0.0,0.0
1689,Zircon,1.0,1977,50.17165115821301,2315.850278199292,3836.95397066262,2288,3813,2343,3867,56.291311212608285,46.32768439133581,0.9369668246445497,0.0,1.0,0.0,0.0,0.0,0.0,0.0,0.0,0.0,0.0,0.0,0.0,0.0,0.0,0.0,0.0,0.0
1690,Zircon,0.9874320015006566,5331,82.38713499681339,2315.3974864003003,931.3547176889889,2263,882,2364,986,123.57620980293032,56.798448363210696,0.9029471544715447,0.0,0.9874320015006566,0.0,0.0,0.0,0.0,0.0,0.0,0.0,0.0,0.0,0.0,0.0,0.0,0.0,0.0,0.012567998499343463
1691,Zircon,1.0,508,25.43237481489809,2318.0905511811025,1092.7696850393702,2301,1079,2331,1106,27.478359735251722,25.55631406582298,0.8943661971830986,0.0,1.0,0.0,0.0,0.0,0.0,0.0,0.0,0.0,0.0,0.0,0.0,0.0,0.0,0.0,0.0,0.0
1692,Zircon,1.0,6393,90.22095327301689,2324.7993117472233,660.8848740810262,2282,607,2367,719,108.41288278422967,77.07666183786928,0.953609785202864,0.0,1.0,0.0,0.0,0.0,0.0,0.0,0.0,0.0,0.0,0.0,0.0,0.0,0.0,0.0,0.0,0.0
1693,Quartz,1.0,1073,36.961953837707625,2318.7297297297296,2292.057781919851,2289,2270,2341,2308,47.61954451639946,34.03889108253126,0.8409090909090909,0.0,0.0,0.0,0.0,0.0,0.0,1.0,0.0,0.0,0.0,0.0,0.0,0.0,0.0,0.0,0.0,0.0
1694,Zircon,1.0,3292,64.74183022797668,2335.6652490887,3941.1373025516405,2296,3913,2377,3971,82.07452601142643,51.778675164916876,0.9349616586197103,0.0,1.0,0.0,0.0,0.0,0.0,0.0,0.0,0.0,0.0,0.0,0.0,0.0,0.0,0.0,0.0,0.0
1695,Rutile,1.0,1694,46.44209070209227,2306.097992916175,4204.30401416765,2279,4178,2329,4228,57.27552720702425,38.99356152422466,0.9328193832599119,0.0,0.0,1.0,0.0,0.0,0.0,0.0,0.0,0.0,0.0,0.0,0.0,0.0,0.0,0.0,0.0,0.0
1696,Quartz,0.9691572545612511,2302,54.13868701751405,2330.602519548219,789.6394439617724,2304,758,2366,818,58.541673499623734,56.60871042830938,0.8065872459705676,0.0,0.0,0.0,0.030842745438748913,0.0,0.0,0.9691572545612511,0.0,0.0,0.0,0.0,0.0,0.0,0.0,0.0,0.0,0.0
1697,Rutile,1.0,1468,43.23327019404407,2348.3889645776567,4190.719346049046,2328,4171,2377,4217,54.90993546210407,36.40818453152047,0.9422336328626444,0.0,0.0,1.0,0.0,0.0,0.0,0.0,0.0,0.0,0.0,0.0,0.0,0.0,0.0,0.0,0.0,0.0
1698,Zircon,1.0,5064,80.29747850673061,2325.888823064771,541.3746050552922,2286,486,2368,600,105.10788926994529,65.76101442300202,0.8569977999661533,0.0,1.0,0.0,0.0,0.0,0.0,0.0,0.0,0.0,0.0,0.0,0.0,0.0,0.0,0.0,0.0,0.0
1699,Zircon,1.0,866,33.20580439833751,2335.0219399538105,1431.0323325635104,2313,1418,2360,1445,45.73904857815244,24.540074124022368,0.9135021097046413,0.0,1.0,0.0,0.0,0.0,0.0,0.0,0.0,0.0,0.0,0.0,0.0,0.0,0.0,0.0,0.0,0.0
1700,Rutile,0.9496619083395943,1331,41.16651350360511,2327.770848985725,2166.1217129977463,2297,2151,2360,2186,63.418018478832735,30.197975334568625,0.8018072289156627,0.0,0.0,0.9496619083395943,0.0,0.0,0.0,0.05033809166040571,0.0,0.0,0.0,0.0,0.0,0.0,0.0,0.0,0.0,0.0
1702,Zircon,1.0,2652,58.10878825649053,2337.5569381598793,3233.643665158371,2304,3198,2365,3270,77.85471676197325,45.87547944532435,0.8962487326799594,0.0,1.0,0.0,0.0,0.0,0.0,0.0,0.0,0.0,0.0,0.0,0.0,0.0,0.0,0.0,0.0,0.0
1703,Rutile,0.9718614718614719,1848,48.50718172261279,2348.2391774891776,2205.5021645021643,2316,2178,2374,2238,73.56328790923499,44.56790174386927,0.7469684721099434,0.0,0.0,0.9718614718614719,0.0,0.0,0.0,0.02813852813852814,0.0,0.0,0.0,0.0,0.0,0.0,0.0,0.0,0.0,0.0
1704,Quartz,1.0,315,20.026743534373637,2344.2698412698414,2195.8285714285716,2333,2178,2354,2216,47.511332668159085,11.295030658613392,0.618860510805501,0.0,0.0,0.0,0.0,0.0,0.0,1.0,0.0,0.0,0.0,0.0,0.0,0.0,0.0,0.0,0.0,0.0
1705,Zircon,1.0,1637,45.654059345598846,2336.331704337202,2585.1459987782528,2309,2559,2361,2613,56.15490680432837,41.87697123698314,0.811199207135778,0.0,1.0,0.0,0.0,0.0,0.0,0.0,0.0,0.0,0.0,0.0,0.0,0.0,0.0,0.0,0.0,0.0
1706,Zircon,1.0,1130,37.930999005440576,2328.4884955752214,3460.854867256637,2313,3435,2344,3491,54.90853242981212,27.631435602397808,0.8911671924290221,0.0,1.0,0.0,0.0,0.0,0.0,0.0,0.0,0.0,0.0,0.0,0.0,0.0,0.0,0.0,0.0,0.0
1707,Zircon,1.0,5268,81.89887619292976,2343.8623766135156,3076.300303720577,2301,3037,2400,3117,90.88134613575792,76.31096538518604,0.9079627714581179,0.0,1.0,0.0,0.0,0.0,0.0,0.0,0.0,0.0,0.0,0.0,0.0,0.0,0.0,0.0,0.0,0.0
1708,Rutile,1.0,2424,55.554771680189944,2342.5738448844886,4372.726072607261,2305,4339,2380,4400,68.82274130343559,50.12371370287215,0.8944649446494465,0.0,0.0,1.0,0.0,0.0,0.0,0.0,0.0,0.0,0.0,0.0,0.0,0.0,0.0,0.0,0.0,0.0
1709,Zircon,1.0,120,12.360774464742066,2339.633333333333,1965.525,2334,1957,2347,1974,15.570720735652136,11.32217049249928,0.8333333333333334,0.0,1.0,0.0,0.0,0.0,0.0,0.0,0.0,0.0,0.0,0.0,0.0,0.0,0.0,0.0,0.0,0.0
1710,Zircon,1.0,3240,64.22846818149976,2337.792901234568,2877.7984567901235,2306,2843,2371,2917,73.31483382160467,58.43653496156897,0.9152542372881356,0.0,1.0,0.0,0.0,0.0,0.0,0.0,0.0,0.0,0.0,0.0,0.0,0.0,0.0,0.0,0.0,0.0
1712,Zircon,1.0,6546,91.29417319761637,2335.168499847235,1581.3473877176903,2287,1525,2381,1636,120.67650568475169,73.50449461247237,0.8960985626283368,0.0,1.0,0.0,0.0,0.0,0.0,0.0,0.0,0.0,0.0,0.0,0.0,0.0,0.0,0.0,0.0,0.0
1713,Zircon,1.0,921,34.24403043891132,2353.023887079262,3470.2975027144407,2341,3449,2372,3492,41.72929839512637,30.83616488189043,0.9145978152929494,0.0,1.0,0.0,0.0,0.0,0.0,0.0,0.0,0.0,0.0,0.0,0.0,0.0,0.0,0.0,0.0,0.0
1714,Zircon,1.0,1115,37.67840352748118,2337.126457399103,2420.2681614349776,2316,2389,2359,2450,69.08807501429882,21.216206599678056,0.8807266982622433,0.0,1.0,0.0,0.0,0.0,0.0,0.0,0.0,0.0,0.0,0.0,0.0,0.0,0.0,0.0,0.0,0.0
1715,Rutile,1.0,2492,56.32861568936366,2340.0044141252006,2055.7431781701443,2304,2025,2372,2083,67.06036886382411,50.44535778344042,0.8525487512829285,0.0,0.0,1.0,0.0,0.0,0.0,0.0,0.0,0.0,0.0,0.0,0.0,0.0,0.0,0.0,0.0,0.0
1716,Zircon,1.0,5661,84.89881661569704,2348.8203497615264,3391.901960784314,2306,3351,2400,3439,95.62668734556304,76.83724165948381,0.9474476987447699,0.0,1.0,0.0,0.0,0.0,0.0,0.0,0.0,0.0,0.0,0.0,0.0,0.0,0.0,0.0,0.0,0.0
1717,Rutile,1.0,759,31.086794856562303,2332.783926218709,3885.0316205533595,2314,3870,2347,3905,36.6793351426296,29.32230368726381,0.8950471698113207,0.0,0.0,1.0,0.0,0.0,0.0,0.0,0.0,0.0,0.0,0.0,0.0,0.0,0.0,0.0,0.0,0.0
1718,Rutile,1.0,140,13.351162356249091,2347.9857142857145,3886.85,2346,3869,2353,3906,44.100151547487904,4.764355409516709,0.7253886010362695,0.0,0.0,1.0,0.0,0.0,0.0,0.0,0.0,0.0,0.0,0.0,0.0,0.0,0.0,0.0,0.0,0.0
1719,Zircon,1.0,2795,59.65487848897842,2349.0203935599284,1497.9817531305903,2325,1455,2372,1538,84.71226261145364,44.19045836311473,0.9197104310628497,0.0,1.0,0.0,0.0,0.0,0.0,0.0,0.0,0.0,0.0,0.0,0.0,0.0,0.0,0.0,0.0,0.0
1720,Quartz,1.0,682,29.467768315727287,2350.2961876832846,4018.1011730205278,2334,3996,2365,4035,35.3154684313729,27.19023594083183,0.8766066838046273,0.0,0.0,0.0,0.0,0.0,0.0,1.0,0.0,0.0,0.0,0.0,0.0,0.0,0.0,0.0,0.0,0.0
1721,Rutile,1.0,858,33.05207299675423,2362.848484848485,3889.3519813519815,2350,3872,2382,3907,35.9073449173064,31.632884122435467,0.9459757442116868,0.0,0.0,1.0,0.0,0.0,0.0,0.0,0.0,0.0,0.0,0.0,0.0,0.0,0.0,0.0,0.0,0.0
1722,Zircon,1.0,3589,67.5992361351406,2355.693229311786,68.67121760936195,2317,35,2400,107,74.22968759521316,65.07816324889257,0.891012909632572,0.0,1.0,0.0,0.0,0.0,0.0,0.0,0.0,0.0,0.0,0.0,0.0,0.0,0.0,0.0,0.0,0.0
1723,Zircon,1.0,6478,90.81875230806898,2354.580889163322,1206.2259956776784,2299,1160,2408,1260,101.74268632177451,85.2524956022445,0.9132947976878613,0.0,1.0,0.0,0.0,0.0,0.0,0.0,0.0,0.0,0.0,0.0,0.0,0.0,0.0,0.0,0.0,0.0
1724,Zircon,1.0,4608,76.59691783707507,2350.2209201388887,3530.7374131944443,2305,3490,2386,3574,85.67883224323518,71.63131474076637,0.9117530668777206,0.0,1.0,0.0,0.0,0.0,0.0,0.0,0.0,0.0,0.0,0.0,0.0,0.0,0.0,0.0,0.0,0.0
1725,Zircon,0.9851932105453233,5538,83.97142727584979,2345.3609606356085,2962.571686529433,2297,2918,2394,3009,110.8418564083927,65.10073673617177,0.9348413234301148,0.0,0.9851932105453233,0.0,0.0,0.0,0.0,0.0,0.0,0.0,0.0,0.0,0.0,0.0,0.0,0.0,0.0,0.014806789454676778
1726,Zircon,1.0,1680,46.24978308224886,2343.245238095238,3617.4934523809525,2323,3587,2359,3648,61.76294815712141,37.07025563513913,0.9090909090909091,0.0,1.0,0.0,0.0,0.0,0.0,0.0,0.0,0.0,0.0,0.0,0.0,0.0,0.0,0.0,0.0,0.0
1727,Zircon,1.0,1422,42.55051859394197,2362.0886075949365,4135.391701828411,2336,4115,2389,4154,53.23557854613916,34.98418748578503,0.9057324840764331,0.0,1.0,0.0,0.0,0.0,0.0,0.0,0.0,0.0,0.0,0.0,0.0,0.0,0.0,0.0,0.0,0.0
1728,Zircon,0.9963162368943044,3529,67.03180106017135,2366.1258146783794,387.5307452536129,2330,350,2411,424,83.41621983529888,59.08295380091629,0.8687838503200394,0.0,0.9963162368943044,0.0,0.0,0.0,0.0,0.0,0.0,0.0,0.0,0.0,0.0,0.0,0.0,0.0,0.0,0.0036837631056956645
1729,Zircon,1.0,1645,45.76547881416016,2374.3477203647417,3617.909422492401,2359,3591,2396,3648,56.974880057057,38.66629448338597,0.951417004048583,0.0,1.0,0.0,0.0,0.0,0.0,0.0,0.0,0.0,0.0,0.0,0.0,0.0,0.0,0.0,0.0,0.0
1730,Zircon,1.0,5352,82.54924617113467,2339.8436098654706,3308.218236173393,2291,3272,2393,3345,106.57150890129321,67.96187193133747,0.9183253260123542,0.0,1.0,0.0,0.0,0.0,0.0,0.0,0.0,0.0,0.0,0.0,0.0,0.0,0.0,0.0,0.0,0.0
1731,Zircon,1.0,2306,54.18570282057145,2357.4908933217694,2652.743278404163,2320,2621,2394,2676,78.99443453707623,41.98483478253463,0.8032044583768722,0.0,1.0,0.0,0.0,0.0,0.0,0.0,0.0,0.0,0.0,0.0,0.0,0.0,0.0,0.0,0.0,0.0
1732,Zircon,1.0,3381,65.61114921070644,2367.6243714877255,2742.925170068027,2338,2704,2405,2778,71.01860359361636,63.48545032496696,0.9142779881016766,0.0,1.0,0.0,0.0,0.0,0.0,0.0,0.0,0.0,0.0,0.0,0.0,0.0,0.0,0.0,0.0,0.0
1733,Zircon,1.0,3725,68.86811529393324,2370.704966442953,3155.7460402684565,2342,3108,2400,3205,100.05479743660372,49.384476869507246,0.8993239980685659,0.0,1.0,0.0,0.0,0.0,0.0,0.0,0.0,0.0,0.0,0.0,0.0,0.0,0.0,0.0,0.0,0.0
1734,Zircon,1.0,2541,56.87971240409051,2365.1086186540733,4239.078709169618,2337,4208,2396,4278,63.844743167991545,52.21651483390586,0.9432071269487751,0.0,1.0,0.0,0.0,0.0,0.0,0.0,0.0,0.0,0.0,0.0,0.0,0.0,0.0,0.0,0.0,0.0
1735,Zircon,1.0,1879,48.91234102511728,2361.9393294305482,2805.1607237892495,2332,2779,2397,2829,63.79424877859692,39.33999675408545,0.9011990407673861,0.0,1.0,0.0,0.0,0.0,0.0,0.0,0.0,0.0,0.0,0.0,0.0,0.0,0.0,0.0,0.0,0.0
1736,Rutile,1.0,1620,45.416385396362884,2347.2981481481484,1892.7469135802469,2317,1872,2371,1922,62.783722798108194,38.10607668243087,0.7948969578017664,0.0,0.0,1.0,0.0,0.0,0.0,0.0,0.0,0.0,0.0,0.0,0.0,0.0,0.0,0.0,0.0,0.0
1737,Quartz,1.0,846,32.82012575914278,2370.3132387706855,1729.4101654846336,2347,1712,2388,1751,41.28265584166334,30.625331323434438,0.789179104477612,0.0,0.0,0.0,0.0,0.0,0.0,1.0,0.0,0.0,0.0,0.0,0.0,0.0,0.0,0.0,0.0,0.0
1738,Rutile,1.0,660,28.988585676524604,2378.7909090909093,1893.9651515151515,2369,1875,2392,1915,41.49957930935235,21.19689615454648,0.9041095890410958,0.0,0.0,1.0,0.0,0.0,0.0,0.0,0.0,0.0,0.0,0.0,0.0,0.0,0.0,0.0,0.0,0.0
1739,Zircon,1.0,5735,85.4519092183209,2367.4692240627724,1072.2707933740191,2323,1018,2418,1130,115.80221549010278,68.3483363769055,0.8974960876369327,0.0,1.0,0.0,0.0,0.0,0.0,0.0,0.0,0.0,0.0,0.0,0.0,0.0,0.0,0.0,0.0,0.0
1740,Quartz,1.0,521,25.75573339679963,2379.68330134357,4161.06142034549,2364,4147,2397,4175,37.05080248754284,18.26250706397106,0.9045138888888888,0.0,0.0,0.0,0.0,0.0,0.0,1.0,0.0,0.0,0.0,0.0,0.0,0.0,0.0,0.0,0.0,0.0
1741,Zircon,1.0,2871,60.460489023284055,2384.355625217694,4424.983629397422,2354,4389,2418,4468,73.37192489335773,52.802649027184124,0.8863846866316765,0.0,1.0,0.0,0.0,0.0,0.0,0.0,0.0,0.0,0.0,0.0,0.0,0.0,0.0,0.0,0.0,0.0
1742,Quartz,1.0,4014,71.48974424745792,2379.393373193822,2346.0266567015447,2339,2311,2426,2384,85.38727289792313,61.754574925708646,0.900605788647072,0.0,0.0,0.0,0.0,0.0,0.0,1.0,0.0,0.0,0.0,0.0,0.0,0.0,0.0,0.0,0.0,0.0
1743,Quartz,1.0,3704,68.6737160324024,2376.7189524838013,4064.4519438444922,2330,4025,2422,4107,78.98924747492917,66.69247446817084,0.8060935799782372,0.0,0.0,0.0,0.0,0.0,0.0,1.0,0.0,0.0,0.0,0.0,0.0,0.0,0.0,0.0,0.0,0.0
1744,Zircon,1.0,2477,56.15883147207568,2387.471134436819,3983.2696810658053,2359,3955,2427,4016,67.24924138532481,54.98530669534797,0.8300938337801609,0.0,1.0,0.0,0.0,0.0,0.0,0.0,0.0,0.0,0.0,0.0,0.0,0.0,0.0,0.0,0.0,0.0
1745,Zircon,1.0,6996,94.37999711256194,2403.7216981132074,4515.176672384219,2341,4473,2468,4554,126.09466364502461,72.72135873038211,0.9242964724534285,0.0,1.0,0.0,0.0,0.0,0.0,0.0,0.0,0.0,0.0,0.0,0.0,0.0,0.0,0.0,0.0,0.0
1746,Zircon,1.0,1315,40.91833331560242,2391.2342205323193,4363.99391634981,2370,4342,2418,4386,45.482702045188326,38.74102176178804,0.9119278779472955,0.0,1.0,0.0,0.0,0.0,0.0,0.0,0.0,0.0,0.0,0.0,0.0,0.0,0.0,0.0,0.0,0.0
1747,Zircon,0.9690957649752003,5242,81.69652191802123,2394.766882869134,138.33956505150707,2356,83,2430,185,98.51932473949849,71.00614816058405,0.9286093888396811,0.0,0.9690957649752003,0.01812285387256772,0.0,0.012781381152231973,0.0,0.0,0.0,0.0,0.0,0.0,0.0,0.0,0.0,0.0,0.0,0.0
1748,Zircon,1.0,516,25.631847476983474,2391.470930232558,1569.1841085271317,2381,1553,2402,1585,30.850114636933107,22.075834703280456,0.911660777385159,0.0,1.0,0.0,0.0,0.0,0.0,0.0,0.0,0.0,0.0,0.0,0.0,0.0,0.0,0.0,0.0,0.0
1749,Zircon,0.9907026640443412,5593,84.38737330728908,2400.750402288575,1961.9334882889325,2347,1919,2460,2013,110.14652079981362,69.55934589850385,0.8566396079032012,0.00929733595565886,0.9907026640443412,0.0,0.0,0.0,0.0,0.0,0.0,0.0,0.0,0.0,0.0,0.0,0.0,0.0,0.0,0.0
1750,Quartz,1.0,528,25.928179257714298,2394.159090909091,2584.7689393939395,2382,2565,2410,2601,40.33549049822656,19.169924184200344,0.757532281205165,0.0,0.0,0.0,0.0,0.0,0.0,1.0,0.0,0.0,0.0,0.0,0.0,0.0,0.0,0.0,0.0,0.0
1751,Zircon,1.0,127,12.716187407449045,2395.3937007874015,3923.763779527559,2389,3914,2403,3933,21.266340545061905,8.105108742115183,0.8466666666666667,0.0,1.0,0.0,0.0,0.0,0.0,0.0,0.0,0.0,0.0,0.0,0.0,0.0,0.0,0.0,0.0,0.0
1752,Unknown,1.0,218,16.66031874701878,2394.848623853211,3278.2201834862385,2382,3267,2408,3290,32.99123683098725,11.182194277600678,0.6666666666666666,0.0,0.0,0.0,0.0,0.0,0.0,0.0,0.0,0.0,0.0,0.0,0.0,0.0,0.0,0.0,0.0,1.0
1753,Zircon,1.0,3879,70.27728078139972,2396.967517401392,1642.2191286414024,2362,1596,2432,1688,95.28411982512434,54.48433906207114,0.9035639412997903,0.0,1.0,0.0,0.0,0.0,0.0,0.0,0.0,0.0,0.0,0.0,0.0,0.0,0.0,0.0,0.0,0.0
1754,Zircon,1.0,668,29.163744887841286,2411.372754491018,1561.8622754491018,2399,1540,2425,1582,39.78698433060875,22.828226762294026,0.8156288156288156,0.0,1.0,0.0,0.0,0.0,0.0,0.0,0.0,0.0,0.0,0.0,0.0,0.0,0.0,0.0,0.0,0.0
1755,Zircon,0.9833420093701197,3842,69.94130632803834,2405.90291514836,351.3737636647579,2372,313,2441,392,81.33750024201161,60.86743233663015,0.9488762657446284,0.0,0.9833420093701197,0.0,0.0,0.0,0.0,0.0,0.0,0.0,0.0,0.0,0.0,0.0,0.0,0.0,0.0,0.01665799062988027
1757,Zircon,1.0,31180,199.24760727507464,2391.9455420141117,3753.9809493264916,2267,3660,2504,3868,233.90020515115864,178.24504931117102,0.91303074670571,0.0,1.0,0.0,0.0,0.0,0.0,0.0,0.0,0.0,0.0,0.0,0.0,0.0,0.0,0.0,0.0,0.0
1758,Zircon,1.0,4688,77.25896055292515,2404.6318259385666,1480.1723549488054,2372,1422,2443,1528,107.65829107707128,60.95483503779803,0.8890574625450408,0.0,1.0,0.0,0.0,0.0,0.0,0.0,0.0,0.0,0.0,0.0,0.0,0.0,0.0,0.0,0.0,0.0
1759,Rutile,1.0,879,33.454111254406506,2413.992036405006,2071.0364050056883,2399,2050,2429,2093,45.046816437898336,26.69364165531145,0.8746268656716418,0.0,0.0,1.0,0.0,0.0,0.0,0.0,0.0,0.0,0.0,0.0,0.0,0.0,0.0,0.0,0.0,0.0
1760,Zircon,1.0,1496,43.64362907600379,2395.9351604278077,585.120320855615,2373,558,2414,609,47.98316673224465,42.907451919355175,0.9620578778135048,0.0,1.0,0.0,0.0,0.0,0.0,0.0,0.0,0.0,0.0,0.0,0.0,0.0,0.0,0.0,0.0,0.0
1761,Rutile,1.0,652,28.812361638146328,2410.0015337423315,3630.174846625767,2392,3618,2428,3645,35.192519037270614,24.57174049243954,0.8943758573388203,0.0,0.0,1.0,0.0,0.0,0.0,0.0,0.0,0.0,0.0,0.0,0.0,0.0,0.0,0.0,0.0,0.0
1762,Zircon,1.0,3207,63.90054162497895,2416.5930776426567,1312.6423448705955,2390,1271,2447,1359,89.39973090902778,46.76755394095758,0.9341683658607631,0.0,1.0,0.0,0.0,0.0,0.0,0.0,0.0,0.0,0.0,0.0,0.0,0.0,0.0,0.0,0.0,0.0
1763,Zircon,0.9749871067560598,3878,70.26822151216695,2407.4182568334195,2152.320010314595,2361,2119,2452,2183,94.76039981070858,53.36685160243343,0.947934490344659,0.0,0.9749871067560598,0.0,0.0,0.0,0.0,0.0,0.0,0.025012893243940175,0.0,0.0,0.0,0.0,0.0,0.0,0.0,0.0
1764,Quartz,1.0,4238,73.45739711280015,2410.9100991033506,3540.152666352053,2381,3492,2443,3587,94.36049584203509,59.39215841651571,0.8997876857749469,0.0,0.0,0.0,0.0,0.0,0.0,1.0,0.0,0.0,0.0,0.0,0.0,0.0,0.0,0.0,0.0,0.0
1765,Zircon,1.0,1609,45.261931327318294,2430.2759477936606,579.5954008701057,2413,557,2456,610,50.94631122429448,43.42759358939904,0.9657863145258103,0.0,1.0,0.0,0.0,0.0,0.0,0.0,0.0,0.0,0.0,0.0,0.0,0.0,0.0,0.0,0.0,0.0
1766,Zircon,1.0,2034,50.88977533838523,2400.1081612586036,816.9695181907572,2381,785,2417,853,71.36959329921712,37.74322171918229,0.9571764705882353,0.0,1.0,0.0,0.0,0.0,0.0,0.0,0.0,0.0,0.0,0.0,0.0,0.0,0.0,0.0,0.0,0.0
1767,Zircon,1.0,5019,79.9399104016622,2418.035465232118,745.008766686591,2372,713,2470,784,96.74126901180604,67.8571636384018,0.9509283819628647,0.0,1.0,0.0,0.0,0.0,0.0,0.0,0.0,0.0,0.0,0.0,0.0,0.0,0.0,0.0,0.0,0.0
1768,Zircon,1.0,4501,75.70238563515001,2414.9580093312597,3218.070650966452,2364,3174,2452,3267,83.23550372413719,73.77952609648764,0.9103964401294499,0.0,1.0,0.0,0.0,0.0,0.0,0.0,0.0,0.0,0.0,0.0,0.0,0.0,0.0,0.0,0.0,0.0
1769,Zircon,1.0,459,24.17471718621419,2415.507625272331,4390.331154684096,2406,4374,2425,4408,33.12208922243777,17.894497890780702,0.9254032258064516,0.0,1.0,0.0,0.0,0.0,0.0,0.0,0.0,0.0,0.0,0.0,0.0,0.0,0.0,0.0,0.0,0.0
1770,Rutile,0.9892530897367007,3722,68.84037758106993,2420.2186996238584,256.10290166577107,2368,225,2455,305,96.4026609341713,55.61939449496595,0.8770028275212064,0.0,0.010746910263299301,0.9892530897367007,0.0,0.0,0.0,0.0,0.0,0.0,0.0,0.0,0.0,0.0,0.0,0.0,0.0,0.0
1771,Zircon,1.0,2424,55.554771680189944,2435.203795379538,821.6637788778878,2416,787,2461,857,69.69354818743477,46.44254906092735,0.9230769230769231,0.0,1.0,0.0,0.0,0.0,0.0,0.0,0.0,0.0,0.0,0.0,0.0,0.0,0.0,0.0,0.0,0.0
1772,Zircon,1.0,167,14.581872443920643,2420.2395209580836,4632.724550898203,2411,4624,2430,4640,18.91753972414107,17.695889676184063,0.7167381974248928,0.0,1.0,0.0,0.0,0.0,0.0,0.0,0.0,0.0,0.0,0.0,0.0,0.0,0.0,0.0,0.0,0.0
1774,Rutile,1.0,2232,53.30919867948573,2418.799283154122,3449.9551971326164,2395,3412,2447,3490,82.75508593471008,35.94133072391998,0.8698363211223694,0.0,0.0,1.0,0.0,0.0,0.0,0.0,0.0,0.0,0.0,0.0,0.0,0.0,0.0,0.0,0.0,0.0
1775,Zircon,1.0,3397,65.76621270428568,2421.967912864292,2268.526641153959,2385,2234,2462,2305,68.59647720949292,64.59594567366446,0.9337548103353491,0.0,1.0,0.0,0.0,0.0,0.0,0.0,0.0,0.0,0.0,0.0,0.0,0.0,0.0,0.0,0.0,0.0
1776,Quartz,0.9847979236188358,5394,82.87251718333086,2424.5470893585466,4194.976269929552,2385,4155,2475,4253,94.22212792968133,77.32034227972252,0.8896585848589807,0.0,0.0,0.0,0.0,0.0,0.0,0.9847979236188358,0.0,0.015202076381164257,0.0,0.0,0.0,0.0,0.0,0.0,0.0,0.0
1777,Zircon,1.0,5877,86.5033456255222,2425.235324144972,661.5892462140548,2377,616,2473,706,92.25116137054682,83.90751367398406,0.9346374045801527,0.0,1.0,0.0,0.0,0.0,0.0,0.0,0.0,0.0,0.0,0.0,0.0,0.0,0.0,0.0,0.0,0.0
1778,Zircon,1.0,3405,65.84360750918215,2414.791776798825,533.0237885462556,2368,509,2457,559,90.30366228192574,48.990821447720165,0.9275401797875238,0.0,1.0,0.0,0.0,0.0,0.0,0.0,0.0,0.0,0.0,0.0,0.0,0.0,0.0,0.0,0.0,0.0
1779,Zircon,1.0,140,13.351162356249091,2421.4285714285716,25.835714285714285,2403,24,2437,31,35.20560523471634,6.089372882171875,0.8235294117647058,0.0,1.0,0.0,0.0,0.0,0.0,0.0,0.0,0.0,0.0,0.0,0.0,0.0,0.0,0.0,0.0,0.0
1780,Rutile,1.0,2652,58.10878825649053,2425.1361236802413,1233.3831070889894,2399,1201,2453,1270,66.68548103133236,53.16482238635402,0.8890378813275226,0.0,0.0,1.0,0.0,0.0,0.0,0.0,0.0,0.0,0.0,0.0,0.0,0.0,0.0,0.0,0.0,0.0
1781,Zircon,1.0,1096,37.355997390375464,2426.330291970803,2526.442518248175,2412,2494,2441,2551,55.261899873798505,27.650107610929773,0.8609583660644148,0.0,1.0,0.0,0.0,0.0,0.0,0.0,0.0,0.0,0.0,0.0,0.0,0.0,0.0,0.0,0.0,0.0
1782,Zircon,1.0,3819,69.73164146457178,2430.243519245876,3363.409531290914,2399,3312,2468,3412,93.02208265142824,57.672925876885124,0.8118622448979592,0.0,1.0,0.0,0.0,0.0,0.0,0.0,0.0,0.0,0.0,0.0,0.0,0.0,0.0,0.0,0.0,0.0
1783,Zircon,1.0,1911,49.327079479621496,2427.0664573521717,4017.257980115123,2401,3994,2466,4047,62.88572474806298,41.74940776985864,0.87419945105215,0.0,1.0,0.0,0.0,0.0,0.0,0.0,0.0,0.0,0.0,0.0,0.0,0.0,0.0,0.0,0.0,0.0
1784,Zircon,1.0,1887,49.016354626953365,2421.718600953895,464.13672496025436,2391,439,2452,487,68.87044526075914,36.49119495305225,0.8955861414333175,0.0,1.0,0.0,0.0,0.0,0.0,0.0,0.0,0.0,0.0,0.0,0.0,0.0,0.0,0.0,0.0,0.0
1786,Rutile,1.0,2872,60.47101762397742,2438.8039693593314,3898.359331476323,2405,3861,2478,3937,88.21749260139741,44.76607646105514,0.8507109004739336,0.0,0.0,1.0,0.0,0.0,0.0,0.0,0.0,0.0,0.0,0.0,0.0,0.0,0.0,0.0,0.0,0.0
1787,Zircon,1.0,1830,48.27036737860349,2430.2158469945357,1117.987431693989,2403,1092,2455,1145,52.187401322916,49.410009460498436,0.8739255014326648,0.0,1.0,0.0,0.0,0.0,0.0,0.0,0.0,0.0,0.0,0.0,0.0,0.0,0.0,0.0,0.0,0.0
1788,Zircon,1.0,2687,58.49097927632416,2435.8920729438037,4308.072199478973,2410,4276,2468,4354,78.65993028771854,49.71473743526776,0.8425838820947006,0.0,1.0,0.0,0.0,0.0,0.0,0.0,0.0,0.0,0.0,0.0,0.0,0.0,0.0,0.0,0.0,0.0
1789,Zircon,1.0,1248,39.86229988133503,2445.056891025641,1680.0352564102564,2425,1659,2467,1705,48.03767512257504,35.392884157862674,0.9089584850691915,0.0,1.0,0.0,0.0,0.0,0.0,0.0,0.0,0.0,0.0,0.0,0.0,0.0,0.0,0.0,0.0,0.0
1790,Zircon,1.0,4745,77.72722585920809,2443.5776606954687,2847.7355110642784,2390,2810,2499,2885,104.62633335175661,59.05372485145916,0.9149633629001157,0.0,1.0,0.0,0.0,0.0,0.0,0.0,0.0,0.0,0.0,0.0,0.0,0.0,0.0,0.0,0.0,0.0
1791,Quartz,1.0,961,34.97975417996089,2445.4099895941727,1629.9885535900105,2434,1599,2457,1661,60.96468532283632,20.586801989420845,0.8824609733700642,0.0,0.0,0.0,0.0,0.0,0.0,1.0,0.0,0.0,0.0,0.0,0.0,0.0,0.0,0.0,0.0,0.0
1792,Zircon,1.0,3449,66.2676632286938,2444.6358364743405,1045.0147868947522,2412,1003,2474,1089,88.04005635458665,50.67883915338104,0.9390144296215628,0.0,1.0,0.0,0.0,0.0,0.0,0.0,0.0,0.0,0.0,0.0,0.0,0.0,0.0,0.0,0.0,0.0
1793,Unknown,1.0,108,11.726460285670077,2452.0185185185187,4636.833333333333,2441,4634,2464,4640,24.61113047398278,5.791893393649904,0.8852459016393442,0.0,0.0,0.0,0.0,0.0,0.0,0.0,0.0,0.0,0.0,0.0,0.0,0.0,0.0,0.0,0.0,1.0
1794,Quartz,1.0,351,21.14017691983778,2448.643874643875,1981.0883190883192,2440,1967,2460,1995,25.6840892142099,18.59961377336625,0.8954081632653061,0.0,0.0,0.0,0.0,0.0,0.0,1.0,0.0,0.0,0.0,0.0,0.0,0.0,0.0,0.0,0.0,0.0
1795,Zircon,1.0,2976,61.55616041576866,2456.00873655914,2935.2308467741937,2417,2913,2496,2956,84.24596461748257,46.74553776704296,0.9547641963426372,0.0,1.0,0.0,0.0,0.0,0.0,0.0,0.0,0.0,0.0,0.0,0.0,0.0,0.0,0.0,0.0,0.0
1796,Zircon,1.0,3704,68.6737160324024,2449.019708423326,2976.6244600431964,2396,2955,2497,3003,105.14610505343393,47.500044163877945,0.8916706788637457,0.0,1.0,0.0,0.0,0.0,0.0,0.0,0.0,0.0,0.0,0.0,0.0,0.0,0.0,0.0,0.0,0.0
1797,Zircon,0.9905780032614604,5519,83.82725718639114,2455.61369813372,74.0045298061243,2417,24,2494,122,101.19500953069877,70.87766479731766,0.9450342465753425,0.0,0.9905780032614604,0.0,0.0,0.00942199673853959,0.0,0.0,0.0,0.0,0.0,0.0,0.0,0.0,0.0,0.0,0.0,0.0
1798,Zircon,1.0,621,28.11906394744562,2455.634460547504,3507.037037037037,2442,3490,2468,3523,32.97803649561694,24.519131434112797,0.9409090909090909,0.0,1.0,0.0,0.0,0.0,0.0,0.0,0.0,0.0,0.0,0.0,0.0,0.0,0.0,0.0,0.0,0.0
1799,Quartz,1.0,1697,46.48319596817296,2458.467295226871,2029.129640542133,2433,2009,2489,2058,49.698641644458796,48.85511284178513,0.8898793917147352,0.0,0.0,0.0,0.0,0.0,0.0,1.0,0.0,0.0,0.0,0.0,0.0,0.0,0.0,0.0,0.0,0.0
1800,Zircon,1.0,3365,65.45571837535527,2450.9322436849925,2367.30014858841,2417,2327,2493,2408,84.95594375967657,54.614851010421425,0.8614951356886841,0.0,1.0,0.0,0.0,0.0,0.0,0.0,0.0,0.0,0.0,0.0,0.0,0.0,0.0,0.0,0.0,0.0
1801,Zircon,1.0,2570,57.20337079202036,2456.9167315175096,3952.978988326848,2426,3926,2490,3982,62.452101554908445,53.611020535937605,0.9020709020709021,0.0,1.0,0.0,0.0,0.0,0.0,0.0,0.0,0.0,0.0,0.0,0.0,0.0,0.0,0.0,0.0,0.0
1802,Rutile,1.0,933,34.46639660942099,2447.9239013933548,3273.9603429796357,2423,3248,2463,3292,41.56190659787342,34.162860442158085,0.8278615794143744,0.0,0.0,1.0,0.0,0.0,0.0,0.0,0.0,0.0,0.0,0.0,0.0,0.0,0.0,0.0,0.0,0.0
1803,Zircon,0.9243876464323749,2817,59.8891959999377,2449.1931132410364,4459.908058217962,2414,4429,2488,4489,70.42744094092278,53.37250057814194,0.9060791251206176,0.0,0.9243876464323749,0.0,0.0,0.0,0.0,0.0,0.0,0.0,0.0,0.0,0.0,0.0,0.0,0.0,0.0,0.07561235356762513
1805,Zircon,1.0,3334,65.15351596151226,2464.657768446311,3624.5149970006,2432,3582,2500,3658,79.81114189989768,58.493396519773476,0.9032782443782172,0.0,1.0,0.0,0.0,0.0,0.0,0.0,0.0,0.0,0.0,0.0,0.0,0.0,0.0,0.0,0.0,0.0
1806,Rutile,0.8233438485804416,317,20.090219901261573,2462.8548895899053,4144.305993690852,2452,4128,2477,4158,24.206534678683237,20.682834188001028,0.6951754385964912,0.0,0.0,0.8233438485804416,0.0,0.0,0.0,0.17665615141955837,0.0,0.0,0.0,0.0,0.0,0.0,0.0,0.0,0.0,0.0
1807,Rutile,0.814388489208633,695,29.747293718772774,2472.270503597122,3269.159712230216,2462,3252,2486,3290,38.554106700181585,24.306003982257874,0.9132720105124835,0.0,0.0,0.814388489208633,0.1856115107913669,0.0,0.0,0.0,0.0,0.0,0.0,0.0,0.0,0.0,0.0,0.0,0.0,0.0
1808,Rutile,0.9382838283828383,3030,62.11212297569246,2462.123102310231,4084.5894389438945,2424,4048,2501,4128,94.76827190284656,51.6540238305979,0.7071178529754959,0.01353135313531353,0.0,0.9382838283828383,0.0,0.0,0.0,0.025082508250825083,0.0,0.0,0.0,0.0,0.0,0.0,0.0,0.0,0.0,0.0231023102310231
1809,Quartz,1.0,100,11.283791670955125,2443.77,4075.99,2437,4068,2453,4084,21.87028465084575,7.258281428201912,0.7299270072992701,0.0,0.0,0.0,0.0,0.0,0.0,1.0,0.0,0.0,0.0,0.0,0.0,0.0,0.0,0.0,0.0,0.0
1811,Zircon,1.0,2811,59.82538224073911,2463.6019210245463,3067.266453219495,2429,3035,2494,3097,64.91994589855717,57.11541229529447,0.8751556662515566,0.0,1.0,0.0,0.0,0.0,0.0,0.0,0.0,0.0,0.0,0.0,0.0,0.0,0.0,0.0,0.0,0.0
1812,Zircon,1.0,2422,55.531848315615825,2469.325763831544,1521.1143682906688,2444,1494,2503,1557,59.53611077532307,54.21474657556876,0.9290372075182202,0.0,1.0,0.0,0.0,0.0,0.0,0.0,0.0,0.0,0.0,0.0,0.0,0.0,0.0,0.0,0.0,0.0
1813,Zircon,1.0,1814,48.05888611016266,2471.0,3188.337927232635,2446,3164,2501,3212,53.587158924374144,43.9584909723878,0.9264555669050051,0.0,1.0,0.0,0.0,0.0,0.0,0.0,0.0,0.0,0.0,0.0,0.0,0.0,0.0,0.0,0.0,0.0
1814,Zircon,1.0,2255,53.58316128577887,2472.8008869179603,246.75033259423503,2452,205,2499,286,86.42230673712949,34.385363469163075,0.8736923672994963,0.0,1.0,0.0,0.0,0.0,0.0,0.0,0.0,0.0,0.0,0.0,0.0,0.0,0.0,0.0,0.0,0.0
1815,Zircon,0.9720812182741116,1182,38.79393176615336,2470.9137055837564,2568.2707275803723,2446,2551,2498,2582,50.8300480008982,31.21719929490653,0.933649289099526,0.0,0.9720812182741116,0.027918781725888325,0.0,0.0,0.0,0.0,0.0,0.0,0.0,0.0,0.0,0.0,0.0,0.0,0.0,0.0
1816,Zircon,0.9121495327102803,1605,45.20563537104568,2471.323987538941,2600.946417445483,2450,2581,2501,2638,62.729213328088505,40.78504700823677,0.823076923076923,0.0,0.9121495327102803,0.0,0.0,0.08785046728971962,0.0,0.0,0.0,0.0,0.0,0.0,0.0,0.0,0.0,0.0,0.0,0.0
1817,Quartz,1.0,3053,62.34741638653884,2468.4575827055355,418.0006550933508,2435,383,2506,455,77.3319499654966,53.363564067215115,0.8833912037037037,0.0,0.0,0.0,0.0,0.0,0.0,1.0,0.0,0.0,0.0,0.0,0.0,0.0,0.0,0.0,0.0,0.0
1818,Zircon,0.9776254059906171,2771,59.398205178785794,2481.48141465175,4216.105377120173,2451,4177,2509,4257,84.09885402667915,44.10401556619926,0.9008452535760728,0.0,0.9776254059906171,0.0,0.0,0.0,0.0,0.00036088054853843375,0.0,0.0,0.0,0.0,0.0,0.0,0.0,0.0,0.0,0.02201371346084446
1819,Zircon,1.0,2584,57.358966026207796,2475.7445820433436,2680.391253869969,2435,2655,2515,2710,74.66385053255927,46.44823600417732,0.863059452237809,0.0,1.0,0.0,0.0,0.0,0.0,0.0,0.0,0.0,0.0,0.0,0.0,0.0,0.0,0.0,0.0,0.0
1821,Zircon,1.0,2792,59.62285475302717,2482.3553008595986,844.46776504298,2457,790,2502,891,105.93586839729734,36.98155717981987,0.8339307048984468,0.0,1.0,0.0,0.0,0.0,0.0,0.0,0.0,0.0,0.0,0.0,0.0,0.0,0.0,0.0,0.0,0.0
1822,Zircon,1.0,4443,75.21305270535379,2481.209543101508,4361.85685347738,2440,4325,2523,4405,79.42142490872243,72.28184039830735,0.9379354021532615,0.0,1.0,0.0,0.0,0.0,0.0,0.0,0.0,0.0,0.0,0.0,0.0,0.0,0.0,0.0,0.0,0.0
1823,Zircon,1.0,5074,80.37672206544762,2484.2378793851003,4568.818289318092,2447,4518,2529,4623,99.64631350512398,68.87080071058841,0.8805970149253731,0.0,1.0,0.0,0.0,0.0,0.0,0.0,0.0,0.0,0.0,0.0,0.0,0.0,0.0,0.0,0.0,0.0
1824,Zircon,1.0,1357,41.56664603026825,2484.321296978629,4499.626381724392,2462,4479,2508,4518,45.27794640500911,38.9991252516706,0.9212491513917176,0.0,1.0,0.0,0.0,0.0,0.0,0.0,0.0,0.0,0.0,0.0,0.0,0.0,0.0,0.0,0.0,0.0
1825,Zircon,1.0,552,26.510907730475957,2482.697463768116,2640.5489130434785,2461,2628,2506,2650,46.53375011018323,17.433271763129326,0.8189910979228486,0.0,1.0,0.0,0.0,0.0,0.0,0.0,0.0,0.0,0.0,0.0,0.0,0.0,0.0,0.0,0.0,0.0
1826,Zircon,1.0,4105,72.29556231981216,2491.5481120584654,159.59658952496954,2448,125,2539,192,97.3035464885261,55.813367112335655,0.921023109715055,0.0,1.0,0.0,0.0,0.0,0.0,0.0,0.0,0.0,0.0,0.0,0.0,0.0,0.0,0.0,0.0,0.0
1827,Zircon,1.0,2859,60.334002506031624,2492.1476040573625,1213.8474991255684,2458,1182,2521,1251,70.27834869217241,53.91114350076946,0.9160525472604935,0.0,1.0,0.0,0.0,0.0,0.0,0.0,0.0,0.0,0.0,0.0,0.0,0.0,0.0,0.0,0.0,0.0
1828,Zircon,1.0,5552,84.07749967957909,2495.4369596541787,1726.0547550432277,2445,1676,2541,1768,97.86261439014507,75.7462891470944,0.9101639344262296,0.0,1.0,0.0,0.0,0.0,0.0,0.0,0.0,0.0,0.0,0.0,0.0,0.0,0.0,0.0,0.0,0.0
1829,Zircon,1.0,227,17.000746355818674,2496.691629955947,3864.251101321586,2488,3858,2508,3874,20.3064012740976,15.349982625858495,0.9227642276422764,0.0,1.0,0.0,0.0,0.0,0.0,0.0,0.0,0.0,0.0,0.0,0.0,0.0,0.0,0.0,0.0,0.0
1830,Zircon,1.0,189,15.512648837479231,2499.6243386243386,3852.5767195767194,2490,3845,2509,3859,18.848960155521514,13.964980054042105,0.9174757281553398,0.0,1.0,0.0,0.0,0.0,0.0,0.0,0.0,0.0,0.0,0.0,0.0,0.0,0.0,0.0,0.0,0.0
1831,Rutile,1.0,4829,78.41220416189115,2499.117208531787,3533.1064402567818,2465,3484,2541,3579,95.25227223856271,66.50760293834004,0.9219167621229477,0.0,0.0,1.0,0.0,0.0,0.0,0.0,0.0,0.0,0.0,0.0,0.0,0.0,0.0,0.0,0.0,0.0
1832,Rutile,1.0,153,13.957279475043833,2501.0392156862745,1278.137254901961,2495,1266,2508,1290,21.888848401514878,10.35970699561378,0.796875,0.0,0.0,1.0,0.0,0.0,0.0,0.0,0.0,0.0,0.0,0.0,0.0,0.0,0.0,0.0,0.0,0.0
1833,Rutile,0.6473684210526316,190,15.553633450087505,2493.0263157894738,4139.210526315789,2481,4126,2506,4149,29.252712334973687,19.53298612115033,0.4846938775510204,0.0,0.0,0.6473684210526316,0.0,0.0,0.0,0.3526315789473684,0.0,0.0,0.0,0.0,0.0,0.0,0.0,0.0,0.0,0.0
1834,Zircon,1.0,295,19.38054864282415,2503.057627118644,2374.837288135593,2488,2367,2518,2383,28.22098587418023,13.639706470475266,0.8939393939393939,0.0,1.0,0.0,0.0,0.0,0.0,0.0,0.0,0.0,0.0,0.0,0.0,0.0,0.0,0.0,0.0,0.0
1835,Quartz,1.0,2798,59.68688504327383,2520.057898498928,3346.8977841315227,2480,3317,2562,3379,88.80554317216306,43.39165535764265,0.826343768458358,0.0,0.0,0.0,0.0,0.0,0.0,1.0,0.0,0.0,0.0,0.0,0.0,0.0,0.0,0.0,0.0,0.0
1836,Zircon,0.9826954397394136,4912,79.08320076817276,2503.406758957655,611.8448697068404,2454,568,2544,656,96.52001737626314,68.54994526556038,0.8590416229450857,0.0,0.9826954397394136,0.01730456026058632,0.0,0.0,0.0,0.0,0.0,0.0,0.0,0.0,0.0,0.0,0.0,0.0,0.0,0.0
1837,Rutile,1.0,100,11.283791670955125,2480.33,628.72,2474,616,2488,641,30.248415376805912,11.325924562357445,0.45871559633027525,0.0,0.0,1.0,0.0,0.0,0.0,0.0,0.0,0.0,0.0,0.0,0.0,0.0,0.0,0.0,0.0,0.0
1838,Zircon,1.0,1244,39.79836672089123,2495.122990353698,3699.340032154341,2475,3672,2524,3722,56.61056797596137,30.873986857789887,0.8456832087015635,0.0,1.0,0.0,0.0,0.0,0.0,0.0,0.0,0.0,0.0,0.0,0.0,0.0,0.0,0.0,0.0,0.0
1839,Zircon,0.9570484581497798,3632,68.0029854232747,2495.072962555066,2287.0077092511015,2455,2244,2535,2332,107.7774401616506,45.374348897341456,0.8576151121605667,0.0,0.9570484581497798,0.042951541850220265,0.0,0.0,0.0,0.0,0.0,0.0,0.0,0.0,0.0,0.0,0.0,0.0,0.0,0.0
1840,Rutile,1.0,500,25.2313252202016,2526.13,2284.248,2505,2260,2543,2307,56.339094033145614,22.3136733758558,0.5458515283842795,0.0,0.0,1.0,0.0,0.0,0.0,0.0,0.0,0.0,0.0,0.0,0.0,0.0,0.0,0.0,0.0,0.0
1841,Zircon,1.0,615,27.982893345973448,2507.70243902439,3727.289430894309,2493,3717,2527,3744,34.68642060627713,24.09036379135687,0.9447004608294931,0.0,1.0,0.0,0.0,0.0,0.0,0.0,0.0,0.0,0.0,0.0,0.0,0.0,0.0,0.0,0.0,0.0
1842,Rutile,0.7355679702048417,537,26.148224328293928,2514.975791433892,4067.2383612662943,2500,4053,2531,4087,34.42301678424641,26.9809170218332,0.685823754789272,0.0,0.0,0.7355679702048417,0.0,0.0,0.0,0.2644320297951583,0.0,0.0,0.0,0.0,0.0,0.0,0.0,0.0,0.0,0.0
1843,Zircon,0.9110764430577223,1282,40.4016471984804,2506.730109204368,1959.0967238689548,2480,1940,2535,1977,52.49386230738907,32.910928234789715,0.9079320113314447,0.0,0.9110764430577223,0.033541341653666144,0.05538221528861154,0.0,0.0,0.0,0.0,0.0,0.0,0.0,0.0,0.0,0.0,0.0,0.0,0.0
1844,Zircon,1.0,5908,86.73118948968325,2512.9566689234935,730.6533513879485,2469,678,2560,780,95.08200675451874,81.11597803379077,0.9072481572481572,0.0,1.0,0.0,0.0,0.0,0.0,0.0,0.0,0.0,0.0,0.0,0.0,0.0,0.0,0.0,0.0,0.0
1845,Zircon,1.0,2530,56.7564626115825,2509.697628458498,1141.7750988142293,2475,1111,2541,1180,64.72576188277482,52.55321457444894,0.8608370193943519,0.0,1.0,0.0,0.0,0.0,0.0,0.0,0.0,0.0,0.0,0.0,0.0,0.0,0.0,0.0,0.0,0.0
1846,Rutile,0.9620320855614973,7480,97.5901213987308,2514.129144385027,1619.1604278074867,2464,1563,2562,1673,106.21011349411478,91.65449825105688,0.9515328838570156,0.0,0.0,0.9620320855614973,0.0,0.0,0.0,0.011764705882352941,0.0,0.0,0.0,0.0,0.0,0.0,0.0,0.0,0.0,0.026203208556149733
1847,Zircon,1.0,505,25.357168021907675,2525.592079207921,4631.875247524753,2508,4622,2545,4640,37.45240633649964,17.951251848299687,0.9165154264972777,0.0,1.0,0.0,0.0,0.0,0.0,0.0,0.0,0.0,0.0,0.0,0.0,0.0,0.0,0.0,0.0,0.0
1848,Zircon,1.0,1010,35.86045091995518,2523.4613861386138,4178.063366336633,2503,4159,2544,4201,39.296796746363434,33.90350898851313,0.9148550724637681,0.0,1.0,0.0,0.0,0.0,0.0,0.0,0.0,0.0,0.0,0.0,0.0,0.0,0.0,0.0,0.0,0.0
1849,Zircon,1.0,2754,59.21572178231587,2529.041394335512,3785.528685548293,2505,3751,2562,3820,70.40054404008772,51.4884220286341,0.8866709594333548,0.0,1.0,0.0,0.0,0.0,0.0,0.0,0.0,0.0,0.0,0.0,0.0,0.0,0.0,0.0,0.0,0.0
1850,Zircon,1.0,1566,44.653030435293694,2528.234993614304,241.6558109833972,2503,207,2547,270,62.39565925319648,34.686741016541845,0.8303287380699894,0.0,1.0,0.0,0.0,0.0,0.0,0.0,0.0,0.0,0.0,0.0,0.0,0.0,0.0,0.0,0.0,0.0
1851,Quartz,1.0,244,17.625846048215095,2532.905737704918,4108.061475409836,2523,4095,2541,4118,20.757612331204374,17.074596552378217,0.8683274021352313,0.0,0.0,0.0,0.0,0.0,0.0,1.0,0.0,0.0,0.0,0.0,0.0,0.0,0.0,0.0,0.0,0.0
1852,Quartz,1.0,729,30.46623751157884,2532.326474622771,4301.604938271605,2508,4288,2554,4315,45.36543357339335,21.527851980594118,0.9,0.0,0.0,0.0,0.0,0.0,0.0,1.0,0.0,0.0,0.0,0.0,0.0,0.0,0.0,0.0,0.0,0.0
1853,Zircon,1.0,4008,71.43629396391258,2533.553892215569,4002.5301896207584,2499,3964,2572,4040,75.5970077982032,68.35858125261146,0.9499881488504385,0.0,1.0,0.0,0.0,0.0,0.0,0.0,0.0,0.0,0.0,0.0,0.0,0.0,0.0,0.0,0.0,0.0
1854,Zircon,1.0,867,33.224970809398556,2535.9515570934254,4449.696655132641,2519,4427,2553,4469,43.87068358073777,26.697303581874998,0.8892307692307693,0.0,1.0,0.0,0.0,0.0,0.0,0.0,0.0,0.0,0.0,0.0,0.0,0.0,0.0,0.0,0.0,0.0
1855,Rutile,1.0,2212,53.069820736028305,2540.1487341772154,3429.528481012658,2513,3406,2570,3456,59.9126247774097,48.74540060909317,0.9333333333333333,0.0,0.0,1.0,0.0,0.0,0.0,0.0,0.0,0.0,0.0,0.0,0.0,0.0,0.0,0.0,0.0,0.0
1856,Zircon,1.0,4268,73.71693412595015,2544.375351452671,304.45360824742266,2503,269,2589,346,85.95906970335359,64.46599846187472,0.9180468918046892,0.0,1.0,0.0,0.0,0.0,0.0,0.0,0.0,0.0,0.0,0.0,0.0,0.0,0.0,0.0,0.0,0.0
1858,Quartz,1.0,1406,42.31045733500926,2542.6024182076812,84.85064011379801,2521,57,2564,112,52.775544507145845,36.90791753180643,0.856272838002436,0.0,0.0,0.0,0.0,0.0,0.0,1.0,0.0,0.0,0.0,0.0,0.0,0.0,0.0,0.0,0.0,0.0
1859,Rutile,1.0,1398,42.18991447656368,2541.8805436337625,3190.520028612303,2523,3160,2561,3221,60.72462040249454,31.384726365786214,0.8645640074211502,0.0,0.0,1.0,0.0,0.0,0.0,0.0,0.0,0.0,0.0,0.0,0.0,0.0,0.0,0.0,0.0,0.0
1860,Zircon,0.979481508784863,8139,101.7983136137308,2549.5521562845556,2062.8155793094975,2477,2016,2626,2107,150.35312399520046,70.28526549446529,0.9219528772088809,0.0,0.979481508784863,0.0,0.0,0.0,0.0,0.0,0.0,0.0,0.0,0.0,0.0,0.0,0.0,0.0,0.0,0.020518491215136995
1861,Zircon,0.9864291772688719,4716,77.4893392214118,2542.295165394402,4394.513782866837,2499,4352,2586,4430,86.84879810266058,72.35344314010898,0.932753164556962,0.0,0.9864291772688719,0.0,0.0,0.0,0.0,0.0,0.0,0.0,0.0,0.0,0.0,0.0,0.0,0.0,0.0,0.013570822731128074
1862,Zircon,1.0,1053,36.61586050615398,2546.388414055081,2146.264957264957,2527,2128,2571,2169,50.14127904164823,29.929415991107895,0.8673805601317958,0.0,1.0,0.0,0.0,0.0,0.0,0.0,0.0,0.0,0.0,0.0,0.0,0.0,0.0,0.0,0.0,0.0
1863,Quartz,0.9626969878316377,5013,79.89211373945098,2541.3447037701976,3092.897865549571,2500,3045,2580,3157,109.29951568532114,66.40370836562678,0.8336936637285881,0.0,0.0,0.0,0.0,0.0,0.0,0.9626969878316377,0.0,0.03730301216836226,0.0,0.0,0.0,0.0,0.0,0.0,0.0,0.0
1864,Zircon,1.0,4549,76.10497151303754,2527.6467355462737,2764.507803912948,2468,2732,2575,2806,99.86102481692932,68.13236989195786,0.8599243856332703,0.0,1.0,0.0,0.0,0.0,0.0,0.0,0.0,0.0,0.0,0.0,0.0,0.0,0.0,0.0,0.0,0.0
1865,Quartz,1.0,1158,38.39806496170502,2547.417098445596,1212.6917098445597,2527,1193,2566,1242,52.26031543304274,30.199379643915783,0.8900845503458877,0.0,0.0,0.0,0.0,0.0,0.0,1.0,0.0,0.0,0.0,0.0,0.0,0.0,0.0,0.0,0.0,0.0
1866,Zircon,1.0,4305,74.03577675748986,2550.3500580720092,3271.48524970964,2512,3234,2601,3312,78.96054503552661,72.43714498169119,0.8940809968847352,0.0,1.0,0.0,0.0,0.0,0.0,0.0,0.0,0.0,0.0,0.0,0.0,0.0,0.0,0.0,0.0,0.0
1867,Rutile,1.0,4350,74.42171739215615,2551.215632183908,4501.283678160919,2506,4466,2592,4543,80.8036199876439,72.62276342263142,0.9202453987730062,0.0,0.0,1.0,0.0,0.0,0.0,0.0,0.0,0.0,0.0,0.0,0.0,0.0,0.0,0.0,0.0,0.0
1868,Rutile,1.0,1123,37.813331098140345,2557.300979519145,2206.285841495993,2539,2183,2576,2232,45.627910569663996,35.62618240946687,0.8161337209302325,0.0,0.0,1.0,0.0,0.0,0.0,0.0,0.0,0.0,0.0,0.0,0.0,0.0,0.0,0.0,0.0,0.0
1869,Zircon,1.0,300,19.544100476116796,2556.77,3389.0666666666666,2543,3380,2570,3402,28.582547177333744,14.851727814557908,0.8571428571428571,0.0,1.0,0.0,0.0,0.0,0.0,0.0,0.0,0.0,0.0,0.0,0.0,0.0,0.0,0.0,0.0,0.0
1870,Rutile,1.0,3903,70.49435398031065,2566.722008711248,2845.8206507814502,2517,2810,2613,2877,91.78332220546376,57.671722675280826,0.8646433318564466,0.0,0.0,1.0,0.0,0.0,0.0,0.0,0.0,0.0,0.0,0.0,0.0,0.0,0.0,0.0,0.0,0.0
1871,Rutile,0.6109725685785536,401,22.595775212167435,2565.900249376559,1266.6957605985037,2552,1252,2579,1279,26.510903574319656,21.87816256869039,0.7696737044145874,0.0,0.0,0.6109725685785536,0.09725685785536159,0.0,0.0,0.29177057356608477,0.0,0.0,0.0,0.0,0.0,0.0,0.0,0.0,0.0,0.0
1872,Zircon,1.0,1245,39.81435963562993,2569.019277108434,2585.972690763052,2542,2569,2594,2609,55.14689677695133,30.0974102920218,0.8615916955017301,0.0,1.0,0.0,0.0,0.0,0.0,0.0,0.0,0.0,0.0,0.0,0.0,0.0,0.0,0.0,0.0,0.0
1873,Zircon,1.0,469,24.436639426909572,2571.0106609808104,786.4904051172708,2557,772,2587,800,27.945379050679943,22.523696200786624,0.8916349809885932,0.0,1.0,0.0,0.0,0.0,0.0,0.0,0.0,0.0,0.0,0.0,0.0,0.0,0.0,0.0,0.0,0.0
1874,Zircon,0.964431934493347,3908,70.53949348290655,2560.2812180143296,3889.6550665301943,2518,3855,2603,3923,88.5633287559508,58.259191600551205,0.9219155461193678,0.0,0.964431934493347,0.0,0.0,0.0,0.0,0.0,0.0,0.0,0.0,0.0,0.0,0.0,0.0,0.0,0.0,0.03556806550665302
1875,Zircon,1.0,7440,97.32883546426316,2583.0841397849463,1135.1436827956989,2540,1080,2627,1199,121.7168736580224,85.98643268453274,0.8861362553596951,0.0,1.0,0.0,0.0,0.0,0.0,0.0,0.0,0.0,0.0,0.0,0.0,0.0,0.0,0.0,0.0,0.0
1876,Zircon,0.9800039207998432,5101,80.59029046786011,2570.053518917859,3592.041364438345,2534,3551,2613,3633,84.7731403288545,78.47907925748181,0.9427092958787655,0.0,0.9800039207998432,0.0,0.0,0.0,0.0,0.0,0.0,0.0,0.0,0.0,0.0,0.0,0.0,0.0,0.0,0.019996079200156832
1877,Zircon,1.0,5679,85.0336837644412,2576.3308681105827,2666.691494981511,2538,2620,2619,2724,100.04394107903272,75.43424504756274,0.8755781683626273,0.0,1.0,0.0,0.0,0.0,0.0,0.0,0.0,0.0,0.0,0.0,0.0,0.0,0.0,0.0,0.0,0.0
1878,Zircon,1.0,4525,75.90394548326596,2576.859447513812,4587.8327071823205,2545,4543,2615,4628,93.22599944119256,62.733234981458594,0.9476439790575916,0.0,1.0,0.0,0.0,0.0,0.0,0.0,0.0,0.0,0.0,0.0,0.0,0.0,0.0,0.0,0.0,0.0
1879,Quartz,1.0,3360,65.40707049173007,2577.5916666666667,597.5699404761905,2543,564,2624,638,88.66798789186473,51.2160128665351,0.9027404621171413,0.0,0.0,0.0,0.0,0.0,0.0,1.0,0.0,0.0,0.0,0.0,0.0,0.0,0.0,0.0,0.0,0.0
1880,Orthoclase,1.0,571,26.963304323539017,2583.7338003502628,3167.031523642732,2568,3151,2601,3184,38.96481814930624,20.240357205375208,0.8157142857142857,0.0,0.0,0.0,0.0,0.0,0.0,0.0,0.0,1.0,0.0,0.0,0.0,0.0,0.0,0.0,0.0,0.0
1881,Zircon,1.0,7717,99.1241119340862,2581.278216923675,855.3693145004536,2533,800,2630,919,122.53230580843753,84.49572280254607,0.8595455558030742,0.0,1.0,0.0,0.0,0.0,0.0,0.0,0.0,0.0,0.0,0.0,0.0,0.0,0.0,0.0,0.0,0.0
1882,Zircon,1.0,3657,68.23662517370337,2583.518457752256,4197.138364779874,2548,4161,2617,4230,72.2090256751105,66.81619577035858,0.9183827222501255,0.0,1.0,0.0,0.0,0.0,0.0,0.0,0.0,0.0,0.0,0.0,0.0,0.0,0.0,0.0,0.0,0.0
1883,Zircon,1.0,1320,40.99605101775554,2590.069696969697,4263.824242424243,2572,4240,2610,4293,55.72125110171163,33.860684561116315,0.832807570977918,0.0,1.0,0.0,0.0,0.0,0.0,0.0,0.0,0.0,0.0,0.0,0.0,0.0,0.0,0.0,0.0,0.0
1884,Zircon,1.0,2759,59.26945169245548,2576.809713664371,402.28271112722,2547,361,2601,443,75.56698588082915,50.45611570337212,0.9045901639344263,0.0,1.0,0.0,0.0,0.0,0.0,0.0,0.0,0.0,0.0,0.0,0.0,0.0,0.0,0.0,0.0,0.0
1885,Zircon,1.0,1739,47.05489951423176,2591.6515238642896,3106.664174813111,2574,3071,2612,3137,67.2063834463408,34.08099682039091,0.9384781435509983,0.0,1.0,0.0,0.0,0.0,0.0,0.0,0.0,0.0,0.0,0.0,0.0,0.0,0.0,0.0,0.0,0.0
1886,Zircon,1.0,1279,40.35434769286047,2592.1907740422207,3425.4339327599687,2571,3404,2617,3449,49.52179682049258,34.83533926774165,0.8464592984778293,0.0,1.0,0.0,0.0,0.0,0.0,0.0,0.0,0.0,0.0,0.0,0.0,0.0,0.0,0.0,0.0,0.0
1887,Zircon,1.0,6663,92.1064334700372,2590.3190754915204,4087.391415278403,2544,4038,2643,4136,103.63036798522518,85.63934362568571,0.9061607507139943,0.0,1.0,0.0,0.0,0.0,0.0,0.0,0.0,0.0,0.0,0.0,0.0,0.0,0.0,0.0,0.0,0.0
1888,Zircon,1.0,4687,77.2507200366036,2594.7695754213782,96.89353531043311,2558,43,2629,140,95.18816307245653,65.80635459747145,0.8948071783123329,0.0,1.0,0.0,0.0,0.0,0.0,0.0,0.0,0.0,0.0,0.0,0.0,0.0,0.0,0.0,0.0,0.0
1889,Zircon,0.9905805459438678,5202,81.38422520189226,2583.3737024221455,198.49846212995,2537,159,2630,237,90.36445330914007,76.41239829835354,0.8976704055220017,0.0,0.9905805459438678,0.00019223375624759708,0.00922722029988466,0.0,0.0,0.0,0.0,0.0,0.0,0.0,0.0,0.0,0.0,0.0,0.0,0.0
1890,Rutile,1.0,1066,36.84119100528216,2574.43808630394,3646.3621013133206,2540,3624,2607,3670,82.33820598663173,17.23520725357342,0.8920502092050209,0.0,0.0,1.0,0.0,0.0,0.0,0.0,0.0,0.0,0.0,0.0,0.0,0.0,0.0,0.0,0.0,0.0
1891,Zircon,1.0,4328,74.23328599498869,2595.009473197782,2992.02449168207,2562,2944,2623,3038,96.67116813185382,58.284482266064515,0.916754924804067,0.0,1.0,0.0,0.0,0.0,0.0,0.0,0.0,0.0,0.0,0.0,0.0,0.0,0.0,0.0,0.0,0.0
1892,Quartz,1.0,2190,52.80525166089076,2598.950228310502,3711.1990867579907,2562,3691,2637,3737,71.54859726780658,40.93376145314745,0.856137607505864,0.0,0.0,0.0,0.0,0.0,0.0,1.0,0.0,0.0,0.0,0.0,0.0,0.0,0.0,0.0,0.0,0.0
1893,Zircon,1.0,5030,80.0274634735968,2604.0848906560636,4325.264214711729,2557,4290,2659,4363,98.22104917285607,67.43696862284783,0.9244624149972431,0.0,1.0,0.0,0.0,0.0,0.0,0.0,0.0,0.0,0.0,0.0,0.0,0.0,0.0,0.0,0.0,0.0
1894,Zircon,1.0,3699,68.6273493293699,2624.2027575020275,385.1108407677751,2596,351,2665,430,80.52276296912086,62.639372349797014,0.9670588235294117,0.0,1.0,0.0,0.0,0.0,0.0,0.0,0.0,0.0,0.0,0.0,0.0,0.0,0.0,0.0,0.0,0.0
1895,Quartz,1.0,1041,36.40662530459675,2606.7233429394814,3198.575408261287,2588,3169,2628,3233,63.7729375509549,26.1655924843968,0.7989255564082886,0.0,0.0,0.0,0.0,0.0,0.0,1.0,0.0,0.0,0.0,0.0,0.0,0.0,0.0,0.0,0.0,0.0
1896,Zircon,1.0,2943,61.21391982348119,2603.351002378525,763.4892966360857,2565,737,2647,793,77.17168599391356,50.39520206949782,0.8980775099176076,0.0,1.0,0.0,0.0,0.0,0.0,0.0,0.0,0.0,0.0,0.0,0.0,0.0,0.0,0.0,0.0,0.0
1897,Zircon,1.0,513,25.557227675339483,2605.5282651072125,1422.4327485380118,2590,1403,2616,1447,41.14017293057505,19.255171986176904,0.8368678629690048,0.0,1.0,0.0,0.0,0.0,0.0,0.0,0.0,0.0,0.0,0.0,0.0,0.0,0.0,0.0,0.0,0.0
1898,Zircon,1.0,3097,62.79508635271393,2600.4878915079107,1675.2043913464643,2574,1638,2627,1714,76.67574810160212,52.023913724832305,0.9470948012232416,0.0,1.0,0.0,0.0,0.0,0.0,0.0,0.0,0.0,0.0,0.0,0.0,0.0,0.0,0.0,0.0,0.0
1899,Zircon,1.0,2180,52.68455378498194,2606.8440366972477,3470.6229357798165,2579,3440,2635,3506,61.55945206694103,49.99747804861958,0.87095485417499,0.0,1.0,0.0,0.0,0.0,0.0,0.0,0.0,0.0,0.0,0.0,0.0,0.0,0.0,0.0,0.0,0.0
1900,Rutile,1.0,235,17.297725082009,2600.9106382978725,1294.1191489361702,2593,1286,2611,1306,19.86271745123691,15.83567515318982,0.8969465648854962,0.0,0.0,1.0,0.0,0.0,0.0,0.0,0.0,0.0,0.0,0.0,0.0,0.0,0.0,0.0,0.0,0.0
1902,Zircon,1.0,723,30.340603007249587,2607.604426002766,2452.4426002766254,2589,2438,2629,2467,44.79398596059667,20.86614748335,0.9563492063492064,0.0,1.0,0.0,0.0,0.0,0.0,0.0,0.0,0.0,0.0,0.0,0.0,0.0,0.0,0.0,0.0,0.0
1903,Quartz,1.0,1798,47.84647010421796,2606.496106785317,329.0372636262514,2574,298,2634,352,55.76331242931823,44.11821822089176,0.8954183266932271,0.0,0.0,0.0,0.0,0.0,0.0,1.0,0.0,0.0,0.0,0.0,0.0,0.0,0.0,0.0,0.0,0.0
1904,Zircon,0.9921648287869994,3446,66.23883657762545,2612.2359257109692,3947.0580383052816,2569,3915,2653,3978,83.37749568662464,53.33394167734071,0.9540420819490587,0.0,0.9921648287869994,0.0,0.0,0.0,0.0,0.0,0.0,0.0,0.0,0.0,0.0,0.0,0.0,0.0,0.0,0.00783517121300058
1905,Zircon,1.0,4800,78.17640190446718,2614.654375,997.338125,2571,959,2657,1037,88.38980128910771,72.44305210926292,0.9122006841505131,0.0,1.0,0.0,0.0,0.0,0.0,0.0,0.0,0.0,0.0,0.0,0.0,0.0,0.0,0.0,0.0,0.0
1906,Rutile,0.979672131147541,4575,76.32215220473915,2615.8277595628415,677.416393442623,2550,647,2678,708,135.34773889909994,48.94244199617068,0.8480074142724745,0.0,0.0,0.979672131147541,0.0,0.0,0.0,0.020327868852459016,0.0,0.0,0.0,0.0,0.0,0.0,0.0,0.0,0.0,0.0
1907,Quartz,1.0,560,26.702324712498182,2612.9964285714286,1266.1321428571428,2590,1254,2637,1282,49.714882338809474,17.94537813720595,0.6896551724137931,0.0,0.0,0.0,0.0,0.0,0.0,1.0,0.0,0.0,0.0,0.0,0.0,0.0,0.0,0.0,0.0,0.0
1908,Zircon,0.992885838634081,11948,123.33963710217297,2596.529879477737,2324.1690659524606,2514,2266,2674,2376,167.51178043251883,95.21320688456451,0.9009878591358118,0.0,0.992885838634081,0.0,0.0,0.0,0.0,0.0,0.0,0.0,0.0,0.0,0.0,0.0,0.0,0.0,0.0,0.0071141613659189825
1909,Zircon,1.0,276,18.746042631630413,2620.967391304348,3754.4384057971015,2614,3739,2628,3774,33.46366735439818,11.0802490538366,0.8466257668711656,0.0,1.0,0.0,0.0,0.0,0.0,0.0,0.0,0.0,0.0,0.0,0.0,0.0,0.0,0.0,0.0,0.0
1910,Quartz,0.8081632653061225,245,17.66192765414112,2624.45306122449,1287.9224489795918,2616,1278,2639,1300,24.461004081663557,17.609170985797466,0.708092485549133,0.0,0.0,0.19183673469387755,0.0,0.0,0.0,0.8081632653061225,0.0,0.0,0.0,0.0,0.0,0.0,0.0,0.0,0.0,0.0
1911,Rutile,1.0,1041,36.40662530459675,2627.6637848222863,3227.4831892411144,2612,3201,2647,3255,55.550095321104685,25.315095205341155,0.8553820870994249,0.0,0.0,1.0,0.0,0.0,0.0,0.0,0.0,0.0,0.0,0.0,0.0,0.0,0.0,0.0,0.0,0.0
1912,Rutile,1.0,267,18.437867513470433,2624.138576779026,2124.50936329588,2617,2108,2633,2143,33.517341797072284,11.428745267525935,0.8215384615384616,0.0,0.0,1.0,0.0,0.0,0.0,0.0,0.0,0.0,0.0,0.0,0.0,0.0,0.0,0.0,0.0,0.0
1913,Zircon,1.0,3964,71.04309646496404,2610.77068617558,3340.2908678102926,2562,3303,2656,3375,102.23670387785504,54.31299399976356,0.8466467321657412,0.0,1.0,0.0,0.0,0.0,0.0,0.0,0.0,0.0,0.0,0.0,0.0,0.0,0.0,0.0,0.0,0.0
1914,Zircon,1.0,562,26.749964937194992,2628.1921708185055,4386.802491103203,2615,4374,2643,4404,30.131935446626336,25.559730722604872,0.9138211382113821,0.0,1.0,0.0,0.0,0.0,0.0,0.0,0.0,0.0,0.0,0.0,0.0,0.0,0.0,0.0,0.0,0.0
1915,Zircon,0.9867549668874173,4077,72.04857822251081,2625.3895020848663,1793.6031395634045,2590,1752,2659,1841,88.78599969753779,63.192359272892816,0.8790426908150065,0.0,0.9867549668874173,0.0,0.0,0.0,0.0,0.0,0.0,0.0,0.0,0.0,0.0,0.0,0.0,0.0,0.0,0.013245033112582781
1916,Rutile,1.0,297,19.44613444328572,2629.276094276094,3035.090909090909,2621,3022,2641,3045,24.265464284999027,16.843216696889918,0.9252336448598131,0.0,0.0,1.0,0.0,0.0,0.0,0.0,0.0,0.0,0.0,0.0,0.0,0.0,0.0,0.0,0.0,0.0
1917,Zircon,1.0,1118,37.72905791315113,2632.2352415026835,4612.052772808587,2613,4591,2653,4628,41.24968001378842,36.64424197092324,0.9379194630872483,0.0,1.0,0.0,0.0,0.0,0.0,0.0,0.0,0.0,0.0,0.0,0.0,0.0,0.0,0.0,0.0,0.0
1918,Orthoclase,1.0,515,25.60699837034026,2630.0252427184464,4426.568932038835,2611,4414,2645,4439,31.561623170101186,22.99909355300342,0.8894645941278065,0.0,0.0,0.0,0.0,0.0,0.0,0.0,0.0,1.0,0.0,0.0,0.0,0.0,0.0,0.0,0.0,0.0
1919,Rutile,1.0,446,23.829914749152643,2643.8677130044844,3055.865470852018,2624,3043,2660,3074,46.75918197235451,16.313778810130305,0.7384105960264901,0.0,0.0,1.0,0.0,0.0,0.0,0.0,0.0,0.0,0.0,0.0,0.0,0.0,0.0,0.0,0.0,0.0
1920,Zircon,1.0,1018,36.00219238519226,2634.870333988212,35.61296660117878,2606,24,2663,55,54.49380808993392,30.370903226631206,0.8209677419354838,0.0,1.0,0.0,0.0,0.0,0.0,0.0,0.0,0.0,0.0,0.0,0.0,0.0,0.0,0.0,0.0,0.0
1921,Quartz,1.0,552,26.510907730475957,2635.677536231884,2680.4510869565215,2620,2667,2652,2694,31.64239649440334,23.19448801853014,0.8679245283018868,0.0,0.0,0.0,0.0,0.0,0.0,1.0,0.0,0.0,0.0,0.0,0.0,0.0,0.0,0.0,0.0,0.0
1922,Zircon,1.0,660,28.988585676524604,2633.7363636363634,4238.530303030303,2619,4222,2653,4251,31.806906594303936,28.36846298238505,0.9510086455331412,0.0,1.0,0.0,0.0,0.0,0.0,0.0,0.0,0.0,0.0,0.0,0.0,0.0,0.0,0.0,0.0,0.0
1923,Zircon,1.0,525,25.854414729132053,2638.7390476190476,4258.112380952381,2622,4250,2656,4269,36.024550172553134,19.20523697507609,0.9325044404973357,0.0,1.0,0.0,0.0,0.0,0.0,0.0,0.0,0.0,0.0,0.0,0.0,0.0,0.0,0.0,0.0,0.0
1924,Zircon,1.0,960,34.961549778946534,2639.6625,1682.275,2625,1662,2656,1702,39.77101230834106,31.48387015552224,0.9411764705882353,0.0,1.0,0.0,0.0,0.0,0.0,0.0,0.0,0.0,0.0,0.0,0.0,0.0,0.0,0.0,0.0,0.0
1925,Zircon,1.0,1895,49.120147976905905,2639.372031662269,3582.57308707124,2617,3558,2662,3610,53.854723487588195,45.3180715463725,0.944666001994018,0.0,1.0,0.0,0.0,0.0,0.0,0.0,0.0,0.0,0.0,0.0,0.0,0.0,0.0,0.0,0.0,0.0
1926,Quartz,1.0,132,12.964089628857149,2640.7045454545455,185.03030303030303,2635,176,2647,194,18.222355873006016,9.895872838626092,0.8354430379746836,0.0,0.0,0.0,0.0,0.0,0.0,1.0,0.0,0.0,0.0,0.0,0.0,0.0,0.0,0.0,0.0,0.0
1927,Zircon,1.0,3920,70.64771061656448,2638.852806122449,2930.4313775510204,2601,2896,2676,2974,75.79765448248156,69.4217199899133,0.9236569274269557,0.0,1.0,0.0,0.0,0.0,0.0,0.0,0.0,0.0,0.0,0.0,0.0,0.0,0.0,0.0,0.0,0.0
1928,Quartz,1.0,867,33.224970809398556,2640.093425605536,2712.154555940023,2619,2697,2662,2730,42.95490169412037,27.82913364379215,0.8491674828599413,0.0,0.0,0.0,0.0,0.0,0.0,1.0,0.0,0.0,0.0,0.0,0.0,0.0,0.0,0.0,0.0,0.0
1929,Rutile,1.0,303,19.64157789116634,2644.8118811881186,340.96039603960395,2630,332,2659,351,28.01551140404519,14.475831830430696,0.8416666666666667,0.0,0.0,1.0,0.0,0.0,0.0,0.0,0.0,0.0,0.0,0.0,0.0,0.0,0.0,0.0,0.0,0.0
1930,Quartz,1.0,845,32.80072278626208,2643.9562130177515,2734.6781065088758,2624,2719,2661,2751,40.54945708653651,28.515765191630734,0.8675564681724846,0.0,0.0,0.0,0.0,0.0,0.0,1.0,0.0,0.0,0.0,0.0,0.0,0.0,0.0,0.0,0.0,0.0
1931,Zircon,1.0,2564,57.136557410303936,2650.3802652106083,4146.666146645865,2621,4118,2684,4180,69.34154392476108,48.23502306017611,0.9296591733139956,0.0,1.0,0.0,0.0,0.0,0.0,0.0,0.0,0.0,0.0,0.0,0.0,0.0,0.0,0.0,0.0,0.0
1932,Zircon,1.0,1213,39.299358363257696,2645.6718878812862,1730.7188788128606,2625,1708,2668,1751,43.255295229395394,37.09230525108417,0.9154716981132075,0.0,1.0,0.0,0.0,0.0,0.0,0.0,0.0,0.0,0.0,0.0,0.0,0.0,0.0,0.0,0.0,0.0
1933,Rutile,1.0,162,14.361922094451577,2645.574074074074,3663.8703703703704,2640,3654,2655,3672,17.34193062598357,13.314321596863206,0.8350515463917526,0.0,0.0,1.0,0.0,0.0,0.0,0.0,0.0,0.0,0.0,0.0,0.0,0.0,0.0,0.0,0.0,0.0
1934,Zircon,1.0,2696,58.58885399635325,2651.799332344214,2627.524480712166,2622,2596,2689,2655,76.77572333683746,46.46198169180715,0.9248713550600343,0.0,1.0,0.0,0.0,0.0,0.0,0.0,0.0,0.0,0.0,0.0,0.0,0.0,0.0,0.0,0.0,0.0
1935,Zircon,1.0,1402,42.25022889545923,2642.4707560627676,4050.663338088445,2614,4031,2673,4072,61.54440685330611,29.598927385140843,0.9328010645375915,0.0,1.0,0.0,0.0,0.0,0.0,0.0,0.0,0.0,0.0,0.0,0.0,0.0,0.0,0.0,0.0,0.0
1936,Zircon,1.0,6524,91.14063193687106,2634.619558553035,3812.9880441446967,2582,3755,2693,3872,139.0663062094164,61.87725754702503,0.9162921348314607,0.0,1.0,0.0,0.0,0.0,0.0,0.0,0.0,0.0,0.0,0.0,0.0,0.0,0.0,0.0,0.0,0.0
1937,Zircon,1.0,2299,54.103398353025284,2653.470204436712,267.78294910830795,2624,242,2686,294,61.73066602736296,47.937397056586555,0.9476504534212696,0.0,1.0,0.0,0.0,0.0,0.0,0.0,0.0,0.0,0.0,0.0,0.0,0.0,0.0,0.0,0.0,0.0
1938,Zircon,1.0,8609,104.69631913598977,2641.1162736670926,1571.3843651992102,2574,1525,2711,1620,143.892159911205,78.28958641359188,0.9152668509462045,0.0,1.0,0.0,0.0,0.0,0.0,0.0,0.0,0.0,0.0,0.0,0.0,0.0,0.0,0.0,0.0,0.0
1939,Rutile,1.0,1794,47.79321859066286,2652.4777034559643,2105.0897435897436,2636,2060,2668,2152,99.83453566447136,25.60964619967374,0.7722772277227723,0.0,0.0,1.0,0.0,0.0,0.0,0.0,0.0,0.0,0.0,0.0,0.0,0.0,0.0,0.0,0.0,0.0
1941,Zircon,1.0,7310,96.47476909541706,2654.9781121751025,4487.515731874145,2604,4435,2703,4545,106.09398893721848,89.36490458133557,0.9232129325587269,0.0,1.0,0.0,0.0,0.0,0.0,0.0,0.0,0.0,0.0,0.0,0.0,0.0,0.0,0.0,0.0,0.0
1942,Zircon,1.0,919,34.20682887394876,2652.0533188248096,3178.9270946681177,2637,3159,2669,3200,40.64595239528987,29.052018307288467,0.9533195020746889,0.0,1.0,0.0,0.0,0.0,0.0,0.0,0.0,0.0,0.0,0.0,0.0,0.0,0.0,0.0,0.0,0.0
1943,Quartz,1.0,1226,39.5093872623369,2651.6884176182707,3500.89396411093,2627,3478,2674,3519,46.13739608935064,36.67958713818208,0.8968544257498171,0.0,0.0,0.0,0.0,0.0,0.0,1.0,0.0,0.0,0.0,0.0,0.0,0.0,0.0,0.0,0.0,0.0
1944,Zircon,0.9798892988929889,5420,83.07200691246469,2657.1249077490775,3899.722878228782,2610,3862,2700,3940,89.67480571856606,81.38973884940957,0.881157535360104,0.0,0.9798892988929889,0.0,0.0,0.0,0.0,0.0,0.0,0.0,0.0,0.0,0.0,0.0,0.0,0.0,0.0,0.020110701107011072
1945,Zircon,1.0,6204,88.87732070408597,2656.1637653127013,454.57656350741456,2600,406,2701,506,101.59837585353878,86.25865730557742,0.9239017125837676,0.0,1.0,0.0,0.0,0.0,0.0,0.0,0.0,0.0,0.0,0.0,0.0,0.0,0.0,0.0,0.0,0.0
1946,Quartz,1.0,192,15.635280380893438,2657.34375,2673.9114583333335,2651,2664,2664,2685,18.66501735957813,13.669347751040258,0.9056603773584906,0.0,0.0,0.0,0.0,0.0,0.0,1.0,0.0,0.0,0.0,0.0,0.0,0.0,0.0,0.0,0.0,0.0
1947,Monazite & Xenotime,1.0,1917,49.404455338130255,2668.93896713615,2416.6306729264475,2637,2398,2711,2440,76.55003784434227,38.13033827339287,0.8129770992366412,1.0,0.0,0.0,0.0,0.0,0.0,0.0,0.0,0.0,0.0,0.0,0.0,0.0,0.0,0.0,0.0,0.0
1948,Zircon,1.0,700,29.854106607209232,2665.332857142857,4611.067142857143,2653,4592,2678,4628,39.931753661280894,23.600458585653527,0.8939974457215837,0.0,1.0,0.0,0.0,0.0,0.0,0.0,0.0,0.0,0.0,0.0,0.0,0.0,0.0,0.0,0.0,0.0
1950,Quartz,1.0,227,17.000746355818674,2668.5991189427314,2679.5286343612333,2661,2669,2676,2691,22.0418454815166,14.018708244329947,0.8533834586466166,0.0,0.0,0.0,0.0,0.0,0.0,1.0,0.0,0.0,0.0,0.0,0.0,0.0,0.0,0.0,0.0,0.0
1951,Rutile,1.0,105,11.562445770562215,2667.5619047619048,3061.1619047619047,2662,3056,2674,3067,12.653079382396381,11.092245225302246,0.8823529411764706,0.0,0.0,1.0,0.0,0.0,0.0,0.0,0.0,0.0,0.0,0.0,0.0,0.0,0.0,0.0,0.0,0.0
1952,Quartz,1.0,1610,45.27599437918081,2666.651552795031,2525.944720496894,2637,2502,2691,2553,56.535741183151934,39.25301483661407,0.8260646485377117,0.0,0.0,0.0,0.0,0.0,0.0,1.0,0.0,0.0,0.0,0.0,0.0,0.0,0.0,0.0,0.0,0.0
1953,Rutile,0.869198312236287,474,24.566553364370574,2665.0611814345993,871.4725738396625,2643,862,2694,884,52.666745183939156,17.761626031081395,0.587360594795539,0.0,0.0,0.869198312236287,0.0,0.0,0.0,0.1308016877637131,0.0,0.0,0.0,0.0,0.0,0.0,0.0,0.0,0.0,0.0
1954,Quartz,1.0,2899,60.75460015659091,2669.4984477406,845.0751983442566,2627,820,2716,871,85.3704757052026,44.31954259616342,0.8612596553773024,0.0,0.0,0.0,0.0,0.0,0.0,1.0,0.0,0.0,0.0,0.0,0.0,0.0,0.0,0.0,0.0,0.0
1955,Zircon,1.0,1393,42.11439998166995,2672.480976310122,3215.4666188083274,2655,3189,2698,3246,52.606013961415265,37.5769042530867,0.8577586206896551,0.0,1.0,0.0,0.0,0.0,0.0,0.0,0.0,0.0,0.0,0.0,0.0,0.0,0.0,0.0,0.0,0.0
1957,Zircon,1.0,528,25.928179257714298,2673.600378787879,2453.089015151515,2660,2436,2687,2468,29.850583007932997,24.368761123541663,0.8641571194762684,0.0,1.0,0.0,0.0,0.0,0.0,0.0,0.0,0.0,0.0,0.0,0.0,0.0,0.0,0.0,0.0,0.0
1958,Zircon,1.0,475,24.592453796829673,2674.941052631579,4205.72,2659,4194,2691,4217,34.02225981923443,18.42507010943673,0.8796296296296297,0.0,1.0,0.0,0.0,0.0,0.0,0.0,0.0,0.0,0.0,0.0,0.0,0.0,0.0,0.0,0.0,0.0
1960,Zircon,1.0,876,33.396973533360814,2667.0068493150684,3851.0,2644,3834,2692,3863,48.417033218902446,24.492850644849863,0.8947906026557712,0.0,1.0,0.0,0.0,0.0,0.0,0.0,0.0,0.0,0.0,0.0,0.0,0.0,0.0,0.0,0.0,0.0
1961,Zircon,1.0,744,30.77808020788433,2683.1169354838707,3834.548387096774,2662,3822,2701,3852,38.886613491173286,25.988103033977776,0.8996372430471584,0.0,1.0,0.0,0.0,0.0,0.0,0.0,0.0,0.0,0.0,0.0,0.0,0.0,0.0,0.0,0.0,0.0
1962,Quartz,1.0,3551,67.24041659117351,2703.0771613629963,2719.6119402985073,2661,2695,2760,2758,116.38584125159757,45.469746223489516,0.7933422698838248,0.0,0.0,0.0,0.0,0.0,0.0,1.0,0.0,0.0,0.0,0.0,0.0,0.0,0.0,0.0,0.0,0.0
1963,Zircon,1.0,7248,96.06477096334774,2701.1508002207506,3337.653559602649,2648,3282,2759,3397,140.72632151132808,66.68676848273215,0.9339002705836876,0.0,1.0,0.0,0.0,0.0,0.0,0.0,0.0,0.0,0.0,0.0,0.0,0.0,0.0,0.0,0.0,0.0
1964,Zircon,1.0,920,34.225434710991614,2683.733695652174,2482.133695652174,2664,2467,2703,2498,41.14202815183535,29.25569086041106,0.8993157380254154,0.0,1.0,0.0,0.0,0.0,0.0,0.0,0.0,0.0,0.0,0.0,0.0,0.0,0.0,0.0,0.0,0.0
1965,Quartz,1.0,879,33.454111254406506,2685.6780432309442,706.358361774744,2668,681,2703,727,46.2451360993806,25.76730450526747,0.8427612655800575,0.0,0.0,0.0,0.0,0.0,0.0,1.0,0.0,0.0,0.0,0.0,0.0,0.0,0.0,0.0,0.0,0.0
1966,Zircon,1.0,4413,74.95869603265703,2683.6904600045323,3452.128484024473,2644,3411,2722,3491,78.00522109032627,72.9394961135405,0.954574951330305,0.0,1.0,0.0,0.0,0.0,0.0,0.0,0.0,0.0,0.0,0.0,0.0,0.0,0.0,0.0,0.0,0.0
1967,Zircon,0.9820554649265906,1839,48.3889194213713,2696.1609570418705,3593.21098423056,2667,3571,2726,3623,63.55232761398066,43.68672063537401,0.7835534725181083,0.01794453507340946,0.9820554649265906,0.0,0.0,0.0,0.0,0.0,0.0,0.0,0.0,0.0,0.0,0.0,0.0,0.0,0.0,0.0
1968,Zircon,1.0,4737,77.66167473992861,2689.7606079797342,52.577580747308424,2637,12,2748,92,120.85977712772942,53.30332543075484,0.878035217794254,0.0,1.0,0.0,0.0,0.0,0.0,0.0,0.0,0.0,0.0,0.0,0.0,0.0,0.0,0.0,0.0,0.0
1969,Zircon,1.0,1507,43.803789720934994,2689.274717982747,3021.195089581951,2670,2995,2719,3047,48.50153915852429,44.05296941685598,0.8802570093457944,0.0,1.0,0.0,0.0,0.0,0.0,0.0,0.0,0.0,0.0,0.0,0.0,0.0,0.0,0.0,0.0,0.0
1970,Zircon,1.0,582,27.221781995965376,2694.6288659793813,4619.520618556701,2675,4606,2717,4628,40.05906184157657,21.161523004924742,0.9252782193958664,0.0,1.0,0.0,0.0,0.0,0.0,0.0,0.0,0.0,0.0,0.0,0.0,0.0,0.0,0.0,0.0,0.0
1971,Zircon,1.0,4063,71.92476812794717,2695.968250061531,3685.909672655673,2655,3648,2741,3728,79.97413437952335,67.78313798642566,0.9065149486836234,0.0,1.0,0.0,0.0,0.0,0.0,0.0,0.0,0.0,0.0,0.0,0.0,0.0,0.0,0.0,0.0,0.0
1974,Zircon,1.0,4710,77.44003006005754,2665.9055201698516,2194.507218683652,2602,2165,2732,2221,132.87924791718464,46.52780862490603,0.9282617264485613,0.0,1.0,0.0,0.0,0.0,0.0,0.0,0.0,0.0,0.0,0.0,0.0,0.0,0.0,0.0,0.0,0.0
1975,Zircon,1.0,2263,53.678124871642765,2700.3720724701725,2235.212549712771,2663,2218,2733,2260,73.42114871240464,41.40111594734761,0.9240506329113924,0.0,1.0,0.0,0.0,0.0,0.0,0.0,0.0,0.0,0.0,0.0,0.0,0.0,0.0,0.0,0.0,0.0
1976,Zircon,1.0,4472,75.45811582630226,2690.673747763864,1652.7231663685152,2657,1607,2726,1702,93.31055996576815,65.61138748672174,0.908758382442593,0.0,1.0,0.0,0.0,0.0,0.0,0.0,0.0,0.0,0.0,0.0,0.0,0.0,0.0,0.0,0.0,0.0
1977,Zircon,1.0,695,29.747293718772774,2698.834532374101,4153.564028776978,2685,4133,2714,4169,35.90721080781514,26.939290618415775,0.8990944372574385,0.0,1.0,0.0,0.0,0.0,0.0,0.0,0.0,0.0,0.0,0.0,0.0,0.0,0.0,0.0,0.0,0.0
1978,Zircon,1.0,183,15.26443044094783,2700.7377049180327,3110.289617486339,2692,3103,2709,3120,20.37143714420088,11.78514257689119,0.905940594059406,0.0,1.0,0.0,0.0,0.0,0.0,0.0,0.0,0.0,0.0,0.0,0.0,0.0,0.0,0.0,0.0,0.0
1979,Zircon,1.0,993,35.55737431141417,2701.320241691843,2070.5911379657605,2685,2050,2721,2086,39.29514822802297,33.484913092145554,0.9548076923076924,0.0,1.0,0.0,0.0,0.0,0.0,0.0,0.0,0.0,0.0,0.0,0.0,0.0,0.0,0.0,0.0,0.0
1980,Zircon,1.0,793,31.775445850136926,2702.780580075662,2096.8688524590166,2686,2086,2722,2112,39.81075570231387,26.727246952919934,0.9384615384615385,0.0,1.0,0.0,0.0,0.0,0.0,0.0,0.0,0.0,0.0,0.0,0.0,0.0,0.0,0.0,0.0,0.0
1981,Zircon,1.0,1638,45.66800164531175,2705.570818070818,2867.4114774114773,2677,2846,2731,2886,57.20141894409577,39.220327000915184,0.924901185770751,0.0,1.0,0.0,0.0,0.0,0.0,0.0,0.0,0.0,0.0,0.0,0.0,0.0,0.0,0.0,0.0,0.0
1982,Zircon,1.0,1248,39.86229988133503,2707.145032051282,2896.3886217948716,2679,2884,2734,2913,54.879314603928655,30.361415345552345,0.9411764705882353,0.0,1.0,0.0,0.0,0.0,0.0,0.0,0.0,0.0,0.0,0.0,0.0,0.0,0.0,0.0,0.0,0.0
1983,Zircon,1.0,4296,73.95834695409476,2712.3763966480446,755.8878026070763,2669,721,2752,795,86.52391069476666,64.04762384415999,0.9280622164614387,0.0,1.0,0.0,0.0,0.0,0.0,0.0,0.0,0.0,0.0,0.0,0.0,0.0,0.0,0.0,0.0,0.0
1984,Rutile,1.0,1220,39.41258992475499,2693.9598360655737,337.23688524590165,2662,312,2721,364,70.32578708660884,30.703383060915655,0.6472148541114059,0.0,0.0,1.0,0.0,0.0,0.0,0.0,0.0,0.0,0.0,0.0,0.0,0.0,0.0,0.0,0.0,0.0
1985,Quartz,0.9411000433087917,2309,54.220937918791954,2703.3611953226505,2953.5513209181463,2670,2912,2733,2995,75.05418852597464,52.17465309653872,0.7211118051217988,0.0,0.0,0.0,0.0,0.0,0.0,0.9411000433087917,0.0,0.058899956691208316,0.0,0.0,0.0,0.0,0.0,0.0,0.0,0.0
1986,Zircon,1.0,1686,46.33229837190774,2713.406287069988,132.2906287069988,2685,109,2746,157,60.48562629493565,38.90856025003722,0.8610827374872319,0.0,1.0,0.0,0.0,0.0,0.0,0.0,0.0,0.0,0.0,0.0,0.0,0.0,0.0,0.0,0.0,0.0
1987,Orthoclase,1.0,573,27.010484244701136,2723.113438045375,3268.0593368237346,2700,3255,2749,3284,49.81348135686659,17.992112351610498,0.8501483679525222,0.0,0.0,0.0,0.0,0.0,0.0,0.0,0.0,1.0,0.0,0.0,0.0,0.0,0.0,0.0,0.0,0.0
1988,Zircon,1.0,2779,59.48388600973391,2713.231378193595,4338.757826556315,2686,4305,2739,4382,75.87290778551211,50.63680744018701,0.8898495036823567,0.0,1.0,0.0,0.0,0.0,0.0,0.0,0.0,0.0,0.0,0.0,0.0,0.0,0.0,0.0,0.0,0.0
1989,Zircon,1.0,1210,39.25073055536097,2718.2669421487603,4484.6297520661155,2702,4452,2736,4517,67.4319080569617,24.63225753269623,0.8192281651997292,0.0,1.0,0.0,0.0,0.0,0.0,0.0,0.0,0.0,0.0,0.0,0.0,0.0,0.0,0.0,0.0,0.0
1990,Zircon,1.0,909,34.02021084832166,2721.2387238723873,3214.031903190319,2700,3201,2746,3229,42.85100344729541,28.845531946543968,0.8946850393700787,0.0,1.0,0.0,0.0,0.0,0.0,0.0,0.0,0.0,0.0,0.0,0.0,0.0,0.0,0.0,0.0,0.0
1991,Zircon,1.0,1615,45.34624421875849,2721.866253869969,3506.4854489164086,2697,3484,2750,3535,47.98690717591859,45.26921148897492,0.8937465412285556,0.0,1.0,0.0,0.0,0.0,0.0,0.0,0.0,0.0,0.0,0.0,0.0,0.0,0.0,0.0,0.0,0.0
1993,Zircon,1.0,1980,50.20970323130403,2725.088383838384,98.13636363636364,2698,75,2754,120,56.18368345412239,46.13521512149355,0.9304511278195489,0.0,1.0,0.0,0.0,0.0,0.0,0.0,0.0,0.0,0.0,0.0,0.0,0.0,0.0,0.0,0.0,0.0
1994,Zircon,1.0,6814,93.14426583437866,2728.741561491048,2803.926034634576,2666,2760,2793,2846,134.31847926480881,65.60799960349992,0.9516759776536313,0.0,1.0,0.0,0.0,0.0,0.0,0.0,0.0,0.0,0.0,0.0,0.0,0.0,0.0,0.0,0.0,0.0
1995,Zircon,1.0,5169,81.12567538539237,2728.178177597214,3167.2863223060554,2682,3134,2773,3204,99.15659612007701,68.9302112552532,0.9475710357470211,0.0,1.0,0.0,0.0,0.0,0.0,0.0,0.0,0.0,0.0,0.0,0.0,0.0,0.0,0.0,0.0,0.0
1996,Zircon,1.0,10323,114.64576669158389,2721.973941683619,1042.4748619587328,2668,965,2779,1128,145.5826192694724,94.95032557752054,0.9145109851169383,0.0,1.0,0.0,0.0,0.0,0.0,0.0,0.0,0.0,0.0,0.0,0.0,0.0,0.0,0.0,0.0,0.0
1997,Zircon,1.0,179,15.09668435477122,2722.949720670391,3541.983240223464,2714,3535,2732,3549,19.49059814435074,12.654591287910058,0.8403755868544601,0.0,1.0,0.0,0.0,0.0,0.0,0.0,0.0,0.0,0.0,0.0,0.0,0.0,0.0,0.0,0.0,0.0
1998,Zircon,1.0,2252,53.54750652218632,2724.588809946714,3782.52486678508,2701,3752,2756,3817,59.97594880880447,49.145811157500795,0.9332780770824699,0.0,1.0,0.0,0.0,0.0,0.0,0.0,0.0,0.0,0.0,0.0,0.0,0.0,0.0,0.0,0.0,0.0
1999,Zircon,1.0,5056,80.2340273087484,2723.2147943037976,1785.6255933544303,2687,1750,2767,1832,88.5315205060026,75.98064924171648,0.9717470689986546,0.0,1.0,0.0,0.0,0.0,0.0,0.0,0.0,0.0,0.0,0.0,0.0,0.0,0.0,0.0,0.0,0.0
2000,Zircon,1.0,3656,68.22729494529118,2724.625,240.87992341356673,2689,207,2758,280,76.42752303851506,62.331178274785486,0.9408131755018013,0.0,1.0,0.0,0.0,0.0,0.0,0.0,0.0,0.0,0.0,0.0,0.0,0.0,0.0,0.0,0.0,0.0
2001,Rutile,0.9812168231931401,2449,55.840519741997504,2729.661494487546,2518.967741935484,2696,2489,2760,2556,65.73218342495782,49.55693510150247,0.836692859583191,0.0,0.0,0.9812168231931401,0.0,0.0,0.0,0.018783176806859942,0.0,0.0,0.0,0.0,0.0,0.0,0.0,0.0,0.0,0.0
2002,Zircon,1.0,1189,38.90863424344407,2731.340622371741,1741.990748528175,2692,1734,2771,1751,85.50006781848941,18.58660314944941,0.9496805111821086,0.0,1.0,0.0,0.0,0.0,0.0,0.0,0.0,0.0,0.0,0.0,0.0,0.0,0.0,0.0,0.0,0.0
2003,Rutile,1.0,876,33.396973533360814,2732.5502283105025,1846.019406392694,2715,1832,2752,1867,35.183263108902466,33.49327346956053,0.9368983957219251,0.0,0.0,1.0,0.0,0.0,0.0,0.0,0.0,0.0,0.0,0.0,0.0,0.0,0.0,0.0,0.0,0.0
2004,Quartz,1.0,1494,43.61444577011535,2729.2175368139224,4581.918340026774,2708,4553,2751,4616,66.40283137301975,29.889683414215657,0.8605990783410138,0.0,0.0,0.0,0.0,0.0,0.0,1.0,0.0,0.0,0.0,0.0,0.0,0.0,0.0,0.0,0.0,0.0
2005,Zircon,1.0,4501,75.70238563515001,2740.35347700511,2141.0937569429016,2700,2109,2779,2177,85.03828954717162,69.01869577703792,0.9396659707724426,0.0,1.0,0.0,0.0,0.0,0.0,0.0,0.0,0.0,0.0,0.0,0.0,0.0,0.0,0.0,0.0,0.0
2006,Zircon,1.0,5503,83.70565819989471,2728.5780483372705,4254.191713610758,2692,4185,2768,4306,114.65291296893537,64.19021876030065,0.8732148524278007,0.0,1.0,0.0,0.0,0.0,0.0,0.0,0.0,0.0,0.0,0.0,0.0,0.0,0.0,0.0,0.0,0.0
2007,Rutile,0.9883720930232558,688,29.597108081327676,2743.1627906976746,4385.485465116279,2722,4372,2761,4400,38.270529175575525,24.723769632304567,0.8535980148883374,0.0,0.0,0.9883720930232558,0.0,0.0,0.0,0.011627906976744186,0.0,0.0,0.0,0.0,0.0,0.0,0.0,0.0,0.0,0.0
2008,Quartz,1.0,869,33.26327050028088,2739.3291139240505,2923.7249712313005,2720,2901,2756,2949,41.75185995510346,28.79413834099577,0.8388030888030888,0.0,0.0,0.0,0.0,0.0,0.0,1.0,0.0,0.0,0.0,0.0,0.0,0.0,0.0,0.0,0.0,0.0
2009,Zircon,1.0,12210,124.68462151049879,2724.7255528255528,626.7466011466012,2654,556,2794,693,158.8505893206646,102.60840024586754,0.9135118958551549,0.0,1.0,0.0,0.0,0.0,0.0,0.0,0.0,0.0,0.0,0.0,0.0,0.0,0.0,0.0,0.0,0.0
2010,Zircon,1.0,3558,67.30665866144084,2751.3676222596964,385.9210230466554,2707,352,2790,435,78.27884099946827,70.51666816302316,0.7875166002656042,0.0,1.0,0.0,0.0,0.0,0.0,0.0,0.0,0.0,0.0,0.0,0.0,0.0,0.0,0.0,0.0,0.0
2011,Iron Oxides,1.0,296,19.413369239820483,2729.3074324324325,401.26013513513516,2715,389,2745,413,29.653441168955506,15.858243043288589,0.6948356807511737,0.0,0.0,0.0,0.0,1.0,0.0,0.0,0.0,0.0,0.0,0.0,0.0,0.0,0.0,0.0,0.0,0.0
2013,Zircon,1.0,6039,87.68747693174691,2745.3939393939395,3922.6514323563506,2696,3865,2788,3972,104.72931241442245,83.50710063145593,0.8462724215246636,0.0,1.0,0.0,0.0,0.0,0.0,0.0,0.0,0.0,0.0,0.0,0.0,0.0,0.0,0.0,0.0,0.0
2014,Rutile,1.0,289,19.182445840623714,2748.7681660899652,3884.581314878893,2738,3871,2758,3897,29.570085758807274,14.607458611568394,0.7961432506887053,0.0,0.0,1.0,0.0,0.0,0.0,0.0,0.0,0.0,0.0,0.0,0.0,0.0,0.0,0.0,0.0,0.0
2015,Rutile,1.0,2537,56.834925222024424,2758.396925502562,3039.5967678360266,2728,3009,2792,3068,67.99736896947365,50.95450142792881,0.8611676849966056,0.0,0.0,1.0,0.0,0.0,0.0,0.0,0.0,0.0,0.0,0.0,0.0,0.0,0.0,0.0,0.0,0.0
2016,Zircon,1.0,1315,40.91833331560242,2753.4060836501903,4176.59391634981,2731,4154,2774,4200,43.72912473902418,38.93523960969326,0.9501445086705202,0.0,1.0,0.0,0.0,0.0,0.0,0.0,0.0,0.0,0.0,0.0,0.0,0.0,0.0,0.0,0.0,0.0
2017,Rutile,1.0,2492,56.32861568936366,2761.526083467095,1609.8302568218298,2730,1587,2796,1634,66.91275923887832,48.71038835083178,0.940377358490566,0.0,0.0,1.0,0.0,0.0,0.0,0.0,0.0,0.0,0.0,0.0,0.0,0.0,0.0,0.0,0.0,0.0
2018,Zircon,1.0,405,22.708192698181442,2761.2172839506175,4621.953086419753,2741,4615,2781,4628,40.82015076865407,13.355767738654475,0.9225512528473804,0.0,1.0,0.0,0.0,0.0,0.0,0.0,0.0,0.0,0.0,0.0,0.0,0.0,0.0,0.0,0.0,0.0
2019,Zircon,0.8958097395243488,3532,67.06028684701994,2765.0144394110985,2054.2519818799547,2724,2019,2804,2085,76.92056768080094,62.7986842019953,0.8635696821515892,0.0,0.8958097395243488,0.008776896942242356,0.0,0.0,0.0,0.022366930917327294,0.0,0.0,0.0,0.0,0.0,0.0,0.0,0.0,0.0,0.07304643261608154
2020,Zircon,1.0,2150,52.320789569544914,2764.3223255813955,2384.1009302325583,2742,2347,2791,2415,65.26822524057853,43.37648054261892,0.9052631578947369,0.0,1.0,0.0,0.0,0.0,0.0,0.0,0.0,0.0,0.0,0.0,0.0,0.0,0.0,0.0,0.0,0.0
2021,Zircon,1.0,2224,53.21357672146274,2763.375,823.4514388489208,2736,792,2793,856,57.258053785445426,51.514657330098316,0.8982229402261712,0.0,1.0,0.0,0.0,0.0,0.0,0.0,0.0,0.0,0.0,0.0,0.0,0.0,0.0,0.0,0.0,0.0
2023,Zircon,1.0,405,22.708192698181442,2762.683950617284,2459.3432098765434,2752,2444,2776,2478,37.10350188615593,15.352173767447816,0.8333333333333334,0.0,1.0,0.0,0.0,0.0,0.0,0.0,0.0,0.0,0.0,0.0,0.0,0.0,0.0,0.0,0.0,0.0
2024,Zircon,1.0,3815,69.69511362473445,2767.58374836173,3246.7420707732635,2728,3213,2809,3280,82.12862415637942,61.07818708075048,0.9172878095696081,0.0,1.0,0.0,0.0,0.0,0.0,0.0,0.0,0.0,0.0,0.0,0.0,0.0,0.0,0.0,0.0,0.0
2025,Zircon,0.9953298307063632,6852,93.40362605662231,2753.980151780502,4015.5323992994745,2682,3972,2810,4084,119.96583210789757,95.74482509754253,0.7405165892143089,0.004670169293636894,0.9953298307063632,0.0,0.0,0.0,0.0,0.0,0.0,0.0,0.0,0.0,0.0,0.0,0.0,0.0,0.0,0.0
2026,Zircon,1.0,4407,74.9077210549611,2758.744497390515,314.56773315180396,2713,285,2808,347,98.67845285566004,57.55229714347876,0.947741935483871,0.0,1.0,0.0,0.0,0.0,0.0,0.0,0.0,0.0,0.0,0.0,0.0,0.0,0.0,0.0,0.0,0.0
2027,Zircon,0.9903036955726308,5466,83.42378169036932,2770.7925356750825,3732.202524698134,2733,3687,2812,3784,95.28931357546539,74.68730449443433,0.9220647773279352,0.0,0.9903036955726308,0.0,0.0,0.0,0.0,0.0,0.0,0.0,0.0,0.0,0.0,0.0,0.0,0.0,0.0,0.009696304427369191
2028,Rutile,1.0,1114,37.66150359232848,2775.5780969479356,4590.107719928186,2753,4568,2797,4617,53.134027452296486,34.12381034718941,0.7159383033419023,0.0,0.0,1.0,0.0,0.0,0.0,0.0,0.0,0.0,0.0,0.0,0.0,0.0,0.0,0.0,0.0,0.0
2029,Zircon,1.0,2571,57.21449877010287,2776.439517697394,2974.489303772851,2751,2934,2805,3012,76.76456607745511,44.254258124476536,0.9068783068783068,0.0,1.0,0.0,0.0,0.0,0.0,0.0,0.0,0.0,0.0,0.0,0.0,0.0,0.0,0.0,0.0,0.0
2030,Rutile,0.9090909090909091,1287,40.48035689163516,2785.8352758352758,1920.6868686868686,2754,1907,2820,1940,61.950349748527074,29.304746037746035,0.8125,0.0,0.0,0.9090909090909091,0.03418803418803419,0.0,0.0,0.05672105672105672,0.0,0.0,0.0,0.0,0.0,0.0,0.0,0.0,0.0,0.0
2031,Zircon,1.0,1317,40.94943809646488,2781.0197418375096,1368.7752467729688,2756,1348,2805,1396,55.09415320975215,34.24693376071858,0.8069852941176471,0.0,1.0,0.0,0.0,0.0,0.0,0.0,0.0,0.0,0.0,0.0,0.0,0.0,0.0,0.0,0.0,0.0
2032,Zircon,1.0,1225,39.493270848342945,2774.629387755102,4351.277551020408,2745,4325,2799,4370,54.97871262208413,34.13893479160806,0.778766687857597,0.0,1.0,0.0,0.0,0.0,0.0,0.0,0.0,0.0,0.0,0.0,0.0,0.0,0.0,0.0,0.0,0.0
2033,Rutile,1.0,374,21.821814538001895,2779.8636363636365,1660.403743315508,2769,1648,2791,1673,27.34476279783512,17.866707889220724,0.8968824940047961,0.0,0.0,1.0,0.0,0.0,0.0,0.0,0.0,0.0,0.0,0.0,0.0,0.0,0.0,0.0,0.0,0.0
2034,Zircon,1.0,350,21.11004122822376,2785.694285714286,1062.94,2774,1045,2796,1081,36.36719529152396,13.741693019286982,0.7829977628635347,0.0,1.0,0.0,0.0,0.0,0.0,0.0,0.0,0.0,0.0,0.0,0.0,0.0,0.0,0.0,0.0,0.0
2035,Zircon,1.0,1102,37.45810964661924,2780.3466424682397,1850.421052631579,2758,1832,2800,1869,41.42833560370917,34.65433564079245,0.90625,0.0,1.0,0.0,0.0,0.0,0.0,0.0,0.0,0.0,0.0,0.0,0.0,0.0,0.0,0.0,0.0,0.0
2036,Rutile,0.9741504501887889,3443,66.20999737594894,2792.9549811211155,4228.4995643334305,2755,4189,2834,4265,87.70587659007278,52.291792492256754,0.9152046783625731,0.0,0.0,0.9741504501887889,0.0,0.0,0.0,0.0,0.0,0.0,0.0,0.0,0.0,0.0,0.0,0.0,0.0,0.025849549811211153
2037,Zircon,1.0,557,26.63070457981699,2787.4901256732496,1327.6427289048474,2778,1308,2798,1349,41.99621339555972,17.451998262809195,0.9101307189542484,0.0,1.0,0.0,0.0,0.0,0.0,0.0,0.0,0.0,0.0,0.0,0.0,0.0,0.0,0.0,0.0,0.0
2038,Quartz,1.0,6066,87.88328099452988,2789.4609297725024,468.7075502802506,2743,418,2833,516,102.05159814691102,76.97368958184815,0.9109475897281875,0.0,0.0,0.0,0.0,0.0,0.0,1.0,0.0,0.0,0.0,0.0,0.0,0.0,0.0,0.0,0.0,0.0
2039,Zircon,0.9744614067627336,7009,94.46764509105091,2781.1382508203737,3433.604793836496,2728,3371,2833,3487,126.00848295592492,73.42713924229496,0.9222368421052631,0.0,0.9744614067627336,0.0,0.0,0.0,0.0,0.0,0.0,0.0,0.0,0.0,0.0,0.0,0.0,0.0,0.0,0.02553859323726637
2040,Zircon,1.0,6058,87.8253104862466,2794.8676130736217,4431.150544734236,2749,4385,2847,4471,97.38169946644943,81.594050657025,0.9189927184466019,0.0,1.0,0.0,0.0,0.0,0.0,0.0,0.0,0.0,0.0,0.0,0.0,0.0,0.0,0.0,0.0,0.0
2041,Zircon,1.0,3413,65.9209114483493,2788.7116905947846,3836.1315558159977,2752,3795,2823,3876,78.46401708060299,57.49737561165456,0.9057855626326964,0.0,1.0,0.0,0.0,0.0,0.0,0.0,0.0,0.0,0.0,0.0,0.0,0.0,0.0,0.0,0.0,0.0
2042,Zircon,1.0,1604,45.19155042433487,2795.073566084788,777.4750623441397,2774,751,2817,806,51.392878688019,42.47530797648584,0.8495762711864406,0.0,1.0,0.0,0.0,0.0,0.0,0.0,0.0,0.0,0.0,0.0,0.0,0.0,0.0,0.0,0.0,0.0
2043,Zircon,0.9761792452830189,4240,73.47472810209705,2797.650471698113,985.9316037735849,2760,940,2830,1036,91.61084371613767,61.01528705012902,0.9263709853615906,0.0,0.9761792452830189,0.0,0.0,0.0,0.0,0.0,0.0,0.0,0.0,0.0,0.0,0.0,0.0,0.0,0.0,0.023820754716981134
2044,Zircon,1.0,539,26.196872229566885,2796.974025974026,3486.4192949907238,2785,3471,2812,3501,29.261585671078837,24.127230695425904,0.9120135363790186,0.0,1.0,0.0,0.0,0.0,0.0,0.0,0.0,0.0,0.0,0.0,0.0,0.0,0.0,0.0,0.0,0.0
2045,Zircon,1.0,1417,42.47564519686223,2788.668313338038,1884.543401552576,2749,1866,2819,1900,66.60049689055015,29.613086040911202,0.8310850439882698,0.0,1.0,0.0,0.0,0.0,0.0,0.0,0.0,0.0,0.0,0.0,0.0,0.0,0.0,0.0,0.0,0.0
2047,Rutile,1.0,3316,64.97739861168498,2802.357056694813,1982.5382991556091,2776,1935,2831,2023,85.11252567615509,52.50708244674851,0.849820604818042,0.0,0.0,1.0,0.0,0.0,0.0,0.0,0.0,0.0,0.0,0.0,0.0,0.0,0.0,0.0,0.0,0.0
2048,Zircon,1.0,7768,99.45111755783715,2796.7442070030897,3098.2207775489187,2736,3050,2867,3143,126.59616280560579,79.88666559615646,0.9547689282202556,0.0,1.0,0.0,0.0,0.0,0.0,0.0,0.0,0.0,0.0,0.0,0.0,0.0,0.0,0.0,0.0,0.0
2049,Zircon,1.0,818,32.27243324562564,2795.3117359413204,3206.877750611247,2772,3196,2820,3221,44.66996966502271,24.248969806979407,0.9306029579067122,0.0,1.0,0.0,0.0,0.0,0.0,0.0,0.0,0.0,0.0,0.0,0.0,0.0,0.0,0.0,0.0,0.0
2050,Quartz,1.0,1332,41.18197510546619,2799.9984984984985,2460.081831831832,2777,2438,2827,2481,49.42176473984213,39.14016557602874,0.8278433809819764,0.0,0.0,0.0,0.0,0.0,0.0,1.0,0.0,0.0,0.0,0.0,0.0,0.0,0.0,0.0,0.0,0.0
2051,Zircon,1.0,1321,41.011576885010776,2814.093868281605,3178.218773656321,2786,3157,2845,3197,58.95587730059584,31.63221106628927,0.8387301587301588,0.0,1.0,0.0,0.0,0.0,0.0,0.0,0.0,0.0,0.0,0.0,0.0,0.0,0.0,0.0,0.0,0.0
2052,Zircon,1.0,6910,93.7981090114293,2796.514616497829,4519.423154848047,2738,4462,2856,4576,147.40396283916957,60.970172800631865,0.943087211682817,0.0,1.0,0.0,0.0,0.0,0.0,0.0,0.0,0.0,0.0,0.0,0.0,0.0,0.0,0.0,0.0,0.0
2053,Zircon,1.0,995,35.593164329846914,2803.2040201005025,4102.470351758794,2782,4084,2820,4124,41.14511498355002,32.351577814764106,0.8947841726618705,0.0,1.0,0.0,0.0,0.0,0.0,0.0,0.0,0.0,0.0,0.0,0.0,0.0,0.0,0.0,0.0,0.0
2054,Zircon,0.9888675623800384,5210,81.44678034195212,2804.251823416507,1498.846065259117,2770,1440,2839,1565,120.86445008330148,59.05300126100023,0.8231948175067151,0.011132437619961612,0.9888675623800384,0.0,0.0,0.0,0.0,0.0,0.0,0.0,0.0,0.0,0.0,0.0,0.0,0.0,0.0,0.0
2055,Rutile,1.0,613,27.93735565372383,2801.675367047308,1643.78955954323,2779,1634,2826,1657,46.2667064290643,18.23837267050465,0.8239247311827957,0.0,0.0,1.0,0.0,0.0,0.0,0.0,0.0,0.0,0.0,0.0,0.0,0.0,0.0,0.0,0.0,0.0
2056,Rutile,1.0,2088,51.56087828389873,2813.2840038314175,1678.1805555555557,2776,1654,2848,1700,74.44505360389049,38.48808368995256,0.8220472440944881,0.0,0.0,1.0,0.0,0.0,0.0,0.0,0.0,0.0,0.0,0.0,0.0,0.0,0.0,0.0,0.0,0.0
2057,Zircon,1.0,3619,67.88117494855665,2817.420281845814,2156.380215529152,2777,2130,2863,2181,93.36784217895199,50.66982514012869,0.9327319587628866,0.0,1.0,0.0,0.0,0.0,0.0,0.0,0.0,0.0,0.0,0.0,0.0,0.0,0.0,0.0,0.0,0.0
2058,Zircon,1.0,1842,48.42837227702548,2811.3610206297503,2541.2480998914225,2786,2510,2833,2580,72.64536021413126,33.5353456864694,0.9002932551319648,0.0,1.0,0.0,0.0,0.0,0.0,0.0,0.0,0.0,0.0,0.0,0.0,0.0,0.0,0.0,0.0,0.0
2059,Zircon,1.0,1248,39.86229988133503,2814.81891025641,2770.6955128205127,2791,2748,2839,2793,54.92849365703969,29.635065462216886,0.9030390738060782,0.0,1.0,0.0,0.0,0.0,0.0,0.0,0.0,0.0,0.0,0.0,0.0,0.0,0.0,0.0,0.0,0.0
2060,Zircon,1.0,1562,44.59596583634359,2812.900128040973,1058.2701664532651,2791,1027,2833,1089,60.64021255842044,35.705482687054804,0.8255813953488372,0.0,1.0,0.0,0.0,0.0,0.0,0.0,0.0,0.0,0.0,0.0,0.0,0.0,0.0,0.0,0.0,0.0
2061,Zircon,1.0,286,19.08262324195121,2812.213286713287,1610.2167832167831,2801,1593,2821,1628,38.291278659632106,10.7815701821285,0.8056338028169014,0.0,1.0,0.0,0.0,0.0,0.0,0.0,0.0,0.0,0.0,0.0,0.0,0.0,0.0,0.0,0.0,0.0
2062,Zircon,1.0,1949,49.81509683508437,2819.318111852232,3800.927142124166,2792,3774,2846,3831,58.28731907572028,43.828035482356896,0.9154532644434007,0.0,1.0,0.0,0.0,0.0,0.0,0.0,0.0,0.0,0.0,0.0,0.0,0.0,0.0,0.0,0.0,0.0
2063,Quartz,1.0,885,33.568094927931476,2812.986440677966,2414.7830508474576,2793,2398,2842,2432,42.92305431600785,30.53690968601953,0.7729257641921398,0.0,0.0,0.0,0.0,0.0,0.0,1.0,0.0,0.0,0.0,0.0,0.0,0.0,0.0,0.0,0.0,0.0
2064,Zircon,1.0,5212,81.46241162130954,2818.5433614735225,1793.4282425172678,2784,1752,2862,1850,104.66444018318634,68.51324841436254,0.8984657817617652,0.0,1.0,0.0,0.0,0.0,0.0,0.0,0.0,0.0,0.0,0.0,0.0,0.0,0.0,0.0,0.0,0.0
2065,Zircon,1.0,138,13.255453865237978,2823.253623188406,1750.9927536231885,2789,1750,2858,1753,78.83282936124445,2.2602217551681396,0.8070175438596491,0.0,1.0,0.0,0.0,0.0,0.0,0.0,0.0,0.0,0.0,0.0,0.0,0.0,0.0,0.0,0.0,0.0
2066,Zircon,0.9532181168057211,3356,65.36812611763631,2831.9794398092968,1726.8474374255065,2790,1699,2872,1751,80.87979642375109,55.05880034086822,0.9413744740532959,0.0,0.9532181168057211,0.0,0.0,0.012514898688915376,0.0,0.0,0.0,0.0,0.0,0.0,0.0,0.0,0.0,0.0,0.0,0.03426698450536353
2067,Zircon,1.0,3110,62.926742996331505,2826.3450160771704,3669.9138263665595,2794,3636,2863,3706,66.59534361544168,61.17681006913851,0.9336535574902431,0.0,1.0,0.0,0.0,0.0,0.0,0.0,0.0,0.0,0.0,0.0,0.0,0.0,0.0,0.0,0.0,0.0
2069,Zircon,1.0,5514,83.78927645987693,2833.2321363801234,643.0041712005803,2791,596,2880,688,109.09517569982242,65.26352126377273,0.9503619441571872,0.0,1.0,0.0,0.0,0.0,0.0,0.0,0.0,0.0,0.0,0.0,0.0,0.0,0.0,0.0,0.0,0.0
2070,Zircon,1.0,5393,82.8648349105743,2829.8160578527722,3943.7517151863526,2787,3903,2873,3987,91.86352935543937,75.37564771788509,0.9687443865636788,0.0,1.0,0.0,0.0,0.0,0.0,0.0,0.0,0.0,0.0,0.0,0.0,0.0,0.0,0.0,0.0,0.0
2071,Zircon,1.0,5163,81.07857774694648,2824.4677513073793,2942.1342242882047,2784,2894,2867,2989,101.93981566988796,66.27791219893271,0.938897981451173,0.0,1.0,0.0,0.0,0.0,0.0,0.0,0.0,0.0,0.0,0.0,0.0,0.0,0.0,0.0,0.0,0.0
2072,Quartz,1.0,149,13.773623058786647,2835.0738255033557,2398.1543624161072,2827,2391,2844,2407,15.139875074075103,14.272761068851612,0.8097826086956522,0.0,0.0,0.0,0.0,0.0,0.0,1.0,0.0,0.0,0.0,0.0,0.0,0.0,0.0,0.0,0.0,0.0
2073,Zircon,1.0,3267,64.49553157118544,2829.3213957759413,3255.1202938475667,2804,3216,2862,3304,88.32732424731465,50.07871761742895,0.9339622641509434,0.0,1.0,0.0,0.0,0.0,0.0,0.0,0.0,0.0,0.0,0.0,0.0,0.0,0.0,0.0,0.0,0.0
2074,Orthoclase,1.0,1461,43.130070424914365,2834.4531143052704,3371.112936344969,2807,3351,2859,3392,52.41304210821038,37.02434535010999,0.8952205882352942,0.0,0.0,0.0,0.0,0.0,0.0,0.0,0.0,1.0,0.0,0.0,0.0,0.0,0.0,0.0,0.0,0.0
2075,Zircon,1.0,222,16.812470934731934,2838.8603603603606,3749.274774774775,2829,3742,2847,3760,20.58225704784882,14.69216448765487,0.8809523809523809,0.0,1.0,0.0,0.0,0.0,0.0,0.0,0.0,0.0,0.0,0.0,0.0,0.0,0.0,0.0,0.0,0.0
2076,Rutile,0.9932181701855406,7815,99.75152651516315,2841.925399872041,1163.5904030710174,2783,1107,2900,1216,105.78932403526245,98.92259721566379,0.8759246805648958,0.0,0.0,0.9932181701855406,0.0,0.0,0.0,0.0,0.0,0.0,0.0,0.0,0.0,0.0,0.0,0.0,0.0,0.006781829814459373
2077,Zircon,1.0,180,15.138795132120961,2838.3611111111113,3736.527777777778,2830,3729,2848,3743,20.097951820963875,12.089307049946822,0.8737864077669902,0.0,1.0,0.0,0.0,0.0,0.0,0.0,0.0,0.0,0.0,0.0,0.0,0.0,0.0,0.0,0.0,0.0
2079,Zircon,1.0,4403,74.8737184562709,2847.1946400181696,4195.070860776743,2807,4153,2896,4237,95.70425132465657,61.686442118381564,0.879544546544147,0.0,1.0,0.0,0.0,0.0,0.0,0.0,0.0,0.0,0.0,0.0,0.0,0.0,0.0,0.0,0.0,0.0
2080,Zircon,1.0,5883,86.547491250047,2848.7678055413903,2061.1325854156044,2814,1995,2882,2119,125.3392600094011,62.20376843603072,0.9143612060926329,0.0,1.0,0.0,0.0,0.0,0.0,0.0,0.0,0.0,0.0,0.0,0.0,0.0,0.0,0.0,0.0,0.0
2081,Zircon,1.0,625,28.209479177387816,2846.0144,3135.6992,2830,3122,2863,3151,32.59051084067895,25.15840207850227,0.903179190751445,0.0,1.0,0.0,0.0,0.0,0.0,0.0,0.0,0.0,0.0,0.0,0.0,0.0,0.0,0.0,0.0,0.0
2082,Zircon,1.0,2046,51.039671908508026,2849.183284457478,710.8489736070381,2819,680,2871,748,61.88367749201582,45.90660234472351,0.8766066838046273,0.0,1.0,0.0,0.0,0.0,0.0,0.0,0.0,0.0,0.0,0.0,0.0,0.0,0.0,0.0,0.0,0.0
2083,Zircon,1.0,952,34.815571898044055,2847.951680672269,348.41386554621846,2828,327,2865,369,41.68661273916898,30.503114657502522,0.8864059590316573,0.0,1.0,0.0,0.0,0.0,0.0,0.0,0.0,0.0,0.0,0.0,0.0,0.0,0.0,0.0,0.0,0.0
2084,Zircon,1.0,4566,76.24704427884896,2846.712220762155,3025.7047744196234,2802,2989,2894,3064,94.36921709613866,63.1091861133236,0.90938060147381,0.0,1.0,0.0,0.0,0.0,0.0,0.0,0.0,0.0,0.0,0.0,0.0,0.0,0.0,0.0,0.0,0.0
2085,Zircon,0.990772070132267,6502,90.98683157395925,2864.831897877576,2829.2034758535833,2812,2791,2919,2867,107.82850367593637,77.26424311993857,0.9533724340175953,0.0,0.990772070132267,0.0,0.0,0.009227929867733005,0.0,0.0,0.0,0.0,0.0,0.0,0.0,0.0,0.0,0.0,0.0,0.0
2086,Rutile,1.0,322,20.248040236149336,2860.3975155279504,4622.214285714285,2845,4616,2879,4628,33.287278786269425,13.27767163625802,0.9611940298507463,0.0,0.0,1.0,0.0,0.0,0.0,0.0,0.0,0.0,0.0,0.0,0.0,0.0,0.0,0.0,0.0,0.0
2087,Rutile,0.9594400574300072,5572,84.2287999633399,2856.791816223977,937.4937185929648,2811,895,2899,982,101.81163705293886,71.8051883037427,0.9220585801754095,0.0,0.0,0.9594400574300072,0.0,0.0,0.0,0.04055994256999282,0.0,0.0,0.0,0.0,0.0,0.0,0.0,0.0,0.0,0.0
2088,Zircon,1.0,11347,120.19754204687337,2859.108663082753,235.83766634352693,2810,161,2913,308,148.40671740406472,98.06131158779046,0.9607145880958429,0.0,1.0,0.0,0.0,0.0,0.0,0.0,0.0,0.0,0.0,0.0,0.0,0.0,0.0,0.0,0.0,0.0
2089,Rutile,1.0,1230,39.573787284315486,2863.213008130081,3184.380487804878,2833,3161,2883,3203,48.81025828855568,37.881449229831,0.8637640449438202,0.0,0.0,1.0,0.0,0.0,0.0,0.0,0.0,0.0,0.0,0.0,0.0,0.0,0.0,0.0,0.0,0.0
2090,Zircon,0.9786598378147674,2343,54.61868044281633,2865.2637644046094,1631.0670081092617,2830,1606,2902,1656,70.98483150710216,43.4218342593199,0.9008073817762399,0.0,0.9786598378147674,0.021340162185232606,0.0,0.0,0.0,0.0,0.0,0.0,0.0,0.0,0.0,0.0,0.0,0.0,0.0,0.0
2091,Zircon,1.0,7047,94.72338186397639,2871.9992904782175,3847.647225769831,2828,3788,2912,3905,113.08636152273803,80.33603256998245,0.9534569070491138,0.0,1.0,0.0,0.0,0.0,0.0,0.0,0.0,0.0,0.0,0.0,0.0,0.0,0.0,0.0,0.0,0.0
2092,Zircon,1.0,233,17.22396045987371,2872.2103004291844,87.6480686695279,2863,79,2885,98,21.390992848545544,16.26477731160603,0.8175438596491228,0.0,1.0,0.0,0.0,0.0,0.0,0.0,0.0,0.0,0.0,0.0,0.0,0.0,0.0,0.0,0.0,0.0
2093,Zircon,1.0,736,30.612159429303247,2875.4021739130435,2704.077445652174,2853,2695,2898,2716,44.321066657118884,21.55131512017888,0.9484536082474226,0.0,1.0,0.0,0.0,0.0,0.0,0.0,0.0,0.0,0.0,0.0,0.0,0.0,0.0,0.0,0.0,0.0
2094,Zircon,1.0,1537,44.23764437962249,2874.3936239427458,1678.8601171112557,2852,1656,2898,1703,52.7231081988982,37.548333187378944,0.9309509388249546,0.0,1.0,0.0,0.0,0.0,0.0,0.0,0.0,0.0,0.0,0.0,0.0,0.0,0.0,0.0,0.0,0.0
2095,Zircon,1.0,951,34.79728160421644,2877.1104100946372,2680.0220820189274,2860,2662,2896,2695,36.460585859127825,34.69979578587849,0.951,0.0,1.0,0.0,0.0,0.0,0.0,0.0,0.0,0.0,0.0,0.0,0.0,0.0,0.0,0.0,0.0,0.0
2096,Quartz,1.0,585,27.29185104880338,2881.11452991453,2768.991452991453,2862,2757,2904,2781,42.32998280771064,20.5514357906226,0.7082324455205811,0.0,0.0,0.0,0.0,0.0,0.0,1.0,0.0,0.0,0.0,0.0,0.0,0.0,0.0,0.0,0.0,0.0
2097,Quartz,1.0,392,22.34076770248023,2870.9489795918366,2746.566326530612,2855,2734,2884,2760,26.87537295545,24.46092773652754,0.7452471482889734,0.0,0.0,0.0,0.0,0.0,0.0,1.0,0.0,0.0,0.0,0.0,0.0,0.0,0.0,0.0,0.0,0.0
2098,Rutile,1.0,1134,37.99807421080277,2871.2830687830688,3217.720458553792,2843,3200,2891,3246,47.21036360529754,37.312733154812186,0.7858627858627859,0.0,0.0,1.0,0.0,0.0,0.0,0.0,0.0,0.0,0.0,0.0,0.0,0.0,0.0,0.0,0.0,0.0
2099,Quartz,1.0,140,13.351162356249091,2895.9,3215.2642857142855,2889,3208,2904,3223,18.31424239695552,11.011531753030816,0.8092485549132948,0.0,0.0,0.0,0.0,0.0,0.0,1.0,0.0,0.0,0.0,0.0,0.0,0.0,0.0,0.0,0.0,0.0
2100,Quartz,1.0,181,15.180789096653193,2885.734806629834,2743.828729281768,2880,2736,2895,2754,18.736293519774676,13.669251586241815,0.8379629629629629,0.0,0.0,0.0,0.0,0.0,0.0,1.0,0.0,0.0,0.0,0.0,0.0,0.0,0.0,0.0,0.0,0.0
2101,Zircon,0.9813851628798248,3653,68.19929660134002,2871.8811935395565,3616.151108677799,2828,3585,2910,3654,82.80431818254854,60.65007042947934,0.8619631901840491,0.0,0.9813851628798248,0.0,0.0,0.0,0.0,0.0,0.0,0.0,0.0,0.0,0.0,0.0,0.0,0.0,0.0,0.0186148371201752
2103,Zircon,1.0,1886,49.00336500048254,2887.3716861081652,3723.0392364793215,2859,3698,2915,3748,59.481210460477314,41.09674563444724,0.929064039408867,0.0,1.0,0.0,0.0,0.0,0.0,0.0,0.0,0.0,0.0,0.0,0.0,0.0,0.0,0.0,0.0,0.0
2104,Rutile,1.0,3628,67.96552852953599,2883.675578831312,4266.371554575524,2843,4236,2924,4298,80.86314529676531,57.6961762946904,0.9716122121049813,0.0,0.0,1.0,0.0,0.0,0.0,0.0,0.0,0.0,0.0,0.0,0.0,0.0,0.0,0.0,0.0,0.0
2105,Zircon,1.0,2606,57.60262366923779,2889.9301611665387,4526.181504221028,2863,4498,2920,4560,65.04819945477001,55.80497898169702,0.8575189206975979,0.0,1.0,0.0,0.0,0.0,0.0,0.0,0.0,0.0,0.0,0.0,0.0,0.0,0.0,0.0,0.0,0.0
2106,Zircon,1.0,4908,79.05099420981483,2893.110839445803,1371.776487367563,2846,1334,2943,1406,94.4724259675965,67.09201832150309,0.9413118527042578,0.0,1.0,0.0,0.0,0.0,0.0,0.0,0.0,0.0,0.0,0.0,0.0,0.0,0.0,0.0,0.0,0.0
2107,Zircon,1.0,3916,70.61165666646617,2895.026046986721,2930.264300306435,2860,2894,2936,2969,83.29784662450247,62.70228204154183,0.8803956834532374,0.0,1.0,0.0,0.0,0.0,0.0,0.0,0.0,0.0,0.0,0.0,0.0,0.0,0.0,0.0,0.0,0.0
2108,Zircon,0.9881406183820415,4722,77.53861702557919,2891.1509953409573,4412.804320203304,2847,4375,2934,4455,82.48629475097579,74.17929516491836,0.9350495049504951,0.0,0.9881406183820415,0.0,0.0,0.0,0.0,0.0,0.0,0.0,0.0,0.0,0.0,0.0,0.0,0.0,0.0,0.011859381617958492
2109,Zircon,0.9864244360151727,5009,79.8602334054843,2902.6508285086843,1100.6498303054502,2861,1062,2948,1147,85.53113711113217,79.93045036063457,0.8882780634864338,0.0,0.9864244360151727,0.0,0.0,0.0,0.0,0.01357556398482731,0.0,0.0,0.0,0.0,0.0,0.0,0.0,0.0,0.0,0.0
2110,Zircon,1.0,5033,80.05132496500026,2864.005364593682,4006.104112855156,2812,3951,2914,4052,104.0414888459985,68.20497582961787,0.8470212049814877,0.0,1.0,0.0,0.0,0.0,0.0,0.0,0.0,0.0,0.0,0.0,0.0,0.0,0.0,0.0,0.0,0.0
2111,Zircon,1.0,1895,49.120147976905905,2914.020580474934,3979.581530343008,2896,3949,2937,4013,62.2400160866505,39.61672222353886,0.9727926078028748,0.0,1.0,0.0,0.0,0.0,0.0,0.0,0.0,0.0,0.0,0.0,0.0,0.0,0.0,0.0,0.0,0.0
2112,Zircon,1.0,5628,84.65100210729638,2890.715351812367,4069.3542999289266,2837,4033,2945,4104,104.40880823915316,69.08060427201083,0.9558423913043478,0.0,1.0,0.0,0.0,0.0,0.0,0.0,0.0,0.0,0.0,0.0,0.0,0.0,0.0,0.0,0.0,0.0
2113,Zircon,1.0,2596,57.49199820959855,2902.499614791988,3435.386748844376,2872,3410,2935,3468,61.59227438068442,56.289027579350666,0.921875,0.0,1.0,0.0,0.0,0.0,0.0,0.0,0.0,0.0,0.0,0.0,0.0,0.0,0.0,0.0,0.0,0.0
2114,Zircon,1.0,3320,65.0165770286374,2897.2810240963854,849.2012048192771,2867,811,2931,888,85.58397624539393,51.39942216540673,0.9168737917702292,0.0,1.0,0.0,0.0,0.0,0.0,0.0,0.0,0.0,0.0,0.0,0.0,0.0,0.0,0.0,0.0,0.0
2116,Orthoclase,1.0,575,27.05758189903005,2902.1095652173913,1872.5617391304347,2885,1855,2919,1893,42.69011291709155,19.68058807146368,0.7718120805369127,0.0,0.0,0.0,0.0,0.0,0.0,0.0,0.0,1.0,0.0,0.0,0.0,0.0,0.0,0.0,0.0,0.0
2117,Zircon,1.0,757,31.045810270703488,2911.9656538969616,300.73712021136066,2893,284,2941,315,52.73728834876369,21.097620647302605,0.8327832783278328,0.0,1.0,0.0,0.0,0.0,0.0,0.0,0.0,0.0,0.0,0.0,0.0,0.0,0.0,0.0,0.0,0.0
2118,Zircon,1.0,2108,51.807228842138656,2907.7443074003795,1234.2153700189754,2883,1209,2940,1261,59.413858144607815,46.767302522505474,0.935226264418811,0.0,1.0,0.0,0.0,0.0,0.0,0.0,0.0,0.0,0.0,0.0,0.0,0.0,0.0,0.0,0.0,0.0
2119,Zircon,1.0,461,24.22732816723524,2913.6767895878525,17.594360086767896,2893,12,2935,27,42.50732888312317,14.609251422900208,0.8882466281310212,0.0,1.0,0.0,0.0,0.0,0.0,0.0,0.0,0.0,0.0,0.0,0.0,0.0,0.0,0.0,0.0,0.0
2120,Zircon,1.0,2494,56.35121493428066,2914.4093825180435,551.9995990376905,2879,519,2948,580,63.59615069445785,53.8432307581152,0.9125503110135382,0.0,1.0,0.0,0.0,0.0,0.0,0.0,0.0,0.0,0.0,0.0,0.0,0.0,0.0,0.0,0.0,0.0
2121,Zircon,1.0,5277,81.96880551507051,2916.39454235361,739.0295622512791,2871,704,2966,783,93.30149036169253,74.17678223430025,0.951668169522092,0.0,1.0,0.0,0.0,0.0,0.0,0.0,0.0,0.0,0.0,0.0,0.0,0.0,0.0,0.0,0.0,0.0
2122,Zircon,1.0,6424,90.43943186121132,2915.8921232876714,2206.086394769614,2870,2155,2961,2253,95.53098814332776,86.68061872540454,0.9429032731542639,0.0,1.0,0.0,0.0,0.0,0.0,0.0,0.0,0.0,0.0,0.0,0.0,0.0,0.0,0.0,0.0,0.0
2123,Zircon,1.0,478,24.669991941291908,2915.6799163179917,3233.016736401674,2902,3223,2934,3242,32.90794221436774,19.32871782357388,0.9598393574297188,0.0,1.0,0.0,0.0,0.0,0.0,0.0,0.0,0.0,0.0,0.0,0.0,0.0,0.0,0.0,0.0,0.0
2124,Zircon,1.0,662,29.03247455203703,2917.9592145015104,3253.7507552870093,2903,3241,2934,3275,34.313133884380534,27.358739875916605,0.927170868347339,0.0,1.0,0.0,0.0,0.0,0.0,0.0,0.0,0.0,0.0,0.0,0.0,0.0,0.0,0.0,0.0,0.0
2125,Zircon,1.0,4699,77.34954829028112,2925.010853373058,2630.567354756331,2886,2582,2960,2679,105.04266346179446,72.21748181323832,0.8394069310468024,0.0,1.0,0.0,0.0,0.0,0.0,0.0,0.0,0.0,0.0,0.0,0.0,0.0,0.0,0.0,0.0,0.0
2126,Orthoclase,1.0,517,25.65667251667837,2921.3713733075433,2634.520309477756,2909,2619,2936,2649,29.82480301597561,22.635043732280323,0.9006968641114983,0.0,0.0,0.0,0.0,0.0,0.0,0.0,0.0,1.0,0.0,0.0,0.0,0.0,0.0,0.0,0.0,0.0
2127,Rutile,1.0,1303,40.73120581065477,2934.470452801228,4602.102839600921,2906,4586,2966,4616,62.43499359674521,29.124655637364928,0.8331202046035806,0.0,0.0,1.0,0.0,0.0,0.0,0.0,0.0,0.0,0.0,0.0,0.0,0.0,0.0,0.0,0.0,0.0
2128,Zircon,1.0,4155,72.73451937267889,2934.9906137184116,2294.719614921781,2881,2266,2989,2323,119.60029863999364,47.245285526481894,0.8271949034441569,0.0,1.0,0.0,0.0,0.0,0.0,0.0,0.0,0.0,0.0,0.0,0.0,0.0,0.0,0.0,0.0,0.0
2129,Quartz,1.0,294,19.347672370394786,2906.5510204081634,2271.1938775510203,2893,2260,2919,2284,28.312263869086276,15.658902281015177,0.8054794520547945,0.0,0.0,0.0,0.0,0.0,0.0,1.0,0.0,0.0,0.0,0.0,0.0,0.0,0.0,0.0,0.0,0.0
2130,Zircon,1.0,2096,51.65955948094119,2917.244751908397,614.5462786259542,2892,588,2952,649,66.02635780834291,43.97510425214043,0.873697373905794,0.0,1.0,0.0,0.0,0.0,0.0,0.0,0.0,0.0,0.0,0.0,0.0,0.0,0.0,0.0,0.0,0.0
2131,Zircon,0.9882859835734482,7427,97.24376637475562,2927.1602262016963,1473.8684529419686,2874,1427,2981,1522,103.7810371057854,91.64901807054783,0.954504562395579,0.0,0.9882859835734482,0.01171401642655177,0.0,0.0,0.0,0.0,0.0,0.0,0.0,0.0,0.0,0.0,0.0,0.0,0.0,0.0
2132,Zircon,1.0,1780,47.60636921283317,2935.0747191011237,641.2252808988763,2905,613,2966,668,67.55712072026718,34.80677545015618,0.8904452226113057,0.0,1.0,0.0,0.0,0.0,0.0,0.0,0.0,0.0,0.0,0.0,0.0,0.0,0.0,0.0,0.0,0.0
2133,Ilmenite,1.0,259,18.159544104586082,2930.4401544401544,3297.969111969112,2918,3288,2945,3309,26.519484540326044,19.848352879883596,0.6286407766990292,0.0,0.0,0.0,1.0,0.0,0.0,0.0,0.0,0.0,0.0,0.0,0.0,0.0,0.0,0.0,0.0,0.0
2135,Zircon,1.0,389,22.255115881567058,2931.7146529562983,3028.4755784061695,2919,3018,2944,3041,23.17823362079746,22.42558913588485,0.8781038374717833,0.0,1.0,0.0,0.0,0.0,0.0,0.0,0.0,0.0,0.0,0.0,0.0,0.0,0.0,0.0,0.0,0.0
2136,Zircon,1.0,1082,37.116642997494345,2929.5388170055453,4194.178373382625,2906,4175,2955,4215,47.95776957017661,31.012366019719,0.8656,0.0,1.0,0.0,0.0,0.0,0.0,0.0,0.0,0.0,0.0,0.0,0.0,0.0,0.0,0.0,0.0,0.0
2137,Zircon,1.0,1181,38.77751800118501,2943.133784928027,4170.922946655377,2915,4152,2964,4192,48.694539459255395,33.935883654973345,0.8774145616641902,0.0,1.0,0.0,0.0,0.0,0.0,0.0,0.0,0.0,0.0,0.0,0.0,0.0,0.0,0.0,0.0,0.0
2138,Zircon,1.0,7714,99.10484270754404,2941.140653357532,1667.8634949442571,2890,1607,2991,1728,111.03837691312654,91.69354408319643,0.922506577373834,0.0,1.0,0.0,0.0,0.0,0.0,0.0,0.0,0.0,0.0,0.0,0.0,0.0,0.0,0.0,0.0,0.0
2139,Zircon,1.0,1360,41.61256758288079,2940.5551470588234,3809.939705882353,2916,3787,2958,3839,52.10064591750888,36.41272384694866,0.9283276450511946,0.0,1.0,0.0,0.0,0.0,0.0,0.0,0.0,0.0,0.0,0.0,0.0,0.0,0.0,0.0,0.0,0.0
2140,Zircon,1.0,477,24.64417299969047,2948.4297693920334,4486.2746331236895,2937,4466,2960,4502,34.752075667551544,19.966565308744975,0.853309481216458,0.0,1.0,0.0,0.0,0.0,0.0,0.0,0.0,0.0,0.0,0.0,0.0,0.0,0.0,0.0,0.0,0.0
2141,Zircon,1.0,258,18.12445316531431,2951.329457364341,3080.4147286821703,2943,3070,2964,3092,23.055743489222785,15.635573266956706,0.86,0.0,1.0,0.0,0.0,0.0,0.0,0.0,0.0,0.0,0.0,0.0,0.0,0.0,0.0,0.0,0.0,0.0
2142,Zircon,1.0,288,19.149229459268767,2949.3680555555557,3394.1423611111113,2936,3387,2964,3403,27.69335975985921,14.805310907752254,0.8158640226628895,0.0,1.0,0.0,0.0,0.0,0.0,0.0,0.0,0.0,0.0,0.0,0.0,0.0,0.0,0.0,0.0,0.0
2143,Zircon,1.0,761,31.127725479762553,2947.9802890932983,4025.1038107752956,2935,4006,2962,4047,39.94153994010051,25.77647014080003,0.8464961067853171,0.0,1.0,0.0,0.0,0.0,0.0,0.0,0.0,0.0,0.0,0.0,0.0,0.0,0.0,0.0,0.0,0.0
2144,Zircon,1.0,250,17.841241161527712,2957.304,3382.912,2945,3376,2972,3390,25.621830814847385,13.776473630626118,0.8503401360544217,0.0,1.0,0.0,0.0,0.0,0.0,0.0,0.0,0.0,0.0,0.0,0.0,0.0,0.0,0.0,0.0,0.0
2145,Zircon,1.0,246,17.697935698969246,2959.8008130081303,16.617886178861788,2944,12,2975,31,28.98691125619474,13.777831591053577,0.727810650887574,0.0,1.0,0.0,0.0,0.0,0.0,0.0,0.0,0.0,0.0,0.0,0.0,0.0,0.0,0.0,0.0,0.0
2146,Zircon,1.0,1195,39.00668219624068,2960.717991631799,165.9991631799163,2938,148,2981,187,42.77570737189592,36.2999456388828,0.9199384141647421,0.0,1.0,0.0,0.0,0.0,0.0,0.0,0.0,0.0,0.0,0.0,0.0,0.0,0.0,0.0,0.0,0.0
2147,Zircon,1.0,975,35.233628199729644,2972.73641025641,4019.3846153846152,2959,4000,2990,4040,41.76004988295632,30.803533007413485,0.9215500945179584,0.0,1.0,0.0,0.0,0.0,0.0,0.0,0.0,0.0,0.0,0.0,0.0,0.0,0.0,0.0,0.0,0.0
2148,Zircon,0.9992427110942824,2641,57.98815083830114,2958.2321090496025,3880.909125331314,2931,3842,2997,3910,80.0187888814657,47.17443743976759,0.8910256410256411,0.0,0.9992427110942824,0.0,0.0,0.0,0.0,0.0,0.0,0.0,0.0,0.0,0.0,0.0,0.0,0.0,0.0,0.0007572889057175312
2149,Zircon,0.9888517279821628,6279,89.41292468872767,2968.7622232839626,4106.402771141901,2925,4053,3012,4166,102.50099445047654,79.2583539942859,0.9470588235294117,0.0,0.9888517279821628,0.0,0.0,0.0,0.0,0.0,0.0,0.0,0.0,0.0,0.0,0.0,0.0,0.0,0.0,0.011148272017837236
2150,Rutile,1.0,1666,46.056672497356786,2963.8985594237697,3428.0234093637455,2934,3405,2991,3457,65.29607163821672,37.4301739899607,0.8166666666666667,0.0,0.0,1.0,0.0,0.0,0.0,0.0,0.0,0.0,0.0,0.0,0.0,0.0,0.0,0.0,0.0,0.0
2151,Zircon,0.9137931034482759,116,12.153015559492998,2967.75,3909.9741379310344,2939,3909,2998,3912,66.19723988664207,2.247812465280075,0.8,0.0,0.9137931034482759,0.0,0.0,0.0,0.0,0.0,0.0,0.0,0.0,0.0,0.0,0.0,0.0,0.0,0.0,0.08620689655172414
2152,Zircon,0.9658230186587844,5413,83.01834529579251,2968.5351930537595,1570.952336966562,2923,1534,3020,1607,98.31748015987586,72.87675690000987,0.8846216702075502,0.0,0.9658230186587844,0.0,0.0,0.0,0.0,0.015333456493626454,0.0,0.0,0.0,0.0,0.0,0.0,0.0,0.0,0.0,0.018843524847589138
2153,Zircon,1.0,4212,73.23172101230796,2956.5686134852804,3714.864434947768,2913,3684,2998,3745,89.51216393233656,61.786607800010266,0.9279576999339062,0.0,1.0,0.0,0.0,0.0,0.0,0.0,0.0,0.0,0.0,0.0,0.0,0.0,0.0,0.0,0.0,0.0
2154,Zircon,0.9823251182474484,4017,71.51645440876631,2979.17500622355,3948.907642519293,2939,3911,3013,4000,96.16848771990773,57.48525749278461,0.9012788871438188,0.0,0.9823251182474484,0.0,0.0,0.0,0.0,0.0,0.0,0.0,0.0,0.0,0.0,0.0,0.0,0.0,0.0,0.017674881752551656
2155,Zircon,1.0,2444,55.783487228146086,2967.268412438625,1406.4635842880523,2937,1379,2998,1436,61.354846008087144,52.482774917943956,0.9119402985074627,0.0,1.0,0.0,0.0,0.0,0.0,0.0,0.0,0.0,0.0,0.0,0.0,0.0,0.0,0.0,0.0,0.0
2156,Zircon,1.0,211,16.39065416446578,2972.0616113744077,2826.990521327014,2963,2818,2982,2836,18.254869123117977,15.414830899827843,0.8791666666666667,0.0,1.0,0.0,0.0,0.0,0.0,0.0,0.0,0.0,0.0,0.0,0.0,0.0,0.0,0.0,0.0,0.0
2157,Zircon,1.0,2119,51.9422236267741,2977.0401132609722,1122.4436054742803,2948,1096,3009,1152,57.52601725078724,49.00310794011573,0.8944702406078514,0.0,1.0,0.0,0.0,0.0,0.0,0.0,0.0,0.0,0.0,0.0,0.0,0.0,0.0,0.0,0.0,0.0
2158,Zircon,1.0,4742,77.70265066993623,2971.98397300717,4422.560101223113,2929,4382,3017,4468,87.60023806700936,70.62925392979217,0.9285294693557862,0.0,1.0,0.0,0.0,0.0,0.0,0.0,0.0,0.0,0.0,0.0,0.0,0.0,0.0,0.0,0.0,0.0
2159,Zircon,0.9848957478246594,6091,88.06419287645733,2978.7545559021505,3531.7297652273846,2931,3478,3028,3582,100.43600695917661,83.1300244565905,0.9033071333234466,0.0,0.9848957478246594,0.0,0.0,0.0,0.0,0.0,0.0,0.0,0.0,0.0,0.0,0.0,0.0,0.0,0.0,0.015104252175340666
2160,Zircon,1.0,1116,37.69529588588531,2974.217741935484,4223.447132616488,2960,4193,2994,4251,57.15413753709898,26.992349310526617,0.9021827000808408,0.0,1.0,0.0,0.0,0.0,0.0,0.0,0.0,0.0,0.0,0.0,0.0,0.0,0.0,0.0,0.0,0.0
2161,Orthoclase,1.0,655,28.878571671769564,2979.265648854962,3814.6503816793893,2969,3798,2994,3835,39.230014728284004,23.198918297211833,0.894808743169399,0.0,0.0,0.0,0.0,0.0,0.0,0.0,0.0,1.0,0.0,0.0,0.0,0.0,0.0,0.0,0.0,0.0
2162,Zircon,1.0,2329,54.45525594181148,2974.963503649635,2864.8484328037785,2937,2843,3015,2890,72.81941868776737,43.994130681081415,0.8815291445874338,0.0,1.0,0.0,0.0,0.0,0.0,0.0,0.0,0.0,0.0,0.0,0.0,0.0,0.0,0.0,0.0,0.0
2164,Rutile,1.0,5622,84.60586693900775,2984.0620775524726,79.2486659551761,2939,29,3031,125,97.40549593408886,78.4251103153716,0.8920977467470644,0.0,0.0,1.0,0.0,0.0,0.0,0.0,0.0,0.0,0.0,0.0,0.0,0.0,0.0,0.0,0.0,0.0
2165,Zircon,0.9972166383176125,12934,128.32801826415226,2974.367867635689,3297.517164063708,2900,3219,3042,3377,185.52399895372588,100.00954714790242,0.8725629089927814,0.0,0.9972166383176125,0.0,0.0,0.0,0.0,0.0027833616823875057,0.0,0.0,0.0,0.0,0.0,0.0,0.0,0.0,0.0,0.0
2166,Zircon,0.9569140121524581,5431,83.15626234660063,2991.4376726201435,4326.396980298287,2949,4283,3045,4381,105.9937151236059,71.83329918752065,0.8815127414380782,0.0,0.9569140121524581,0.0,0.0,0.0,0.0,0.0,0.0,0.0,0.0,0.0,0.0,0.0,0.0,0.0,0.0,0.04308598784754189
2167,Zircon,0.9792296072507553,2648,58.06494910407406,2994.378398791541,209.57515105740183,2966,176,3027,245,76.65751692008644,47.222417953270075,0.897931502204137,0.0,0.9792296072507553,0.0,0.0,0.020770392749244714,0.0,0.0,0.0,0.0,0.0,0.0,0.0,0.0,0.0,0.0,0.0,0.0
2168,Zircon,1.0,626,28.2320377409108,3003.0015974440894,4010.3242811501595,2988,3996,3022,4025,38.39657570124312,21.273390481395754,0.9441930618401206,0.0,1.0,0.0,0.0,0.0,0.0,0.0,0.0,0.0,0.0,0.0,0.0,0.0,0.0,0.0,0.0,0.0
2169,Rutile,0.9879518072289156,1328,41.12009381565534,2997.784638554217,2585.370481927711,2967,2572,3031,2604,68.23247864513974,26.429133415570963,0.8177339901477833,0.0,0.0,0.9879518072289156,0.0,0.0,0.0,0.012048192771084338,0.0,0.0,0.0,0.0,0.0,0.0,0.0,0.0,0.0,0.0
2170,Zircon,1.0,4130,72.51537298915467,2982.12397094431,927.6924939467312,2948,877,3009,975,91.56480979015329,60.69551576522202,0.9331224582015364,0.0,1.0,0.0,0.0,0.0,0.0,0.0,0.0,0.0,0.0,0.0,0.0,0.0,0.0,0.0,0.0,0.0
2171,Zircon,1.0,1296,40.621650015438455,3004.5393518518517,4258.15200617284,2986,4229,3024,4284,53.370473781084286,32.2960920768787,0.8931771192281185,0.0,1.0,0.0,0.0,0.0,0.0,0.0,0.0,0.0,0.0,0.0,0.0,0.0,0.0,0.0,0.0,0.0
2172,Quartz,1.0,431,23.42576026046658,3009.3921113689094,1638.3248259860788,2997,1627,3025,1655,26.64267733538679,23.350969836678996,0.8256704980842912,0.0,0.0,0.0,0.0,0.0,0.0,1.0,0.0,0.0,0.0,0.0,0.0,0.0,0.0,0.0,0.0,0.0
2173,Zircon,1.0,3788,69.44804817600561,3030.2769271383318,910.0485744456178,3007,868,3061,961,91.40913234220245,55.160944794373265,0.9602027883396704,0.0,1.0,0.0,0.0,0.0,0.0,0.0,0.0,0.0,0.0,0.0,0.0,0.0,0.0,0.0,0.0,0.0
2174,Zircon,1.0,1387,42.023603469332215,2997.978370583994,3390.253785147801,2975,3361,3022,3414,48.448893102940936,39.512948586538045,0.8925353925353925,0.0,1.0,0.0,0.0,0.0,0.0,0.0,0.0,0.0,0.0,0.0,0.0,0.0,0.0,0.0,0.0,0.0
2175,Zircon,1.0,1252,39.926130666625134,3017.8075079872206,4212.039936102236,2990,4196,3047,4233,55.14013124356791,30.500122319746982,0.8949249463902788,0.0,1.0,0.0,0.0,0.0,0.0,0.0,0.0,0.0,0.0,0.0,0.0,0.0,0.0,0.0,0.0,0.0
2176,Zircon,0.9835457132252876,8083,101.44749992037418,3005.1736978844488,2416.50451565013,2936,2372,3064,2464,123.94960734504056,89.1089346056973,0.8880465831685344,0.0,0.9835457132252876,0.0,0.0,0.0,0.0,0.0,0.0,0.0,0.0,0.0,0.0,0.0,0.0,0.0,0.0,0.01645428677471236
2177,Zircon,1.0,918,34.18821291127805,3021.58605664488,3376.0141612200437,3005,3351,3040,3400,49.62440436297363,25.29095298762299,0.9053254437869822,0.0,1.0,0.0,0.0,0.0,0.0,0.0,0.0,0.0,0.0,0.0,0.0,0.0,0.0,0.0,0.0,0.0
2178,Rutile,1.0,3119,63.017728775551504,3007.980763065085,814.9047771721706,2969,778,3045,849,84.603114513855,48.778550722634506,0.8983294930875576,0.0,0.0,1.0,0.0,0.0,0.0,0.0,0.0,0.0,0.0,0.0,0.0,0.0,0.0,0.0,0.0,0.0
2179,Zircon,0.7724458204334366,646,28.679483013103898,3016.2616099071206,3128.6950464396286,2997,3114,3034,3147,40.3898266033755,21.98138056292488,0.8292682926829268,0.0,0.7724458204334366,0.0,0.0,0.0,0.0,0.22755417956656346,0.0,0.0,0.0,0.0,0.0,0.0,0.0,0.0,0.0,0.0
2180,Orthoclase,0.9804029809550097,3623,67.91867836299153,3016.553408777256,2765.59398288711,2977,2730,3051,2800,74.88298297367945,63.247846360644566,0.8877726047537369,0.0,0.0,0.0,0.0,0.0,0.0,0.0,0.0,0.9804029809550097,0.0,0.0,0.0,0.0,0.0,0.0,0.0,0.019597019044990338
2181,Rutile,1.0,148,13.727325035155395,3018.837837837838,3017.7027027027025,3012,3010,3028,3028,18.50601356432206,11.280962438002234,0.8222222222222222,0.0,0.0,1.0,0.0,0.0,0.0,0.0,0.0,0.0,0.0,0.0,0.0,0.0,0.0,0.0,0.0,0.0
2182,Zircon,1.0,3570,67.42006507490579,3011.040056022409,3872.653781512605,2977,3830,3047,3915,95.0314172427026,48.83402891124623,0.9477037430315901,0.0,1.0,0.0,0.0,0.0,0.0,0.0,0.0,0.0,0.0,0.0,0.0,0.0,0.0,0.0,0.0,0.0
2183,Rutile,1.0,167,14.581872443920643,3021.2335329341317,3004.0299401197603,3014,2993,3032,3014,23.512199236869595,13.47304996303189,0.6600790513833992,0.0,0.0,1.0,0.0,0.0,0.0,0.0,0.0,0.0,0.0,0.0,0.0,0.0,0.0,0.0,0.0,0.0
2184,Zircon,0.9842918672409425,11841,122.78611260728577,3018.2751456802634,4515.416603327421,2945,4452,3086,4572,134.99440267008848,119.5834383816047,0.8851098818956495,0.0,0.9842918672409425,0.0,0.0,0.0,0.0,0.0,0.0,0.0,0.0,0.0,0.0,0.0,0.0,0.0,0.0,0.01570813275905751
2185,Zircon,1.0,3925,70.69275219628611,3027.9872611464966,2229.452738853503,2991,2189,3063,2269,80.07294060002145,65.97295326671016,0.8850056369785795,0.0,1.0,0.0,0.0,0.0,0.0,0.0,0.0,0.0,0.0,0.0,0.0,0.0,0.0,0.0,0.0,0.0
2186,Zircon,1.0,301,19.576646877473273,3027.013289036545,3467.6644518272424,3018,3458,3039,3477,21.18987638437927,18.690754411139565,0.9233128834355828,0.0,1.0,0.0,0.0,0.0,0.0,0.0,0.0,0.0,0.0,0.0,0.0,0.0,0.0,0.0,0.0,0.0
2187,Zircon,1.0,5427,83.12563388797543,3030.3265155702966,2668.6515570296665,2970,2634,3086,2708,121.67653685983193,65.83650387415399,0.7971504112808461,0.0,1.0,0.0,0.0,0.0,0.0,0.0,0.0,0.0,0.0,0.0,0.0,0.0,0.0,0.0,0.0,0.0
2188,Zircon,1.0,1343,41.351671170332686,3024.8801191362622,4061.5033507073717,3006,4031,3045,4092,57.8468416661286,30.982901546085813,0.8941411451398136,0.0,1.0,0.0,0.0,0.0,0.0,0.0,0.0,0.0,0.0,0.0,0.0,0.0,0.0,0.0,0.0,0.0
2189,Zircon,1.0,2029,50.82718796340838,3026.4149827501233,1400.3587974371612,2999,1379,3055,1429,55.808945702948925,48.350804115338754,0.9315886134067952,0.0,1.0,0.0,0.0,0.0,0.0,0.0,0.0,0.0,0.0,0.0,0.0,0.0,0.0,0.0,0.0,0.0
2191,Zircon,1.0,1259,40.03758967297569,3026.3701350277997,26.540111199364574,2999,12,3048,52,48.62780789501427,36.403661629176256,0.9509063444108762,0.0,1.0,0.0,0.0,0.0,0.0,0.0,0.0,0.0,0.0,0.0,0.0,0.0,0.0,0.0,0.0,0.0
2192,Zircon,0.9898912836162502,5243,81.70431404183293,3032.7304978065995,1013.9528895670418,2999,957,3075,1063,109.99674445894762,66.49764701057401,0.8586636095643629,0.0,0.9898912836162502,0.0,0.0,0.010108716383749761,0.0,0.0,0.0,0.0,0.0,0.0,0.0,0.0,0.0,0.0,0.0,0.0
2193,Zircon,1.0,1136,38.03156745151513,3027.8301056338028,3684.1294014084506,3004,3663,3054,3704,50.0613948740599,30.924263948107253,0.8534936138241923,0.0,1.0,0.0,0.0,0.0,0.0,0.0,0.0,0.0,0.0,0.0,0.0,0.0,0.0,0.0,0.0,0.0
2194,Zircon,1.0,842,32.74244487919323,3034.0724465558196,3411.036817102138,3020,3391,3048,3431,42.13512265595999,26.293309534400404,0.9262926292629263,0.0,1.0,0.0,0.0,0.0,0.0,0.0,0.0,0.0,0.0,0.0,0.0,0.0,0.0,0.0,0.0,0.0
2195,Zircon,0.9917835134411003,11197,119.40043208631876,3032.273823345539,699.5283558095919,2985,626,3083,776,147.64171609659857,97.2019396654112,0.9611158798283261,0.0,0.9917835134411003,0.0,0.0,0.0,0.0,0.0,0.0,0.0,0.0,0.0,0.0,0.0,0.0,0.0,0.0,0.008216486558899705
2196,Rutile,1.0,633,28.38944578214513,3034.7488151658767,3448.44233807267,3016,3435,3054,3461,35.878276752991866,24.881316738961424,0.9134199134199135,0.0,0.0,1.0,0.0,0.0,0.0,0.0,0.0,0.0,0.0,0.0,0.0,0.0,0.0,0.0,0.0,0.0
2197,Zircon,1.0,1100,37.424103185095554,3042.530909090909,3664.8445454545454,3015,3649,3077,3685,64.45110085599275,24.503413864452313,0.7607192254495159,0.0,1.0,0.0,0.0,0.0,0.0,0.0,0.0,0.0,0.0,0.0,0.0,0.0,0.0,0.0,0.0,0.0
2198,Zircon,1.0,3541,67.14567169898005,3045.769556622423,1950.211522168879,3012,1914,3083,1992,80.70930763004422,59.706241204072676,0.8530474584437485,0.0,1.0,0.0,0.0,0.0,0.0,0.0,0.0,0.0,0.0,0.0,0.0,0.0,0.0,0.0,0.0,0.0
2200,Zircon,1.0,2150,52.320789569544914,3045.953488372093,2536.9981395348836,3016,2511,3076,2566,55.147226990842725,50.60055002941052,0.9547069271758437,0.0,1.0,0.0,0.0,0.0,0.0,0.0,0.0,0.0,0.0,0.0,0.0,0.0,0.0,0.0,0.0,0.0
2201,Rutile,0.7715231788079471,302,19.60913925979463,3047.3245033112585,3548.728476821192,3038,3538,3060,3562,23.15955819429505,17.90636697221338,0.8319559228650137,0.0,0.0,0.7715231788079471,0.22847682119205298,0.0,0.0,0.0,0.0,0.0,0.0,0.0,0.0,0.0,0.0,0.0,0.0,0.0
2202,Zircon,1.0,734,30.570538527078803,3056.2302452316076,4416.478201634877,3038,4397,3076,4436,45.75549657902922,23.6555315694094,0.7653806047966631,0.0,1.0,0.0,0.0,0.0,0.0,0.0,0.0,0.0,0.0,0.0,0.0,0.0,0.0,0.0,0.0,0.0
2203,Zircon,1.0,4022,71.56094918965807,3048.2933863749377,3613.4435604177024,3017,3572,3077,3656,91.65909481844298,58.753001028652136,0.9054479963980189,0.0,1.0,0.0,0.0,0.0,0.0,0.0,0.0,0.0,0.0,0.0,0.0,0.0,0.0,0.0,0.0,0.0
2204,Zircon,1.0,2650,58.08687281605183,3039.2777358490566,4137.199245283019,3003,4101,3072,4174,86.99231207628203,40.49656357883553,0.9437321937321937,0.0,1.0,0.0,0.0,0.0,0.0,0.0,0.0,0.0,0.0,0.0,0.0,0.0,0.0,0.0,0.0,0.0
2205,Rutile,1.0,178,15.054455784347004,3036.5561797752807,3003.387640449438,3029,2995,3049,3018,24.74675144785626,11.846289016013374,0.7063492063492064,0.0,0.0,1.0,0.0,0.0,0.0,0.0,0.0,0.0,0.0,0.0,0.0,0.0,0.0,0.0,0.0,0.0
2206,Quartz,1.0,226,16.96325844612841,3050.5132743362833,3005.0398230088495,3041,2994,3060,3023,32.657463971512136,13.139546962386095,0.6295264623955432,0.0,0.0,0.0,0.0,0.0,0.0,1.0,0.0,0.0,0.0,0.0,0.0,0.0,0.0,0.0,0.0,0.0
2208,Zircon,0.948604342046965,2257,53.60691795344386,3053.350465219318,4242.470979175897,3025,4217,3085,4271,60.56800486398265,48.47985794705335,0.9318744838976053,0.0,0.948604342046965,0.0,0.0,0.0,0.0,0.0,0.0,0.0,0.0,0.0,0.0,0.0,0.0,0.0,0.0,0.051395657953035
2209,Zircon,1.0,2058,51.18912954002017,3051.6977648202137,3973.8056365403304,3018,3951,3083,3998,66.51442751075548,40.20003607622884,0.9316432775011317,0.0,1.0,0.0,0.0,0.0,0.0,0.0,0.0,0.0,0.0,0.0,0.0,0.0,0.0,0.0,0.0,0.0
2210,Zircon,1.0,3580,67.514424904252,3053.6748603351957,3064.671787709497,3015,3033,3091,3099,75.63436943807726,62.2397624337604,0.9049544994944388,0.0,1.0,0.0,0.0,0.0,0.0,0.0,0.0,0.0,0.0,0.0,0.0,0.0,0.0,0.0,0.0,0.0
2211,Rutile,1.0,193,15.67594437773643,3054.39896373057,2950.7875647668393,3045,2941,3064,2962,24.824707157671085,10.28852287680651,0.8976744186046511,0.0,0.0,1.0,0.0,0.0,0.0,0.0,0.0,0.0,0.0,0.0,0.0,0.0,0.0,0.0,0.0,0.0
2212,Rutile,1.0,388,22.22649192646566,3050.3582474226805,1665.5721649484535,3033,1658,3066,1676,32.66263977413545,15.833043994998842,0.8622222222222222,0.0,0.0,1.0,0.0,0.0,0.0,0.0,0.0,0.0,0.0,0.0,0.0,0.0,0.0,0.0,0.0,0.0
2213,Zircon,1.0,1073,36.961953837707625,3056.698974836906,4015.8853681267474,3037,3997,3076,4040,41.2510435627817,34.67820063428584,0.8660209846650525,0.0,1.0,0.0,0.0,0.0,0.0,0.0,0.0,0.0,0.0,0.0,0.0,0.0,0.0,0.0,0.0,0.0
2214,Quartz,1.0,935,34.503318308930474,3060.9229946524065,351.16470588235296,3039,331,3079,371,37.391422645286006,34.98890074262197,0.8546617915904936,0.0,0.0,0.0,0.0,0.0,0.0,1.0,0.0,0.0,0.0,0.0,0.0,0.0,0.0,0.0,0.0,0.0
2216,Zircon,1.0,901,33.87017611123954,3065.937846836848,111.28745837957824,3051,90,3083,129,37.398808808451825,31.31123704063796,0.9626068376068376,0.0,1.0,0.0,0.0,0.0,0.0,0.0,0.0,0.0,0.0,0.0,0.0,0.0,0.0,0.0,0.0,0.0
2217,Zircon,1.0,112,11.941642642883693,3067.401785714286,1013.5714285714286,3061,1006,3075,1021,17.17120882255017,9.668766558152528,0.7943262411347518,0.0,1.0,0.0,0.0,0.0,0.0,0.0,0.0,0.0,0.0,0.0,0.0,0.0,0.0,0.0,0.0,0.0
2218,Quartz,0.960792761740629,2321,54.36164993200917,3067.590693666523,3144.0301594140456,3041,3109,3095,3179,72.55470559926881,42.23315331329739,0.8561416451493914,0.0,0.0,0.03920723825937096,0.0,0.0,0.0,0.960792761740629,0.0,0.0,0.0,0.0,0.0,0.0,0.0,0.0,0.0,0.0
2219,Zircon,1.0,3205,63.88061318487947,3083.2726989079565,3264.1429017160685,3049,3223,3120,3302,89.48373691435032,47.44652741217052,0.8902777777777777,0.0,1.0,0.0,0.0,0.0,0.0,0.0,0.0,0.0,0.0,0.0,0.0,0.0,0.0,0.0,0.0,0.0
2220,Zircon,1.0,1055,36.6506169074355,3072.8767772511846,1199.0255924170617,3059,1173,3084,1232,56.062899076355215,25.023217882223477,0.9590909090909091,0.0,1.0,0.0,0.0,0.0,0.0,0.0,0.0,0.0,0.0,0.0,0.0,0.0,0.0,0.0,0.0,0.0
2222,Quartz,1.0,1676,46.19469100422832,3073.2076372315037,2762.0155131264914,3050,2734,3102,2793,51.536661823165126,45.171479906859005,0.8211660950514453,0.0,0.0,0.0,0.0,0.0,0.0,1.0,0.0,0.0,0.0,0.0,0.0,0.0,0.0,0.0,0.0,0.0
2223,Zircon,1.0,1166,38.530472475187736,3076.0789022298454,2233.034305317324,3059,2207,3091,2268,68.45171540452117,27.119593468042705,0.7422024188415022,0.0,1.0,0.0,0.0,0.0,0.0,0.0,0.0,0.0,0.0,0.0,0.0,0.0,0.0,0.0,0.0,0.0
2224,Zircon,0.9894802951797771,6369,90.05144452155253,3077.6812686449994,3793.2221698853823,3037,3743,3118,3843,102.63019100163349,79.9874187846477,0.9465002229157379,0.0,0.9894802951797771,0.0,0.0,0.0,0.0,0.0,0.0,0.0,0.0,0.0,0.0,0.0,0.0,0.0,0.0,0.010519704820222955
2225,Zircon,1.0,256,18.0540666735282,3080.33203125,772.49609375,3074,760,3087,786,25.897174283804052,12.718478838211274,0.9446494464944649,0.0,1.0,0.0,0.0,0.0,0.0,0.0,0.0,0.0,0.0,0.0,0.0,0.0,0.0,0.0,0.0,0.0
2226,Zircon,0.9721723518850988,4456,75.32300718465696,3068.9005834829445,2340.322935368043,3023,2306,3113,2378,88.1509433539008,65.87819317940777,0.950917626973965,0.0,0.9721723518850988,0.0,0.0,0.0,0.0,0.0,0.0,0.0,0.0,0.0,0.0,0.0,0.0,0.0,0.0,0.027827648114901255
2227,Quartz,1.0,4008,71.43629396391258,3080.1654191616767,206.12300399201598,3032,163,3122,246,77.59932274822161,70.35521892572133,0.8507747824241138,0.0,0.0,0.0,0.0,0.0,0.0,1.0,0.0,0.0,0.0,0.0,0.0,0.0,0.0,0.0,0.0,0.0
2228,Zircon,1.0,2963,61.421566009426094,3074.776915288559,3341.490718866014,3048,3301,3109,3394,103.28400112454312,42.211601335838466,0.8095628415300546,0.0,1.0,0.0,0.0,0.0,0.0,0.0,0.0,0.0,0.0,0.0,0.0,0.0,0.0,0.0,0.0,0.0
2229,Zircon,0.9890664423885618,4756,77.81726848688814,3080.3517661900755,425.2434819175778,3035,386,3121,469,86.88619970142477,71.80019387787644,0.9130351315031676,0.0,0.9890664423885618,0.010933557611438183,0.0,0.0,0.0,0.0,0.0,0.0,0.0,0.0,0.0,0.0,0.0,0.0,0.0,0.0
2231,Zircon,1.0,337,20.71428798138497,3086.9762611275964,3390.7715133531156,3078,3373,3100,3402,27.99535210305142,18.75115614290288,0.7985781990521327,0.0,1.0,0.0,0.0,0.0,0.0,0.0,0.0,0.0,0.0,0.0,0.0,0.0,0.0,0.0,0.0,0.0
2232,Zircon,1.0,1443,42.863558683954835,3089.781704781705,277.36382536382536,3062,257,3122,303,64.18791070213045,31.86906737163667,0.8138747884940778,0.0,1.0,0.0,0.0,0.0,0.0,0.0,0.0,0.0,0.0,0.0,0.0,0.0,0.0,0.0,0.0,0.0
2233,Quartz,1.0,400,22.56758334191025,3101.025,2808.2625,3089,2795,3113,2822,28.46773647539985,19.844280787350012,0.819672131147541,0.0,0.0,0.0,0.0,0.0,0.0,1.0,0.0,0.0,0.0,0.0,0.0,0.0,0.0,0.0,0.0,0.0
2234,Zircon,0.9813287016934433,2303,54.150444795265344,3117.9452887537996,3508.198871037777,3087,3481,3149,3544,75.22540126031303,44.516505714430345,0.8278217109992811,0.0,0.9813287016934433,0.018671298306556665,0.0,0.0,0.0,0.0,0.0,0.0,0.0,0.0,0.0,0.0,0.0,0.0,0.0,0.0
2235,Rutile,1.0,3224,64.06968309759434,3113.6848635235733,1505.009305210918,3076,1463,3143,1560,87.69312651785951,55.97542565335404,0.8033889857961625,0.0,0.0,1.0,0.0,0.0,0.0,0.0,0.0,0.0,0.0,0.0,0.0,0.0,0.0,0.0,0.0,0.0
2236,Zircon,1.0,1542,44.30954048488453,3111.458495460441,3362.1789883268484,3089,3331,3135,3387,49.97886762645653,42.05210320658865,0.8633818589025756,0.0,1.0,0.0,0.0,0.0,0.0,0.0,0.0,0.0,0.0,0.0,0.0,0.0,0.0,0.0,0.0,0.0
2237,Zircon,1.0,4600,76.53039857325813,3112.8008695652175,903.6404347826087,3075,865,3156,954,83.17080065349805,74.3126070939409,0.905511811023622,0.0,1.0,0.0,0.0,0.0,0.0,0.0,0.0,0.0,0.0,0.0,0.0,0.0,0.0,0.0,0.0,0.0
2238,Zircon,1.0,2680,58.41474111806228,3110.071641791045,1735.5029850746268,3078,1704,3140,1763,62.31657275579548,56.43478435079764,0.9286209286209286,0.0,1.0,0.0,0.0,0.0,0.0,0.0,0.0,0.0,0.0,0.0,0.0,0.0,0.0,0.0,0.0,0.0
2239,Unknown,1.0,374,21.821814538001895,3109.114973262032,4417.39037433155,3095,4403,3123,4428,31.677637066082404,16.766260194753325,0.8165938864628821,0.0,0.0,0.0,0.0,0.0,0.0,0.0,0.0,0.0,0.0,0.0,0.0,0.0,0.0,0.0,0.0,1.0
2240,Unknown,1.0,258,18.12445316531431,3113.2131782945735,4434.790697674419,3103,4428,3123,4448,20.60993210066711,17.6135393420143,0.9181494661921709,0.0,0.0,0.0,0.0,0.0,0.0,0.0,0.0,0.0,0.0,0.0,0.0,0.0,0.0,0.0,0.0,1.0
2241,Zircon,1.0,2960,61.39046385568431,3117.558445945946,352.96351351351353,3086,313,3147,389,79.4335247828155,49.05673765983083,0.9261576971214017,0.0,1.0,0.0,0.0,0.0,0.0,0.0,0.0,0.0,0.0,0.0,0.0,0.0,0.0,0.0,0.0,0.0
2242,Zircon,1.0,5871,86.45917746046477,3120.102367569409,4573.668029296542,3074,4529,3173,4616,93.84387882695405,81.2488903456234,0.9686520376175548,0.0,1.0,0.0,0.0,0.0,0.0,0.0,0.0,0.0,0.0,0.0,0.0,0.0,0.0,0.0,0.0,0.0
2243,Zircon,0.9860453526040369,8026,101.08917145789857,3143.5728881136306,4175.356715674059,3075,4117,3212,4232,154.56046928706212,68.81435424507889,0.9219988512349224,0.0,0.9860453526040369,0.0,0.0,0.0,0.0,0.0,0.0,0.0,0.0,0.0,0.0,0.0,0.0,0.0,0.0,0.01395464739596312
2244,Zircon,1.0,457,24.121991458915023,3123.9277899343547,3138.8490153172866,3111,3126,3135,3154,29.54994361050005,21.848451892803784,0.8622641509433963,0.0,1.0,0.0,0.0,0.0,0.0,0.0,0.0,0.0,0.0,0.0,0.0,0.0,0.0,0.0,0.0,0.0
2245,Quartz,1.0,1342,41.3362730423848,3125.2593144560356,782.8852459016393,3103,759,3144,811,51.15509906150372,37.29837520684589,0.8330229671011794,0.0,0.0,0.0,0.0,0.0,0.0,1.0,0.0,0.0,0.0,0.0,0.0,0.0,0.0,0.0,0.0,0.0
2246,Zircon,1.0,9031,107.23164797998422,3125.332521315469,653.4473480234747,3079,581,3175,720,132.28154655765337,89.06063730680158,0.9417101147028154,0.0,1.0,0.0,0.0,0.0,0.0,0.0,0.0,0.0,0.0,0.0,0.0,0.0,0.0,0.0,0.0,0.0
2247,Quartz,1.0,3234,64.16896981932557,3122.206246134818,4014.922387136673,3079,3982,3157,4045,72.39180586490029,59.58736788495705,0.9081718618365627,0.0,0.0,0.0,0.0,0.0,0.0,1.0,0.0,0.0,0.0,0.0,0.0,0.0,0.0,0.0,0.0,0.0
2249,Quartz,1.0,512,25.532305945691693,3130.064453125,3921.681640625,3121,3901,3141,3945,47.694279916353835,16.830182794875547,0.7071823204419889,0.0,0.0,0.0,0.0,0.0,0.0,1.0,0.0,0.0,0.0,0.0,0.0,0.0,0.0,0.0,0.0,0.0
2250,Zircon,1.0,1561,44.581688273680136,3131.790518898142,2824.467008327995,3112,2800,3172,2851,50.78358897530204,45.55799746367165,0.846529284164859,0.0,1.0,0.0,0.0,0.0,0.0,0.0,0.0,0.0,0.0,0.0,0.0,0.0,0.0,0.0,0.0,0.0
2252,Zircon,1.0,1151,38.28183271462029,3132.3631624674194,3331.572545612511,3112,3312,3149,3354,42.159002559920324,35.71516025609274,0.9536039768019884,0.0,1.0,0.0,0.0,0.0,0.0,0.0,0.0,0.0,0.0,0.0,0.0,0.0,0.0,0.0,0.0,0.0
2253,Zircon,1.0,2393,55.198389745999336,3129.768073547848,3443.793982448809,3098,3413,3158,3474,63.09701829939509,49.51856451731819,0.9037009063444109,0.0,1.0,0.0,0.0,0.0,0.0,0.0,0.0,0.0,0.0,0.0,0.0,0.0,0.0,0.0,0.0,0.0
2254,Zircon,1.0,5116,80.70869538572094,3146.152071931196,110.8039483971853,3100,70,3204,157,113.26380371270393,62.69148721516417,0.8915998605785989,0.0,1.0,0.0,0.0,0.0,0.0,0.0,0.0,0.0,0.0,0.0,0.0,0.0,0.0,0.0,0.0,0.0
2255,Zircon,1.0,8445,103.69430049568032,3120.2271166370633,1803.4542332741266,3049,1755,3181,1846,134.25735562678605,83.24693107440571,0.9499437570303711,0.0,1.0,0.0,0.0,0.0,0.0,0.0,0.0,0.0,0.0,0.0,0.0,0.0,0.0,0.0,0.0,0.0
2256,Zircon,1.0,4115,72.38356668875329,3134.3608748481165,1952.3407047387607,3103,1909,3175,1988,83.58296315426946,66.216033558501,0.9316278016753452,0.0,1.0,0.0,0.0,0.0,0.0,0.0,0.0,0.0,0.0,0.0,0.0,0.0,0.0,0.0,0.0,0.0
2257,Zircon,1.0,262,18.26441241104166,3139.6221374045804,3157.3396946564885,3128,3148,3151,3172,20.642435032736202,18.782492248687205,0.7820895522388059,0.0,1.0,0.0,0.0,0.0,0.0,0.0,0.0,0.0,0.0,0.0,0.0,0.0,0.0,0.0,0.0,0.0
2258,Quartz,1.0,433,23.480049464818542,3141.7228637413396,4079.281755196305,3126,4068,3159,4090,32.3058126730091,18.35364282129567,0.8625498007968128,0.0,0.0,0.0,0.0,0.0,0.0,1.0,0.0,0.0,0.0,0.0,0.0,0.0,0.0,0.0,0.0,0.0
2259,Zircon,0.9604560028500179,5614,84.54564923248981,3144.90737442109,4278.029747060919,3103,4222,3183,4327,102.5865605595546,71.2375519356493,0.9549243068549073,0.0,0.9604560028500179,0.0,0.0,0.0,0.0,0.0,0.0,0.0,0.0,0.0,0.0,0.0,0.0,0.0,0.0,0.03954399714998219
2260,Zircon,1.0,978,35.28779214899948,3154.760736196319,4110.332310838446,3130,4095,3185,4129,63.6442442965488,21.027475554773428,0.8526591107236269,0.0,1.0,0.0,0.0,0.0,0.0,0.0,0.0,0.0,0.0,0.0,0.0,0.0,0.0,0.0,0.0,0.0
2261,Quartz,1.0,2279,53.86754980924449,3145.18121983326,2530.0149188240457,3121,2501,3173,2560,58.31130735044272,51.144509853282024,0.908330011956955,0.0,0.0,0.0,0.0,0.0,0.0,1.0,0.0,0.0,0.0,0.0,0.0,0.0,0.0,0.0,0.0,0.0
2262,Zircon,1.0,4267,73.7082976155666,3152.145535505039,2607.981954534802,3114,2569,3197,2650,89.00725248180736,62.73988705198966,0.9465394853593612,0.0,1.0,0.0,0.0,0.0,0.0,0.0,0.0,0.0,0.0,0.0,0.0,0.0,0.0,0.0,0.0,0.0
2263,Rutile,1.0,740,30.695231927842155,3155.391891891892,3738.1202702702703,3137,3716,3177,3757,50.45473532813692,23.989607044561158,0.7129094412331407,0.0,0.0,1.0,0.0,0.0,0.0,0.0,0.0,0.0,0.0,0.0,0.0,0.0,0.0,0.0,0.0,0.0
2264,Zircon,1.0,179,15.09668435477122,3152.117318435754,1408.9664804469273,3145,1402,3162,1417,16.400690747180395,14.153481820520216,0.9226804123711341,0.0,1.0,0.0,0.0,0.0,0.0,0.0,0.0,0.0,0.0,0.0,0.0,0.0,0.0,0.0,0.0,0.0
2265,Rutile,1.0,1909,49.301260540674065,3153.8292299633317,1671.7810371922471,3125,1644,3179,1705,58.554623346231814,45.12154359301648,0.837280701754386,0.0,0.0,1.0,0.0,0.0,0.0,0.0,0.0,0.0,0.0,0.0,0.0,0.0,0.0,0.0,0.0,0.0
2266,Zircon,1.0,6500,90.9728368293446,3151.0064615384617,2751.509692307692,3107,2690,3194,2808,121.96295726887615,69.08934543317177,0.9372746935832732,0.0,1.0,0.0,0.0,0.0,0.0,0.0,0.0,0.0,0.0,0.0,0.0,0.0,0.0,0.0,0.0,0.0
2267,Zircon,0.9995460735360872,2203,52.96174767746589,3159.639128461189,3610.194280526555,3125,3581,3195,3633,66.13359174032678,44.44039509027812,0.9256302521008404,0.0,0.9995460735360872,0.0,0.0,0.0,0.0,0.00045392646391284613,0.0,0.0,0.0,0.0,0.0,0.0,0.0,0.0,0.0,0.0
2268,Zircon,1.0,2999,61.79357081979284,3160.4034678226076,4365.4208069356455,3124,4330,3199,4394,73.65427512390117,55.31343334543693,0.867013587742122,0.0,1.0,0.0,0.0,0.0,0.0,0.0,0.0,0.0,0.0,0.0,0.0,0.0,0.0,0.0,0.0,0.0
2269,Quartz,1.0,1757,47.297799949888585,3151.4149117814454,3082.1143995446782,3113,3054,3183,3107,67.28020891969501,43.00307581204162,0.6983306836248012,0.0,0.0,0.0,0.0,0.0,0.0,1.0,0.0,0.0,0.0,0.0,0.0,0.0,0.0,0.0,0.0,0.0
2270,Quartz,1.0,121,12.412170838050638,3158.595041322314,246.2396694214876,3149,241,3167,255,18.553711813196383,9.891242857595355,0.8013245033112583,0.0,0.0,0.0,0.0,0.0,0.0,1.0,0.0,0.0,0.0,0.0,0.0,0.0,0.0,0.0,0.0,0.0
2271,Zircon,1.0,314,19.994929783493642,3163.8407643312103,4609.401273885351,3151,4600,3181,4616,28.872393660257362,15.000265070993457,0.9373134328358209,0.0,1.0,0.0,0.0,0.0,0.0,0.0,0.0,0.0,0.0,0.0,0.0,0.0,0.0,0.0,0.0,0.0
2272,Zircon,1.0,3077,62.59199692572602,3159.449463763406,427.5723106922327,3126,393,3201,471,76.64531275071964,58.56043639314532,0.8291565615736998,0.0,1.0,0.0,0.0,0.0,0.0,0.0,0.0,0.0,0.0,0.0,0.0,0.0,0.0,0.0,0.0,0.0
2273,Zircon,1.0,4574,76.31381053006483,3178.913423699169,1054.5948841276781,3129,1024,3230,1089,100.02339816962419,60.102000144702814,0.9059219647454941,0.0,1.0,0.0,0.0,0.0,0.0,0.0,0.0,0.0,0.0,0.0,0.0,0.0,0.0,0.0,0.0,0.0
2274,Zircon,1.0,214,16.50676414605009,3174.6682242990655,1400.214953271028,3162,1395,3190,1409,31.834334202206335,10.565324764534893,0.7670250896057348,0.0,1.0,0.0,0.0,0.0,0.0,0.0,0.0,0.0,0.0,0.0,0.0,0.0,0.0,0.0,0.0,0.0
2275,Zircon,1.0,2370,54.93248329560876,3169.849367088608,3336.0248945147678,3149,3297,3200,3367,72.22321993017981,45.06828151193829,0.9042350247996948,0.0,1.0,0.0,0.0,0.0,0.0,0.0,0.0,0.0,0.0,0.0,0.0,0.0,0.0,0.0,0.0,0.0
2276,Zircon,0.9817190506735086,3118,63.007625732797116,3165.5958948043617,3229.324246311738,3130,3197,3201,3263,79.4465752742919,51.649189738429776,0.9299135102892931,0.0,0.9817190506735086,0.0,0.0,0.0,0.0,0.0,0.0,0.0,0.0,0.0,0.0,0.0,0.0,0.0,0.0,0.018280949326491342
2277,Zircon,1.0,2524,56.68912250962746,3176.109350237718,3530.6881933438985,3142,3504,3215,3559,73.95148222964461,49.895154768347396,0.8447121820615796,0.0,1.0,0.0,0.0,0.0,0.0,0.0,0.0,0.0,0.0,0.0,0.0,0.0,0.0,0.0,0.0,0.0
2278,Zircon,1.0,3723,68.84962472700204,3174.1412839108248,3849.0655385441846,3142,3811,3214,3886,70.59672742079513,69.53740537140527,0.9427703216004052,0.0,1.0,0.0,0.0,0.0,0.0,0.0,0.0,0.0,0.0,0.0,0.0,0.0,0.0,0.0,0.0,0.0
2279,Zircon,1.0,1425,42.59537945889914,3173.863157894737,4021.376842105263,3157,3995,3191,4052,57.94295449897196,31.81027318736965,0.9405940594059405,0.0,1.0,0.0,0.0,0.0,0.0,0.0,0.0,0.0,0.0,0.0,0.0,0.0,0.0,0.0,0.0,0.0
2280,Zircon,1.0,4684,77.22599321173864,3181.1428266438943,3675.7999573014517,3148,3631,3223,3721,88.21464002034506,70.13044840314313,0.9171725083219111,0.0,1.0,0.0,0.0,0.0,0.0,0.0,0.0,0.0,0.0,0.0,0.0,0.0,0.0,0.0,0.0,0.0
2281,Zircon,1.0,8358,103.1587907785686,3178.281407035176,4438.782124910265,3118,4394,3242,4495,113.36745762762556,97.55122465710589,0.9226183905508334,0.0,1.0,0.0,0.0,0.0,0.0,0.0,0.0,0.0,0.0,0.0,0.0,0.0,0.0,0.0,0.0,0.0
2282,Zircon,1.0,5072,80.36087960504629,3179.312697160883,3927.733241324921,3142,3886,3218,3970,88.73024379768368,73.98301735603573,0.9541008276899925,0.0,1.0,0.0,0.0,0.0,0.0,0.0,0.0,0.0,0.0,0.0,0.0,0.0,0.0,0.0,0.0,0.0
2283,Zircon,1.0,1639,45.68193968978257,3198.338621110433,4592.0860280658935,3178,4561,3225,4616,65.4664392814767,34.44725351692725,0.9030303030303031,0.0,1.0,0.0,0.0,0.0,0.0,0.0,0.0,0.0,0.0,0.0,0.0,0.0,0.0,0.0,0.0,0.0
2284,Rutile,0.945067264573991,4460,75.35680705496236,3203.086322869955,1716.0751121076232,3163,1675,3244,1759,90.50046594991248,63.5393711259277,0.9379600420609885,0.0,0.0,0.945067264573991,0.0,0.0,0.0,0.0,0.0,0.0,0.0,0.0,0.0,0.0,0.0,0.0,0.0,0.05493273542600897
2285,Zircon,1.0,9571,110.3910126897124,3206.9306237592727,1332.1545293072825,3156,1273,3259,1391,123.58808084622277,99.7738895912686,0.9639440024171618,0.0,1.0,0.0,0.0,0.0,0.0,0.0,0.0,0.0,0.0,0.0,0.0,0.0,0.0,0.0,0.0,0.0
2286,Zircon,1.0,947,34.72402408800281,3210.3326293558607,4289.234424498416,3189,4268,3229,4311,39.15064245466497,34.22398157346435,0.8942398489140698,0.0,1.0,0.0,0.0,0.0,0.0,0.0,0.0,0.0,0.0,0.0,0.0,0.0,0.0,0.0,0.0,0.0
2287,Zircon,1.0,1222,39.44488209725527,3209.707037643208,4542.970540098199,3190,4527,3233,4567,43.06194286786555,39.35578361400716,0.959937156323645,0.0,1.0,0.0,0.0,0.0,0.0,0.0,0.0,0.0,0.0,0.0,0.0,0.0,0.0,0.0,0.0,0.0
2288,Zircon,1.0,1381,41.93261035613285,3209.840695148443,3796.199131064446,3190,3773,3230,3825,51.49572362932995,35.72991937954053,0.876269035532995,0.0,1.0,0.0,0.0,0.0,0.0,0.0,0.0,0.0,0.0,0.0,0.0,0.0,0.0,0.0,0.0,0.0
2289,Zircon,0.9600402955003358,2978,61.576841135457045,3220.459704499664,855.5977165883143,3187,819,3252,893,83.18198512343511,46.48641653771229,0.9157441574415744,0.0,0.9600402955003358,0.0,0.0,0.019811954331766288,0.0,0.0,0.0,0.0,0.0,0.0,0.0,0.0,0.0,0.0,0.0,0.020147750167897917
2290,Zircon,1.0,7568,98.16250238535952,3225.083245243129,975.1368921775899,3181,915,3267,1052,143.21836264167374,69.50693943878404,0.9243923293025528,0.0,1.0,0.0,0.0,0.0,0.0,0.0,0.0,0.0,0.0,0.0,0.0,0.0,0.0,0.0,0.0,0.0
2291,Rutile,0.984352773826458,5624,84.62091467001852,3232.3629089615933,1844.9759957325746,3185,1798,3293,1895,112.07693831351182,73.88107329616858,0.7911098607399072,0.0,0.0,0.984352773826458,0.0,0.0,0.0,0.0,0.0,0.0,0.0,0.0,0.0,0.0,0.0,0.0,0.0,0.015647226173541962
2292,Zircon,1.0,247,17.733870630789692,3215.9473684210525,3404.6518218623482,3208,3394,3224,3418,24.21588447117816,13.883687092092782,0.8790035587188612,0.0,1.0,0.0,0.0,0.0,0.0,0.0,0.0,0.0,0.0,0.0,0.0,0.0,0.0,0.0,0.0,0.0
2294,Rutile,1.0,233,17.22396045987371,3224.137339055794,3602.9141630901286,3200,3595,3252,3610,62.1847725062392,10.739165119121363,0.44550669216061184,0.0,0.0,1.0,0.0,0.0,0.0,0.0,0.0,0.0,0.0,0.0,0.0,0.0,0.0,0.0,0.0,0.0
2295,Quartz,1.0,3355,65.35838639827693,3217.574664679583,3583.123994038748,3176,3546,3263,3624,84.89172304595493,62.23143398690106,0.7301414581066377,0.0,0.0,0.0,0.0,0.0,0.0,1.0,0.0,0.0,0.0,0.0,0.0,0.0,0.0,0.0,0.0,0.0
2297,Rutile,1.0,335,20.65272978291924,3217.9253731343283,3449.065671641791,3205,3436,3229,3461,30.90312495517892,15.826388658259086,0.8052884615384616,0.0,0.0,1.0,0.0,0.0,0.0,0.0,0.0,0.0,0.0,0.0,0.0,0.0,0.0,0.0,0.0,0.0
2298,Zircon,1.0,4402,74.86521539356036,3227.7137664697866,3175.919582008178,3189,3135,3267,3224,89.61716770975436,64.0781799695637,0.9440274501393953,0.0,1.0,0.0,0.0,0.0,0.0,0.0,0.0,0.0,0.0,0.0,0.0,0.0,0.0,0.0,0.0,0.0
2299,Zircon,1.0,2410,55.39410891793226,3230.517012448133,4183.640663900415,3200,4154,3260,4216,67.36864433595296,48.0587398247887,0.8659719726913403,0.0,1.0,0.0,0.0,0.0,0.0,0.0,0.0,0.0,0.0,0.0,0.0,0.0,0.0,0.0,0.0,0.0
2300,Zircon,1.0,178,15.054455784347004,3231.2022471910113,3408.5955056179773,3226,3400,3241,3419,18.278557401885802,14.217160165860799,0.8557692307692307,0.0,1.0,0.0,0.0,0.0,0.0,0.0,0.0,0.0,0.0,0.0,0.0,0.0,0.0,0.0,0.0,0.0
2301,Quartz,1.0,572,26.986904594423443,3224.9493006993007,3713.0227272727275,3208,3696,3240,3726,30.131524763651633,27.07694047280928,0.8486646884272997,0.0,0.0,0.0,0.0,0.0,0.0,1.0,0.0,0.0,0.0,0.0,0.0,0.0,0.0,0.0,0.0,0.0
2302,Zircon,1.0,602,27.685559519911603,3231.3006644518273,4330.02657807309,3216,4315,3246,4350,34.86675719498646,24.522436532108795,0.8612303290414879,0.0,1.0,0.0,0.0,0.0,0.0,0.0,0.0,0.0,0.0,0.0,0.0,0.0,0.0,0.0,0.0,0.0
2303,Rutile,0.9804630969609262,4146,72.6557028214027,3233.8745779064157,3278.051374819103,3198,3229,3265,3320,89.9807099336239,61.79255019591846,0.8972083964509846,0.0,0.0,0.9804630969609262,0.019536903039073805,0.0,0.0,0.0,0.0,0.0,0.0,0.0,0.0,0.0,0.0,0.0,0.0,0.0
2304,Rutile,1.0,202,16.03728119216293,3235.4059405940593,3443.0049504950493,3229,3435,3246,3453,18.040097097944376,15.14278834751697,0.8977777777777778,0.0,0.0,1.0,0.0,0.0,0.0,0.0,0.0,0.0,0.0,0.0,0.0,0.0,0.0,0.0,0.0,0.0
2305,Rutile,1.0,1357,41.56664603026825,3227.2977155490053,3475.503316138541,3196,3459,3256,3499,55.572444258918964,36.507001526851994,0.780333525014376,0.0,0.0,1.0,0.0,0.0,0.0,0.0,0.0,0.0,0.0,0.0,0.0,0.0,0.0,0.0,0.0,0.0
2306,Rutile,1.0,5769,85.7048361154559,3246.157566302652,34.82093950424684,3194,0,3296,86,99.8781395223081,79.44828149208362,0.8941413515189088,0.0,0.0,1.0,0.0,0.0,0.0,0.0,0.0,0.0,0.0,0.0,0.0,0.0,0.0,0.0,0.0,0.0
2307,Ilmenite,1.0,214,16.50676414605009,3285.714953271028,27.817757009345794,3279,16,3294,41,25.77835305877346,12.893533964468503,0.7303754266211604,0.0,0.0,0.0,1.0,0.0,0.0,0.0,0.0,0.0,0.0,0.0,0.0,0.0,0.0,0.0,0.0,0.0
2308,Quartz,1.0,5154,81.00787994735468,3235.408808692278,204.83081102056656,3187,171,3287,247,98.72388490591959,69.0815684609709,0.8889272162814764,0.0,0.0,0.0,0.0,0.0,0.0,1.0,0.0,0.0,0.0,0.0,0.0,0.0,0.0,0.0,0.0,0.0
2309,Quartz,1.0,270,18.5411616971131,3240.859259259259,253.46666666666667,3232,241,3251,269,28.527195780434738,14.238105740882817,0.7297297297297297,0.0,0.0,0.0,0.0,0.0,0.0,1.0,0.0,0.0,0.0,0.0,0.0,0.0,0.0,0.0,0.0,0.0
2310,Zircon,1.0,3532,67.06028684701994,3253.75651189128,1482.64637599094,3208,1453,3302,1519,94.88734050923732,49.771736840886916,0.9383634431455898,0.0,1.0,0.0,0.0,0.0,0.0,0.0,0.0,0.0,0.0,0.0,0.0,0.0,0.0,0.0,0.0,0.0
2311,Zircon,0.9905069682892345,4951,79.3965300626154,3255.7735810947283,3855.6659260755405,3215,3802,3298,3907,97.63916707405818,70.29786328694577,0.8792399218611259,0.0,0.9905069682892345,0.0,0.0,0.0,0.0,0.0,0.0,0.009493031710765503,0.0,0.0,0.0,0.0,0.0,0.0,0.0,0.0
2312,Rutile,0.9787411421425594,2399,55.26754624388218,3268.8678616090037,4516.54272613589,3233,4488,3309,4549,85.18045360980598,40.973848692175444,0.8002001334222815,0.0,0.0,0.9787411421425594,0.0,0.0,0.0,0.0,0.0,0.0,0.0,0.0,0.0,0.0,0.0,0.0,0.0,0.0212588578574406
2313,Zircon,1.0,2714,58.784114558367136,3252.6709653647754,4467.772291820192,3215,4432,3287,4500,81.79580617628653,43.49080603278217,0.8995691083858137,0.0,1.0,0.0,0.0,0.0,0.0,0.0,0.0,0.0,0.0,0.0,0.0,0.0,0.0,0.0,0.0,0.0
2314,Rutile,1.0,3101,62.835625470140265,3263.9235730409546,390.5817478232828,3237,347,3305,446,106.72560069491158,45.50635730831321,0.8186378035902852,0.0,0.0,1.0,0.0,0.0,0.0,0.0,0.0,0.0,0.0,0.0,0.0,0.0,0.0,0.0,0.0,0.0
2315,Zircon,1.0,1215,39.33174350131485,3257.4930041152265,778.5547325102881,3234,760,3281,801,47.769553066245464,33.04860642782537,0.9382239382239382,0.0,1.0,0.0,0.0,0.0,0.0,0.0,0.0,0.0,0.0,0.0,0.0,0.0,0.0,0.0,0.0,0.0
2316,Zircon,1.0,1128,37.89741688375691,3261.831560283688,3989.3625886524824,3240,3970,3278,4016,49.57190350037043,30.679736126822515,0.947103274559194,0.0,1.0,0.0,0.0,0.0,0.0,0.0,0.0,0.0,0.0,0.0,0.0,0.0,0.0,0.0,0.0,0.0
2317,Quartz,1.0,1183,38.810338589372,3261.9264581572274,3627.795435333897,3241,3604,3283,3659,54.950342707732155,31.22862469919981,0.7993243243243243,0.0,0.0,0.0,0.0,0.0,0.0,1.0,0.0,0.0,0.0,0.0,0.0,0.0,0.0,0.0,0.0,0.0
2318,Zircon,1.0,2248,53.499929874389984,3262.2802491103203,3386.2784697508896,3242,3350,3291,3430,70.89425752097979,43.652682771590584,0.8463855421686747,0.0,1.0,0.0,0.0,0.0,0.0,0.0,0.0,0.0,0.0,0.0,0.0,0.0,0.0,0.0,0.0,0.0
2319,Zircon,1.0,2052,51.114455350678966,3245.942007797271,3769.5233918128656,3215,3742,3273,3808,74.80554040923388,37.79680904716221,0.8758002560819462,0.0,1.0,0.0,0.0,0.0,0.0,0.0,0.0,0.0,0.0,0.0,0.0,0.0,0.0,0.0,0.0,0.0
2320,Zircon,1.0,922,34.262616074167774,3282.667028199566,3782.7288503253794,3270,3759,3304,3804,39.35507222422585,33.632475580494976,0.9389002036659878,0.0,1.0,0.0,0.0,0.0,0.0,0.0,0.0,0.0,0.0,0.0,0.0,0.0,0.0,0.0,0.0,0.0
2321,Zircon,1.0,3593,67.63689587964132,3273.4806568327303,3079.101586418035,3246,3035,3300,3121,92.52837472954423,51.595073029274324,0.9084702907711757,0.0,1.0,0.0,0.0,0.0,0.0,0.0,0.0,0.0,0.0,0.0,0.0,0.0,0.0,0.0,0.0,0.0
2322,Orthoclase,1.0,2901,60.77555363200492,3287.496035849707,4151.657704239918,3254,4125,3332,4177,86.04843294460936,47.404452741392674,0.8917921918229327,0.0,0.0,0.0,0.0,0.0,0.0,0.0,0.0,1.0,0.0,0.0,0.0,0.0,0.0,0.0,0.0,0.0
2323,Rutile,0.904286553141515,1703,46.565297644103836,3288.8214914856135,2648.14621256606,3248,2626,3332,2670,81.14406654124677,32.473820124311274,0.7449693788276466,0.0,0.0,0.904286553141515,0.09571344685848503,0.0,0.0,0.0,0.0,0.0,0.0,0.0,0.0,0.0,0.0,0.0,0.0,0.0
2324,Ilmenite,1.0,102,11.396070970426017,3264.0196078431372,2647.235294117647,3260,2640,3271,2655,15.926568967888649,9.515801358676192,0.8292682926829268,0.0,0.0,0.0,1.0,0.0,0.0,0.0,0.0,0.0,0.0,0.0,0.0,0.0,0.0,0.0,0.0,0.0
2325,Zircon,0.9439624519982933,7031,94.61578747245582,3281.552979661499,4072.877968994453,3239,4022,3327,4126,106.8961703107079,86.01273987680769,0.9462987886944818,0.0,0.9439624519982933,0.0,0.0,0.0,0.0,0.0,0.0,0.0,0.0,0.0,0.0,0.0,0.0,0.0,0.0,0.056037548001706725
2326,Zircon,1.0,1989,50.323686813251655,3284.883358471594,3318.69884364002,3254,3286,3312,3348,68.90028497024046,38.413497057732584,0.9086340794883508,0.0,1.0,0.0,0.0,0.0,0.0,0.0,0.0,0.0,0.0,0.0,0.0,0.0,0.0,0.0,0.0,0.0
2327,Zircon,0.9785570131180625,3964,71.04309646496404,3283.58980827447,3724.4341574167506,3247,3687,3320,3762,73.89284448850177,69.10650957725554,0.921003717472119,0.0,0.9785570131180625,0.0,0.0,0.0,0.0,0.0,0.0,0.0,0.0,0.0,0.0,0.0,0.0,0.0,0.0,0.021442986881937437
2328,Rutile,1.0,164,14.450303987687134,3284.182926829268,3547.768292682927,3276,3540,3295,3557,22.006672134013026,10.21571113449461,0.8541666666666666,0.0,0.0,1.0,0.0,0.0,0.0,0.0,0.0,0.0,0.0,0.0,0.0,0.0,0.0,0.0,0.0,0.0
2329,Zircon,1.0,1738,47.04136827038211,3279.928653624856,3466.7261219792867,3257,3433,3304,3500,68.22004888942882,33.17169410182285,0.9259456579648375,0.0,1.0,0.0,0.0,0.0,0.0,0.0,0.0,0.0,0.0,0.0,0.0,0.0,0.0,0.0,0.0,0.0
2330,Quartz,1.0,5095,80.54287976243246,3293.207458292444,239.17625122669284,3245,183,3330,289,105.63652451151498,66.4875594387834,0.8199227550691985,0.0,0.0,0.0,0.0,0.0,0.0,1.0,0.0,0.0,0.0,0.0,0.0,0.0,0.0,0.0,0.0,0.0
2331,Zircon,1.0,1263,40.1011414426137,3288.874109263658,4220.6144101346,3267,4206,3312,4239,49.991500290201365,33.92685345653618,0.9112554112554112,0.0,1.0,0.0,0.0,0.0,0.0,0.0,0.0,0.0,0.0,0.0,0.0,0.0,0.0,0.0,0.0,0.0
2332,Zircon,1.0,4908,79.05099420981483,3286.562143439283,2528.0808883455584,3240,2486,3326,2571,84.40997607907723,77.18046185696592,0.8952936884348778,0.0,1.0,0.0,0.0,0.0,0.0,0.0,0.0,0.0,0.0,0.0,0.0,0.0,0.0,0.0,0.0,0.0
2333,Zircon,1.0,1256,39.989859566987285,3295.233280254777,4193.771496815287,3268,4181,3326,4209,60.71868865175309,27.166266800353746,0.8939501779359431,0.0,1.0,0.0,0.0,0.0,0.0,0.0,0.0,0.0,0.0,0.0,0.0,0.0,0.0,0.0,0.0,0.0
2334,Quartz,1.0,175,14.927053303604616,3291.4857142857145,3265.8114285714287,3277,3261,3306,3273,29.190504732720406,9.82035457920297,0.708502024291498,0.0,0.0,0.0,0.0,0.0,0.0,1.0,0.0,0.0,0.0,0.0,0.0,0.0,0.0,0.0,0.0,0.0
2335,Zircon,1.0,3292,64.74183022797668,3296.102369380316,2709.2126366950183,3264,2672,3328,2759,85.59649277204889,54.28581367606491,0.9011771147002464,0.0,1.0,0.0,0.0,0.0,0.0,0.0,0.0,0.0,0.0,0.0,0.0,0.0,0.0,0.0,0.0,0.0
2336,Rutile,0.9771771771771772,1665,46.04284789176323,3286.651051051051,133.33213213213213,3257,111,3313,167,53.90788428553998,47.06208017623923,0.740329035126723,0.0,0.0,0.9771771771771772,0.0,0.0,0.0,0.022822822822822823,0.0,0.0,0.0,0.0,0.0,0.0,0.0,0.0,0.0,0.0
2337,Quartz,1.0,121,12.412170838050638,3302.8347107438017,164.44628099173553,3294,158,3313,171,20.457611389114927,8.571210290752077,0.75625,0.0,0.0,0.0,0.0,0.0,0.0,1.0,0.0,0.0,0.0,0.0,0.0,0.0,0.0,0.0,0.0,0.0
2338,Zircon,1.0,294,19.347672370394786,3305.112244897959,3402.4319727891157,3291,3393,3319,3415,30.715011257785473,12.922040249285756,0.8647058823529412,0.0,1.0,0.0,0.0,0.0,0.0,0.0,0.0,0.0,0.0,0.0,0.0,0.0,0.0,0.0,0.0,0.0
2339,Zircon,1.0,2275,53.820256077730576,3311.4307692307693,433.1978021978022,3285,398,3339,474,77.09123872764171,39.333177764281835,0.8643617021276596,0.0,1.0,0.0,0.0,0.0,0.0,0.0,0.0,0.0,0.0,0.0,0.0,0.0,0.0,0.0,0.0,0.0
2340,Zircon,1.0,6082,87.99910744478753,3310.6678724103913,1759.5011509371918,3263,1710,3353,1807,109.20237555108359,74.55107508543298,0.9275583346042398,0.0,1.0,0.0,0.0,0.0,0.0,0.0,0.0,0.0,0.0,0.0,0.0,0.0,0.0,0.0,0.0,0.0
2341,Zircon,1.0,2187,52.76907128551535,3317.6890717878373,3651.7727480566987,3289,3626,3350,3683,68.17278434086762,42.78187201769196,0.9274809160305344,0.0,1.0,0.0,0.0,0.0,0.0,0.0,0.0,0.0,0.0,0.0,0.0,0.0,0.0,0.0,0.0,0.0
2342,Zircon,1.0,216,16.583719174624104,3320.009259259259,1682.6342592592594,3315,1672,3328,1698,26.585701421775923,11.502960784003697,0.8674698795180723,0.0,1.0,0.0,0.0,0.0,0.0,0.0,0.0,0.0,0.0,0.0,0.0,0.0,0.0,0.0,0.0,0.0
2343,Zircon,1.0,4425,75.0605421340207,3321.5369491525425,1500.7624858757063,3287,1462,3360,1543,81.07213986025397,70.41570160075369,0.956549935149157,0.0,1.0,0.0,0.0,0.0,0.0,0.0,0.0,0.0,0.0,0.0,0.0,0.0,0.0,0.0,0.0,0.0
2344,Rutile,0.8849420849420849,1295,40.605975058260036,3329.5243243243244,1880.0563706563707,3306,1853,3350,1916,69.9832284072446,30.884843093450865,0.6928838951310862,0.0,0.0,0.8849420849420849,0.0,0.0,0.0,0.11505791505791506,0.0,0.0,0.0,0.0,0.0,0.0,0.0,0.0,0.0,0.0
2345,Rutile,1.0,116,12.153015559492998,3315.362068965517,1894.9310344827586,3309,1886,3323,1903,18.170074332525985,9.41489846669172,0.7204968944099379,0.0,0.0,1.0,0.0,0.0,0.0,0.0,0.0,0.0,0.0,0.0,0.0,0.0,0.0,0.0,0.0,0.0
2346,Quartz,1.0,926,34.3368580162012,3304.9546436285095,1878.2105831533477,3288,1855,3329,1906,51.29415845729462,30.666507582278214,0.6874536005939124,0.0,0.0,0.0,0.0,0.0,0.0,1.0,0.0,0.0,0.0,0.0,0.0,0.0,0.0,0.0,0.0,0.0
2347,Quartz,1.0,120,12.360774464742066,3340.6666666666665,1881.1666666666667,3334,1874,3347,1891,17.893834115867783,11.099030516742626,0.6976744186046512,0.0,0.0,0.0,0.0,0.0,0.0,1.0,0.0,0.0,0.0,0.0,0.0,0.0,0.0,0.0,0.0,0.0
2348,Zircon,0.9890985324947589,4770,77.93171773024592,3329.9333333333334,4464.721174004193,3290,4424,3369,4508,90.09881297678903,67.75984226378988,0.9665653495440729,0.0,0.9890985324947589,0.0,0.0,0.0,0.0,0.0,0.0,0.0,0.0,0.0,0.0,0.0,0.0,0.0,0.0,0.01090146750524109
2349,Zircon,1.0,1827,48.23078527487545,3329.9655172413795,3247.2118226600987,3305,3219,3355,3275,54.53703770206577,44.78302969069104,0.8821825205214872,0.0,1.0,0.0,0.0,0.0,0.0,0.0,0.0,0.0,0.0,0.0,0.0,0.0,0.0,0.0,0.0,0.0
2350,Zircon,1.0,2160,52.44232466841979,3332.0314814814815,3327.846759259259,3302,3301,3363,3353,60.35756588185088,47.361048934557424,0.9211087420042644,0.0,1.0,0.0,0.0,0.0,0.0,0.0,0.0,0.0,0.0,0.0,0.0,0.0,0.0,0.0,0.0,0.0
2352,Zircon,1.0,2044,51.01471973302091,3347.5401174168296,4588.3909001956945,3314,4565,3398,4604,75.97238280495915,38.718872795433484,0.9354691075514874,0.0,1.0,0.0,0.0,0.0,0.0,0.0,0.0,0.0,0.0,0.0,0.0,0.0,0.0,0.0,0.0,0.0
2353,Zircon,0.9888279932546374,4744,77.71903499287426,3343.524451939292,2599.7407251264754,3297,2560,3391,2639,86.62636450488094,71.28198739089956,0.8930722891566265,0.011172006745362563,0.9888279932546374,0.0,0.0,0.0,0.0,0.0,0.0,0.0,0.0,0.0,0.0,0.0,0.0,0.0,0.0,0.0
2354,Quartz,1.0,220,16.73656774376801,3339.577272727273,3796.072727272727,3330,3787,3352,3806,20.480750875072285,16.406056147166197,0.7801418439716312,0.0,0.0,0.0,0.0,0.0,0.0,1.0,0.0,0.0,0.0,0.0,0.0,0.0,0.0,0.0,0.0,0.0
2355,Zircon,1.0,537,26.148224328293928,3345.9944134078214,3701.705772811918,3331,3689,3364,3721,32.360936063113044,24.128045964351337,0.7468706536856745,0.0,1.0,0.0,0.0,0.0,0.0,0.0,0.0,0.0,0.0,0.0,0.0,0.0,0.0,0.0,0.0,0.0
2356,Zircon,1.0,1484,43.46823534935576,3349.795822102426,1095.3827493261456,3325,1072,3374,1118,51.74971942610071,38.49123945579223,0.9440203562340967,0.0,1.0,0.0,0.0,0.0,0.0,0.0,0.0,0.0,0.0,0.0,0.0,0.0,0.0,0.0,0.0,0.0
2357,Quartz,1.0,2595,57.480923953845306,3345.3537572254336,3049.7071290944123,3313,3015,3370,3085,67.26642760432598,52.806209968603746,0.8871794871794871,0.0,0.0,0.0,0.0,0.0,0.0,1.0,0.0,0.0,0.0,0.0,0.0,0.0,0.0,0.0,0.0,0.0
2358,Zircon,1.0,3441,66.19076426083699,3335.8514966579482,3840.7355419936066,3293,3806,3370,3885,88.68127185211135,53.90112552987325,0.9043363994743758,0.0,1.0,0.0,0.0,0.0,0.0,0.0,0.0,0.0,0.0,0.0,0.0,0.0,0.0,0.0,0.0,0.0
2359,Zircon,1.0,6273,89.3701944952772,3344.625856846804,3537.3304638928744,3299,3488,3393,3582,96.7231967581653,89.25903133840389,0.8877724313614492,0.0,1.0,0.0,0.0,0.0,0.0,0.0,0.0,0.0,0.0,0.0,0.0,0.0,0.0,0.0,0.0,0.0
2360,Quartz,1.0,305,19.706294962377495,3339.590163934426,3571.6,3331,3556,3351,3584,26.12109973548336,17.05136052401458,0.8333333333333334,0.0,0.0,0.0,0.0,0.0,0.0,1.0,0.0,0.0,0.0,0.0,0.0,0.0,0.0,0.0,0.0,0.0
2361,Zircon,1.0,4640,76.86241921492685,3345.6515086206896,533.0924568965518,3322,472,3376,585,121.57268820862267,50.824663274914606,0.926702616337128,0.0,1.0,0.0,0.0,0.0,0.0,0.0,0.0,0.0,0.0,0.0,0.0,0.0,0.0,0.0,0.0,0.0
2362,Zircon,1.0,1716,46.74268989655537,3353.3240093240092,4053.483682983683,3330,4027,3383,4080,50.189003916457374,45.6797911175628,0.9186295503211992,0.0,1.0,0.0,0.0,0.0,0.0,0.0,0.0,0.0,0.0,0.0,0.0,0.0,0.0,0.0,0.0,0.0
2363,Zircon,1.0,4139,72.59434189837965,3347.422565837159,27.52379801884513,3295,0,3399,62,105.08882023529468,52.763239422745414,0.9013501742160279,0.0,1.0,0.0,0.0,0.0,0.0,0.0,0.0,0.0,0.0,0.0,0.0,0.0,0.0,0.0,0.0,0.0
2364,Zircon,1.0,204,16.11647812414279,3363.475490196078,1438.5098039215686,3353,1432,3372,1447,19.61061819691899,14.248520888641826,0.918918918918919,0.0,1.0,0.0,0.0,0.0,0.0,0.0,0.0,0.0,0.0,0.0,0.0,0.0,0.0,0.0,0.0,0.0
2365,Zircon,1.0,3722,68.84037758106993,3369.3189145620636,3376.239924771628,3326,3340,3409,3409,84.47059281495108,58.51585312575679,0.9201483312731767,0.0,1.0,0.0,0.0,0.0,0.0,0.0,0.0,0.0,0.0,0.0,0.0,0.0,0.0,0.0,0.0,0.0
2366,Zircon,1.0,319,20.153496341094687,3384.1943573667713,1434.8025078369906,3370,1427,3404,1446,36.06980099909715,13.658093449490933,0.7705314009661836,0.0,1.0,0.0,0.0,0.0,0.0,0.0,0.0,0.0,0.0,0.0,0.0,0.0,0.0,0.0,0.0,0.0
2368,Rutile,1.0,349,21.079862454783044,3391.4240687679085,3447.2378223495703,3375,3426,3411,3459,38.4692130045089,20.288586654979184,0.49573863636363635,0.0,0.0,1.0,0.0,0.0,0.0,0.0,0.0,0.0,0.0,0.0,0.0,0.0,0.0,0.0,0.0,0.0
2369,Quartz,0.877742946708464,957,34.906879612929465,3393.6332288401254,3426.355276907001,3375,3409,3414,3443,40.98969132923478,31.418757379622285,0.8606115107913669,0.0,0.0,0.07628004179728318,0.0,0.0,0.0,0.877742946708464,0.0,0.04597701149425287,0.0,0.0,0.0,0.0,0.0,0.0,0.0,0.0
2370,Quartz,1.0,203,16.07692842495848,3377.088669950739,4310.857142857143,3367,4302,3388,4322,23.50843890748501,11.95576767193017,0.8353909465020576,0.0,0.0,0.0,0.0,0.0,0.0,1.0,0.0,0.0,0.0,0.0,0.0,0.0,0.0,0.0,0.0,0.0
2371,Zircon,1.0,9768,111.52131577852312,3371.544226044226,1634.7446764946765,3298,1587,3436,1692,142.3275106489532,90.96442214749175,0.9105994220192039,0.0,1.0,0.0,0.0,0.0,0.0,0.0,0.0,0.0,0.0,0.0,0.0,0.0,0.0,0.0,0.0,0.0
2372,Quartz,1.0,1253,39.94207242436425,3387.5179569034317,3153.418196328811,3363,3133,3408,3178,42.74701953752636,38.51425514513566,0.9220014716703459,0.0,0.0,0.0,0.0,0.0,0.0,1.0,0.0,0.0,0.0,0.0,0.0,0.0,0.0,0.0,0.0,0.0
2373,Zircon,1.0,2482,56.21548318775419,3396.4605157131346,4094.818291700242,3364,4063,3432,4134,71.10247752897091,49.22854177855694,0.860311958405546,0.0,1.0,0.0,0.0,0.0,0.0,0.0,0.0,0.0,0.0,0.0,0.0,0.0,0.0,0.0,0.0,0.0
2374,Zircon,1.0,3347,65.2804163300801,3406.401254855094,4189.59306841948,3371,4148,3447,4225,93.66929172967647,48.16772272163417,0.8787083223943292,0.0,1.0,0.0,0.0,0.0,0.0,0.0,0.0,0.0,0.0,0.0,0.0,0.0,0.0,0.0,0.0,0.0
2375,Zircon,1.0,1583,44.89474578740548,3393.669614655717,1818.909665192672,3368,1796,3423,1844,57.81034096985824,37.65610939962712,0.8240499739718896,0.0,1.0,0.0,0.0,0.0,0.0,0.0,0.0,0.0,0.0,0.0,0.0,0.0,0.0,0.0,0.0,0.0
2376,Zircon,0.9478114478114478,5346,82.50296119627573,3392.7609427609427,3649.510101010101,3349,3606,3438,3693,99.18506351700258,72.55092606767248,0.9105774144098109,0.0,0.9478114478114478,0.0,0.0,0.0,0.0,0.0,0.0,0.0,0.0,0.0,0.0,0.0,0.0,0.0,0.0,0.05218855218855219
2377,Zircon,1.0,5461,83.38561718785034,3409.425563083684,1503.0142830983336,3363,1465,3458,1543,93.30376469043034,75.70163457654691,0.9619517350713405,0.0,1.0,0.0,0.0,0.0,0.0,0.0,0.0,0.0,0.0,0.0,0.0,0.0,0.0,0.0,0.0,0.0
2378,Zircon,1.0,2984,61.63884166245928,3407.603887399464,2554.5774128686326,3381,2515,3439,2593,72.3256582331141,54.90602530150563,0.9164619164619164,0.0,1.0,0.0,0.0,0.0,0.0,0.0,0.0,0.0,0.0,0.0,0.0,0.0,0.0,0.0,0.0,0.0
2379,Zircon,1.0,7070,94.87783503683882,3416.0817538896745,3269.456152758133,3365,3221,3468,3316,104.54076221123555,87.66034469317653,0.9381634819532909,0.0,1.0,0.0,0.0,0.0,0.0,0.0,0.0,0.0,0.0,0.0,0.0,0.0,0.0,0.0,0.0,0.0
2380,Zircon,1.0,2121,51.96673045693062,3406.8802451673737,1916.010372465818,3385,1884,3431,1949,66.61955216211018,40.78412408213124,0.9601629696695337,0.0,1.0,0.0,0.0,0.0,0.0,0.0,0.0,0.0,0.0,0.0,0.0,0.0,0.0,0.0,0.0,0.0
2381,Zircon,1.0,157,14.138550439257221,3411.3821656050955,3916.292993630573,3403,3908,3422,3923,18.321941231392895,11.622949355633297,0.8219895287958116,0.0,1.0,0.0,0.0,0.0,0.0,0.0,0.0,0.0,0.0,0.0,0.0,0.0,0.0,0.0,0.0,0.0
2382,Zircon,1.0,4594,76.48047115776248,3421.0735742272527,485.40030474532,3383,445,3452,532,89.1301942813437,67.87527237265897,0.9550935550935551,0.0,1.0,0.0,0.0,0.0,0.0,0.0,0.0,0.0,0.0,0.0,0.0,0.0,0.0,0.0,0.0,0.0
2383,Zircon,1.0,11930,123.24669475767085,3440.6002514668903,3863.347024308466,3367,3805,3524,3912,160.68567951707425,98.96479583015865,0.8930977691271148,0.0,1.0,0.0,0.0,0.0,0.0,0.0,0.0,0.0,0.0,0.0,0.0,0.0,0.0,0.0,0.0,0.0
2384,Rutile,1.0,1388,42.038749839789546,3419.3321325648417,4409.219020172911,3391,4387,3450,4432,51.04524083323715,37.79606488643753,0.8150322959483265,0.0,0.0,1.0,0.0,0.0,0.0,0.0,0.0,0.0,0.0,0.0,0.0,0.0,0.0,0.0,0.0,0.0
2385,Zircon,1.0,2820,59.92107739479622,3421.877304964539,2624.5790780141842,3396,2590,3448,2666,73.26648851179752,50.10868929323311,0.9482178883658372,0.0,1.0,0.0,0.0,0.0,0.0,0.0,0.0,0.0,0.0,0.0,0.0,0.0,0.0,0.0,0.0,0.0
2386,Zircon,1.0,2407,55.35962052053407,3424.6094723722476,3487.8300789364353,3400,3449,3453,3531,88.32869021222339,36.79900133317661,0.8593359514459121,0.0,1.0,0.0,0.0,0.0,0.0,0.0,0.0,0.0,0.0,0.0,0.0,0.0,0.0,0.0,0.0,0.0
2387,Zircon,1.0,4376,74.64379577540971,3425.6058043875687,1272.5299360146253,3380,1238,3465,1307,87.03121674234494,66.04368812977201,0.9261375661375661,0.0,1.0,0.0,0.0,0.0,0.0,0.0,0.0,0.0,0.0,0.0,0.0,0.0,0.0,0.0,0.0,0.0
2388,Zircon,0.9502479687664873,18954,155.347939577293,3378.07475994513,2338.7006436636066,3307,2236,3460,2442,181.3710172723906,148.48655057451327,0.8281919077165079,0.0,0.9502479687664873,0.0,0.0,0.0,0.0,0.0,0.0,0.0,0.0,0.0,0.0,0.0,0.0,0.0,0.0,0.04975203123351272
2389,Quartz,1.0,2454,55.897494065298574,3467.900162999185,2318.5301548492257,3409,2267,3506,2415,174.87070143295333,39.65727485975045,0.4254507628294036,0.0,0.0,0.0,0.0,0.0,0.0,1.0,0.0,0.0,0.0,0.0,0.0,0.0,0.0,0.0,0.0,0.0
2390,Orthoclase,0.9059449866903283,1127,37.88061465864207,3432.3229813664598,552.9937888198758,3411,532,3452,572,47.93677781263065,31.282238258011624,0.893735130848533,0.0,0.0,0.0,0.03637976929902396,0.0,0.0,0.05767524401064774,0.0,0.9059449866903283,0.0,0.0,0.0,0.0,0.0,0.0,0.0,0.0
2391,Zircon,1.0,1768,47.445626933277715,3435.218325791855,632.1951357466063,3411,599,3452,663,60.271012177353626,40.58438134148184,0.9404255319148936,0.0,1.0,0.0,0.0,0.0,0.0,0.0,0.0,0.0,0.0,0.0,0.0,0.0,0.0,0.0,0.0,0.0
2392,Zircon,1.0,922,34.262616074167774,3434.529284164859,4568.575921908894,3417,4547,3451,4590,45.55679002286379,26.327736804054513,0.9266331658291457,0.0,1.0,0.0,0.0,0.0,0.0,0.0,0.0,0.0,0.0,0.0,0.0,0.0,0.0,0.0,0.0,0.0
2393,Zircon,1.0,5747,85.54126292961182,3447.4430137463023,3145.3704541499915,3408,3096,3493,3204,104.05832824946732,74.88245239969443,0.8890779702970297,0.0,1.0,0.0,0.0,0.0,0.0,0.0,0.0,0.0,0.0,0.0,0.0,0.0,0.0,0.0,0.0,0.0
2394,Zircon,1.0,613,27.93735565372383,3448.778140293638,4595.513866231648,3429,4584,3474,4604,41.907219770886506,20.64662323311413,0.9474497681607419,0.0,1.0,0.0,0.0,0.0,0.0,0.0,0.0,0.0,0.0,0.0,0.0,0.0,0.0,0.0,0.0,0.0
2395,Zircon,1.0,1962,49.98095624105635,3452.8134556574923,1731.3766564729867,3420,1707,3479,1753,64.99406667603239,41.042116149505965,0.9008264462809917,0.0,1.0,0.0,0.0,0.0,0.0,0.0,0.0,0.0,0.0,0.0,0.0,0.0,0.0,0.0,0.0,0.0
2396,Quartz,1.0,2506,56.48662053182433,3456.520750199521,2224.160015961692,3433,2182,3492,2275,94.90908804435414,52.522743068880295,0.635234474017744,0.0,0.0,0.0,0.0,0.0,0.0,1.0,0.0,0.0,0.0,0.0,0.0,0.0,0.0,0.0,0.0,0.0
2398,Zircon,0.9297035241469327,5363,82.63403462505433,3454.490024240164,4124.0990117471565,3417,4061,3490,4177,112.41726600477554,64.7971315190501,0.8895339193896169,0.0,0.9297035241469327,0.0,0.0,0.0,0.0,0.0,0.0,0.0,0.0,0.0,0.0,0.0,0.0,0.0,0.0,0.07029647585306731
2399,Zircon,1.0,11160,119.20299207337212,3462.6341397849465,2729.20958781362,3405,2662,3519,2804,138.93548659124892,103.54538794170526,0.9492217402398571,0.0,1.0,0.0,0.0,0.0,0.0,0.0,0.0,0.0,0.0,0.0,0.0,0.0,0.0,0.0,0.0,0.0
2402,Zircon,1.0,2599,57.52520818533982,3465.339361292805,3379.3139669103502,3435,3343,3490,3416,67.92246520127816,52.82387382370186,0.9219581411848173,0.0,1.0,0.0,0.0,0.0,0.0,0.0,0.0,0.0,0.0,0.0,0.0,0.0,0.0,0.0,0.0,0.0
2403,Zircon,0.9858356940509915,3883,70.31350618627006,3462.3937677053823,4474.152974504249,3430,4428,3493,4522,92.84444593144134,57.857344743757864,0.8598317094774136,0.0,0.9858356940509915,0.0,0.0,0.0,0.0,0.0,0.0,0.0,0.0,0.0,0.0,0.0,0.0,0.0,0.0,0.014164305949008499
2404,Rutile,1.0,8559,104.39184481264931,3469.0214978385325,3514.6531136815047,3418,3438,3513,3586,162.1527291427784,68.8362826266444,0.9486810019951231,0.0,0.0,1.0,0.0,0.0,0.0,0.0,0.0,0.0,0.0,0.0,0.0,0.0,0.0,0.0,0.0,0.0
2405,Zircon,1.0,663,29.054394128245264,3467.4283559577675,1436.2428355957768,3455,1420,3479,1453,34.44270500234623,26.14956268721313,0.9208333333333333,0.0,1.0,0.0,0.0,0.0,0.0,0.0,0.0,0.0,0.0,0.0,0.0,0.0,0.0,0.0,0.0,0.0
2406,Zircon,1.0,3287,64.6926455135704,3468.6236689990874,4385.907514450867,3437,4344,3501,4433,91.75227628735772,46.601879054225705,0.9171316964285714,0.0,1.0,0.0,0.0,0.0,0.0,0.0,0.0,0.0,0.0,0.0,0.0,0.0,0.0,0.0,0.0,0.0
2407,Zircon,1.0,350,21.11004122822376,3469.497142857143,1950.1171428571429,3455,1941,3483,1960,26.797590832847604,17.531058359036262,0.8641975308641975,0.0,1.0,0.0,0.0,0.0,0.0,0.0,0.0,0.0,0.0,0.0,0.0,0.0,0.0,0.0,0.0,0.0
2408,Zircon,1.0,677,29.35954992478095,3478.0487444608566,4055.388478581979,3458,4035,3500,4079,57.653989703169145,15.111372512511425,0.9161028416779432,0.0,1.0,0.0,0.0,0.0,0.0,0.0,0.0,0.0,0.0,0.0,0.0,0.0,0.0,0.0,0.0,0.0
2409,Zircon,1.0,1403,42.26529405154344,3474.1290092658587,3603.000712758375,3453,3575,3502,3628,55.32266428379795,35.8548643390496,0.8026315789473685,0.0,1.0,0.0,0.0,0.0,0.0,0.0,0.0,0.0,0.0,0.0,0.0,0.0,0.0,0.0,0.0,0.0
2410,Quartz,1.0,906,33.96402549065787,3483.8940397350993,4259.4448123620305,3467,4244,3511,4284,42.74452265816101,33.51500823693645,0.7671464860287892,0.0,0.0,0.0,0.0,0.0,0.0,1.0,0.0,0.0,0.0,0.0,0.0,0.0,0.0,0.0,0.0,0.0
2411,Quartz,1.0,196,15.797308339337176,3490.076530612245,4287.780612244898,3473,4282,3507,4296,34.404481389206346,9.516821654780134,0.6599326599326599,0.0,0.0,0.0,0.0,0.0,0.0,1.0,0.0,0.0,0.0,0.0,0.0,0.0,0.0,0.0,0.0,0.0
2412,Zircon,1.0,678,29.381225490616288,3494.741887905605,3761.66814159292,3475,3749,3516,3778,47.49729230492001,19.71266657531525,0.8178528347406514,0.0,1.0,0.0,0.0,0.0,0.0,0.0,0.0,0.0,0.0,0.0,0.0,0.0,0.0,0.0,0.0,0.0
2413,Zircon,1.0,1246,39.830346128799995,3489.15569823435,3080.112359550562,3463,3061,3516,3101,52.80186923808017,31.84949600425371,0.8836879432624114,0.0,1.0,0.0,0.0,0.0,0.0,0.0,0.0,0.0,0.0,0.0,0.0,0.0,0.0,0.0,0.0,0.0
2414,Illite,1.0,2098,51.68420034066863,3496.8541468064823,2827.306005719733,3469,2799,3519,2860,60.27985384017269,47.85321882385865,0.9101952277657267,0.0,0.0,0.0,0.0,0.0,0.0,0.0,0.0,0.0,0.0,0.0,0.0,1.0,0.0,0.0,0.0,0.0
2415,Rutile,0.972027972027972,2002,50.487875460944046,3505.8666333666333,4547.631368631369,3475,4524,3535,4578,63.598891648567566,49.23189121101639,0.7069209039548022,0.0,0.0,0.972027972027972,0.0,0.0,0.0,0.0,0.0,0.0,0.0,0.0,0.0,0.0,0.0,0.0,0.0,0.027972027972027972
2416,Rutile,1.0,206,16.195287778099022,3505.0388349514565,4514.266990291262,3496,4504,3518,4524,24.489473486123117,14.052400111937546,0.7383512544802867,0.0,0.0,1.0,0.0,0.0,0.0,0.0,0.0,0.0,0.0,0.0,0.0,0.0,0.0,0.0,0.0,0.0
2417,Zircon,1.0,110,11.834540545406394,3503.181818181818,2496.609090909091,3500,2484,3506,2509,27.246921706027283,5.37456218706641,0.88,0.0,1.0,0.0,0.0,0.0,0.0,0.0,0.0,0.0,0.0,0.0,0.0,0.0,0.0,0.0,0.0,0.0
2419,Zircon,1.0,397,22.48279562821002,3506.6952141057936,3710.6045340050377,3499,3692,3518,3734,37.79889834232302,15.336371851299013,0.7649325626204239,0.0,1.0,0.0,0.0,0.0,0.0,0.0,0.0,0.0,0.0,0.0,0.0,0.0,0.0,0.0,0.0,0.0
2420,Quartz,1.0,763,31.1686023528956,3508.359108781127,2983.5635648754915,3495,2959,3519,3008,46.48800255010401,22.319578296573045,0.8987043580683156,0.0,0.0,0.0,0.0,0.0,0.0,1.0,0.0,0.0,0.0,0.0,0.0,0.0,0.0,0.0,0.0,0.0
2421,Zircon,1.0,1733,46.97365358396169,3510.206578188113,3332.252163877669,3485,3305,3533,3373,61.20971396714836,44.99007640684586,0.759754493643139,0.0,1.0,0.0,0.0,0.0,0.0,0.0,0.0,0.0,0.0,0.0,0.0,0.0,0.0,0.0,0.0,0.0
2422,Quartz,1.0,126,12.666024736934256,3516.15873015873,3344.7936507936506,3509,3338,3524,3352,15.595653617353317,10.726428272290395,0.8571428571428571,0.0,0.0,0.0,0.0,0.0,0.0,1.0,0.0,0.0,0.0,0.0,0.0,0.0,0.0,0.0,0.0,0.0
2424,Zircon,1.0,100,11.283791670955125,3518.98,4243.53,3514,4236,3524,4251,17.26085872539986,8.340381050155173,0.8264462809917356,0.0,1.0,0.0,0.0,0.0,0.0,0.0,0.0,0.0,0.0,0.0,0.0,0.0,0.0,0.0,0.0,0.0
2425,Zircon,1.0,838,32.66457926390705,3523.3639618138427,3431.2016706443915,3510,3404,3533,3458,50.38183228556157,23.571321376870472,0.9352678571428571,0.0,1.0,0.0,0.0,0.0,0.0,0.0,0.0,0.0,0.0,0.0,0.0,0.0,0.0,0.0,0.0,0.0
2426,Zircon,1.0,2843,60.16494017018606,3526.5251494899753,4073.0291945128383,3500,4036,3562,4111,75.3661083889949,54.11581187793472,0.7696264212236058,0.0,1.0,0.0,0.0,0.0,0.0,0.0,0.0,0.0,0.0,0.0,0.0,0.0,0.0,0.0,0.0,0.0
2427,Zircon,1.0,607,27.80029502818709,3525.8401976935747,3747.121911037891,3515,3721,3538,3777,60.8745237718843,14.179079652178016,0.8236092265943012,0.0,1.0,0.0,0.0,0.0,0.0,0.0,0.0,0.0,0.0,0.0,0.0,0.0,0.0,0.0,0.0,0.0
2429,Zircon,1.0,3130,63.12875553201615,3533.8613418530354,4440.215974440895,3497,4403,3562,4476,70.19284936537782,59.959534221536046,0.8945412975135754,0.0,1.0,0.0,0.0,0.0,0.0,0.0,0.0,0.0,0.0,0.0,0.0,0.0,0.0,0.0,0.0,0.0
2430,Zircon,1.0,548,26.414679072721462,3539.228102189781,3902.8649635036495,3528,3885,3548,3924,40.712252950207024,18.28369004818608,0.85625,0.0,1.0,0.0,0.0,0.0,0.0,0.0,0.0,0.0,0.0,0.0,0.0,0.0,0.0,0.0,0.0,0.0
2431,Rutile,1.0,1302,40.715573031030544,3538.8317972350233,4358.206605222735,3516,4336,3562,4392,56.79086016609653,37.22226023182968,0.6936600958977092,0.0,0.0,1.0,0.0,0.0,0.0,0.0,0.0,0.0,0.0,0.0,0.0,0.0,0.0,0.0,0.0,0.0
2432,Quartz,1.0,254,17.983404693292407,3545.464566929134,4339.649606299213,3525,4336,3562,4348,34.48272515461406,10.91324416595778,0.8668941979522184,0.0,0.0,0.0,0.0,0.0,0.0,1.0,0.0,0.0,0.0,0.0,0.0,0.0,0.0,0.0,0.0,0.0
2434,Zircon,1.0,1837,48.36259963730748,3548.3946652150244,4254.488296135003,3529,4214,3562,4291,76.89613083215687,32.397078927272844,0.9537902388369678,0.0,1.0,0.0,0.0,0.0,0.0,0.0,0.0,0.0,0.0,0.0,0.0,0.0,0.0,0.0,0.0,0.0
2435,Zircon,1.0,187,15.430353037616328,3558.7326203208554,4519.245989304813,3555,4501,3562,4539,37.12392413188116,6.9575927811885006,0.9166666666666666,0.0,1.0,0.0,0.0,0.0,0.0,0.0,0.0,0.0,0.0,0.0,0.0,0.0,0.0,0.0,0.0,0.0
2438,Unknown,1.0,113,11.994835078277376,3590.141592920354,831.0353982300885,3586,823,3595,840,19.559244429282607,8.207351500005146,0.7902097902097902,0.0,0.0,0.0,0.0,0.0,0.0,0.0,0.0,0.0,0.0,0.0,0.0,0.0,0.0,0.0,0.0,1.0
2440,Unknown,1.0,113,11.994835078277376,3590.141592920354,1658.0353982300885,3586,1650,3595,1667,19.559244429282607,8.207351500005146,0.7902097902097902,0.0,0.0,0.0,0.0,0.0,0.0,0.0,0.0,0.0,0.0,0.0,0.0,0.0,0.0,0.0,0.0,1.0
2445,Unknown,1.0,113,11.994835078277376,3590.141592920354,3314.0353982300885,3586,3306,3595,3323,19.559244429282607,8.207351500005146,0.7902097902097902,0.0,0.0,0.0,0.0,0.0,0.0,0.0,0.0,0.0,0.0,0.0,0.0,0.0,0.0,0.0,0.0,1.0
2447,Unknown,1.0,113,11.994835078277376,3590.141592920354,4141.0353982300885,3586,4133,3595,4150,19.559244429282607,8.207351500005146,0.7902097902097902,0.0,0.0,0.0,0.0,0.0,0.0,0.0,0.0,0.0,0.0,0.0,0.0,0.0,0.0,0.0,0.0,1.0
2452,Unknown,1.0,145,13.58748446131949,3607.4827586206898,48.04827586206896,3603,38,3612,60,24.079296393932026,8.752965526386426,0.8146067415730337,0.0,0.0,0.0,0.0,0.0,0.0,0.0,0.0,0.0,0.0,0.0,0.0,0.0,0.0,0.0,0.0,1.0
2454,Unknown,1.0,145,13.58748446131949,3607.4827586206898,175.04827586206898,3603,165,3612,187,24.079296393932026,8.752965526386426,0.8146067415730337,0.0,0.0,0.0,0.0,0.0,0.0,0.0,0.0,0.0,0.0,0.0,0.0,0.0,0.0,0.0,0.0,1.0
2455,Rutile,1.0,185,15.347615963921077,149.27567567567567,1271.2,141,1258,159,1281,22.694574856123026,13.885547412953827,0.6654676258992805,0.0,0.0,1.0,0.0,0.0,0.0,0.0,0.0,0.0,0.0,0.0,0.0,0.0,0.0,0.0,0.0,0.0
2456,Orthoclase,1.0,135,13.110581167104948,150.9777777777778,1262.4518518518519,143,1258,159,1269,16.10390343650038,11.209653786072915,0.8823529411764706,0.0,0.0,0.0,0.0,0.0,0.0,0.0,0.0,1.0,0.0,0.0,0.0,0.0,0.0,0.0,0.0,0.0
2457,Rutile,1.0,114,12.047792665040703,137.07894736842104,1262.1315789473683,131,1255,142,1273,19.23756410486575,8.709488244605767,0.8636363636363636,0.0,0.0,1.0,0.0,0.0,0.0,0.0,0.0,0.0,0.0,0.0,0.0,0.0,0.0,0.0,0.0,0.0
2458,Quartz,1.0,162,14.361922094451577,130.72222222222223,1263.0555555555557,126,1251,140,1275,26.35850838661124,9.55526607201594,0.7465437788018433,0.0,0.0,0.0,0.0,0.0,0.0,1.0,0.0,0.0,0.0,0.0,0.0,0.0,0.0,0.0,0.0,0.0
2459,Orthoclase,1.0,490,24.977737626138797,146.70612244897958,1249.3224489795919,126,1238,164,1261,34.73040714825979,19.85319470343539,0.8180300500834724,0.0,0.0,0.0,0.0,0.0,0.0,0.0,0.0,1.0,0.0,0.0,0.0,0.0,0.0,0.0,0.0,0.0
2460,Zircon,1.0,1105,37.50906153094682,180.71945701357467,4683.146606334842,167,4661,198,4707,48.10317723119642,29.912567905416637,0.9420289855072463,0.0,1.0,0.0,0.0,0.0,0.0,0.0,0.0,0.0,0.0,0.0,0.0,0.0,0.0,0.0,0.0,0.0
2461,Rutile,0.9550748752079867,601,27.66255531193445,212.34442595673877,3582.911813643927,201,3564,228,3603,41.89127907950309,23.478741834200033,0.7484433374844334,0.0,0.0,0.9550748752079867,0.0,0.0,0.0,0.04492512479201331,0.0,0.0,0.0,0.0,0.0,0.0,0.0,0.0,0.0,0.0
2462,Quartz,1.0,104,11.507254783503184,203.7403846153846,3589.0384615384614,197,3577,210,3602,33.31583631909932,9.057036073130591,0.45021645021645024,0.0,0.0,0.0,0.0,0.0,0.0,1.0,0.0,0.0,0.0,0.0,0.0,0.0,0.0,0.0,0.0,0.0
2463,Rutile,0.9254901960784314,510,25.482389366284572,227.93725490196078,3565.9,212,3541,244,3586,48.27606847130597,23.954658686295723,0.5408271474019088,0.0,0.0,0.9254901960784314,0.0,0.0,0.0,0.07450980392156863,0.0,0.0,0.0,0.0,0.0,0.0,0.0,0.0,0.0,0.0
2464,Rutile,1.0,108,11.726460285670077,240.59259259259258,3556.6388888888887,234,3546,246,3565,19.712328024017513,10.184254927471024,0.6428571428571429,0.0,0.0,1.0,0.0,0.0,0.0,0.0,0.0,0.0,0.0,0.0,0.0,0.0,0.0,0.0,0.0,0.0
2465,Quartz,1.0,605,27.754457742221764,231.73223140495867,3554.3504132231405,209,3531,251,3575,48.1613968916173,31.916203586060995,0.5229040622299049,0.0,0.0,0.0,0.0,0.0,0.0,1.0,0.0,0.0,0.0,0.0,0.0,0.0,0.0,0.0,0.0,0.0
2467,Quartz,0.9118541033434651,329,20.466944330257718,261.8966565349544,2279.662613981763,251,2270,276,2291,26.747649909195818,16.586320616377808,0.8308080808080808,0.0,0.0,0.0,0.0,0.0,0.0,0.9118541033434651,0.0,0.08814589665653495,0.0,0.0,0.0,0.0,0.0,0.0,0.0,0.0
2468,Rutile,0.8938826466916354,801,31.935323316554435,277.1885143570537,3055.8239700374534,260,3040,305,3074,43.922700444594696,27.70630999910628,0.7341888175985335,0.0,0.0,0.8938826466916354,0.0,0.0,0.0,0.10611735330836454,0.0,0.0,0.0,0.0,0.0,0.0,0.0,0.0,0.0,0.0
2469,Quartz,1.0,152,13.911592676604096,271.3618421052632,3072.0394736842104,259,3065,284,3077,21.574492937150662,12.527879477394691,0.7203791469194313,0.0,0.0,0.0,0.0,0.0,0.0,1.0,0.0,0.0,0.0,0.0,0.0,0.0,0.0,0.0,0.0,0.0
2470,Rutile,1.0,375,21.850968611841584,287.5946666666667,3073.408,266,3059,304,3087,46.229570068926115,18.360502139043096,0.5877742946708464,0.0,0.0,1.0,0.0,0.0,0.0,0.0,0.0,0.0,0.0,0.0,0.0,0.0,0.0,0.0,0.0,0.0
2473,Zircon,1.0,2105,51.770350990383655,561.6983372921616,2363.809976247031,539,2331,592,2395,61.90433160413123,54.32323008767536,0.8511928831378892,0.0,1.0,0.0,0.0,0.0,0.0,0.0,0.0,0.0,0.0,0.0,0.0,0.0,0.0,0.0,0.0,0.0
2474,Iron Oxides,1.0,129,12.815923738491737,543.3410852713179,2370.108527131783,539,2363,550,2379,16.087277608126843,10.882850915738906,0.8486842105263158,0.0,0.0,0.0,0.0,1.0,0.0,0.0,0.0,0.0,0.0,0.0,0.0,0.0,0.0,0.0,0.0,0.0
2475,Quartz,1.0,3535,67.08876053884734,537.4786421499293,484.4891089108911,503,452,579,528,76.30966313312935,62.35263207887501,0.8902039788466382,0.0,0.0,0.0,0.0,0.0,0.0,1.0,0.0,0.0,0.0,0.0,0.0,0.0,0.0,0.0,0.0,0.0
2476,Zircon,1.0,377,21.909160375631842,597.262599469496,3474.6472148541116,587,3463,610,3488,22.909453106596597,22.24576310211805,0.9019138755980861,0.0,1.0,0.0,0.0,0.0,0.0,0.0,0.0,0.0,0.0,0.0,0.0,0.0,0.0,0.0,0.0,0.0
2477,Zircon,1.0,158,14.183506197980657,584.9430379746835,4240.392405063291,575,4232,597,4250,26.189682441948595,9.347854269720141,0.7632850241545893,0.0,1.0,0.0,0.0,0.0,0.0,0.0,0.0,0.0,0.0,0.0,0.0,0.0,0.0,0.0,0.0,0.0
2478,Rutile,1.0,498,25.180812005932435,698.9417670682731,2600.5301204819275,679,2590,723,2614,52.40099364284474,13.705260319721486,0.8231404958677686,0.0,0.0,1.0,0.0,0.0,0.0,0.0,0.0,0.0,0.0,0.0,0.0,0.0,0.0,0.0,0.0,0.0
2479,Rutile,0.6640625,256,18.0540666735282,603.85546875,1687.828125,594,1676,613,1704,30.370604229293676,12.530243971367206,0.7901234567901234,0.0,0.0,0.6640625,0.0,0.0,0.0,0.3359375,0.0,0.0,0.0,0.0,0.0,0.0,0.0,0.0,0.0,0.0
2481,Quartz,1.0,242,17.55346033766304,617.2396694214876,1662.995867768595,606,1651,635,1674,34.86202500501762,13.699883889557803,0.6095717884130982,0.0,0.0,0.0,0.0,0.0,0.0,1.0,0.0,0.0,0.0,0.0,0.0,0.0,0.0,0.0,0.0,0.0
2482,Orthoclase,1.0,156,14.093451279891855,616.4038461538462,1676.9038461538462,612,1669,624,1687,19.027819849488385,10.968722826925514,0.9122807017543859,0.0,0.0,0.0,0.0,0.0,0.0,0.0,0.0,1.0,0.0,0.0,0.0,0.0,0.0,0.0,0.0,0.0
2483,Quartz,1.0,125,12.6156626101008,617.496,1645.72,609,1638,627,1653,20.609378286958794,9.667205936827417,0.7225433526011561,0.0,0.0,0.0,0.0,0.0,0.0,1.0,0.0,0.0,0.0,0.0,0.0,0.0,0.0,0.0,0.0,0.0
2484,Quartz,0.7870813397129187,418,23.06976657227589,812.5933014354067,2878.913875598086,798,2868,831,2889,32.586051658195025,17.91517449424146,0.7886792452830189,0.0,0.0,0.0,0.0,0.0,0.0,0.7870813397129187,0.0,0.21291866028708134,0.0,0.0,0.0,0.0,0.0,0.0,0.0,0.0
2485,Quartz,1.0,105,11.562445770562215,783.4857142857143,2892.6,775,2886,802,2900,15.825881357299114,11.217635972686619,0.5,0.0,0.0,0.0,0.0,0.0,0.0,1.0,0.0,0.0,0.0,0.0,0.0,0.0,0.0,0.0,0.0,0.0
2486,Orthoclase,1.0,488,24.926710529686012,787.7827868852459,2882.155737704918,770,2868,802,2895,31.29308461408937,23.113260995278154,0.8257191201353637,0.0,0.0,0.0,0.0,0.0,0.0,0.0,0.0,1.0,0.0,0.0,0.0,0.0,0.0,0.0,0.0,0.0
2487,Iron Oxides,0.6196581196581197,234,17.26088217525478,671.542735042735,146.05555555555554,663,136,681,155,18.71165426040985,16.763325051864573,0.8931297709923665,0.0,0.0,0.0,0.0,0.6196581196581197,0.0,0.3803418803418803,0.0,0.0,0.0,0.0,0.0,0.0,0.0,0.0,0.0,0.0
2488,Zircon,1.0,1313,40.887204871906675,726.04569687738,1748.938309215537,696,1724,755,1774,63.134043980846464,40.11069621938982,0.7131993481803368,0.0,1.0,0.0,0.0,0.0,0.0,0.0,0.0,0.0,0.0,0.0,0.0,0.0,0.0,0.0,0.0,0.0
2490,Orthoclase,0.9856459330143541,209,16.312788383647018,720.8421052631579,1746.9043062200958,713,1737,734,1757,22.38802480509758,13.573522237995892,0.7333333333333333,0.0,0.0,0.0,0.0,0.0,0.0,0.014354066985645933,0.0,0.9856459330143541,0.0,0.0,0.0,0.0,0.0,0.0,0.0,0.0
2491,Quartz,1.0,125,12.6156626101008,744.816,583.64,741,572,751,592,18.14597433411916,9.72647518197053,0.8620689655172413,0.0,0.0,0.0,0.0,0.0,0.0,1.0,0.0,0.0,0.0,0.0,0.0,0.0,0.0,0.0,0.0,0.0
2492,Rutile,1.0,117,12.205286835384658,736.3504273504274,4592.25641025641,731,4585,745,4600,15.413707038285944,11.44362102365905,0.8068965517241379,0.0,0.0,1.0,0.0,0.0,0.0,0.0,0.0,0.0,0.0,0.0,0.0,0.0,0.0,0.0,0.0,0.0
2494,Zircon,1.0,2709,58.72994063241981,871.8128460686601,1138.8866740494648,847,1091,898,1177,80.24817561482699,44.519886852350126,0.869942196531792,0.0,1.0,0.0,0.0,0.0,0.0,0.0,0.0,0.0,0.0,0.0,0.0,0.0,0.0,0.0,0.0,0.0
2495,Quartz,1.0,255,18.01877032173579,848.2274509803922,1132.4352941176471,840,1103,891,1151,47.01995062962499,22.949093283647848,0.26813880126182965,0.0,0.0,0.0,0.0,0.0,0.0,1.0,0.0,0.0,0.0,0.0,0.0,0.0,0.0,0.0,0.0,0.0
2496,Quartz,0.9488912354804646,4735,77.64527831311442,873.6661034846885,1092.6625131995777,818,1050,923,1150,119.67315766330442,93.954342752535,0.5410191956124314,0.0,0.0,0.0,0.0,0.0,0.0,0.9488912354804646,0.0,0.026610348468848997,0.0,0.0,0.0,0.0,0.0,0.0,0.0,0.024498416050686377
2497,Quartz,1.0,159,14.228319915326999,851.2578616352201,2625.6100628930817,841,2620,862,2635,20.668719620843277,11.53825079818058,0.8195876288659794,0.0,0.0,0.0,0.0,0.0,0.0,1.0,0.0,0.0,0.0,0.0,0.0,0.0,0.0,0.0,0.0,0.0
2498,Quartz,1.0,252,17.91246396432554,929.7777777777778,4608.472222222223,919,4596,943,4620,24.19579327250237,16.25537785641161,0.7682926829268293,0.0,0.0,0.0,0.0,0.0,0.0,1.0,0.0,0.0,0.0,0.0,0.0,0.0,0.0,0.0,0.0,0.0
2499,Rutile,1.0,262,18.26441241104166,978.9923664122138,1273.8625954198474,969,1260,992,1289,33.95091193432067,11.31953191718956,0.7464387464387464,0.0,0.0,1.0,0.0,0.0,0.0,0.0,0.0,0.0,0.0,0.0,0.0,0.0,0.0,0.0,0.0,0.0
2500,Quartz,1.0,259,18.159544104586082,985.1814671814672,1281.8610038610038,973,1263,992,1293,26.65079882941906,15.703923179716384,0.7595307917888563,0.0,0.0,0.0,0.0,0.0,0.0,1.0,0.0,0.0,0.0,0.0,0.0,0.0,0.0,0.0,0.0,0.0
2501,Rutile,1.0,310,19.867165345562018,1019.9774193548387,1243.3451612903225,1003,1235,1033,1250,32.45750116565433,15.229094231425705,0.7908163265306123,0.0,0.0,1.0,0.0,0.0,0.0,0.0,0.0,0.0,0.0,0.0,0.0,0.0,0.0,0.0,0.0,0.0
2502,Quartz,1.0,461,24.22732816723524,1013.5140997830803,1231.2559652928417,1003,1219,1030,1249,29.653053984862915,24.527832110622597,0.7800338409475466,0.0,0.0,0.0,0.0,0.0,0.0,1.0,0.0,0.0,0.0,0.0,0.0,0.0,0.0,0.0,0.0,0.0
2504,Quartz,1.0,260,18.19456736586892,942.6961538461538,1257.9423076923076,935,1250,954,1271,22.10296529638318,16.312974170589275,0.8441558441558441,0.0,0.0,0.0,0.0,0.0,0.0,1.0,0.0,0.0,0.0,0.0,0.0,0.0,0.0,0.0,0.0,0.0
2505,Quartz,1.0,126,12.666024736934256,962.6031746031746,1276.111111111111,955,1269,971,1285,17.13240958952392,11.059076227390046,0.711864406779661,0.0,0.0,0.0,0.0,0.0,0.0,1.0,0.0,0.0,0.0,0.0,0.0,0.0,0.0,0.0,0.0,0.0
2506,Quartz,1.0,413,22.93137440223813,949.5084745762712,2270.5665859564165,939,2258,963,2282,26.220020498838394,21.012453038011728,0.8900862068965517,0.0,0.0,0.0,0.0,0.0,0.0,1.0,0.0,0.0,0.0,0.0,0.0,0.0,0.0,0.0,0.0,0.0
2507,Quartz,1.0,132,12.964089628857149,1030.1666666666667,1954.5984848484848,1025,1947,1037,1964,18.765500319871077,10.23875591222558,0.8354430379746836,0.0,0.0,0.0,0.0,0.0,0.0,1.0,0.0,0.0,0.0,0.0,0.0,0.0,0.0,0.0,0.0,0.0
2508,Zircon,1.0,2315,54.2913395125033,1015.2298056155507,3622.2561555075595,983,3589,1042,3656,70.3227416446878,49.39635521692785,0.8303443328550932,0.0,1.0,0.0,0.0,0.0,0.0,0.0,0.0,0.0,0.0,0.0,0.0,0.0,0.0,0.0,0.0,0.0
2509,Illite,1.0,212,16.42944866646031,1000.2028301886793,3747.9292452830186,992,3738,1009,3762,23.707001062465253,13.898355581849325,0.762589928057554,0.0,0.0,0.0,0.0,0.0,0.0,0.0,0.0,0.0,0.0,0.0,0.0,1.0,0.0,0.0,0.0,0.0
2510,Tourmaline,1.0,101,11.340070282773887,993.0990099009902,3737.2772277227723,987,3729,999,3746,16.09086050777671,8.960565651393404,0.8145161290322581,0.0,0.0,0.0,0.0,0.0,0.0,0.0,0.0,0.0,0.0,0.0,0.0,0.0,0.0,0.0,1.0,0.0
2511,Tourmaline,0.7761627906976745,344,20.928315827817965,1020.0610465116279,3761.7529069767443,1011,3749,1032,3782,36.16882922875556,16.07215510510241,0.7226890756302521,0.0,0.0,0.0,0.0,0.0,0.0,0.0,0.0,0.0,0.0,0.0,0.0,0.2238372093023256,0.0,0.0,0.7761627906976745,0.0
2513,Rutile,0.6157024793388429,242,17.55346033766304,1063.0867768595042,562.8388429752066,1054,554,1073,576,22.069100605974977,18.023554631362266,0.7731629392971247,0.0,0.0,0.6157024793388429,0.0,0.0,0.0,0.384297520661157,0.0,0.0,0.0,0.0,0.0,0.0,0.0,0.0,0.0,0.0
2515,Rutile,1.0,675,29.316150714175198,1038.8118518518518,1984.5792592592593,1020,1969,1059,2004,36.792331565509,31.421973089596637,0.703125,0.0,0.0,1.0,0.0,0.0,0.0,0.0,0.0,0.0,0.0,0.0,0.0,0.0,0.0,0.0,0.0,0.0
2517,Ilmenite,1.0,310,19.867165345562018,1054.2225806451613,1420.6612903225807,1043,1408,1068,1432,30.432747057086985,13.854321527150923,0.8179419525065963,0.0,0.0,0.0,1.0,0.0,0.0,0.0,0.0,0.0,0.0,0.0,0.0,0.0,0.0,0.0,0.0,0.0
2518,Rutile,1.0,188,15.471555655790098,1050.037234042553,2003.186170212766,1040,1994,1059,2013,17.104135015167575,16.486600742510433,0.7768595041322314,0.0,0.0,1.0,0.0,0.0,0.0,0.0,0.0,0.0,0.0,0.0,0.0,0.0,0.0,0.0,0.0,0.0
2519,Rutile,1.0,286,19.08262324195121,1077.3951048951049,3696.0034965034965,1068,3685,1087,3707,22.6071154593693,16.542828179992078,0.896551724137931,0.0,0.0,1.0,0.0,0.0,0.0,0.0,0.0,0.0,0.0,0.0,0.0,0.0,0.0,0.0,0.0,0.0
2520,Quartz,1.0,660,28.988585676524604,1094.769696969697,3693.8954545454544,1082,3676,1111,3710,38.137045779888915,24.75546688043351,0.8148148148148148,0.0,0.0,0.0,0.0,0.0,0.0,1.0,0.0,0.0,0.0,0.0,0.0,0.0,0.0,0.0,0.0,0.0
2521,Quartz,1.0,128,12.766152972845846,1119.359375,2011.5234375,1112,2005,1129,2018,16.843035091055622,10.427702220957835,0.8648648648648649,0.0,0.0,0.0,0.0,0.0,0.0,1.0,0.0,0.0,0.0,0.0,0.0,0.0,0.0,0.0,0.0,0.0
2522,Quartz,1.0,352,21.17026971360491,1292.5625,3119.7897727272725,1283,3103,1305,3138,39.329218427649295,12.605454978921731,0.8186046511627907,0.0,0.0,0.0,0.0,0.0,0.0,1.0,0.0,0.0,0.0,0.0,0.0,0.0,0.0,0.0,0.0,0.0
2523,Zircon,1.0,638,28.501347854812654,1239.7774294670846,716.3354231974922,1224,699,1258,729,30.18857561140699,29.116361206224905,0.8948106591865358,0.0,1.0,0.0,0.0,0.0,0.0,0.0,0.0,0.0,0.0,0.0,0.0,0.0,0.0,0.0,0.0,0.0
2524,Rutile,0.7635869565217391,368,21.646065519224038,1236.5489130434783,690.1847826086956,1226,679,1248,705,26.345191118411684,18.82293370069378,0.8699763593380615,0.0,0.0,0.7635869565217391,0.23641304347826086,0.0,0.0,0.0,0.0,0.0,0.0,0.0,0.0,0.0,0.0,0.0,0.0,0.0
2525,Rutile,1.0,101,11.340070282773887,1247.7524752475247,697.1782178217821,1244,690,1252,707,16.677196895428406,8.517102678216219,0.9017857142857143,0.0,0.0,1.0,0.0,0.0,0.0,0.0,0.0,0.0,0.0,0.0,0.0,0.0,0.0,0.0,0.0,0.0
2526,Rutile,1.0,194,15.716503163191918,1285.798969072165,2976.1701030927834,1278,2966,1296,2992,27.770047480578974,10.905566552628903,0.7637795275590551,0.0,0.0,1.0,0.0,0.0,0.0,0.0,0.0,0.0,0.0,0.0,0.0,0.0,0.0,0.0,0.0,0.0
2527,Rutile,0.7867298578199052,211,16.39065416446578,1341.781990521327,4478.246445497631,1336,4467,1350,4489,21.83275693895448,12.646353693517396,0.9094827586206896,0.0,0.0,0.7867298578199052,0.0,0.0,0.0,0.2132701421800948,0.0,0.0,0.0,0.0,0.0,0.0,0.0,0.0,0.0,0.0
2528,Quartz,1.0,134,13.061933202803933,1432.9179104477612,128.96268656716418,1427,123,1442,137,16.749035537636242,11.054654422960542,0.864516129032258,0.0,0.0,0.0,0.0,0.0,0.0,1.0,0.0,0.0,0.0,0.0,0.0,0.0,0.0,0.0,0.0,0.0
2529,Rutile,1.0,402,22.623931952327283,1477.7985074626865,4037.6542288557216,1464,4027,1492,4052,29.888847955250895,18.63860884470778,0.8305785123966942,0.0,0.0,1.0,0.0,0.0,0.0,0.0,0.0,0.0,0.0,0.0,0.0,0.0,0.0,0.0,0.0,0.0
2530,Orthoclase,1.0,285,19.04923279949934,1513.9368421052632,3849.2526315789473,1499,3839,1530,3858,31.624872959151034,13.293579889301302,0.753968253968254,0.0,0.0,0.0,0.0,0.0,0.0,0.0,0.0,1.0,0.0,0.0,0.0,0.0,0.0,0.0,0.0,0.0
2532,Rutile,0.8067632850241546,207,16.23454913941803,1566.729468599034,2140.1642512077296,1559,2132,1576,2153,21.011015785688183,15.897840349185715,0.6786885245901639,0.0,0.0,0.8067632850241546,0.1932367149758454,0.0,0.0,0.0,0.0,0.0,0.0,0.0,0.0,0.0,0.0,0.0,0.0,0.0
2533,Quartz,1.0,139,13.303394180365686,1578.3741007194244,2017.2230215827337,1572,2011,1586,2027,14.600643063807151,12.886410044075125,0.8081395348837209,0.0,0.0,0.0,0.0,0.0,0.0,1.0,0.0,0.0,0.0,0.0,0.0,0.0,0.0,0.0,0.0,0.0
2534,Rutile,0.7544910179640718,167,14.581872443920643,1583.0778443113772,2135.9760479041915,1577,2125,1591,2147,19.71699187111211,12.740475864805658,0.755656108597285,0.0,0.0,0.7544910179640718,0.24550898203592814,0.0,0.0,0.0,0.0,0.0,0.0,0.0,0.0,0.0,0.0,0.0,0.0,0.0
2535,Rutile,1.0,104,11.507254783503184,1694.4326923076924,1096.4038461538462,1688,1090,1702,1102,13.997547505490772,10.280778349740814,0.8188976377952756,0.0,0.0,1.0,0.0,0.0,0.0,0.0,0.0,0.0,0.0,0.0,0.0,0.0,0.0,0.0,0.0,0.0
2536,Quartz,1.0,172,14.798554040663838,1620.0988372093022,1990.7093023255813,1611,1983,1630,2000,19.032895773768285,14.209676778865997,0.7678571428571429,0.0,0.0,0.0,0.0,0.0,0.0,1.0,0.0,0.0,0.0,0.0,0.0,0.0,0.0,0.0,0.0,0.0
2537,Quartz,1.0,106,11.617374563210365,1628.4150943396226,2003.2924528301887,1624,1996,1635,2010,13.44863303745962,10.998691834756489,0.8760330578512396,0.0,0.0,0.0,0.0,0.0,0.0,1.0,0.0,0.0,0.0,0.0,0.0,0.0,0.0,0.0,0.0,0.0
2538,Quartz,0.9022801302931596,307,19.77080019204319,1676.6319218241042,2322.4104234527686,1666,2314,1688,2331,24.923966501113924,16.541866772459397,0.9029411764705882,0.0,0.0,0.0,0.0,0.0,0.0,0.9022801302931596,0.0,0.09771986970684039,0.0,0.0,0.0,0.0,0.0,0.0,0.0,0.0
2540,Quartz,0.9873873873873874,555,26.582850624566497,1653.091891891892,2308.2306306306305,1629,2291,1678,2328,55.79856135253744,28.64582074080747,0.44902912621359226,0.0,0.0,0.0,0.0,0.0,0.0,0.9873873873873874,0.0,0.012612612612612612,0.0,0.0,0.0,0.0,0.0,0.0,0.0,0.0
2541,Quartz,0.7226277372262774,137,13.207339536360731,1667.051094890511,2318.810218978102,1658,2308,1677,2331,32.6349002818126,8.661222549797518,0.6116071428571429,0.0,0.0,0.0,0.0,0.0,0.0,0.7226277372262774,0.0,0.2773722627737226,0.0,0.0,0.0,0.0,0.0,0.0,0.0,0.0
2542,Orthoclase,1.0,242,17.55346033766304,1641.198347107438,2307.8925619834713,1632,2294,1651,2321,26.0800688427986,15.909069795063122,0.7223880597014926,0.0,0.0,0.0,0.0,0.0,0.0,0.0,0.0,1.0,0.0,0.0,0.0,0.0,0.0,0.0,0.0,0.0
2543,Orthoclase,1.0,260,18.19456736586892,1659.7423076923078,2311.1807692307693,1653,2292,1669,2331,38.92554454851057,11.411925375392045,0.6419753086419753,0.0,0.0,0.0,0.0,0.0,0.0,0.0,0.0,1.0,0.0,0.0,0.0,0.0,0.0,0.0,0.0,0.0
2544,Quartz,1.0,112,11.941642642883693,1656.5982142857142,4006.151785714286,1649,4000,1665,4014,18.236340720620277,8.939402549263198,0.7887323943661971,0.0,0.0,0.0,0.0,0.0,0.0,1.0,0.0,0.0,0.0,0.0,0.0,0.0,0.0,0.0,0.0,0.0
2545,Zircon,0.9668674698795181,1992,50.36162401186487,1746.561746987952,1251.8915662650602,1716,1218,1784,1284,85.97439052644404,37.00290914947149,0.7505651846269782,0.0,0.9668674698795181,0.0,0.0,0.0,0.0,0.0,0.0,0.03313253012048193,0.0,0.0,0.0,0.0,0.0,0.0,0.0,0.0
2546,Orthoclase,1.0,129,12.815923738491737,1768.1627906976744,1241.5968992248063,1763,1232,1774,1253,22.010995734208244,8.715794758158436,0.7724550898203593,0.0,0.0,0.0,0.0,0.0,0.0,0.0,0.0,1.0,0.0,0.0,0.0,0.0,0.0,0.0,0.0,0.0
2547,Zircon,1.0,1560,44.56740613707347,1746.9775641025642,2313.9301282051283,1719,2287,1771,2339,55.50529519550251,39.068108015435755,0.861878453038674,0.0,1.0,0.0,0.0,0.0,0.0,0.0,0.0,0.0,0.0,0.0,0.0,0.0,0.0,0.0,0.0,0.0
2548,Quartz,1.0,421,23.152404806704283,1787.3182897862232,3773.7007125890736,1772,3764,1803,3786,29.708010457687287,19.303919183125142,0.8556910569105691,0.0,0.0,0.0,0.0,0.0,0.0,1.0,0.0,0.0,0.0,0.0,0.0,0.0,0.0,0.0,0.0,0.0
2549,Quartz,1.0,147,13.680870333281758,1750.0816326530612,1201.5170068027212,1742,1196,1762,1210,19.99494309780949,10.984645153332695,0.786096256684492,0.0,0.0,0.0,0.0,0.0,0.0,1.0,0.0,0.0,0.0,0.0,0.0,0.0,0.0,0.0,0.0,0.0
2550,Ilmenite,1.0,147,13.680870333281758,1844.6530612244899,2116.387755102041,1836,2110,1852,2125,18.510377158565543,10.953227123915578,0.8497109826589595,0.0,0.0,0.0,1.0,0.0,0.0,0.0,0.0,0.0,0.0,0.0,0.0,0.0,0.0,0.0,0.0,0.0
2551,Rutile,1.0,1355,41.53600345623234,1966.1217712177122,3887.611070110701,1933,3870,1999,3902,63.3745622070149,28.150268353245426,0.9255464480874317,0.0,0.0,1.0,0.0,0.0,0.0,0.0,0.0,0.0,0.0,0.0,0.0,0.0,0.0,0.0,0.0,0.0
2552,Rutile,1.0,492,25.028660691489268,1963.239837398374,4251.965447154472,1950,4238,1980,4268,33.83207079765561,21.586946216658017,0.780952380952381,0.0,0.0,1.0,0.0,0.0,0.0,0.0,0.0,0.0,0.0,0.0,0.0,0.0,0.0,0.0,0.0,0.0
2553,Quartz,0.8768267223382046,479,24.695783889727878,1997.6200417536534,2031.6659707724425,1988,2014,2012,2051,39.52175432331099,18.63657843599363,0.8077571669477235,0.0,0.0,0.0,0.0,0.0,0.0,0.8768267223382046,0.0,0.12317327766179541,0.0,0.0,0.0,0.0,0.0,0.0,0.0,0.0
2554,Orthoclase,1.0,128,12.766152972845846,2004.015625,2039.5390625,1995,2030,2011,2051,22.579172840522894,10.719264598156597,0.5739910313901345,0.0,0.0,0.0,0.0,0.0,0.0,0.0,0.0,1.0,0.0,0.0,0.0,0.0,0.0,0.0,0.0,0.0
2555,Quartz,1.0,177,15.012108426804138,2014.5480225988701,2052.728813559322,2007,2043,2024,2064,19.08048466138806,14.391953052237037,0.7831858407079646,0.0,0.0,0.0,0.0,0.0,0.0,1.0,0.0,0.0,0.0,0.0,0.0,0.0,0.0,0.0,0.0,0.0
2557,Zircon,1.0,209,16.312788383647018,2017.1674641148325,1599.755980861244,2009,1586,2025,1610,24.34410726778119,13.600990098605525,0.8038461538461539,0.0,1.0,0.0,0.0,0.0,0.0,0.0,0.0,0.0,0.0,0.0,0.0,0.0,0.0,0.0,0.0,0.0
2558,Rutile,1.0,272,18.609705966725112,2136.830882352941,1829.9705882352941,2124,1823,2150,1839,26.62286688987788,13.785703570137636,0.8369230769230769,0.0,0.0,1.0,0.0,0.0,0.0,0.0,0.0,0.0,0.0,0.0,0.0,0.0,0.0,0.0,0.0,0.0
2559,Ilmenite,1.0,227,17.000746355818674,2136.4757709251103,1842.1277533039647,2127,1835,2148,1853,20.566469915385106,15.966678113185859,0.850187265917603,0.0,0.0,0.0,1.0,0.0,0.0,0.0,0.0,0.0,0.0,0.0,0.0,0.0,0.0,0.0,0.0,0.0
2560,Rutile,1.0,352,21.17026971360491,2041.2585227272727,1763.8693181818182,2028,1747,2055,1783,39.29466540283693,21.823576729101738,0.544891640866873,0.0,0.0,1.0,0.0,0.0,0.0,0.0,0.0,0.0,0.0,0.0,0.0,0.0,0.0,0.0,0.0,0.0
2561,Quartz,1.0,228,17.03815178355966,2033.092105263158,1764.5043859649122,2027,1753,2042,1777,24.270383591375367,12.967103446868814,0.8413284132841329,0.0,0.0,0.0,0.0,0.0,0.0,1.0,0.0,0.0,0.0,0.0,0.0,0.0,0.0,0.0,0.0,0.0
2562,Rutile,1.0,143,13.493452297211721,2067.3216783216785,1829.7482517482517,2057,1824,2086,1837,26.378992099546533,9.454903158140143,0.6190476190476191,0.0,0.0,1.0,0.0,0.0,0.0,0.0,0.0,0.0,0.0,0.0,0.0,0.0,0.0,0.0,0.0,0.0
2563,Rutile,1.0,290,19.21560480373171,2114.396551724138,1831.4,2100,1823,2127,1843,30.80035209335645,13.781553763050294,0.7671957671957672,0.0,0.0,1.0,0.0,0.0,0.0,0.0,0.0,0.0,0.0,0.0,0.0,0.0,0.0,0.0,0.0,0.0
2564,Quartz,1.0,4545,76.07150406572302,2095.720792079208,1864.6202420242025,2048,1824,2135,1911,97.52914227213128,64.4631095652137,0.8444816053511706,0.0,0.0,0.0,0.0,0.0,0.0,1.0,0.0,0.0,0.0,0.0,0.0,0.0,0.0,0.0,0.0,0.0
2565,Rutile,0.987389659520807,3965,71.05205693626976,2121.899369482976,1772.0383354350568,2083,1732,2158,1821,85.04427906753594,63.003074973711854,0.8395087867880584,0.0,0.0,0.987389659520807,0.0,0.0,0.0,0.012610340479192938,0.0,0.0,0.0,0.0,0.0,0.0,0.0,0.0,0.0,0.0
2568,Quartz,1.0,286,19.08262324195121,2159.7972027972028,1764.7202797202797,2146,1750,2172,1786,30.651581835841245,19.256022043478154,0.5181159420289855,0.0,0.0,0.0,0.0,0.0,0.0,1.0,0.0,0.0,0.0,0.0,0.0,0.0,0.0,0.0,0.0,0.0
2569,Quartz,0.8070175438596491,171,14.755472278097805,2113.777777777778,1815.5847953216373,2101,1809,2125,1826,27.63736700230898,10.060432309080117,0.76,0.0,0.0,0.19298245614035087,0.0,0.0,0.0,0.8070175438596491,0.0,0.0,0.0,0.0,0.0,0.0,0.0,0.0,0.0,0.0
2570,Quartz,1.0,258,18.12445316531431,2158.1821705426355,1780.5,2149,1772,2171,1791,23.155799632033688,15.425454040711687,0.862876254180602,0.0,0.0,0.0,0.0,0.0,0.0,1.0,0.0,0.0,0.0,0.0,0.0,0.0,0.0,0.0,0.0,0.0
2571,Quartz,0.9722132471728594,3095,62.77480697664732,2095.625525040388,4418.233602584814,2056,4383,2128,4446,72.62448603785556,59.031738916566546,0.9113663133097762,0.0,0.0,0.0,0.0,0.0,0.0,0.9722132471728594,0.0,0.0,0.0,0.0,0.0,0.0,0.0,0.0,0.0,0.02778675282714055
2574,Quartz,0.8522167487684729,406,22.736210219877808,2058.5985221674878,4448.512315270936,2045,4437,2076,4461,31.865530216508866,18.825533055835603,0.7992125984251969,0.0,0.0,0.0,0.0,0.0,0.0,0.8522167487684729,0.0,0.1477832512315271,0.0,0.0,0.0,0.0,0.0,0.0,0.0,0.0
2577,Quartz,1.0,737,30.632948674096244,2320.4504748982363,3985.5427408412484,2300,3971,2347,4000,42.471452312560366,26.99643313298398,0.7512742099898063,0.0,0.0,0.0,0.0,0.0,0.0,1.0,0.0,0.0,0.0,0.0,0.0,0.0,0.0,0.0,0.0,0.0
2578,Rutile,1.0,213,16.46815177937675,2349.5774647887324,2246.774647887324,2342,2229,2358,2258,26.806449768708855,13.37921348543904,0.6533742331288344,0.0,0.0,1.0,0.0,0.0,0.0,0.0,0.0,0.0,0.0,0.0,0.0,0.0,0.0,0.0,0.0,0.0
2579,Quartz,1.0,217,16.622063085174787,2342.516129032258,2235.3732718894007,2332,2229,2353,2245,21.719828954749744,13.182409721080308,0.8785425101214575,0.0,0.0,0.0,0.0,0.0,0.0,1.0,0.0,0.0,0.0,0.0,0.0,0.0,0.0,0.0,0.0,0.0
2580,Zircon,1.0,468,24.410573670769317,2388.9166666666665,3430.9444444444443,2370,3421,2405,3442,35.10674548855486,18.525252689335503,0.819614711033275,0.0,1.0,0.0,0.0,0.0,0.0,0.0,0.0,0.0,0.0,0.0,0.0,0.0,0.0,0.0,0.0,0.0
2581,Quartz,1.0,147,13.680870333281758,2418.7482993197277,2098.4489795918366,2412,2092,2426,2107,14.823804706563264,13.085362963022812,0.8647058823529412,0.0,0.0,0.0,0.0,0.0,0.0,1.0,0.0,0.0,0.0,0.0,0.0,0.0,0.0,0.0,0.0,0.0
2582,Rutile,1.0,159,14.228319915326999,2489.1132075471696,4043.7798742138366,2482,4036,2498,4053,19.893722987737817,11.386368245693843,0.7989949748743719,0.0,0.0,1.0,0.0,0.0,0.0,0.0,0.0,0.0,0.0,0.0,0.0,0.0,0.0,0.0,0.0,0.0
2583,Rutile,1.0,135,13.110581167104948,2447.4592592592594,4140.777777777777,2441,4134,2454,4151,16.024779425829525,12.02547238954234,0.823170731707317,0.0,0.0,1.0,0.0,0.0,0.0,0.0,0.0,0.0,0.0,0.0,0.0,0.0,0.0,0.0,0.0,0.0
2585,Rutile,0.7919254658385093,322,20.248040236149336,2477.3757763975154,4126.472049689441,2462,4115,2494,4136,37.362379001296176,13.763465528125709,0.7334851936218679,0.0,0.0,0.7919254658385093,0.0,0.0,0.0,0.2080745341614907,0.0,0.0,0.0,0.0,0.0,0.0,0.0,0.0,0.0,0.0
2586,Quartz,1.0,264,18.333991376950163,2486.5151515151515,4116.837121212121,2476,4105,2496,4127,20.558299743896807,19.02839146392494,0.8073394495412844,0.0,0.0,0.0,0.0,0.0,0.0,1.0,0.0,0.0,0.0,0.0,0.0,0.0,0.0,0.0,0.0,0.0
2587,Rutile,1.0,187,15.430353037616328,2479.614973262032,4153.679144385027,2472,4145,2492,4168,22.186570785113272,18.285731875048853,0.5880503144654088,0.0,0.0,1.0,0.0,0.0,0.0,0.0,0.0,0.0,0.0,0.0,0.0,0.0,0.0,0.0,0.0,0.0
2588,Rutile,0.5925925925925926,270,18.5411616971131,2504.0814814814817,4152.418518518519,2493,4143,2515,4164,24.607342350060257,14.974037618628625,0.823170731707317,0.0,0.0,0.5925925925925926,0.0,0.0,0.0,0.4074074074074074,0.0,0.0,0.0,0.0,0.0,0.0,0.0,0.0,0.0,0.0
2590,Rutile,1.0,120,12.360774464742066,2502.6833333333334,4047.391666666667,2497,4041,2510,4055,17.2115173345451,9.555353586014736,0.8450704225352113,0.0,0.0,1.0,0.0,0.0,0.0,0.0,0.0,0.0,0.0,0.0,0.0,0.0,0.0,0.0,0.0,0.0
2592,Rutile,0.8106666666666666,375,21.850968611841584,2522.0826666666667,4132.48,2510,4121,2535,4145,24.55194976205145,20.725974583533038,0.8333333333333334,0.0,0.0,0.8106666666666666,0.0,0.0,0.0,0.18933333333333333,0.0,0.0,0.0,0.0,0.0,0.0,0.0,0.0,0.0,0.0
2593,Quartz,0.5555555555555556,162,14.361922094451577,2515.703703703704,4101.432098765432,2503,4092,2529,4109,31.11582703053683,9.389038051571887,0.6303501945525292,0.0,0.0,0.4444444444444444,0.0,0.0,0.0,0.5555555555555556,0.0,0.0,0.0,0.0,0.0,0.0,0.0,0.0,0.0,0.0
2595,Quartz,1.0,163,14.406180819073164,2608.3312883435583,1278.441717791411,2600,1270,2615,1286,15.888211010268614,14.359529524533198,0.9005524861878453,0.0,0.0,0.0,0.0,0.0,0.0,1.0,0.0,0.0,0.0,0.0,0.0,0.0,0.0,0.0,0.0,0.0
2596,Zircon,1.0,3212,63.950335555721225,2737.9660647571604,1708.107409713574,2696,1683,2779,1735,87.47670124360677,55.835796561708165,0.8560767590618337,0.0,1.0,0.0,0.0,0.0,0.0,0.0,0.0,0.0,0.0,0.0,0.0,0.0,0.0,0.0,0.0,0.0
2597,Iron Oxides,1.0,266,18.403307281560924,2741.533834586466,1722.8308270676691,2731,1713,2753,1735,24.32060766393343,21.217142904700697,0.6927083333333334,0.0,0.0,0.0,0.0,1.0,0.0,0.0,0.0,0.0,0.0,0.0,0.0,0.0,0.0,0.0,0.0,0.0
2599,Zircon,1.0,780,31.513915099419602,2718.9423076923076,422.32179487179485,2705,403,2742,439,41.19960422035172,26.89848844196351,0.8008213552361396,0.0,1.0,0.0,0.0,0.0,0.0,0.0,0.0,0.0,0.0,0.0,0.0,0.0,0.0,0.0,0.0,0.0
2601,Rutile,0.6618589743589743,624,28.18690255978371,2718.6602564102564,4404.42467948718,2708,4383,2733,4426,45.031816018677354,19.733948745955242,0.7949044585987262,0.0,0.0,0.6618589743589743,0.0,0.0,0.0,0.33814102564102566,0.0,0.0,0.0,0.0,0.0,0.0,0.0,0.0,0.0,0.0
2602,Orthoclase,1.0,215,16.545286401814263,2740.874418604651,4403.3348837209305,2729,4396,2755,4410,24.100725087026394,12.726514822944868,0.8365758754863813,0.0,0.0,0.0,0.0,0.0,0.0,0.0,0.0,1.0,0.0,0.0,0.0,0.0,0.0,0.0,0.0,0.0
2603,Quartz,1.0,100,11.283791670955125,2730.15,2981.75,2726,2975,2736,2990,15.261351768506364,8.63314208141553,0.9090909090909091,0.0,0.0,0.0,0.0,0.0,0.0,1.0,0.0,0.0,0.0,0.0,0.0,0.0,0.0,0.0,0.0,0.0
2604,Quartz,1.0,161,14.317526556719258,2757.795031055901,1930.0931677018634,2749,1924,2767,1937,20.51286521758827,10.47333680596571,0.8702702702702703,0.0,0.0,0.0,0.0,0.0,0.0,1.0,0.0,0.0,0.0,0.0,0.0,0.0,0.0,0.0,0.0,0.0
2605,Zircon,1.0,106,11.617374563210365,2802.764150943396,804.1698113207547,2799,797,2809,812,15.792950358216483,9.075429679089046,0.8833333333333333,0.0,1.0,0.0,0.0,0.0,0.0,0.0,0.0,0.0,0.0,0.0,0.0,0.0,0.0,0.0,0.0,0.0
2606,Zircon,1.0,6120,88.27358616131554,2858.483496732026,3512.911928104575,2822,3461,2905,3576,117.90206167396063,76.62534412725275,0.8750357449242208,0.0,1.0,0.0,0.0,0.0,0.0,0.0,0.0,0.0,0.0,0.0,0.0,0.0,0.0,0.0,0.0,0.0
2607,Quartz,1.0,148,13.727325035155395,2892.8175675675675,3226.304054054054,2887,3220,2900,3235,16.48288291854255,11.892771689800272,0.9079754601226994,0.0,0.0,0.0,0.0,0.0,0.0,1.0,0.0,0.0,0.0,0.0,0.0,0.0,0.0,0.0,0.0,0.0
2608,Zircon,1.0,396,22.45446191105733,2940.472222222222,874.8863636363636,2934,858,2948,896,41.087611086311824,13.308817058855325,0.8571428571428571,0.0,1.0,0.0,0.0,0.0,0.0,0.0,0.0,0.0,0.0,0.0,0.0,0.0,0.0,0.0,0.0,0.0
2609,Quartz,1.0,348,21.049640414216977,2929.864942528736,885.8045977011494,2920,872,2940,901,32.0586403839465,14.786857688411493,0.8305489260143198,0.0,0.0,0.0,0.0,0.0,0.0,1.0,0.0,0.0,0.0,0.0,0.0,0.0,0.0,0.0,0.0,0.0
2612,Zircon,1.0,205,16.15593100600236,2990.2243902439022,2819.6048780487804,2981,2809,2998,2828,21.357127163289153,13.647971384070255,0.8577405857740585,0.0,1.0,0.0,0.0,0.0,0.0,0.0,0.0,0.0,0.0,0.0,0.0,0.0,0.0,0.0,0.0,0.0
2613,Quartz,1.0,2014,50.63896171029396,3029.4513406156902,2926.8073485600794,2996,2905,3065,2952,65.22248708456894,43.08050280201273,0.8346456692913385,0.0,0.0,0.0,0.0,0.0,0.0,1.0,0.0,0.0,0.0,0.0,0.0,0.0,0.0,0.0,0.0,0.0
2614,Zircon,0.9826950354609929,3525,66.99380116989518,3062.1163120567376,1534.4428368794327,3007,1510,3111,1562,98.97839540498465,47.19367964888107,0.9045419553502695,0.0,0.9826950354609929,0.0,0.0,0.0,0.0,0.0,0.0,0.0,0.0,0.0,0.0,0.0,0.0,0.0,0.0,0.01730496453900709
2615,Zircon,1.0,4241,73.4833920639339,3098.0384343315254,3007.500589483612,3061,2967,3140,3048,89.84781879143247,69.57029427846226,0.846169193934557,0.0,1.0,0.0,0.0,0.0,0.0,0.0,0.0,0.0,0.0,0.0,0.0,0.0,0.0,0.0,0.0,0.0
2616,Quartz,1.0,134,13.061933202803933,3094.791044776119,2992.589552238806,3090,2986,3101,3000,14.56117924242981,11.99423056120252,0.9436619718309859,0.0,0.0,0.0,0.0,0.0,0.0,1.0,0.0,0.0,0.0,0.0,0.0,0.0,0.0,0.0,0.0,0.0
2619,Quartz,1.0,185,15.347615963921077,3195.318918918919,3566.345945945946,3184,3559,3202,3579,19.527178236421225,14.476488723267304,0.8525345622119815,0.0,0.0,0.0,0.0,0.0,0.0,1.0,0.0,0.0,0.0,0.0,0.0,0.0,0.0,0.0,0.0,0.0
2620,Rutile,1.0,231,17.14987856615383,3235.1991341991343,3604.6709956709956,3224,3598,3249,3614,28.428781858208787,13.335526161811277,0.7475728155339806,0.0,0.0,1.0,0.0,0.0,0.0,0.0,0.0,0.0,0.0,0.0,0.0,0.0,0.0,0.0,0.0,0.0
2621,Quartz,1.0,292,19.281751659604673,3233.3835616438355,3614.7020547945203,3224,3598,3249,3624,24.295405918424244,19.561986758626496,0.5770750988142292,0.0,0.0,0.0,0.0,0.0,0.0,1.0,0.0,0.0,0.0,0.0,0.0,0.0,0.0,0.0,0.0,0.0
2622,Rutile,1.0,403,22.65205369339104,3335.622828784119,156.3970223325062,3326,141,3347,172,29.334343139076704,18.18483514643526,0.8876651982378855,0.0,0.0,1.0,0.0,0.0,0.0,0.0,0.0,0.0,0.0,0.0,0.0,0.0,0.0,0.0,0.0,0.0
2623,Rutile,1.0,120,12.360774464742066,3288.675,163.04166666666666,3281,158,3296,172,16.839910061202275,9.786026671714486,0.9022556390977443,0.0,0.0,1.0,0.0,0.0,0.0,0.0,0.0,0.0,0.0,0.0,0.0,0.0,0.0,0.0,0.0,0.0
2624,Rutile,1.0,102,11.396070970426017,3307.9607843137255,145.8921568627451,3303,130,3314,156,19.636724707606525,11.434044523643909,0.5257731958762887,0.0,0.0,1.0,0.0,0.0,0.0,0.0,0.0,0.0,0.0,0.0,0.0,0.0,0.0,0.0,0.0,0.0
2625,Ilmenite,1.0,123,12.514330345744634,3313.8943089430895,154.52032520325204,3304,148,3325,159,22.891452086982827,8.255531812805016,0.727810650887574,0.0,0.0,0.0,1.0,0.0,0.0,0.0,0.0,0.0,0.0,0.0,0.0,0.0,0.0,0.0,0.0,0.0
2626,Quartz,0.7090069284064665,433,23.480049464818542,3319.016166281755,138.82909930715937,3303,124,3332,153,25.955009724183668,23.866641013286085,0.7858439201451906,0.0,0.0,0.2909930715935335,0.0,0.0,0.0,0.7090069284064665,0.0,0.0,0.0,0.0,0.0,0.0,0.0,0.0,0.0,0.0
2627,Quartz,0.8912466843501327,377,21.909160375631842,3304.848806366048,2313.315649867374,3296,2296,3314,2331,31.510730476489393,16.79964325615117,0.8072805139186295,0.0,0.0,0.0,0.0,0.0,0.0,0.8912466843501327,0.0,0.10875331564986737,0.0,0.0,0.0,0.0,0.0,0.0,0.0,0.0
2629,Quartz,0.9927156549520767,7825,99.81532666656283,3472.952587859425,2394.432076677316,3421,2317,3506,2466,136.74598843185345,84.0037642246471,0.8768489466606902,0.0,0.0,0.0,0.0,0.0,0.0,0.9927156549520767,0.0,0.0,0.0,0.0,0.0,0.0,0.0,0.0,0.0,0.007284345047923323
2631,Rutile,0.9072657743785851,1046,36.493952427669164,3357.9455066921605,3438.1902485659657,3336,3414,3375,3458,44.38880224443322,36.71155148226531,0.8133748055987559,0.0,0.0,0.9072657743785851,0.0,0.0,0.0,0.09273422562141491,0.0,0.0,0.0,0.0,0.0,0.0,0.0,0.0,0.0,0.0
2632,Quartz,1.0,102,11.396070970426017,3349.578431372549,3432.872549019608,3343,3427,3359,3438,16.411248885879715,8.920061000063315,0.7906976744186046,0.0,0.0,0.0,0.0,0.0,0.0,1.0,0.0,0.0,0.0,0.0,0.0,0.0,0.0,0.0,0.0,0.0
2633,Quartz,1.0,281,18.91508160359296,3369.4092526690392,3414.359430604982,3352,3408,3387,3426,34.03280404003648,15.959358219062304,0.6286353467561522,0.0,0.0,0.0,0.0,0.0,0.0,1.0,0.0,0.0,0.0,0.0,0.0,0.0,0.0,0.0,0.0,0.0
2634,Quartz,1.0,192,15.635280380893438,3381.3697916666665,4296.619791666667,3369,4291,3394,4303,26.06893804645114,10.387954614587834,0.810126582278481,0.0,0.0,0.0,0.0,0.0,0.0,1.0,0.0,0.0,0.0,0.0,0.0,0.0,0.0,0.0,0.0,0.0
2635,Quartz,1.0,1025,36.12575996921783,3476.560975609756,2249.1063414634145,3461,2222,3492,2273,43.9642283818332,31.82695365203204,0.8346905537459284,0.0,0.0,0.0,0.0,0.0,0.0,1.0,0.0,0.0,0.0,0.0,0.0,0.0,0.0,0.0,0.0,0.0
2636,Quartz,1.0,132,12.964089628857149,3464.371212121212,2280.090909090909,3457,2275,3473,2286,17.319010726623294,10.474486193756324,0.8741721854304636,0.0,0.0,0.0,0.0,0.0,0.0,1.0,0.0,0.0,0.0,0.0,0.0,0.0,0.0,0.0,0.0,0.0
2638,Rutile,1.0,306,19.738573927438622,3495.9346405228757,4580.130718954249,3486,4568,3506,4594,25.33386626293203,16.29298359445358,0.816,0.0,0.0,1.0,0.0,0.0,0.0,0.0,0.0,0.0,0.0,0.0,0.0,0.0,0.0,0.0,0.0,0.0
2639,Zircon,1.0,1045,36.47650372840365,3511.933014354067,3599.3636363636365,3492,3576,3533,3620,49.06484567465526,29.82064130925306,0.8908780903665814,0.0,1.0,0.0,0.0,0.0,0.0,0.0,0.0,0.0,0.0,0.0,0.0,0.0,0.0,0.0,0.0,0.0
2640,Quartz,1.0,1911,49.327079479621496,3533.1705913134483,4317.009419152277,3504,4294,3562,4336,64.55108681270646,40.32322880873691,0.8623646209386282,0.0,0.0,0.0,0.0,0.0,0.0,1.0,0.0,0.0,0.0,0.0,0.0,0.0,0.0,0.0,0.0,0.0
2641,Rutile,1.0,114,12.047792665040703,3510.9210526315787,4580.561403508772,3505,4574,3518,4591,16.336032358582187,10.320748867333057,0.8085106382978723,0.0,0.0,1.0,0.0,0.0,0.0,0.0,0.0,0.0,0.0,0.0,0.0,0.0,0.0,0.0,0.0,0.0
2642,Zircon,1.0,481,24.747287144606645,3522.5488565488567,3369.941787941788,3508,3352,3533,3384,31.718772523363718,23.12772165558374,0.8350694444444444,0.0,1.0,0.0,0.0,0.0,0.0,0.0,0.0,0.0,0.0,0.0,0.0,0.0,0.0,0.0,0.0,0.0
2643,Zircon,1.0,100,11.283791670955125,411.47,572.59,408,565,418,582,17.762892619085868,8.266537715562956,0.7874015748031497,0.0,1.0,0.0,0.0,0.0,0.0,0.0,0.0,0.0,0.0,0.0,0.0,0.0,0.0,0.0,0.0,0.0
2647,Quartz,1.0,115,12.100518486599809,727.991304347826,1936.4434782608696,724,1927,732,1946,19.268569201578014,7.9372760166716505,0.8984375,0.0,0.0,0.0,0.0,0.0,0.0,1.0,0.0,0.0,0.0,0.0,0.0,0.0,0.0,0.0,0.0,0.0
2648,Monazite & Xenotime,1.0,118,12.257335203001883,852.8220338983051,209.11864406779662,846,201,861,222,25.43420496229325,9.953949405739621,0.5870646766169154,1.0,0.0,0.0,0.0,0.0,0.0,0.0,0.0,0.0,0.0,0.0,0.0,0.0,0.0,0.0,0.0,0.0
2649,Quartz,1.0,123,12.514330345744634,939.3252032520326,4597.487804878048,931,4591,949,4604,16.911341006577036,11.18156958998273,0.76875,0.0,0.0,0.0,0.0,0.0,0.0,1.0,0.0,0.0,0.0,0.0,0.0,0.0,0.0,0.0,0.0,0.0
2651,Quartz,1.0,111,11.888212206450685,1235.027027027027,2015.6756756756756,1225,2013,1245,2021,23.321914174559744,6.726105741118143,0.8161764705882353,0.0,0.0,0.0,0.0,0.0,0.0,1.0,0.0,0.0,0.0,0.0,0.0,0.0,0.0,0.0,0.0,0.0
2652,Rutile,1.0,168,14.625465582862905,1272.5714285714287,2968.5416666666665,1263,2955,1283,2978,26.595905711413888,12.34333475071737,0.5894736842105263,0.0,0.0,1.0,0.0,0.0,0.0,0.0,0.0,0.0,0.0,0.0,0.0,0.0,0.0,0.0,0.0,0.0
2654,Rutile,1.0,117,12.205286835384658,1311.08547008547,2913.102564102564,1307,2904,1319,2923,22.13710783270548,10.809382567581553,0.5939086294416244,0.0,0.0,1.0,0.0,0.0,0.0,0.0,0.0,0.0,0.0,0.0,0.0,0.0,0.0,0.0,0.0,0.0
2655,Quartz,1.0,115,12.100518486599809,1386.3130434782609,3817.086956521739,1379,3809,1394,3827,22.016536370037194,7.823080919682683,0.7666666666666667,0.0,0.0,0.0,0.0,0.0,0.0,1.0,0.0,0.0,0.0,0.0,0.0,0.0,0.0,0.0,0.0,0.0
2658,Quartz,1.0,108,11.726460285670077,1562.5277777777778,1888.138888888889,1556,1882,1571,1896,17.045409202360148,9.61979443008957,0.7769784172661871,0.0,0.0,0.0,0.0,0.0,0.0,1.0,0.0,0.0,0.0,0.0,0.0,0.0,0.0,0.0,0.0,0.0
2659,Rutile,1.0,168,14.625465582862905,1587.095238095238,4640.113095238095,1574,4632,1600,4653,31.89758958464087,11.43943495605647,0.535031847133758,0.0,0.0,1.0,0.0,0.0,0.0,0.0,0.0,0.0,0.0,0.0,0.0,0.0,0.0,0.0,0.0,0.0
2660,Quartz,1.0,111,11.888212206450685,1636.7747747747749,2011.126126126126,1631,2002,1645,2022,21.27552007285722,9.924833228692385,0.6529411764705882,0.0,0.0,0.0,0.0,0.0,0.0,1.0,0.0,0.0,0.0,0.0,0.0,0.0,0.0,0.0,0.0,0.0
2661,Quartz,1.0,101,11.340070282773887,1731.930693069307,4562.079207920792,1728,4555,1737,4570,15.556024172336315,8.50225381698935,0.9017857142857143,0.0,0.0,0.0,0.0,0.0,0.0,1.0,0.0,0.0,0.0,0.0,0.0,0.0,0.0,0.0,0.0,0.0
2663,Rutile,0.518918918918919,185,15.347615963921077,2090.135135135135,1734.6702702702703,2080,1728,2101,1747,22.52638609407063,14.144445322646849,0.6851851851851852,0.0,0.0,0.518918918918919,0.0,0.0,0.0,0.4810810810810811,0.0,0.0,0.0,0.0,0.0,0.0,0.0,0.0,0.0,0.0
2664,Ilmenite,1.0,115,12.100518486599809,2139.6782608695653,1860.6782608695653,2136,1852,2148,1872,20.67737570056848,9.038259882243754,0.7055214723926381,0.0,0.0,0.0,1.0,0.0,0.0,0.0,0.0,0.0,0.0,0.0,0.0,0.0,0.0,0.0,0.0,0.0
2665,Orthoclase,1.0,113,11.994835078277376,2164.4159292035397,327.39823008849555,2160,318,2172,336,18.502938420146652,10.766203702668435,0.710691823899371,0.0,0.0,0.0,0.0,0.0,0.0,0.0,0.0,1.0,0.0,0.0,0.0,0.0,0.0,0.0,0.0,0.0
2666,Rutile,1.0,102,11.396070970426017,2189.0588235294117,2788.8039215686276,2179,2784,2201,2796,25.99454676730961,5.45977155673515,0.7727272727272727,0.0,0.0,1.0,0.0,0.0,0.0,0.0,0.0,0.0,0.0,0.0,0.0,0.0,0.0,0.0,0.0,0.0
2668,Rutile,0.7942857142857143,175,14.927053303604616,2230.1714285714284,4253.451428571429,2221,4247,2243,4266,26.72584862804968,13.783154566515341,0.6294964028776978,0.0,0.0,0.7942857142857143,0.0,0.0,0.0,0.2057142857142857,0.0,0.0,0.0,0.0,0.0,0.0,0.0,0.0,0.0,0.0
2671,Rutile,0.6726190476190477,168,14.625465582862905,2512.9285714285716,4116.410714285715,2503,4109,2524,4126,22.634141460121658,14.549121378289776,0.6222222222222222,0.0,0.0,0.6726190476190477,0.0,0.0,0.0,0.3273809523809524,0.0,0.0,0.0,0.0,0.0,0.0,0.0,0.0,0.0,0.0
2674,Zircon,1.0,105,11.562445770562215,2732.6,4624.771428571428,2720,4620,2742,4628,23.277194747034187,6.647240792300291,0.8823529411764706,0.0,1.0,0.0,0.0,0.0,0.0,0.0,0.0,0.0,0.0,0.0,0.0,0.0,0.0,0.0,0.0,0.0
2675,Quartz,1.0,119,12.309163489997376,2734.2268907563025,2966.075630252101,2729,2958,2740,2974,18.562849154805086,8.864122547745747,0.8623188405797102,0.0,0.0,0.0,0.0,0.0,0.0,1.0,0.0,0.0,0.0,0.0,0.0,0.0,0.0,0.0,0.0,0.0
2676,Quartz,1.0,156,14.093451279891855,2853.4615384615386,2767.0576923076924,2845,2753,2859,2780,25.187117953682282,10.850681744273055,0.6610169491525424,0.0,0.0,0.0,0.0,0.0,0.0,1.0,0.0,0.0,0.0,0.0,0.0,0.0,0.0,0.0,0.0,0.0
2681,Rutile,1.0,107,11.67204486311899,3381.495327102804,3457.0280373831774,3373,3451,3389,3463,14.401131678481184,10.651492504338508,0.7925925925925926,0.0,0.0,1.0,0.0,0.0,0.0,0.0,0.0,0.0,0.0,0.0,0.0,0.0,0.0,0.0,0.0,0.0
2682,Monazite & Xenotime,1.0,5417,83.04901332243735,3563.9608639468343,2356.1530367362006,3563,0,3584,4707,5463.006901433882,12.107320138567019,0.054801865509322485,1.0,0.0,0.0,0.0,0.0,0.0,0.0,0.0,0.0,0.0,0.0,0.0,0.0,0.0,0.0,0.0,0.0
2706,Zircon,1.0,660,28.988585676524604,1830.0893939393939,653.2969696969697,1812,639,1847,669,36.4748235191979,23.791006056279045,0.8859060402684564,0.0,1.0,0.0,0.0,0.0,0.0,0.0,0.0,0.0,0.0,0.0,0.0,0.0,0.0,0.0,0.0,0.0
2707,Zircon,1.0,197,15.837556323903858,1853.527918781726,4657.401015228426,1845,4651,1862,4664,18.270556857340722,14.124437919124196,0.9656862745098039,0.0,1.0,0.0,0.0,0.0,0.0,0.0,0.0,0.0,0.0,0.0,0.0,0.0,0.0,0.0,0.0,0.0
2708,Quartz,1.0,190,15.553633450087505,2274.636842105263,4551.989473684211,2267,4543,2284,4561,18.628353375206085,13.737728005389204,0.8962264150943396,0.0,0.0,0.0,0.0,0.0,0.0,1.0,0.0,0.0,0.0,0.0,0.0,0.0,0.0,0.0,0.0,0.0
2709,Zircon,1.0,681,29.44615645486938,2939.014684287812,840.5139500734215,2923,825,2955,858,34.137706441187426,26.214233906254638,0.9227642276422764,0.0,1.0,0.0,0.0,0.0,0.0,0.0,0.0,0.0,0.0,0.0,0.0,0.0,0.0,0.0,0.0,0.0
2710,Zircon,1.0,316,20.0585068271871,155.99683544303798,4698.3322784810125,144,4690,168,4707,25.231317284761747,16.331804801444278,0.9266862170087976,0.0,1.0,0.0,0.0,0.0,0.0,0.0,0.0,0.0,0.0,0.0,0.0,0.0,0.0,0.0,0.0,0.0
2711,Rutile,1.0,125,12.6156626101008,1079.192,3680.216,1072,3676,1090,3688,17.287502527504916,10.079580167919252,0.8865248226950354,0.0,0.0,1.0,0.0,0.0,0.0,0.0,0.0,0.0,0.0,0.0,0.0,0.0,0.0,0.0,0.0,0.0
