grain_id,class,class_frac,area_px,equiv_diam_px,centroid_row,centroid_col,bbox_r0,bbox_c0,bbox_r1,bbox_c1,major_px,minor_px,solidity,frac_Monazite & Xenotime,frac_Zircon,frac_Rutile,frac_Ilmenite,frac_Iron Oxides,frac_Biotite,frac_Quartz,frac_Chromite,frac_Orthoclase,frac_Carpholite,frac_Garnet-Spessartine,frac_Pseudobrookite,frac_Illite,frac_Calderite,frac_Topaz,frac_Tourmaline,frac_Unknown
2,Zircon,1.0,118,12.257335203001883,3.847457627118644,358.91525423728814,0,352,11,368,15.224608845073183,10.854757671759575,0.9076923076923077,0.0,1.0,0.0,0.0,0.0,0.0,0.0,0.0,0.0,0.0,0.0,0.0,0.0,0.0,0.0,0.0,0.0
3,Quartz,1.0,113,11.994835078277376,2.9557522123893807,518.7964601769911,0,510,9,528,17.890476071238766,8.909448784557016,0.889763779527559,0.0,0.0,0.0,0.0,0.0,0.0,1.0,0.0,0.0,0.0,0.0,0.0,0.0,0.0,0.0,0.0,0.0
4,Quartz,0.7966903073286052,423,23.207333483685147,10.229314420803783,539.1111111111111,0,522,24,556,32.69230784803724,17.93128799174281,0.831041257367387,0.0,0.0,0.0,0.0,0.0,0.0,0.7966903073286052,0.0,0.2033096926713948,0.0,0.0,0.0,0.0,0.0,0.0,0.0,0.0
6,Zircon,1.0,548,26.414679072721462,17.12043795620438,580.9525547445255,2,566,29,603,38.20266293353312,21.885487760539608,0.7751060820367751,0.0,1.0,0.0,0.0,0.0,0.0,0.0,0.0,0.0,0.0,0.0,0.0,0.0,0.0,0.0,0.0,0.0
7,Quartz,1.0,167,14.581872443920643,24.664670658682635,355.5508982035928,16,347,33,366,18.667373186012412,12.961018371382425,0.8226600985221675,0.0,0.0,0.0,0.0,0.0,0.0,1.0,0.0,0.0,0.0,0.0,0.0,0.0,0.0,0.0,0.0,0.0
8,Monazite & Xenotime,1.0,1520,43.992318738587166,22.73486842105263,928.9006578947368,14,884,35,974,94.59246613193639,21.65406481064509,0.918429003021148,1.0,0.0,0.0,0.0,0.0,0.0,0.0,0.0,0.0,0.0,0.0,0.0,0.0,0.0,0.0,0.0,0.0
9,Rutile,1.0,830,32.5082885143187,31.8289156626506,486.97831325301206,13,465,49,511,49.434816762720494,23.447920519726114,0.83,0.0,0.0,1.0,0.0,0.0,0.0,0.0,0.0,0.0,0.0,0.0,0.0,0.0,0.0,0.0,0.0,0.0
10,Quartz,1.0,145,13.58748446131949,19.02758620689655,492.77241379310345,14,482,25,504,20.572230116357996,10.042548938447421,0.7671957671957672,0.0,0.0,0.0,0.0,0.0,0.0,1.0,0.0,0.0,0.0,0.0,0.0,0.0,0.0,0.0,0.0,0.0
12,Rutile,1.0,949,34.76067214473376,30.0463645943098,102.70600632244468,5,89,52,118,47.781527136431265,26.294302314653272,0.9012345679012346,0.0,0.0,1.0,0.0,0.0,0.0,0.0,0.0,0.0,0.0,0.0,0.0,0.0,0.0,0.0,0.0,0.0
13,Unknown,1.0,126,12.666024736934256,30.428571428571427,1205.063492063492,27,1196,36,1214,18.96206389658456,9.215688845098885,0.8873239436619719,0.0,0.0,0.0,0.0,0.0,0.0,0.0,0.0,0.0,0.0,0.0,0.0,0.0,0.0,0.0,0.0,1.0
14,Zircon,1.0,356,21.290215544369623,34.11516853932584,538.1769662921348,23,526,45,550,24.975777935735145,19.195988819900656,0.8704156479217604,0.0,1.0,0.0,0.0,0.0,0.0,0.0,0.0,0.0,0.0,0.0,0.0,0.0,0.0,0.0,0.0,0.0
15,Rutile,1.0,635,28.43425945768288,32.66299212598425,789.5165354330709,14,777,55,804,40.355573655590774,22.555194965827233,0.7868649318463445,0.0,0.0,1.0,0.0,0.0,0.0,0.0,0.0,0.0,0.0,0.0,0.0,0.0,0.0,0.0,0.0,0.0
16,Quartz,1.0,637,28.479002615897535,33.65620094191523,1350.265306122449,27,1326,45,1376,48.39573420010169,17.75545750671981,0.9437037037037037,0.0,0.0,0.0,0.0,0.0,0.0,1.0,0.0,0.0,0.0,0.0,0.0,0.0,0.0,0.0,0.0,0.0
17,Quartz,1.0,201,15.99753570059363,36.343283582089555,1103.5273631840796,27,1097,45,1115,20.026494716943684,14.455532836148715,0.8739130434782608,0.0,0.0,0.0,0.0,0.0,0.0,1.0,0.0,0.0,0.0,0.0,0.0,0.0,0.0,0.0,0.0,0.0
18,Zircon,0.976897689768977,3030,62.11212297569246,37.28382838283829,634.242904290429,14,598,64,675,77.94759924163561,51.14912692491334,0.924908424908425,0.0,0.976897689768977,0.0,0.0,0.0,0.0,0.0,0.0,0.0,0.0,0.0,0.0,0.0,0.0,0.0,0.0,0.0231023102310231
19,Zircon,1.0,108,11.726460285670077,37.96296296296296,686.8518518518518,32,681,45,694,13.172352625680022,11.315561779075365,0.864,0.0,1.0,0.0,0.0,0.0,0.0,0.0,0.0,0.0,0.0,0.0,0.0,0.0,0.0,0.0,0.0,0.0
20,Rutile,1.0,315,20.026743534373637,41.733333333333334,140.0,30,129,53,151,27.312202016791765,15.701313322189792,0.8923512747875354,0.0,0.0,1.0,0.0,0.0,0.0,0.0,0.0,0.0,0.0,0.0,0.0,0.0,0.0,0.0,0.0,0.0
22,Monazite & Xenotime,1.0,257,18.089294154193436,45.18287937743191,1767.272373540856,41,1753,52,1784,31.509600707053742,11.045307753487277,0.8923611111111112,1.0,0.0,0.0,0.0,0.0,0.0,0.0,0.0,0.0,0.0,0.0,0.0,0.0,0.0,0.0,0.0,0.0
23,Zircon,0.9989827060020345,983,35.37788111906457,46.84028484231943,854.0254323499491,26,833,67,874,40.09513692380821,34.91646997642236,0.8239731768650461,0.001017293997965412,0.9989827060020345,0.0,0.0,0.0,0.0,0.0,0.0,0.0,0.0,0.0,0.0,0.0,0.0,0.0,0.0,0.0
24,Zircon,1.0,554,26.558891313141824,47.87364620938628,1012.8483754512636,35,997,61,1028,28.948020623599803,25.730111482916538,0.9405772495755518,0.0,1.0,0.0,0.0,0.0,0.0,0.0,0.0,0.0,0.0,0.0,0.0,0.0,0.0,0.0,0.0,0.0
25,Monazite & Xenotime,1.0,432,23.452920571340155,47.326388888888886,1889.6805555555557,41,1873,57,1908,37.01171520913175,15.847052699269804,0.9211087420042644,1.0,0.0,0.0,0.0,0.0,0.0,0.0,0.0,0.0,0.0,0.0,0.0,0.0,0.0,0.0,0.0,0.0
26,Zircon,1.0,393,22.36924542940416,47.49872773536896,1581.2137404580153,41,1566,58,1597,30.771161409945012,17.162523781411476,0.9379474940334129,0.0,1.0,0.0,0.0,0.0,0.0,0.0,0.0,0.0,0.0,0.0,0.0,0.0,0.0,0.0,0.0,0.0
28,Rutile,1.0,270,18.5411616971131,63.34814814814815,406.77037037037036,50,394,78,422,37.77985416134505,17.28378600825997,0.531496062992126,0.0,0.0,1.0,0.0,0.0,0.0,0.0,0.0,0.0,0.0,0.0,0.0,0.0,0.0,0.0,0.0,0.0
29,Zircon,1.0,351,21.14017691983778,52.957264957264954,913.074074074074,41,901,63,924,23.771833928574225,19.502121863656402,0.9538043478260869,0.0,1.0,0.0,0.0,0.0,0.0,0.0,0.0,0.0,0.0,0.0,0.0,0.0,0.0,0.0,0.0,0.0
30,Zircon,1.0,963,35.01613458935697,55.45898234683281,1829.8473520249222,41,1808,77,1848,43.1861195557714,31.532288099308158,0.9102079395085066,0.0,1.0,0.0,0.0,0.0,0.0,0.0,0.0,0.0,0.0,0.0,0.0,0.0,0.0,0.0,0.0,0.0
31,Zircon,1.0,794,31.79547449747714,55.36523929471033,365.7833753148615,38,352,73,381,34.304186150318934,31.023271749919587,0.9074285714285715,0.0,1.0,0.0,0.0,0.0,0.0,0.0,0.0,0.0,0.0,0.0,0.0,0.0,0.0,0.0,0.0,0.0
32,Iron Oxides,1.0,115,12.100518486599809,55.89565217391304,1784.2434782608696,49,1776,63,1790,16.209727470005365,10.729087453216948,0.7931034482758621,0.0,0.0,0.0,0.0,1.0,0.0,0.0,0.0,0.0,0.0,0.0,0.0,0.0,0.0,0.0,0.0,0.0
33,Quartz,0.9344490934449093,717,30.2144461073691,54.733612273361224,1534.7670850767086,41,1517,74,1553,34.511274125158565,30.92665694007007,0.7751351351351351,0.0,0.06555090655509066,0.0,0.0,0.0,0.0,0.9344490934449093,0.0,0.0,0.0,0.0,0.0,0.0,0.0,0.0,0.0,0.0
34,Zircon,1.0,457,24.121991458915023,57.34135667396061,1914.6608315098467,46,1898,70,1930,33.37177156856069,17.870755176354756,0.9067460317460317,0.0,1.0,0.0,0.0,0.0,0.0,0.0,0.0,0.0,0.0,0.0,0.0,0.0,0.0,0.0,0.0,0.0
35,Zircon,0.9518518518518518,540,26.221162334209897,55.474074074074075,1503.648148148148,43,1486,72,1518,29.768317241677465,24.99785541936144,0.84375,0.04814814814814815,0.9518518518518518,0.0,0.0,0.0,0.0,0.0,0.0,0.0,0.0,0.0,0.0,0.0,0.0,0.0,0.0,0.0
36,Rutile,1.0,890,33.66278649806482,51.593258426966294,282.9505617977528,27,269,79,298,51.269747355555026,24.531725016674752,0.7960644007155635,0.0,0.0,1.0,0.0,0.0,0.0,0.0,0.0,0.0,0.0,0.0,0.0,0.0,0.0,0.0,0.0,0.0
37,Rutile,1.0,951,34.79728160421644,58.75709779179811,576.4016824395374,39,558,79,594,37.03756949646669,33.33295834150545,0.9161849710982659,0.0,0.0,1.0,0.0,0.0,0.0,0.0,0.0,0.0,0.0,0.0,0.0,0.0,0.0,0.0,0.0,0.0
38,Monazite & Xenotime,1.0,165,14.494292838262302,59.624242424242425,1955.6060606060605,55,1947,67,1965,17.868450175710954,12.170531247000067,0.9593023255813954,1.0,0.0,0.0,0.0,0.0,0.0,0.0,0.0,0.0,0.0,0.0,0.0,0.0,0.0,0.0,0.0,0.0
40,Monazite & Xenotime,1.0,225,16.925687506432688,56.69777777777778,824.5822222222222,51,810,63,837,26.44631762581911,11.234096581817253,0.8823529411764706,1.0,0.0,0.0,0.0,0.0,0.0,0.0,0.0,0.0,0.0,0.0,0.0,0.0,0.0,0.0,0.0,0.0
41,Zircon,1.0,1834,48.32309308233785,65.8298800436205,1402.3729552889858,43,1375,91,1432,62.96800240166915,37.76726203559151,0.9478036175710595,0.0,1.0,0.0,0.0,0.0,0.0,0.0,0.0,0.0,0.0,0.0,0.0,0.0,0.0,0.0,0.0,0.0
42,Zircon,0.9035087719298246,684,29.51094455619561,58.49269005847953,452.6154970760234,40,440,78,465,38.09802771696662,23.435334109184208,0.9132176234979973,0.0,0.9035087719298246,0.09649122807017543,0.0,0.0,0.0,0.0,0.0,0.0,0.0,0.0,0.0,0.0,0.0,0.0,0.0,0.0
43,Monazite & Xenotime,1.0,413,22.93137440223813,70.99273607748184,832.36803874092,60,817,88,844,31.452203819704714,20.85833668583707,0.7988394584139265,1.0,0.0,0.0,0.0,0.0,0.0,0.0,0.0,0.0,0.0,0.0,0.0,0.0,0.0,0.0,0.0,0.0
44,Rutile,1.0,228,17.03815178355966,61.98684210526316,1272.8640350877192,51,1265,72,1282,21.72824016576105,14.314969760055213,0.8735632183908046,0.0,0.0,1.0,0.0,0.0,0.0,0.0,0.0,0.0,0.0,0.0,0.0,0.0,0.0,0.0,0.0,0.0
46,Zircon,1.0,511,25.507359866510456,63.788649706457925,2109.6634050880625,55,2095,76,2126,31.929607271273422,21.151955548458886,0.9190647482014388,0.0,1.0,0.0,0.0,0.0,0.0,0.0,0.0,0.0,0.0,0.0,0.0,0.0,0.0,0.0,0.0,0.0
47,Zircon,1.0,532,26.026206750102993,69.31390977443608,1609.3966165413533,57,1596,82,1630,33.73141776274535,22.80071023822693,0.8881469115191987,0.0,1.0,0.0,0.0,0.0,0.0,0.0,0.0,0.0,0.0,0.0,0.0,0.0,0.0,0.0,0.0,0.0
48,Rutile,0.9090909090909091,924,34.29975713230766,63.896103896103895,1716.375541125541,41,1694,91,1745,66.19013113901718,27.97718794817277,0.5771392879450343,0.0,0.0,0.9090909090909091,0.09090909090909091,0.0,0.0,0.0,0.0,0.0,0.0,0.0,0.0,0.0,0.0,0.0,0.0,0.0
49,Ilmenite,1.0,138,13.255453865237978,56.15942028985507,1717.8623188405797,47,1710,68,1729,27.759232307583154,8.84433904725585,0.6634615384615384,0.0,0.0,0.0,1.0,0.0,0.0,0.0,0.0,0.0,0.0,0.0,0.0,0.0,0.0,0.0,0.0,0.0
50,Ilmenite,1.0,380,21.996159369293583,83.23157894736842,1715.2105263157894,67,1697,99,1733,48.355837164980336,13.911695926164088,0.7024029574861368,0.0,0.0,0.0,1.0,0.0,0.0,0.0,0.0,0.0,0.0,0.0,0.0,0.0,0.0,0.0,0.0,0.0
51,Zircon,1.0,127,12.716187407449045,70.01574803149606,264.29133858267716,64,258,78,271,13.07624236713899,12.76299186397887,0.927007299270073,0.0,1.0,0.0,0.0,0.0,0.0,0.0,0.0,0.0,0.0,0.0,0.0,0.0,0.0,0.0,0.0,0.0
52,Zircon,1.0,204,16.11647812414279,71.99019607843137,1869.7254901960785,66,1855,79,1887,33.28011223026762,9.310095721511866,0.6732673267326733,0.0,1.0,0.0,0.0,0.0,0.0,0.0,0.0,0.0,0.0,0.0,0.0,0.0,0.0,0.0,0.0,0.0
53,Zircon,1.0,791,31.735350634355903,82.25031605562579,948.1150442477876,61,935,104,965,45.7067475877701,24.10543725469227,0.8542116630669546,0.0,1.0,0.0,0.0,0.0,0.0,0.0,0.0,0.0,0.0,0.0,0.0,0.0,0.0,0.0,0.0,0.0
54,Zircon,1.0,965,35.0524772401243,74.06217616580311,1171.4259067357514,55,1153,95,1187,39.17333636432073,32.524116618355635,0.9181731684110371,0.0,1.0,0.0,0.0,0.0,0.0,0.0,0.0,0.0,0.0,0.0,0.0,0.0,0.0,0.0,0.0,0.0
55,Rutile,1.0,221,16.774562271083887,76.10859728506787,2780.3846153846152,69,2773,87,2793,21.07750473515629,17.481922818992892,0.6884735202492211,0.0,0.0,1.0,0.0,0.0,0.0,0.0,0.0,0.0,0.0,0.0,0.0,0.0,0.0,0.0,0.0,0.0
56,Zircon,1.0,1603,45.177461086369895,83.66250779787897,684.6762320648784,57,665,115,704,56.75786185693888,39.076280008029684,0.9071873231465761,0.0,1.0,0.0,0.0,0.0,0.0,0.0,0.0,0.0,0.0,0.0,0.0,0.0,0.0,0.0,0.0,0.0
57,Rutile,1.0,767,31.25019569237719,79.44980443285527,80.77444589308996,64,68,97,97,34.30805852993984,29.551467858340107,0.9229843561973526,0.0,0.0,1.0,0.0,0.0,0.0,0.0,0.0,0.0,0.0,0.0,0.0,0.0,0.0,0.0,0.0,0.0
58,Zircon,0.9970414201183432,676,29.33785834448333,80.50443786982248,719.3076923076923,64,705,99,734,33.049674334936675,26.327080372569867,0.9260273972602739,0.0029585798816568047,0.9970414201183432,0.0,0.0,0.0,0.0,0.0,0.0,0.0,0.0,0.0,0.0,0.0,0.0,0.0,0.0,0.0
59,Zircon,1.0,537,26.148224328293928,77.70391061452514,2631.199255121043,69,2611,94,2647,33.39171512516237,23.233694897108666,0.93717277486911,0.0,1.0,0.0,0.0,0.0,0.0,0.0,0.0,0.0,0.0,0.0,0.0,0.0,0.0,0.0,0.0,0.0
60,Zircon,1.0,444,23.77642441290137,78.46396396396396,2573.4864864864867,69,2563,92,2586,26.50432859553397,22.43351582099148,0.9715536105032823,0.0,1.0,0.0,0.0,0.0,0.0,0.0,0.0,0.0,0.0,0.0,0.0,0.0,0.0,0.0,0.0,0.0
61,Zircon,1.0,632,28.367012395961314,82.49683544303798,2597.721518987342,69,2586,99,2610,32.96818858943492,25.179041609811588,0.9590288315629742,0.0,1.0,0.0,0.0,0.0,0.0,0.0,0.0,0.0,0.0,0.0,0.0,0.0,0.0,0.0,0.0,0.0
62,Quartz,1.0,132,12.964089628857149,81.06818181818181,921.6590909090909,74,915,89,928,13.649660217127028,12.853304521172936,0.9041095890410958,0.0,0.0,0.0,0.0,0.0,0.0,1.0,0.0,0.0,0.0,0.0,0.0,0.0,0.0,0.0,0.0,0.0
63,Zircon,1.0,1121,37.77964438223469,77.31489741302408,2134.649420160571,55,2114,100,2154,51.52417142788913,28.767442489948596,0.9025764895330113,0.0,1.0,0.0,0.0,0.0,0.0,0.0,0.0,0.0,0.0,0.0,0.0,0.0,0.0,0.0,0.0,0.0
64,Zircon,0.9620486366985999,2714,58.784114558367136,85.30361090641121,2286.7284450994844,55,2254,120,2320,70.30160741011366,52.32359696818899,0.9101274312541918,0.0,0.9620486366985999,0.0,0.0,0.0,0.0,0.0,0.0,0.0,0.0,0.0,0.0,0.0,0.0,0.0,0.0,0.03795136330140015
65,Zircon,1.0,294,19.347672370394786,80.87755102040816,2556.2551020408164,70,2547,93,2564,24.208150505280155,16.238149941767006,0.9245283018867925,0.0,1.0,0.0,0.0,0.0,0.0,0.0,0.0,0.0,0.0,0.0,0.0,0.0,0.0,0.0,0.0,0.0
66,Iron Oxides,1.0,130,12.865501965161373,81.58461538461539,1369.4307692307693,75,1363,90,1377,15.14096685195857,11.522814968562418,0.8783783783783784,0.0,0.0,0.0,0.0,1.0,0.0,0.0,0.0,0.0,0.0,0.0,0.0,0.0,0.0,0.0,0.0,0.0
67,Monazite & Xenotime,1.0,129,12.815923738491737,81.87596899224806,1688.2868217054263,75,1681,89,1697,18.14720369188279,9.192194352881886,0.8958333333333334,1.0,0.0,0.0,0.0,0.0,0.0,0.0,0.0,0.0,0.0,0.0,0.0,0.0,0.0,0.0,0.0,0.0
68,Rutile,1.0,416,23.014509567006368,82.3798076923077,2404.5576923076924,70,2392,93,2422,31.43622990444779,18.064473691467796,0.879492600422833,0.0,0.0,1.0,0.0,0.0,0.0,0.0,0.0,0.0,0.0,0.0,0.0,0.0,0.0,0.0,0.0,0.0
69,Zircon,1.0,510,25.482389366284572,81.08235294117647,1573.0058823529412,65,1557,98,1588,34.29492243215591,20.196685182810636,0.8673469387755102,0.0,1.0,0.0,0.0,0.0,0.0,0.0,0.0,0.0,0.0,0.0,0.0,0.0,0.0,0.0,0.0,0.0
70,Zircon,1.0,704,29.93928254807644,83.6065340909091,976.6846590909091,70,959,100,994,35.85230603411082,25.962796350550917,0.8911392405063291,0.0,1.0,0.0,0.0,0.0,0.0,0.0,0.0,0.0,0.0,0.0,0.0,0.0,0.0,0.0,0.0,0.0
71,Rutile,1.0,1055,36.6506169074355,88.56208530805687,1985.4682464454977,72,1964,105,2012,48.88430435232691,30.357156234016824,0.8353127474267616,0.0,0.0,1.0,0.0,0.0,0.0,0.0,0.0,0.0,0.0,0.0,0.0,0.0,0.0,0.0,0.0,0.0
72,Zircon,1.0,694,29.72588508432008,78.88184438040346,1660.893371757925,57,1650,100,1674,44.02969755827592,20.677307677617677,0.896640826873385,0.0,1.0,0.0,0.0,0.0,0.0,0.0,0.0,0.0,0.0,0.0,0.0,0.0,0.0,0.0,0.0,0.0
75,Rutile,1.0,367,21.616635097022034,91.01362397820164,2731.1907356948227,79,2719,103,2746,29.216416821012317,17.61860924399978,0.8191964285714286,0.0,0.0,1.0,0.0,0.0,0.0,0.0,0.0,0.0,0.0,0.0,0.0,0.0,0.0,0.0,0.0,0.0
77,Zircon,1.0,389,22.255115881567058,88.73007712082263,2960.4858611825193,83,2943,99,2977,34.9480582121776,15.270450548919486,0.930622009569378,0.0,1.0,0.0,0.0,0.0,0.0,0.0,0.0,0.0,0.0,0.0,0.0,0.0,0.0,0.0,0.0,0.0
78,Zircon,1.0,974,35.21555503711461,80.67453798767967,1805.7361396303902,63,1782,100,1829,49.449372922482475,27.17802048880612,0.8462206776715899,0.0,1.0,0.0,0.0,0.0,0.0,0.0,0.0,0.0,0.0,0.0,0.0,0.0,0.0,0.0,0.0,0.0
79,Zircon,1.0,1226,39.5093872623369,110.96329526916803,1809.4257748776508,92,1791,133,1828,44.718052160011744,35.91030339586673,0.9452582883577486,0.0,1.0,0.0,0.0,0.0,0.0,0.0,0.0,0.0,0.0,0.0,0.0,0.0,0.0,0.0,0.0,0.0
80,Rutile,0.7810026385224275,379,21.967197988242077,91.45382585751979,2468.079155672823,77,2459,107,2483,29.021644710944713,20.62519560454924,0.740234375,0.0,0.0,0.7810026385224275,0.21899736147757257,0.0,0.0,0.0,0.0,0.0,0.0,0.0,0.0,0.0,0.0,0.0,0.0,0.0
81,Rutile,1.0,340,20.806283791440396,95.15294117647059,804.2470588235294,83,793,110,821,29.093597101262493,22.99718604931741,0.6367041198501873,0.0,0.0,1.0,0.0,0.0,0.0,0.0,0.0,0.0,0.0,0.0,0.0,0.0,0.0,0.0,0.0,0.0
82,Zircon,1.0,318,20.12188299403865,93.36163522012579,1878.940251572327,82,1868,104,1890,22.891708431768453,18.659712388898118,0.8932584269662921,0.0,1.0,0.0,0.0,0.0,0.0,0.0,0.0,0.0,0.0,0.0,0.0,0.0,0.0,0.0,0.0,0.0
83,Zircon,1.0,158,14.183506197980657,91.98101265822785,3053.727848101266,83,3049,100,3063,19.606002388457505,12.19394589763058,0.8315789473684211,0.0,1.0,0.0,0.0,0.0,0.0,0.0,0.0,0.0,0.0,0.0,0.0,0.0,0.0,0.0,0.0,0.0
84,Zircon,1.0,720,30.277590264241923,92.47361111111111,199.17777777777778,79,176,109,220,43.20226255751502,22.896455815778157,0.9290322580645162,0.0,1.0,0.0,0.0,0.0,0.0,0.0,0.0,0.0,0.0,0.0,0.0,0.0,0.0,0.0,0.0,0.0
85,Rutile,1.0,714,30.15116971098976,88.60224089635854,880.2619047619048,71,863,106,896,40.595116428478924,23.605862646162553,0.8530465949820788,0.0,0.0,1.0,0.0,0.0,0.0,0.0,0.0,0.0,0.0,0.0,0.0,0.0,0.0,0.0,0.0,0.0
86,Zircon,1.0,1340,41.30545956583848,97.5589552238806,1138.9276119402984,79,1111,120,1167,62.55791197417865,27.911873370468914,0.9318497913769124,0.0,1.0,0.0,0.0,0.0,0.0,0.0,0.0,0.0,0.0,0.0,0.0,0.0,0.0,0.0,0.0,0.0
87,Zircon,1.0,1353,41.50533825939352,90.14855875831486,1531.3621581670361,71,1497,113,1558,60.71736416445846,36.61634052283144,0.759685569904548,0.0,1.0,0.0,0.0,0.0,0.0,0.0,0.0,0.0,0.0,0.0,0.0,0.0,0.0,0.0,0.0,0.0
88,Quartz,1.0,732,30.52886088189566,97.99726775956285,273.0655737704918,81,259,116,288,33.93912108223974,27.922246354231476,0.9014778325123153,0.0,0.0,0.0,0.0,0.0,0.0,1.0,0.0,0.0,0.0,0.0,0.0,0.0,0.0,0.0,0.0,0.0
89,Iron Oxides,1.0,146,13.63425735166143,98.6027397260274,1451.3835616438357,91,1443,107,1462,18.858952740282653,13.455481354351361,0.7263681592039801,0.0,0.0,0.0,0.0,1.0,0.0,0.0,0.0,0.0,0.0,0.0,0.0,0.0,0.0,0.0,0.0,0.0
90,Zircon,1.0,214,16.50676414605009,100.50467289719626,2352.11214953271,91,2344,114,2360,21.666178124892973,13.612164546918713,0.8842975206611571,0.0,1.0,0.0,0.0,0.0,0.0,0.0,0.0,0.0,0.0,0.0,0.0,0.0,0.0,0.0,0.0,0.0
91,Quartz,1.0,444,23.77642441290137,98.6554054054054,1489.6463963963963,86,1479,112,1502,26.725198149055778,21.85431391171475,0.891566265060241,0.0,0.0,0.0,0.0,0.0,0.0,1.0,0.0,0.0,0.0,0.0,0.0,0.0,0.0,0.0,0.0,0.0
92,Zircon,1.0,892,33.70058862844632,103.62892376681614,2940.1300448430493,87,2918,123,2965,52.46579041393575,22.829585157937526,0.8857994041708044,0.0,1.0,0.0,0.0,0.0,0.0,0.0,0.0,0.0,0.0,0.0,0.0,0.0,0.0,0.0,0.0,0.0
93,Zircon,1.0,971,35.16127981086358,99.38002059732234,500.25849639546857,83,476,115,527,54.79414610745357,25.430370682399104,0.8159663865546218,0.0,1.0,0.0,0.0,0.0,0.0,0.0,0.0,0.0,0.0,0.0,0.0,0.0,0.0,0.0,0.0,0.0
94,Zircon,0.9974391805377721,781,31.534109856442154,102.78873239436619,3017.1523687580025,83,3002,123,3033,37.30097878051993,27.731694804815938,0.875560538116592,0.0,0.9974391805377721,0.002560819462227913,0.0,0.0,0.0,0.0,0.0,0.0,0.0,0.0,0.0,0.0,0.0,0.0,0.0,0.0
95,Zircon,1.0,249,17.805522925178455,103.39759036144578,371.87951807228916,93,366,116,381,23.2340125984298,14.225009020627143,0.9256505576208178,0.0,1.0,0.0,0.0,0.0,0.0,0.0,0.0,0.0,0.0,0.0,0.0,0.0,0.0,0.0,0.0,0.0
96,Rutile,1.0,636,28.456639830653998,104.15251572327044,1753.312893081761,93,1732,120,1774,40.93940908726475,22.245367208510913,0.7822878228782287,0.0,0.0,1.0,0.0,0.0,0.0,0.0,0.0,0.0,0.0,0.0,0.0,0.0,0.0,0.0,0.0,0.0
97,Zircon,1.0,253,17.94796937867892,104.96442687747036,359.8142292490119,94,352,117,367,22.48913810167113,15.104584118048122,0.937037037037037,0.0,1.0,0.0,0.0,0.0,0.0,0.0,0.0,0.0,0.0,0.0,0.0,0.0,0.0,0.0,0.0,0.0
98,Iron Oxides,1.0,246,17.697935698969246,105.32520325203252,2613.0934959349593,95,2606,119,2624,25.477642271099626,13.520867706884413,0.8395904436860068,0.0,0.0,0.0,0.0,1.0,0.0,0.0,0.0,0.0,0.0,0.0,0.0,0.0,0.0,0.0,0.0,0.0
99,Quartz,1.0,114,12.047792665040703,108.1842105263158,902.1140350877193,101,897,116,909,15.919526820112587,10.031185526137406,0.8321167883211679,0.0,0.0,0.0,0.0,0.0,0.0,1.0,0.0,0.0,0.0,0.0,0.0,0.0,0.0,0.0,0.0,0.0
100,Zircon,1.0,1576,44.79537389622523,106.77093908629442,2243.645939086294,84,2219,132,2271,48.720579204882014,42.06543144380011,0.9414575866188769,0.0,1.0,0.0,0.0,0.0,0.0,0.0,0.0,0.0,0.0,0.0,0.0,0.0,0.0,0.0,0.0,0.0
101,Rutile,1.0,153,13.957279475043833,104.07843137254902,2672.359477124183,98,2659,112,2685,27.29219660410688,9.848662030217795,0.6623376623376623,0.0,0.0,1.0,0.0,0.0,0.0,0.0,0.0,0.0,0.0,0.0,0.0,0.0,0.0,0.0,0.0,0.0
102,Zircon,1.0,1167,38.54699143520717,106.0497000856898,3277.1636675235645,83,3260,133,3290,52.311511940465614,29.598352218270023,0.975752508361204,0.0,1.0,0.0,0.0,0.0,0.0,0.0,0.0,0.0,0.0,0.0,0.0,0.0,0.0,0.0,0.0,0.0
103,Quartz,1.0,2463,55.99990177386658,114.6272838002436,3098.9062119366627,85,3062,143,3134,75.30357145315855,44.86854734944267,0.8540221914008321,0.0,0.0,0.0,0.0,0.0,0.0,1.0,0.0,0.0,0.0,0.0,0.0,0.0,0.0,0.0,0.0,0.0
104,Zircon,1.0,674,29.294426998176625,112.52818991097922,1061.887240356083,95,1050,135,1074,40.156829934392185,21.846967991498907,0.9348127600554785,0.0,1.0,0.0,0.0,0.0,0.0,0.0,0.0,0.0,0.0,0.0,0.0,0.0,0.0,0.0,0.0,0.0
105,Quartz,0.7428571428571429,385,22.140398025397776,107.01818181818182,995.7428571428571,95,982,119,1008,28.826286616907346,18.3603929522795,0.8498896247240618,0.0,0.0,0.0,0.0,0.0,0.0,0.7428571428571429,0.0,0.2571428571428571,0.0,0.0,0.0,0.0,0.0,0.0,0.0,0.0
106,Zircon,1.0,640,28.54598585844434,112.2140625,1623.628125,98,1611,129,1640,34.16289926956587,24.866151555578426,0.9288824383164006,0.0,1.0,0.0,0.0,0.0,0.0,0.0,0.0,0.0,0.0,0.0,0.0,0.0,0.0,0.0,0.0,0.0
107,Zircon,1.0,1353,41.50533825939352,96.37767923133777,2822.977827050998,69,2795,124,2858,73.3920009264289,33.50332262493009,0.6574344023323615,0.0,1.0,0.0,0.0,0.0,0.0,0.0,0.0,0.0,0.0,0.0,0.0,0.0,0.0,0.0,0.0,0.0
108,Monazite & Xenotime,1.0,495,25.104851615652017,113.41616161616162,710.0484848484848,99,697,128,726,31.474851165997766,20.963745349794806,0.8983666061705989,1.0,0.0,0.0,0.0,0.0,0.0,0.0,0.0,0.0,0.0,0.0,0.0,0.0,0.0,0.0,0.0,0.0
109,Zircon,1.0,454,24.04268606686374,111.0352422907489,1569.5286343612336,98,1559,125,1582,28.104289995905127,21.893243948312502,0.8680688336520076,0.0,1.0,0.0,0.0,0.0,0.0,0.0,0.0,0.0,0.0,0.0,0.0,0.0,0.0,0.0,0.0,0.0
110,Ilmenite,1.0,606,27.777385840094972,111.56105610561056,1705.0907590759075,101,1688,125,1725,37.2078686779282,21.889692667498437,0.8757225433526011,0.0,0.0,0.0,1.0,0.0,0.0,0.0,0.0,0.0,0.0,0.0,0.0,0.0,0.0,0.0,0.0,0.0
111,Zircon,1.0,1307,40.79367702192164,112.05814843152257,2575.8439173680185,95,2549,132,2600,48.08600984769184,37.04603663621996,0.866710875331565,0.0,1.0,0.0,0.0,0.0,0.0,0.0,0.0,0.0,0.0,0.0,0.0,0.0,0.0,0.0,0.0,0.0
112,Zircon,1.0,494,25.079480359432697,112.56275303643724,2073.016194331984,98,2059,128,2089,35.30375947024954,18.30395733019996,0.9518304431599229,0.0,1.0,0.0,0.0,0.0,0.0,0.0,0.0,0.0,0.0,0.0,0.0,0.0,0.0,0.0,0.0,0.0
113,Zircon,1.0,916,34.15095054280933,117.66266375545851,1949.9082969432313,98,1934,137,1967,40.975243677598115,28.87527568807281,0.9385245901639344,0.0,1.0,0.0,0.0,0.0,0.0,0.0,0.0,0.0,0.0,0.0,0.0,0.0,0.0,0.0,0.0,0.0
114,Zircon,1.0,526,25.879026267050612,114.20722433460077,2488.8022813688212,101,2477,129,2503,27.811754073772864,24.791293445436153,0.926056338028169,0.0,1.0,0.0,0.0,0.0,0.0,0.0,0.0,0.0,0.0,0.0,0.0,0.0,0.0,0.0,0.0,0.0
115,Zircon,1.0,809,32.09440436728413,122.31025957972805,1506.5512978986403,101,1492,145,1520,44.92676378402092,24.890437933007668,0.8280450358239508,0.0,1.0,0.0,0.0,0.0,0.0,0.0,0.0,0.0,0.0,0.0,0.0,0.0,0.0,0.0,0.0,0.0
116,Ilmenite,0.7820299500831946,601,27.66255531193445,119.64059900166389,2637.855241264559,104,2620,139,2654,35.11171665215808,25.73770115111132,0.7456575682382134,0.0,0.0,0.21797004991680533,0.7820299500831946,0.0,0.0,0.0,0.0,0.0,0.0,0.0,0.0,0.0,0.0,0.0,0.0,0.0
117,Rutile,1.0,1333,41.197430904511165,117.83795948987247,2857.1875468867215,96,2834,143,2886,48.05475068107657,40.86946513447424,0.7413793103448276,0.0,0.0,1.0,0.0,0.0,0.0,0.0,0.0,0.0,0.0,0.0,0.0,0.0,0.0,0.0,0.0,0.0
118,Rutile,1.0,503,25.30690599424961,118.25646123260438,884.1252485089464,105,870,131,897,28.515641674716424,23.515236716842317,0.8793706293706294,0.0,0.0,1.0,0.0,0.0,0.0,0.0,0.0,0.0,0.0,0.0,0.0,0.0,0.0,0.0,0.0,0.0
119,Zircon,1.0,881,33.49214891450948,111.09080590238365,2782.8342792281496,90,2768,132,2798,44.36506614908179,26.443617498500736,0.8774900398406374,0.0,1.0,0.0,0.0,0.0,0.0,0.0,0.0,0.0,0.0,0.0,0.0,0.0,0.0,0.0,0.0,0.0
120,Rutile,1.0,566,26.844991754889815,116.11660777385158,2982.3710247349823,101,2964,129,3005,37.509820159770015,25.365309729267988,0.7379400260756193,0.0,0.0,1.0,0.0,0.0,0.0,0.0,0.0,0.0,0.0,0.0,0.0,0.0,0.0,0.0,0.0,0.0
121,Rutile,1.0,461,24.22732816723524,118.89587852494577,923.0412147505423,110,908,137,949,42.58228228781297,19.515103602505583,0.7070552147239264,0.0,0.0,1.0,0.0,0.0,0.0,0.0,0.0,0.0,0.0,0.0,0.0,0.0,0.0,0.0,0.0,0.0
122,Zircon,1.0,566,26.844991754889815,124.04593639575971,2360.570671378092,114,2342,136,2379,35.113066750367125,20.677342900432006,0.9528619528619529,0.0,1.0,0.0,0.0,0.0,0.0,0.0,0.0,0.0,0.0,0.0,0.0,0.0,0.0,0.0,0.0,0.0
123,Zircon,1.0,540,26.221162334209897,128.5648148148148,3171.7703703703705,116,3158,143,3186,32.23092970195859,21.821938952709292,0.9326424870466321,0.0,1.0,0.0,0.0,0.0,0.0,0.0,0.0,0.0,0.0,0.0,0.0,0.0,0.0,0.0,0.0,0.0
124,Rutile,0.8345794392523365,1070,36.910246719124274,127.60747663551402,1422.5009345794392,107,1400,154,1450,41.72013782693204,39.93378204396452,0.7338820301783264,0.0,0.0,0.8345794392523365,0.0,0.0,0.0,0.1130841121495327,0.0,0.0,0.0,0.0,0.0,0.0,0.0,0.0,0.0,0.052336448598130844
125,Rutile,1.0,120,12.360774464742066,138.73333333333332,1448.275,132,1439,145,1458,20.47507701762568,9.417542673711951,0.7547169811320755,0.0,0.0,1.0,0.0,0.0,0.0,0.0,0.0,0.0,0.0,0.0,0.0,0.0,0.0,0.0,0.0,0.0
126,Quartz,1.0,271,18.575465448360347,123.90036900369003,1402.2140221402215,107,1395,140,1410,32.03791450461812,12.281502626051278,0.7465564738292011,0.0,0.0,0.0,0.0,0.0,0.0,1.0,0.0,0.0,0.0,0.0,0.0,0.0,0.0,0.0,0.0,0.0
127,Quartz,1.0,216,16.583719174624104,139.38888888888889,1438.3842592592594,128,1425,154,1452,35.15155862234806,11.173403677449574,0.6084507042253521,0.0,0.0,0.0,0.0,0.0,0.0,1.0,0.0,0.0,0.0,0.0,0.0,0.0,0.0,0.0,0.0,0.0
128,Quartz,1.0,145,13.58748446131949,145.2206896551724,1413.9379310344827,138,1402,156,1422,21.859662684071417,17.012483313147253,0.5555555555555556,0.0,0.0,0.0,0.0,0.0,0.0,1.0,0.0,0.0,0.0,0.0,0.0,0.0,0.0,0.0,0.0,0.0
129,Quartz,1.0,144,13.540550005146152,131.86111111111111,1123.0347222222222,126,1113,137,1134,21.5965621286695,9.68587258223587,0.8470588235294118,0.0,0.0,0.0,0.0,0.0,0.0,1.0,0.0,0.0,0.0,0.0,0.0,0.0,0.0,0.0,0.0,0.0
130,Rutile,1.0,195,15.756957549709801,129.63589743589745,1579.2615384615385,125,1565,137,1595,29.462710974638483,9.82903944427129,0.7831325301204819,0.0,0.0,1.0,0.0,0.0,0.0,0.0,0.0,0.0,0.0,0.0,0.0,0.0,0.0,0.0,0.0,0.0
131,Iron Oxides,1.0,350,21.11004122822376,128.04857142857142,2273.7628571428572,119,2260,140,2292,33.58753622536822,16.878469502847604,0.7113821138211383,0.0,0.0,0.0,0.0,1.0,0.0,0.0,0.0,0.0,0.0,0.0,0.0,0.0,0.0,0.0,0.0,0.0
132,Zircon,1.0,703,29.918011296689148,128.60170697012802,2673.3015647226175,112,2657,146,2689,36.72807467323244,25.758696879276535,0.9059278350515464,0.0,1.0,0.0,0.0,0.0,0.0,0.0,0.0,0.0,0.0,0.0,0.0,0.0,0.0,0.0,0.0,0.0
133,Monazite & Xenotime,0.9518922386144965,1559,44.55311942212485,126.32649134060296,2907.257216164208,100,2885,156,2929,59.72822916816712,35.1934678181764,0.8599007170435742,0.9518922386144965,0.0,0.0,0.0,0.0,0.0,0.04810776138550353,0.0,0.0,0.0,0.0,0.0,0.0,0.0,0.0,0.0,0.0
134,Rutile,1.0,310,19.867165345562018,131.7516129032258,481.65806451612906,121,467,142,496,29.783654523846767,14.766524992459988,0.8031088082901554,0.0,0.0,1.0,0.0,0.0,0.0,0.0,0.0,0.0,0.0,0.0,0.0,0.0,0.0,0.0,0.0,0.0
135,Monazite & Xenotime,1.0,162,14.361922094451577,137.1358024691358,1538.3456790123457,130,1528,147,1551,22.178757165675105,15.316236742996374,0.627906976744186,1.0,0.0,0.0,0.0,0.0,0.0,0.0,0.0,0.0,0.0,0.0,0.0,0.0,0.0,0.0,0.0,0.0
137,Zircon,1.0,1089,37.23651251415191,130.79247015610653,2531.619834710744,113,2515,155,2557,46.65205780198206,32.286481203513766,0.8970345963756178,0.0,1.0,0.0,0.0,0.0,0.0,0.0,0.0,0.0,0.0,0.0,0.0,0.0,0.0,0.0,0.0,0.0
138,Zircon,1.0,443,23.74963406702674,131.76749435665914,3203.96388261851,121,3189,146,3218,29.7956928604372,19.975581988841558,0.9077868852459017,0.0,1.0,0.0,0.0,0.0,0.0,0.0,0.0,0.0,0.0,0.0,0.0,0.0,0.0,0.0,0.0,0.0
139,Zircon,1.0,111,11.888212206450685,136.16216216216216,2513.5135135135133,118,2512,155,2516,42.185948818797556,3.4476106670567317,0.8604651162790697,0.0,1.0,0.0,0.0,0.0,0.0,0.0,0.0,0.0,0.0,0.0,0.0,0.0,0.0,0.0,0.0,0.0
140,Zircon,1.0,574,27.034043328329254,136.90766550522648,2503.3571428571427,119,2491,156,2513,35.919202228145146,21.789207716803823,0.9487603305785124,0.0,1.0,0.0,0.0,0.0,0.0,0.0,0.0,0.0,0.0,0.0,0.0,0.0,0.0,0.0,0.0,0.0
141,Rutile,1.0,220,16.73656774376801,136.59545454545454,1717.5590909090909,131,1700,142,1733,34.23243092366157,11.269142186463109,0.7457627118644068,0.0,0.0,1.0,0.0,0.0,0.0,0.0,0.0,0.0,0.0,0.0,0.0,0.0,0.0,0.0,0.0,0.0
142,Ilmenite,1.0,577,27.104597715372734,140.42807625649914,1166.5424610051994,128,1152,156,1182,29.114224769892854,26.04809654442398,0.927652733118971,0.0,0.0,0.0,1.0,0.0,0.0,0.0,0.0,0.0,0.0,0.0,0.0,0.0,0.0,0.0,0.0,0.0
143,Zircon,1.0,2103,51.745751154834416,138.0485021398003,1352.581550166429,107,1325,169,1375,62.24726146121229,44.19307502178399,0.9472972972972973,0.0,1.0,0.0,0.0,0.0,0.0,0.0,0.0,0.0,0.0,0.0,0.0,0.0,0.0,0.0,0.0,0.0
144,Rutile,1.0,131,12.914889870235298,143.84732824427482,789.3816793893129,136,784,153,795,16.87370063407459,10.569742661957719,0.8791946308724832,0.0,0.0,1.0,0.0,0.0,0.0,0.0,0.0,0.0,0.0,0.0,0.0,0.0,0.0,0.0,0.0,0.0
145,Zircon,1.0,775,31.412746571571088,143.26451612903224,2609.058064516129,124,2596,166,2624,44.65107528703203,22.51510530436944,0.9337349397590361,0.0,1.0,0.0,0.0,0.0,0.0,0.0,0.0,0.0,0.0,0.0,0.0,0.0,0.0,0.0,0.0,0.0
146,Zircon,0.954349698535745,1161,38.44777121547521,144.6244616709733,2405.4384151593454,128,2380,163,2431,50.717665992174794,29.427831155861533,0.9485294117647058,0.0,0.954349698535745,0.0,0.0,0.0,0.0,0.0,0.0,0.0,0.0,0.0,0.0,0.0,0.0,0.0,0.0,0.04565030146425495
147,Zircon,0.9784064120697784,10605,116.20114187010557,142.62998585572842,160.57359735973597,76,94,222,219,150.93695765483568,93.22743562082401,0.9120227038183695,0.0,0.9784064120697784,0.0,0.0,0.0,0.0,0.0,0.0,0.0,0.0,0.0,0.0,0.0,0.0,0.0,0.0,0.021593587930221595
148,Rutile,1.0,569,26.916041702938184,147.40773286467487,1707.4657293497364,133,1692,163,1730,37.01342068512544,24.338907980228157,0.7913769123783032,0.0,0.0,1.0,0.0,0.0,0.0,0.0,0.0,0.0,0.0,0.0,0.0,0.0,0.0,0.0,0.0,0.0
149,Quartz,1.0,267,18.437867513470433,143.99250936329588,1776.9925093632958,133,1766,154,1787,20.396409119140813,18.044879005903706,0.8811881188118812,0.0,0.0,0.0,0.0,0.0,0.0,1.0,0.0,0.0,0.0,0.0,0.0,0.0,0.0,0.0,0.0,0.0
150,Zircon,1.0,117,12.205286835384658,143.93162393162393,2834.91452991453,140,2824,149,2843,17.844624803486482,9.118961379717732,0.8666666666666667,0.0,1.0,0.0,0.0,0.0,0.0,0.0,0.0,0.0,0.0,0.0,0.0,0.0,0.0,0.0,0.0,0.0
151,Zircon,1.0,384,22.111625566165472,143.90104166666666,2289.7630208333335,132,2278,157,2302,25.236149866380973,20.005162080993927,0.9253012048192771,0.0,1.0,0.0,0.0,0.0,0.0,0.0,0.0,0.0,0.0,0.0,0.0,0.0,0.0,0.0,0.0,0.0
152,Zircon,1.0,2310,54.23267786434878,148.93203463203463,821.0108225108225,115,799,179,850,67.76928780072541,44.89722043074909,0.9280835676978706,0.0,1.0,0.0,0.0,0.0,0.0,0.0,0.0,0.0,0.0,0.0,0.0,0.0,0.0,0.0,0.0,0.0
153,Zircon,0.8333333333333334,354,21.23032733700184,144.75988700564972,1598.0677966101696,131,1590,162,1610,30.266983968746906,17.462100984249993,0.8027210884353742,0.0,0.8333333333333334,0.0,0.16666666666666666,0.0,0.0,0.0,0.0,0.0,0.0,0.0,0.0,0.0,0.0,0.0,0.0,0.0
154,Zircon,1.0,419,23.09734550211416,148.97374701670645,3191.126491646778,137,3179,162,3206,24.80937167527631,22.43460674057348,0.9069264069264069,0.0,1.0,0.0,0.0,0.0,0.0,0.0,0.0,0.0,0.0,0.0,0.0,0.0,0.0,0.0,0.0,0.0
155,Zircon,1.0,1401,42.23515836567874,146.04211277658814,1866.6324054246966,121,1849,173,1885,52.962068689460764,34.42209005670463,0.9021249195106246,0.0,1.0,0.0,0.0,0.0,0.0,0.0,0.0,0.0,0.0,0.0,0.0,0.0,0.0,0.0,0.0,0.0
156,Zircon,1.0,505,25.357168021907675,139.83168316831683,2182.710891089109,129,2168,150,2197,30.374607796794074,22.057631413038216,0.9510357815442562,0.0,1.0,0.0,0.0,0.0,0.0,0.0,0.0,0.0,0.0,0.0,0.0,0.0,0.0,0.0,0.0,0.0
157,Zircon,1.0,725,30.38253889873249,148.91172413793103,898.4441379310344,132,886,168,915,35.925755861329684,27.25929021252806,0.9165613147914032,0.0,1.0,0.0,0.0,0.0,0.0,0.0,0.0,0.0,0.0,0.0,0.0,0.0,0.0,0.0,0.0,0.0
158,Zircon,1.0,123,12.514330345744634,150.52845528455285,2845.317073170732,142,2840,159,2852,15.936657110139295,10.232014537695228,0.8661971830985915,0.0,1.0,0.0,0.0,0.0,0.0,0.0,0.0,0.0,0.0,0.0,0.0,0.0,0.0,0.0,0.0,0.0
159,Zircon,1.0,2048,51.064611891383386,150.94384765625,3253.35693359375,127,3225,174,3286,61.61915628221718,42.80614096424483,0.9601500234411627,0.0,1.0,0.0,0.0,0.0,0.0,0.0,0.0,0.0,0.0,0.0,0.0,0.0,0.0,0.0,0.0,0.0
160,Zircon,1.0,1124,37.83016320718592,152.81316725978647,871.2855871886121,133,852,172,888,41.65111093850922,35.36396116916082,0.9574105621805792,0.0,1.0,0.0,0.0,0.0,0.0,0.0,0.0,0.0,0.0,0.0,0.0,0.0,0.0,0.0,0.0,0.0
161,Zircon,1.0,823,32.37091511398834,152.75334143377887,1627.5200486026731,138,1609,169,1647,38.65716389749295,28.67587858301548,0.8868534482758621,0.0,1.0,0.0,0.0,0.0,0.0,0.0,0.0,0.0,0.0,0.0,0.0,0.0,0.0,0.0,0.0,0.0
162,Zircon,1.0,527,25.903614421069328,158.4933586337761,2179.2580645161293,149,2166,172,2196,31.379839218358434,22.29984465098462,0.947841726618705,0.0,1.0,0.0,0.0,0.0,0.0,0.0,0.0,0.0,0.0,0.0,0.0,0.0,0.0,0.0,0.0,0.0
163,Rutile,1.0,1013,35.91366952591617,162.65449160908193,2150.557749259625,141,2136,187,2167,44.78487791980353,29.45667758810336,0.9209090909090909,0.0,0.0,1.0,0.0,0.0,0.0,0.0,0.0,0.0,0.0,0.0,0.0,0.0,0.0,0.0,0.0,0.0
164,Quartz,1.0,254,17.983404693292407,154.46850393700788,1147.263779527559,146,1137,164,1159,23.89489003489722,13.85298104964694,0.8819444444444444,0.0,0.0,0.0,0.0,0.0,0.0,1.0,0.0,0.0,0.0,0.0,0.0,0.0,0.0,0.0,0.0,0.0
165,Rutile,1.0,243,17.58969042850512,153.9506172839506,1814.3621399176955,148,1803,165,1826,22.011342273216712,15.030739787218373,0.9,0.0,0.0,1.0,0.0,0.0,0.0,0.0,0.0,0.0,0.0,0.0,0.0,0.0,0.0,0.0,0.0,0.0
166,Zircon,1.0,1432,42.69987152276635,153.9909217877095,2968.9930167597763,136,2944,175,2994,49.38220718077486,37.39654610165364,0.9572192513368984,0.0,1.0,0.0,0.0,0.0,0.0,0.0,0.0,0.0,0.0,0.0,0.0,0.0,0.0,0.0,0.0,0.0
167,Zircon,1.0,757,31.045810270703488,155.2457067371202,95.79656538969617,136,81,175,111,40.370922040752,24.1888301522637,0.9570164348925411,0.0,1.0,0.0,0.0,0.0,0.0,0.0,0.0,0.0,0.0,0.0,0.0,0.0,0.0,0.0,0.0,0.0
168,Zircon,1.0,638,28.501347854812654,153.33228840125392,2758.962382445141,137,2744,169,2775,31.0405171226528,27.191434720387512,0.88,0.0,1.0,0.0,0.0,0.0,0.0,0.0,0.0,0.0,0.0,0.0,0.0,0.0,0.0,0.0,0.0,0.0
169,Rutile,0.9627870150435471,1263,40.1011414426137,156.30245447347585,3034.2628661916074,139,3009,176,3060,50.748714543176575,33.160475022027576,0.8825995807127882,0.0,0.0,0.9627870150435471,0.03721298495645289,0.0,0.0,0.0,0.0,0.0,0.0,0.0,0.0,0.0,0.0,0.0,0.0,0.0
170,Ilmenite,1.0,417,23.04215463350949,159.27338129496403,1582.3764988009593,145,1569,174,1602,32.96363086742179,20.325586480289193,0.7393617021276596,0.0,0.0,0.0,1.0,0.0,0.0,0.0,0.0,0.0,0.0,0.0,0.0,0.0,0.0,0.0,0.0,0.0
172,Ilmenite,1.0,121,12.412170838050638,160.56198347107437,1800.4214876033059,152,1796,172,1806,20.638877700676517,8.323556185925948,0.8402777777777778,0.0,0.0,0.0,1.0,0.0,0.0,0.0,0.0,0.0,0.0,0.0,0.0,0.0,0.0,0.0,0.0,0.0
173,Zircon,1.0,1421,42.53555445822549,160.01266713581984,2011.2026741731174,137,1990,185,2035,47.615411713779054,38.406143284317906,0.933026920551543,0.0,1.0,0.0,0.0,0.0,0.0,0.0,0.0,0.0,0.0,0.0,0.0,0.0,0.0,0.0,0.0,0.0
174,Zircon,1.0,541,26.245429958408437,159.53049907578557,2787.5619223659887,146,2774,175,2801,29.695826655974603,23.535012283111815,0.9232081911262798,0.0,1.0,0.0,0.0,0.0,0.0,0.0,0.0,0.0,0.0,0.0,0.0,0.0,0.0,0.0,0.0,0.0
175,Iron Oxides,1.0,279,18.847647942942654,158.47670250896059,2329.1111111111113,148,2316,169,2338,22.52806920593876,18.436959068125862,0.8454545454545455,0.0,0.0,0.0,0.0,1.0,0.0,0.0,0.0,0.0,0.0,0.0,0.0,0.0,0.0,0.0,0.0,0.0
177,Zircon,1.0,973,35.197472594311556,163.28674203494347,1386.1870503597122,146,1367,185,1409,40.03786776845165,33.15704744133946,0.899260628465804,0.0,1.0,0.0,0.0,0.0,0.0,0.0,0.0,0.0,0.0,0.0,0.0,0.0,0.0,0.0,0.0,0.0
178,Zircon,1.0,212,16.42944866646031,164.0754716981132,1895.4292452830189,156,1887,172,1907,19.607718927060375,14.371358129386879,0.8945147679324894,0.0,1.0,0.0,0.0,0.0,0.0,0.0,0.0,0.0,0.0,0.0,0.0,0.0,0.0,0.0,0.0,0.0
179,Zircon,1.0,554,26.558891313141824,162.07220216606498,3129.3808664259927,150,3116,177,3142,29.275046437946656,24.796146602002338,0.9486301369863014,0.0,1.0,0.0,0.0,0.0,0.0,0.0,0.0,0.0,0.0,0.0,0.0,0.0,0.0,0.0,0.0,0.0
180,Rutile,1.0,110,11.834540545406394,160.9181818181818,1538.2,154,1533,168,1545,13.57209203863601,11.258787730740263,0.8333333333333334,0.0,0.0,1.0,0.0,0.0,0.0,0.0,0.0,0.0,0.0,0.0,0.0,0.0,0.0,0.0,0.0,0.0
181,Zircon,1.0,309,19.83509564693766,165.2071197411003,3147.430420711974,153,3141,178,3157,26.57127887341225,15.438763057953057,0.9142011834319527,0.0,1.0,0.0,0.0,0.0,0.0,0.0,0.0,0.0,0.0,0.0,0.0,0.0,0.0,0.0,0.0,0.0
182,Rutile,1.0,118,12.257335203001883,168.90677966101694,1543.8983050847457,163,1536,176,1552,14.700200638488901,11.247881810689499,0.8489208633093526,0.0,0.0,1.0,0.0,0.0,0.0,0.0,0.0,0.0,0.0,0.0,0.0,0.0,0.0,0.0,0.0,0.0
184,Zircon,1.0,684,29.51094455619561,161.98830409356725,2814.2953216374267,145,2799,179,2833,40.62474835345521,21.743279566205914,0.9023746701846965,0.0,1.0,0.0,0.0,0.0,0.0,0.0,0.0,0.0,0.0,0.0,0.0,0.0,0.0,0.0,0.0,0.0
185,Zircon,1.0,1220,39.41258992475499,169.68196721311475,999.2303278688524,149,978,189,1021,42.191126649527476,37.10241556200718,0.9583660644147682,0.0,1.0,0.0,0.0,0.0,0.0,0.0,0.0,0.0,0.0,0.0,0.0,0.0,0.0,0.0,0.0,0.0
186,Zircon,1.0,1094,37.32189788770486,153.15173674588667,2698.761425959781,124,2682,171,2721,47.45074369506589,34.800709131676996,0.9048800661703887,0.0,1.0,0.0,0.0,0.0,0.0,0.0,0.0,0.0,0.0,0.0,0.0,0.0,0.0,0.0,0.0,0.0
188,Zircon,1.0,402,22.623931952327283,172.77114427860695,235.99253731343285,161,223,184,249,25.524826203125276,21.00610143439936,0.9136363636363637,0.0,1.0,0.0,0.0,0.0,0.0,0.0,0.0,0.0,0.0,0.0,0.0,0.0,0.0,0.0,0.0,0.0
189,Zircon,1.0,237,17.371176474327626,151.40928270042195,244.83544303797467,143,234,164,260,31.14607904156505,16.819915725042037,0.6253298153034301,0.0,1.0,0.0,0.0,0.0,0.0,0.0,0.0,0.0,0.0,0.0,0.0,0.0,0.0,0.0,0.0,0.0
190,Zircon,1.0,892,33.70058862844632,174.75896860986546,2588.825112107623,156,2571,193,2608,40.74719696840941,28.133019028615973,0.9459172852598091,0.0,1.0,0.0,0.0,0.0,0.0,0.0,0.0,0.0,0.0,0.0,0.0,0.0,0.0,0.0,0.0,0.0
191,Rutile,0.9160493827160494,405,22.708192698181442,169.68148148148148,2648.3333333333335,160,2630,182,2664,32.90316410837571,17.49569283143166,0.7773512476007678,0.0,0.0,0.9160493827160494,0.0,0.0,0.0,0.0,0.0,0.0,0.0,0.0,0.0,0.0,0.0,0.0,0.0,0.08395061728395062
192,Zircon,1.0,666,29.120053859730724,181.1081081081081,2704.6876876876877,172,2683,194,2724,39.77198860394073,22.74832622497058,0.919889502762431,0.0,1.0,0.0,0.0,0.0,0.0,0.0,0.0,0.0,0.0,0.0,0.0,0.0,0.0,0.0,0.0,0.0
193,Quartz,1.0,304,19.67396303746374,175.2828947368421,2349.032894736842,164,2339,187,2360,22.630427163083024,17.50000551454747,0.9156626506024096,0.0,0.0,0.0,0.0,0.0,0.0,1.0,0.0,0.0,0.0,0.0,0.0,0.0,0.0,0.0,0.0,0.0
194,Rutile,1.0,229,17.075475271404667,178.3886462882096,463.55458515283846,167,455,191,473,24.412873834915228,12.739634029420788,0.8641509433962264,0.0,0.0,1.0,0.0,0.0,0.0,0.0,0.0,0.0,0.0,0.0,0.0,0.0,0.0,0.0,0.0,0.0
195,Zircon,1.0,114,12.047792665040703,177.14912280701753,1175.657894736842,169,1170,184,1185,18.79596991623697,9.514106614115857,0.7862068965517242,0.0,1.0,0.0,0.0,0.0,0.0,0.0,0.0,0.0,0.0,0.0,0.0,0.0,0.0,0.0,0.0,0.0
196,Rutile,1.0,343,20.897874625046462,178.48396501457725,1257.271137026239,165,1248,197,1268,30.966913392830335,16.505090770823678,0.7795454545454545,0.0,0.0,1.0,0.0,0.0,0.0,0.0,0.0,0.0,0.0,0.0,0.0,0.0,0.0,0.0,0.0,0.0
197,Rutile,1.0,266,18.403307281560924,177.4624060150376,2371.6090225563908,166,2358,192,2389,39.19124558518112,10.289732487089175,0.7287671232876712,0.0,0.0,1.0,0.0,0.0,0.0,0.0,0.0,0.0,0.0,0.0,0.0,0.0,0.0,0.0,0.0,0.0
198,Ilmenite,0.8464849354375896,697,29.790064831759068,173.16786226685795,2388.8177905308467,159,2369,190,2406,36.58143878547319,26.9407382118989,0.8327359617682198,0.0,0.0,0.15351506456241032,0.8464849354375896,0.0,0.0,0.0,0.0,0.0,0.0,0.0,0.0,0.0,0.0,0.0,0.0,0.0
199,Monazite & Xenotime,1.0,126,12.666024736934256,175.94444444444446,2747.8650793650795,169,2742,183,2755,15.348569987465995,10.583821016848239,0.9473684210526315,1.0,0.0,0.0,0.0,0.0,0.0,0.0,0.0,0.0,0.0,0.0,0.0,0.0,0.0,0.0,0.0,0.0
200,Zircon,1.0,272,18.609705966725112,177.6433823529412,1607.8235294117646,172,1594,186,1620,25.39631791247803,14.371943911053412,0.912751677852349,0.0,1.0,0.0,0.0,0.0,0.0,0.0,0.0,0.0,0.0,0.0,0.0,0.0,0.0,0.0,0.0,0.0
201,Zircon,0.9990412272291467,4172,72.8831625317885,179.44391179290508,1949.1282358581016,141,1909,222,1989,87.6799652240908,62.32413334612205,0.9107181838026632,0.0,0.9990412272291467,0.0,0.0009587727708533077,0.0,0.0,0.0,0.0,0.0,0.0,0.0,0.0,0.0,0.0,0.0,0.0,0.0
202,Rutile,1.0,908,34.00149271163735,179.91409691629957,2082.0396475770926,161,2061,200,2099,39.98805514466381,32.79359929834187,0.8438661710037175,0.0,0.0,1.0,0.0,0.0,0.0,0.0,0.0,0.0,0.0,0.0,0.0,0.0,0.0,0.0,0.0,0.0
203,Rutile,1.0,269,18.5067943613625,177.59851301115242,1410.7434944237918,169,1397,187,1422,26.225675659596448,15.712164345420156,0.7819767441860465,0.0,0.0,1.0,0.0,0.0,0.0,0.0,0.0,0.0,0.0,0.0,0.0,0.0,0.0,0.0,0.0,0.0
204,Quartz,1.0,121,12.412170838050638,187.21487603305786,1410.8842975206612,182,1400,196,1420,21.222586202571094,10.391714847739062,0.6505376344086021,0.0,0.0,0.0,0.0,0.0,0.0,1.0,0.0,0.0,0.0,0.0,0.0,0.0,0.0,0.0,0.0,0.0
205,Rutile,0.8305400372439479,537,26.148224328293928,185.98882681564245,2657.260707635009,174,2640,200,2673,32.2172231940628,22.28059074258954,0.8523809523809524,0.0,0.0,0.8305400372439479,0.0,0.0,0.0,0.1191806331471136,0.0,0.0,0.0,0.0,0.0,0.0,0.0,0.0,0.0,0.05027932960893855
206,Monazite & Xenotime,1.0,183,15.26443044094783,184.4262295081967,2738.502732240437,176,2730,192,2748,17.996666810672636,13.969913169242103,0.8798076923076923,1.0,0.0,0.0,0.0,0.0,0.0,0.0,0.0,0.0,0.0,0.0,0.0,0.0,0.0,0.0,0.0,0.0
207,Rutile,1.0,296,19.413369239820483,182.20945945945945,706.0135135135135,170,697,194,715,22.744294075175667,17.418312155431767,0.8942598187311178,0.0,0.0,1.0,0.0,0.0,0.0,0.0,0.0,0.0,0.0,0.0,0.0,0.0,0.0,0.0,0.0,0.0
208,Rutile,1.0,564,26.797520467958073,181.145390070922,1470.4875886524824,170,1453,195,1487,32.591931295306985,23.800138949372016,0.8826291079812206,0.0,0.0,1.0,0.0,0.0,0.0,0.0,0.0,0.0,0.0,0.0,0.0,0.0,0.0,0.0,0.0,0.0
209,Quartz,1.0,1348,41.42857596276994,182.1112759643917,1673.580118694362,161,1644,203,1701,57.12664959843745,31.954650421133888,0.8575063613231552,0.0,0.0,0.0,0.0,0.0,0.0,1.0,0.0,0.0,0.0,0.0,0.0,0.0,0.0,0.0,0.0,0.0
210,Monazite & Xenotime,1.0,138,13.255453865237978,187.2753623188406,1762.4855072463768,180,1757,197,1771,20.681108556337357,10.072338821270614,0.8117647058823529,1.0,0.0,0.0,0.0,0.0,0.0,0.0,0.0,0.0,0.0,0.0,0.0,0.0,0.0,0.0,0.0,0.0
211,Rutile,1.0,1156,38.36489168124743,187.8174740484429,732.7949826989619,166,713,215,750,46.4734012091321,33.34396771761964,0.9218500797448166,0.0,0.0,1.0,0.0,0.0,0.0,0.0,0.0,0.0,0.0,0.0,0.0,0.0,0.0,0.0,0.0,0.0
212,Rutile,1.0,206,16.195287778099022,180.27184466019418,1533.514563106796,166,1527,192,1545,28.461278960631308,13.21050290817763,0.6912751677852349,0.0,0.0,1.0,0.0,0.0,0.0,0.0,0.0,0.0,0.0,0.0,0.0,0.0,0.0,0.0,0.0,0.0
213,Ilmenite,1.0,361,21.43920417481474,185.78947368421052,850.7590027700832,175,840,198,862,22.987280163566208,20.678430895484347,0.9116161616161617,0.0,0.0,0.0,1.0,0.0,0.0,0.0,0.0,0.0,0.0,0.0,0.0,0.0,0.0,0.0,0.0,0.0
214,Zircon,1.0,1720,46.797136845585754,184.31337209302325,2872.196511627907,162,2845,213,2896,48.874051275943984,46.280171658376,0.8921161825726142,0.0,1.0,0.0,0.0,0.0,0.0,0.0,0.0,0.0,0.0,0.0,0.0,0.0,0.0,0.0,0.0,0.0
215,Zircon,1.0,732,30.52886088189566,185.9275956284153,1568.422131147541,168,1555,204,1586,35.17891010034075,28.91387249768871,0.8948655256723717,0.0,1.0,0.0,0.0,0.0,0.0,0.0,0.0,0.0,0.0,0.0,0.0,0.0,0.0,0.0,0.0,0.0
216,Zircon,1.0,711,30.087760240780646,188.20253164556962,1889.873417721519,174,1873,202,1910,36.705389000108696,27.425260668249596,0.8821339950372209,0.0,1.0,0.0,0.0,0.0,0.0,0.0,0.0,0.0,0.0,0.0,0.0,0.0,0.0,0.0,0.0,0.0
217,Ilmenite,1.0,518,25.68147355921802,187.33783783783784,2806.426640926641,174,2792,202,2823,34.9983336604385,19.83327572071627,0.8809523809523809,0.0,0.0,0.0,1.0,0.0,0.0,0.0,0.0,0.0,0.0,0.0,0.0,0.0,0.0,0.0,0.0,0.0
218,Zircon,1.0,234,17.26088217525478,186.12820512820514,3045.551282051282,178,3035,195,3058,25.180476223333386,12.732524776565961,0.8210526315789474,0.0,1.0,0.0,0.0,0.0,0.0,0.0,0.0,0.0,0.0,0.0,0.0,0.0,0.0,0.0,0.0,0.0
219,Zircon,1.0,1026,36.14337799512211,188.7261208576998,1788.1276803118908,163,1768,210,1808,41.97925900737222,35.149029996923176,0.7850038255547054,0.0,1.0,0.0,0.0,0.0,0.0,0.0,0.0,0.0,0.0,0.0,0.0,0.0,0.0,0.0,0.0,0.0
220,Zircon,0.960880195599022,1636,45.64011278674415,199.3557457212714,2300.6650366748167,174,2282,228,2326,54.44562816457173,41.0770662200582,0.8833693304535637,0.0,0.960880195599022,0.0,0.0,0.0,0.0,0.0,0.0,0.0,0.0,0.0,0.0,0.0,0.0,0.0,0.0,0.039119804400977995
221,Zircon,1.0,1017,35.98450523483212,194.7266470009833,328.7266470009833,175,310,214,347,41.80877500218351,31.774634017674476,0.9425393883225208,0.0,1.0,0.0,0.0,0.0,0.0,0.0,0.0,0.0,0.0,0.0,0.0,0.0,0.0,0.0,0.0,0.0
222,Zircon,1.0,549,26.438769072322643,196.95810564663023,1597.688524590164,184,1583,213,1614,33.938442940557756,21.674876712248604,0.9,0.0,1.0,0.0,0.0,0.0,0.0,0.0,0.0,0.0,0.0,0.0,0.0,0.0,0.0,0.0,0.0,0.0
224,Quartz,1.0,341,20.83685880248485,193.9765395894428,1717.1788856304986,182,1707,208,1727,26.76100369686029,16.597247851537766,0.899736147757256,0.0,0.0,0.0,0.0,0.0,0.0,1.0,0.0,0.0,0.0,0.0,0.0,0.0,0.0,0.0,0.0,0.0
225,Zircon,1.0,607,27.80029502818709,192.77100494233937,2990.670510708402,178,2980,210,3005,32.05867803822885,24.547661835341575,0.9681020733652312,0.0,1.0,0.0,0.0,0.0,0.0,0.0,0.0,0.0,0.0,0.0,0.0,0.0,0.0,0.0,0.0,0.0
227,Rutile,1.0,287,19.115955360352558,196.69686411149826,2195.574912891986,185,2182,211,2207,30.48063854212803,15.28285781792211,0.7139303482587065,0.0,0.0,1.0,0.0,0.0,0.0,0.0,0.0,0.0,0.0,0.0,0.0,0.0,0.0,0.0,0.0,0.0
228,Quartz,1.0,580,27.17496892263898,190.82758620689654,2761.115517241379,173,2750,209,2776,37.48027905552368,20.41571989668398,0.8787878787878788,0.0,0.0,0.0,0.0,0.0,0.0,1.0,0.0,0.0,0.0,0.0,0.0,0.0,0.0,0.0,0.0,0.0
229,Ilmenite,1.0,680,29.42452872043851,198.06323529411765,960.7617647058823,185,942,213,982,41.8711029725134,21.23656283199055,0.8970976253298153,0.0,0.0,0.0,1.0,0.0,0.0,0.0,0.0,0.0,0.0,0.0,0.0,0.0,0.0,0.0,0.0,0.0
230,Monazite & Xenotime,1.0,1242,39.76636159571394,196.40740740740742,1336.0281803542673,172,1311,221,1363,57.751775465775374,30.1933053890787,0.8380566801619433,1.0,0.0,0.0,0.0,0.0,0.0,0.0,0.0,0.0,0.0,0.0,0.0,0.0,0.0,0.0,0.0,0.0
231,Quartz,1.0,440,23.66908109081279,203.63181818181818,2687.734090909091,192,2675,219,2699,27.978329195486776,21.23770515433248,0.8576998050682261,0.0,0.0,0.0,0.0,0.0,0.0,1.0,0.0,0.0,0.0,0.0,0.0,0.0,0.0,0.0,0.0,0.0
232,Rutile,1.0,607,27.80029502818709,204.8978583196046,1740.4514003294894,190,1728,222,1755,32.88163657640483,24.639412979061266,0.8646723646723646,0.0,0.0,1.0,0.0,0.0,0.0,0.0,0.0,0.0,0.0,0.0,0.0,0.0,0.0,0.0,0.0,0.0
233,Zircon,1.0,782,31.554291688816235,200.95012787723786,3246.968030690537,182,3231,222,3266,46.08651949884693,21.964097637374135,0.9135514018691588,0.0,1.0,0.0,0.0,0.0,0.0,0.0,0.0,0.0,0.0,0.0,0.0,0.0,0.0,0.0,0.0,0.0
234,Ilmenite,1.0,746,30.81942083122964,202.80428954423593,298.55227882037536,184,287,222,315,37.07219667207335,26.827588858785706,0.9031476997578692,0.0,0.0,0.0,1.0,0.0,0.0,0.0,0.0,0.0,0.0,0.0,0.0,0.0,0.0,0.0,0.0,0.0
235,Rutile,1.0,1122,37.796491493164446,205.04188948306594,371.7005347593583,186,347,229,394,42.98200506528793,38.73761751319765,0.7622282608695652,0.0,0.0,1.0,0.0,0.0,0.0,0.0,0.0,0.0,0.0,0.0,0.0,0.0,0.0,0.0,0.0,0.0
236,Zircon,1.0,303,19.64157789116634,203.1914191419142,2785.3003300330033,192,2776,216,2797,22.294704816267796,18.331181577868946,0.8681948424068768,0.0,1.0,0.0,0.0,0.0,0.0,0.0,0.0,0.0,0.0,0.0,0.0,0.0,0.0,0.0,0.0,0.0
237,Zircon,1.0,990,35.50362163621919,200.55959595959595,259.3838383838384,183,238,218,283,47.45276823171273,27.953251799711346,0.9,0.0,1.0,0.0,0.0,0.0,0.0,0.0,0.0,0.0,0.0,0.0,0.0,0.0,0.0,0.0,0.0,0.0
238,Rutile,1.0,173,14.841510746523857,203.3757225433526,2181.549132947977,196,2174,215,2192,18.120855197846566,15.426003394812293,0.7330508474576272,0.0,0.0,1.0,0.0,0.0,0.0,0.0,0.0,0.0,0.0,0.0,0.0,0.0,0.0,0.0,0.0,0.0
239,Zircon,1.0,611,27.891743614073043,203.16366612111293,2970.0441898527006,184,2956,219,2984,32.544604540106036,25.694211147771487,0.9065281899109793,0.0,1.0,0.0,0.0,0.0,0.0,0.0,0.0,0.0,0.0,0.0,0.0,0.0,0.0,0.0,0.0,0.0
240,Rutile,1.0,144,13.540550005146152,204.36805555555554,1456.4375,194,1450,215,1462,20.125404600531265,10.097542949427465,0.8470588235294118,0.0,0.0,1.0,0.0,0.0,0.0,0.0,0.0,0.0,0.0,0.0,0.0,0.0,0.0,0.0,0.0,0.0
241,Zircon,1.0,202,16.03728119216293,206.7128712871287,1531.381188118812,198,1518,217,1544,25.73365662006929,12.067315733018674,0.7829457364341085,0.0,1.0,0.0,0.0,0.0,0.0,0.0,0.0,0.0,0.0,0.0,0.0,0.0,0.0,0.0,0.0,0.0
242,Zircon,1.0,1584,44.90892382211466,205.62878787878788,1388.7291666666667,185,1362,227,1417,56.630461235576355,35.889087694255444,0.9383886255924171,0.0,1.0,0.0,0.0,0.0,0.0,0.0,0.0,0.0,0.0,0.0,0.0,0.0,0.0,0.0,0.0,0.0
243,Zircon,1.0,1189,38.90863424344407,203.19848612279227,1049.4020185029437,185,1024,223,1079,59.67837700740896,25.914234809782688,0.9104134762633997,0.0,1.0,0.0,0.0,0.0,0.0,0.0,0.0,0.0,0.0,0.0,0.0,0.0,0.0,0.0,0.0,0.0
244,Zircon,0.9711417816813049,2391,55.17531831772042,208.79715600167293,1829.7528230865746,181,1798,239,1861,64.33719625273376,48.70530595898903,0.9220979560354802,0.0,0.9711417816813049,0.0,0.0,0.0,0.0,0.0,0.0,0.0,0.0,0.0,0.0,0.0,0.0,0.0,0.0,0.028858218318695106
247,Zircon,1.0,294,19.347672370394786,210.03401360544217,2638.2380952380954,199,2630,222,2646,24.378197803086998,15.905835993881412,0.9423076923076923,0.0,1.0,0.0,0.0,0.0,0.0,0.0,0.0,0.0,0.0,0.0,0.0,0.0,0.0,0.0,0.0,0.0
248,Rutile,1.0,2721,58.859874288214186,193.888276368982,2127.301359794193,146,2099,231,2163,98.1313790353545,46.41145588334429,0.7692960135708228,0.0,0.0,1.0,0.0,0.0,0.0,0.0,0.0,0.0,0.0,0.0,0.0,0.0,0.0,0.0,0.0,0.0
249,Zircon,1.0,420,23.12489154112443,212.22380952380954,2654.8714285714286,200,2645,224,2668,25.511973282125048,22.088069223419634,0.9130434782608695,0.0,1.0,0.0,0.0,0.0,0.0,0.0,0.0,0.0,0.0,0.0,0.0,0.0,0.0,0.0,0.0,0.0
250,Rutile,1.0,101,11.340070282773887,202.22772277227722,2666.4950495049507,198,2660,209,2675,15.010028538562485,9.100517766940897,0.8487394957983193,0.0,0.0,1.0,0.0,0.0,0.0,0.0,0.0,0.0,0.0,0.0,0.0,0.0,0.0,0.0,0.0,0.0
251,Ilmenite,1.0,381,22.025082668269306,208.31233595800524,1914.5301837270342,194,1901,220,1926,29.337506472655164,21.918073448753002,0.7544554455445545,0.0,0.0,0.0,1.0,0.0,0.0,0.0,0.0,0.0,0.0,0.0,0.0,0.0,0.0,0.0,0.0,0.0
252,Zircon,1.0,863,33.14823867276277,208.34530706836617,2341.297798377752,186,2328,229,2356,41.863161699742335,27.019338844751545,0.9229946524064171,0.0,1.0,0.0,0.0,0.0,0.0,0.0,0.0,0.0,0.0,0.0,0.0,0.0,0.0,0.0,0.0,0.0
253,Zircon,0.9827866190321533,3079,62.61233551177887,213.9373173108152,2919.1490743747972,187,2883,243,2955,71.42768899244521,55.61084832404338,0.9319007263922519,0.0,0.9827866190321533,0.0,0.0,0.0,0.0,0.0,0.0,0.0,0.0,0.0,0.0,0.0,0.0,0.0,0.0,0.017213380967846702
254,Zircon,1.0,1265,40.13287958881073,216.4,1152.1873517786562,194,1133,241,1173,49.8988376473119,32.49205745314358,0.9426229508196722,0.0,1.0,0.0,0.0,0.0,0.0,0.0,0.0,0.0,0.0,0.0,0.0,0.0,0.0,0.0,0.0,0.0
255,Rutile,1.0,2286,53.95021407987722,228.98075240594926,1299.950568678915,195,1276,276,1328,86.5788237955781,41.61405758785667,0.7446254071661238,0.0,0.0,1.0,0.0,0.0,0.0,0.0,0.0,0.0,0.0,0.0,0.0,0.0,0.0,0.0,0.0,0.0
256,Ilmenite,1.0,139,13.303394180365686,211.3884892086331,2853.3237410071943,204,2843,221,2867,29.07134046150745,7.965933565735903,0.6915422885572139,0.0,0.0,0.0,1.0,0.0,0.0,0.0,0.0,0.0,0.0,0.0,0.0,0.0,0.0,0.0,0.0,0.0
257,Zircon,1.0,264,18.333991376950163,214.82954545454547,140.4431818181818,205,131,226,150,20.96070128863316,16.626349655474666,0.9230769230769231,0.0,1.0,0.0,0.0,0.0,0.0,0.0,0.0,0.0,0.0,0.0,0.0,0.0,0.0,0.0,0.0,0.0
258,Quartz,1.0,738,30.653723819701746,212.84959349593495,1110.2615176151762,195,1097,231,1125,36.154902481013245,26.511456471144168,0.9133663366336634,0.0,0.0,0.0,0.0,0.0,0.0,1.0,0.0,0.0,0.0,0.0,0.0,0.0,0.0,0.0,0.0,0.0
259,Rutile,1.0,2197,52.88957628666685,214.45471096950388,785.9503868912153,186,760,244,810,58.738344627195644,48.52089475247682,0.9321170980059398,0.0,0.0,1.0,0.0,0.0,0.0,0.0,0.0,0.0,0.0,0.0,0.0,0.0,0.0,0.0,0.0,0.0
260,Ilmenite,1.0,132,12.964089628857149,220.9469696969697,2866.431818181818,214,2854,227,2877,28.517734235722003,9.300443342421703,0.6567164179104478,0.0,0.0,0.0,1.0,0.0,0.0,0.0,0.0,0.0,0.0,0.0,0.0,0.0,0.0,0.0,0.0,0.0
262,Iron Oxides,1.0,138,13.255453865237978,220.52173913043478,2367.536231884058,212,2359,231,2376,19.74923656658984,11.600722855445683,0.7582417582417582,0.0,0.0,0.0,0.0,1.0,0.0,0.0,0.0,0.0,0.0,0.0,0.0,0.0,0.0,0.0,0.0,0.0
263,Ilmenite,0.8784810126582279,395,22.42609239636699,221.80253164556962,1184.392405063291,212,1173,232,1200,26.02122240387397,20.147073717654518,0.9186046511627907,0.0,0.0,0.12151898734177215,0.8784810126582279,0.0,0.0,0.0,0.0,0.0,0.0,0.0,0.0,0.0,0.0,0.0,0.0,0.0
265,Zircon,1.0,479,24.695783889727878,213.482254697286,2814.5511482254697,204,2800,223,2833,32.49995608137633,19.402943728831392,0.9373776908023483,0.0,1.0,0.0,0.0,0.0,0.0,0.0,0.0,0.0,0.0,0.0,0.0,0.0,0.0,0.0,0.0,0.0
266,Zircon,1.0,904,33.92651689225682,217.78982300884957,1251.5530973451328,197,1230,236,1270,45.09782300242161,26.806103869722953,0.9309989701338826,0.0,1.0,0.0,0.0,0.0,0.0,0.0,0.0,0.0,0.0,0.0,0.0,0.0,0.0,0.0,0.0,0.0
267,Zircon,1.0,386,22.16913314200113,229.1476683937824,2821.7875647668393,222,2806,240,2838,32.323159073290434,16.071970498560724,0.871331828442438,0.0,1.0,0.0,0.0,0.0,0.0,0.0,0.0,0.0,0.0,0.0,0.0,0.0,0.0,0.0,0.0,0.0
268,Zircon,0.9994134897360704,1705,46.59263271992099,222.42639296187684,2262.3454545454547,195,2241,247,2287,50.88463464502891,43.333042462132326,0.9216216216216216,0.0,0.9994134897360704,0.0,0.0,0.0,0.0,0.0005865102639296188,0.0,0.0,0.0,0.0,0.0,0.0,0.0,0.0,0.0,0.0
269,Rutile,1.0,146,13.63425735166143,224.06164383561645,2395.9520547945203,219,2389,231,2406,18.405466564064415,11.293900131489064,0.8390804597701149,0.0,0.0,1.0,0.0,0.0,0.0,0.0,0.0,0.0,0.0,0.0,0.0,0.0,0.0,0.0,0.0,0.0
270,Zircon,1.0,1280,40.370120352322566,223.1453125,2723.17109375,200,2697,244,2747,58.05037402396382,28.94970388406039,0.9228550829127613,0.0,1.0,0.0,0.0,0.0,0.0,0.0,0.0,0.0,0.0,0.0,0.0,0.0,0.0,0.0,0.0,0.0
271,Rutile,1.0,142,13.446189622059965,223.3943661971831,1753.9647887323943,218,1746,229,1762,16.06758552412766,11.44985199985634,0.9466666666666667,0.0,0.0,1.0,0.0,0.0,0.0,0.0,0.0,0.0,0.0,0.0,0.0,0.0,0.0,0.0,0.0,0.0
273,Quartz,1.0,570,26.939683377854365,227.35263157894738,1516.238596491228,215,1504,242,1531,28.97473837374808,26.090918514683526,0.9253246753246753,0.0,0.0,0.0,0.0,0.0,0.0,1.0,0.0,0.0,0.0,0.0,0.0,0.0,0.0,0.0,0.0,0.0
274,Rutile,1.0,917,34.16958680642984,239.51581243184296,3088.718647764449,209,3071,264,3107,52.52828843361573,25.952754109074057,0.7461350691619203,0.0,0.0,1.0,0.0,0.0,0.0,0.0,0.0,0.0,0.0,0.0,0.0,0.0,0.0,0.0,0.0,0.0
275,Ilmenite,0.8728448275862069,464,24.306031118985995,221.32758620689654,3098.0474137931033,208,3083,239,3115,41.30343096725876,21.578992748182493,0.6619115549215406,0.0,0.0,0.1271551724137931,0.8728448275862069,0.0,0.0,0.0,0.0,0.0,0.0,0.0,0.0,0.0,0.0,0.0,0.0,0.0
277,Zircon,1.0,830,32.5082885143187,230.19397590361444,1437.2963855421688,216,1415,247,1462,49.71875353141382,22.433289292059186,0.8867521367521367,0.0,1.0,0.0,0.0,0.0,0.0,0.0,0.0,0.0,0.0,0.0,0.0,0.0,0.0,0.0,0.0,0.0
278,Zircon,1.0,808,32.07456238432586,226.8601485148515,2427.045792079208,208,2410,245,2447,42.818800562731774,24.264749950413282,0.9472450175849941,0.0,1.0,0.0,0.0,0.0,0.0,0.0,0.0,0.0,0.0,0.0,0.0,0.0,0.0,0.0,0.0,0.0
281,Zircon,1.0,454,24.04268606686374,232.99559471365637,398.48017621145374,221,387,246,412,24.853465421731194,23.75664019719024,0.9116465863453815,0.0,1.0,0.0,0.0,0.0,0.0,0.0,0.0,0.0,0.0,0.0,0.0,0.0,0.0,0.0,0.0,0.0
282,Quartz,1.0,129,12.815923738491737,233.45736434108528,753.9457364341085,226,747,242,763,20.08349683908702,8.816135445430579,0.8113207547169812,0.0,0.0,0.0,0.0,0.0,0.0,1.0,0.0,0.0,0.0,0.0,0.0,0.0,0.0,0.0,0.0,0.0
283,Zircon,1.0,2323,54.38506653870879,235.03960396039605,2067.80198019802,209,2038,261,2099,62.68677772616139,47.317271635292855,0.9727805695142379,0.0,1.0,0.0,0.0,0.0,0.0,0.0,0.0,0.0,0.0,0.0,0.0,0.0,0.0,0.0,0.0,0.0
284,Rutile,1.0,194,15.716503163191918,239.5721649484536,94.81443298969072,229,88,253,105,21.349750968443907,14.83403831141898,0.7211895910780669,0.0,0.0,1.0,0.0,0.0,0.0,0.0,0.0,0.0,0.0,0.0,0.0,0.0,0.0,0.0,0.0,0.0
285,Illite,1.0,206,16.195287778099022,233.38834951456312,2212.140776699029,219,2205,245,2222,27.023609665387653,12.380858128476975,0.6776315789473685,0.0,0.0,0.0,0.0,0.0,0.0,0.0,0.0,0.0,0.0,0.0,0.0,1.0,0.0,0.0,0.0,0.0
286,Rutile,1.0,204,16.11647812414279,237.26470588235293,2876.450980392157,231,2865,245,2888,21.498741661275712,13.24051432651727,0.8395061728395061,0.0,0.0,1.0,0.0,0.0,0.0,0.0,0.0,0.0,0.0,0.0,0.0,0.0,0.0,0.0,0.0,0.0
287,Zircon,1.0,1520,43.992318738587166,262.1513157894737,290.62302631578945,227,266,298,317,87.13483907505776,22.97517522685101,0.9212121212121213,0.0,1.0,0.0,0.0,0.0,0.0,0.0,0.0,0.0,0.0,0.0,0.0,0.0,0.0,0.0,0.0,0.0
288,Zircon,1.0,800,31.915382432114615,238.94875,3227.85125,226,3208,253,3249,42.8647039793858,24.604493548123013,0.9101251422070534,0.0,1.0,0.0,0.0,0.0,0.0,0.0,0.0,0.0,0.0,0.0,0.0,0.0,0.0,0.0,0.0,0.0
289,Quartz,1.0,485,24.849973424463737,249.84742268041236,199.4,233,191,272,210,41.37321886800316,16.455267529785687,0.8538732394366197,0.0,0.0,0.0,0.0,0.0,0.0,1.0,0.0,0.0,0.0,0.0,0.0,0.0,0.0,0.0,0.0,0.0
292,Rutile,1.0,642,28.590554169515052,244.18691588785046,666.4750778816199,231,651,261,683,32.766873915235514,27.26345072667039,0.816793893129771,0.0,0.0,1.0,0.0,0.0,0.0,0.0,0.0,0.0,0.0,0.0,0.0,0.0,0.0,0.0,0.0,0.0
293,Quartz,1.0,885,33.568094927931476,242.04293785310733,1355.7118644067796,223,1338,265,1380,48.150789979804905,26.898408183612148,0.8111824014665444,0.0,0.0,0.0,0.0,0.0,0.0,1.0,0.0,0.0,0.0,0.0,0.0,0.0,0.0,0.0,0.0,0.0
294,Zircon,1.0,1088,37.219411933450225,242.34742647058823,1640.1829044117646,220,1621,265,1659,48.9408147838518,28.857521932071947,0.9220338983050848,0.0,1.0,0.0,0.0,0.0,0.0,0.0,0.0,0.0,0.0,0.0,0.0,0.0,0.0,0.0,0.0,0.0
295,Zircon,1.0,410,22.847936741452536,242.84634146341463,2762.680487804878,234,2745,253,2780,37.89977295547023,14.106076419696242,0.8951965065502183,0.0,1.0,0.0,0.0,0.0,0.0,0.0,0.0,0.0,0.0,0.0,0.0,0.0,0.0,0.0,0.0,0.0
296,Zircon,1.0,390,22.283703068536735,247.34102564102565,1667.679487179487,235,1659,262,1681,26.5613562647057,20.625977497447344,0.8478260869565217,0.0,1.0,0.0,0.0,0.0,0.0,0.0,0.0,0.0,0.0,0.0,0.0,0.0,0.0,0.0,0.0,0.0
297,Zircon,1.0,616,28.00563442518059,244.8944805194805,1704.3035714285713,230,1691,262,1720,31.897256238836025,25.398193814160418,0.8927536231884058,0.0,1.0,0.0,0.0,0.0,0.0,0.0,0.0,0.0,0.0,0.0,0.0,0.0,0.0,0.0,0.0,0.0
298,Quartz,1.0,1456,43.056204862184465,242.85164835164835,1054.2074175824175,217,1037,268,1076,51.25533627216603,37.6660210304363,0.9111389236545682,0.0,0.0,0.0,0.0,0.0,0.0,1.0,0.0,0.0,0.0,0.0,0.0,0.0,0.0,0.0,0.0,0.0
299,Zircon,1.0,747,30.8400703617415,246.5140562248996,1777.7831325301204,227,1763,266,1795,41.328632655397584,23.881282062991033,0.89568345323741,0.0,1.0,0.0,0.0,0.0,0.0,0.0,0.0,0.0,0.0,0.0,0.0,0.0,0.0,0.0,0.0,0.0
300,Zircon,1.0,1492,43.585242924008845,249.91353887399464,1129.1012064343163,230,1101,279,1153,59.08184686124692,35.16595473555692,0.8817966903073287,0.0,1.0,0.0,0.0,0.0,0.0,0.0,0.0,0.0,0.0,0.0,0.0,0.0,0.0,0.0,0.0,0.0
301,Zircon,1.0,812,32.15385684991696,245.89285714285714,2849.868226600985,228,2834,264,2868,36.59917109564846,28.824246799174244,0.9216799091940976,0.0,1.0,0.0,0.0,0.0,0.0,0.0,0.0,0.0,0.0,0.0,0.0,0.0,0.0,0.0,0.0,0.0
302,Zircon,1.0,931,34.42943531556155,246.67561761546725,598.6476906552094,235,577,261,625,48.75747412996762,24.84368920997135,0.9461382113821138,0.0,1.0,0.0,0.0,0.0,0.0,0.0,0.0,0.0,0.0,0.0,0.0,0.0,0.0,0.0,0.0,0.0
303,Iron Oxides,1.0,142,13.446189622059965,251.14788732394365,1409.7112676056338,244,1402,258,1421,20.230987197641326,10.38190384712361,0.8255813953488372,0.0,0.0,0.0,0.0,1.0,0.0,0.0,0.0,0.0,0.0,0.0,0.0,0.0,0.0,0.0,0.0,0.0
304,Rutile,1.0,709,30.045412914740087,249.48236953455572,1911.145275035261,232,1893,268,1923,36.405484221401515,26.662423179230384,0.9031847133757962,0.0,0.0,1.0,0.0,0.0,0.0,0.0,0.0,0.0,0.0,0.0,0.0,0.0,0.0,0.0,0.0,0.0
305,Quartz,1.0,501,25.25654394235911,249.91816367265469,2292.249500998004,239,2278,266,2308,26.53321182564045,25.981478016133465,0.8867256637168142,0.0,0.0,0.0,0.0,0.0,0.0,1.0,0.0,0.0,0.0,0.0,0.0,0.0,0.0,0.0,0.0,0.0
307,Rutile,1.0,886,33.5870545989873,246.17494356659142,1935.5011286681715,229,1922,269,1957,46.80936592095279,26.807328015387444,0.8868868868868869,0.0,0.0,1.0,0.0,0.0,0.0,0.0,0.0,0.0,0.0,0.0,0.0,0.0,0.0,0.0,0.0,0.0
308,Zircon,1.0,254,17.983404693292407,247.76377952755905,2371.988188976378,239,2365,260,2383,20.826249348036555,16.639361985829428,0.8943661971830986,0.0,1.0,0.0,0.0,0.0,0.0,0.0,0.0,0.0,0.0,0.0,0.0,0.0,0.0,0.0,0.0,0.0
309,Zircon,1.0,236,17.334489682638438,252.73728813559322,2359.6610169491523,241,2350,265,2368,22.38434499863303,15.765171719462408,0.8708487084870848,0.0,1.0,0.0,0.0,0.0,0.0,0.0,0.0,0.0,0.0,0.0,0.0,0.0,0.0,0.0,0.0,0.0
310,Rutile,0.961864406779661,2360,54.816469473826785,246.03050847457627,3034.208898305085,215,2993,272,3064,67.90713106242775,50.199432455349886,0.7652399481193255,0.0,0.0,0.961864406779661,0.0,0.0,0.0,0.0,0.0,0.0,0.0,0.0,0.0,0.038135593220338986,0.0,0.0,0.0,0.0
311,Zircon,1.0,192,15.635280380893438,253.484375,1446.1354166666667,245,1440,265,1457,16.9548966338745,16.81470104125712,0.8458149779735683,0.0,1.0,0.0,0.0,0.0,0.0,0.0,0.0,0.0,0.0,0.0,0.0,0.0,0.0,0.0,0.0,0.0
312,Monazite & Xenotime,1.0,420,23.12489154112443,253.75,2027.845238095238,243,2016,267,2041,27.828896771649713,19.58079109117686,0.9251101321585903,1.0,0.0,0.0,0.0,0.0,0.0,0.0,0.0,0.0,0.0,0.0,0.0,0.0,0.0,0.0,0.0,0.0
313,Zircon,0.9701579871269749,1709,46.64725481689563,259.96489174956116,2115.2480983031014,232,2090,290,2144,67.10283951901441,33.63554759489889,0.9109808102345416,0.0,0.9701579871269749,0.0,0.0,0.0,0.0,0.0,0.0,0.0,0.0,0.0,0.0,0.0,0.0,0.0,0.0,0.02984201287302516
314,Illite,1.0,578,27.128075067297424,260.3217993079585,3263.529411764706,235,3253,288,3276,55.89602174350466,14.221627654562242,0.7842605156037992,0.0,0.0,0.0,0.0,0.0,0.0,0.0,0.0,0.0,0.0,0.0,0.0,1.0,0.0,0.0,0.0,0.0
315,Zircon,1.0,902,33.88896677904354,257.05654101995566,2407.8547671840356,242,2389,275,2426,37.584155218071686,31.049214671132447,0.9524815205913411,0.0,1.0,0.0,0.0,0.0,0.0,0.0,0.0,0.0,0.0,0.0,0.0,0.0,0.0,0.0,0.0,0.0
316,Zircon,1.0,1190,38.92499271977894,259.11596638655465,821.9336134453781,239,804,283,845,41.25638463569348,39.05417265923235,0.9015151515151515,0.0,1.0,0.0,0.0,0.0,0.0,0.0,0.0,0.0,0.0,0.0,0.0,0.0,0.0,0.0,0.0,0.0
317,Zircon,1.0,881,33.49214891450948,259.77298524404085,3132.2406356413167,241,3112,278,3150,37.53783256071581,30.87571694717185,0.9073120494335737,0.0,1.0,0.0,0.0,0.0,0.0,0.0,0.0,0.0,0.0,0.0,0.0,0.0,0.0,0.0,0.0,0.0
318,Rutile,1.0,1248,39.86229988133503,256.37580128205127,130.56169871794873,235,111,280,151,44.7387007241177,38.75150843777447,0.8455284552845529,0.0,0.0,1.0,0.0,0.0,0.0,0.0,0.0,0.0,0.0,0.0,0.0,0.0,0.0,0.0,0.0,0.0
319,Zircon,1.0,246,17.697935698969246,257.6666666666667,1469.2154471544716,250,1459,265,1483,22.755898100287393,14.319462917071316,0.8848920863309353,0.0,1.0,0.0,0.0,0.0,0.0,0.0,0.0,0.0,0.0,0.0,0.0,0.0,0.0,0.0,0.0,0.0
320,Rutile,1.0,903,33.90774703361832,260.7685492801772,2717.72203765227,250,2693,276,2748,57.23604035479184,22.148045995773966,0.7977031802120141,0.0,0.0,1.0,0.0,0.0,0.0,0.0,0.0,0.0,0.0,0.0,0.0,0.0,0.0,0.0,0.0,0.0
322,Rutile,1.0,1493,43.59984679204272,268.40522438044206,1514.7361018084393,248,1493,296,1542,54.6587101326823,37.052242637386456,0.9238861386138614,0.0,0.0,1.0,0.0,0.0,0.0,0.0,0.0,0.0,0.0,0.0,0.0,0.0,0.0,0.0,0.0,0.0
323,Zircon,1.0,244,17.625846048215095,265.2827868852459,2254.405737704918,257,2243,273,2266,24.578081359667102,13.002062639554758,0.9348659003831418,0.0,1.0,0.0,0.0,0.0,0.0,0.0,0.0,0.0,0.0,0.0,0.0,0.0,0.0,0.0,0.0,0.0
324,Iron Oxides,1.0,294,19.347672370394786,262.72108843537416,469.7142857142857,254,459,270,484,24.9457328220273,15.677980760648056,0.9216300940438872,0.0,0.0,0.0,0.0,1.0,0.0,0.0,0.0,0.0,0.0,0.0,0.0,0.0,0.0,0.0,0.0,0.0
325,Zircon,1.0,204,16.11647812414279,270.3382352941176,1472.1421568627452,265,1462,278,1484,21.556455765260917,12.41712670783739,0.8947368421052632,0.0,1.0,0.0,0.0,0.0,0.0,0.0,0.0,0.0,0.0,0.0,0.0,0.0,0.0,0.0,0.0,0.0
326,Rutile,1.0,770,31.311251163856024,260.7103896103896,1993.4636363636364,239,1972,286,2013,53.87039433931598,22.67979969076711,0.6713164777680907,0.0,0.0,1.0,0.0,0.0,0.0,0.0,0.0,0.0,0.0,0.0,0.0,0.0,0.0,0.0,0.0,0.0
327,Rutile,0.9410404624277456,865,33.186626918021,266.67398843930636,2924.184971098266,247,2910,292,2944,46.43560267884327,26.585017188488806,0.8206831119544592,0.0,0.0,0.9410404624277456,0.0,0.0,0.0,0.0,0.0,0.0,0.0,0.0,0.0,0.0,0.0,0.0,0.0,0.058959537572254334
328,Ilmenite,1.0,687,29.575590733458846,268.1164483260553,1366.5618631732168,249,1348,285,1385,45.702885134450646,22.59751891808243,0.7951388888888888,0.0,0.0,0.0,1.0,0.0,0.0,0.0,0.0,0.0,0.0,0.0,0.0,0.0,0.0,0.0,0.0,0.0
329,Iron Oxides,1.0,231,17.14987856615383,274.76190476190476,469.87012987012986,270,457,281,482,24.872060595815476,12.165357373366113,0.9665271966527197,0.0,0.0,0.0,0.0,1.0,0.0,0.0,0.0,0.0,0.0,0.0,0.0,0.0,0.0,0.0,0.0,0.0
330,Zircon,1.0,404,22.680140565547774,270.25742574257424,2316.1930693069307,260,2303,281,2331,26.640653666138707,19.74653900333984,0.9351851851851852,0.0,1.0,0.0,0.0,0.0,0.0,0.0,0.0,0.0,0.0,0.0,0.0,0.0,0.0,0.0,0.0,0.0
331,Zircon,1.0,782,31.554291688816235,267.5959079283887,1963.881074168798,251,1947,283,1985,42.76666616827954,24.104831258021022,0.8947368421052632,0.0,1.0,0.0,0.0,0.0,0.0,0.0,0.0,0.0,0.0,0.0,0.0,0.0,0.0,0.0,0.0,0.0
332,Zircon,0.854122621564482,473,24.54062559633988,267.53276955602536,2990.5496828752644,253,2979,281,3003,28.174337223216657,22.316054380391517,0.8857677902621723,0.0,0.854122621564482,0.14587737843551796,0.0,0.0,0.0,0.0,0.0,0.0,0.0,0.0,0.0,0.0,0.0,0.0,0.0,0.0
333,Rutile,1.0,436,23.56124872549269,271.4357798165138,1436.0114678899083,256,1426,287,1449,30.241241848056045,19.984515279387566,0.8879837067209776,0.0,0.0,1.0,0.0,0.0,0.0,0.0,0.0,0.0,0.0,0.0,0.0,0.0,0.0,0.0,0.0,0.0
334,Rutile,1.0,351,21.14017691983778,273.5242165242165,1421.3960113960113,260,1411,289,1431,28.618229287948747,17.206133166460898,0.8908629441624365,0.0,0.0,1.0,0.0,0.0,0.0,0.0,0.0,0.0,0.0,0.0,0.0,0.0,0.0,0.0,0.0,0.0
335,Zircon,1.0,1310,40.84046772017998,279.31603053435117,2550.6992366412214,259,2531,302,2576,43.73045023397574,42.08269864238656,0.8821548821548821,0.0,1.0,0.0,0.0,0.0,0.0,0.0,0.0,0.0,0.0,0.0,0.0,0.0,0.0,0.0,0.0,0.0
336,Orthoclase,1.0,703,29.918011296689148,275.24466571834995,1233.1123755334281,261,1212,289,1259,40.29955256495392,25.836412812764515,0.7657952069716776,0.0,0.0,0.0,0.0,0.0,0.0,0.0,0.0,1.0,0.0,0.0,0.0,0.0,0.0,0.0,0.0,0.0
337,Zircon,0.9888228055783429,9752,111.42994229675122,239.322908121411,2587.2839417555374,164,2519,313,2658,194.6925712718681,64.98002681841149,0.9643033718975575,0.0,0.9888228055783429,0.0,0.0,0.0,0.0,0.0,0.0,0.0,0.0,0.0,0.0,0.0,0.0,0.0,0.0,0.011177194421657096
338,Zircon,0.8943533697632058,549,26.438769072322643,280.56830601092895,101.52459016393442,262,87,300,115,41.60115377557973,20.69993635369452,0.7074742268041238,0.0,0.8943533697632058,0.10564663023679417,0.0,0.0,0.0,0.0,0.0,0.0,0.0,0.0,0.0,0.0,0.0,0.0,0.0,0.0
340,Zircon,0.9635732870771899,1153,38.31507790778511,284.9098005203816,2886.6704249783174,262,2865,323,2907,63.89018088379045,33.037702593408184,0.6676317313259988,0.0,0.9635732870771899,0.0,0.03642671292281006,0.0,0.0,0.0,0.0,0.0,0.0,0.0,0.0,0.0,0.0,0.0,0.0,0.0
341,Zircon,1.0,1438,42.78923305376207,279.72253129346313,1877.8087621696802,253,1852,311,1901,62.54847849487294,32.043719095526114,0.8170454545454545,0.0,1.0,0.0,0.0,0.0,0.0,0.0,0.0,0.0,0.0,0.0,0.0,0.0,0.0,0.0,0.0,0.0
342,Monazite & Xenotime,1.0,276,18.746042631630413,274.9130434782609,2380.8659420289855,264,2374,288,2390,24.064803789623706,15.428606817790415,0.8903225806451613,1.0,0.0,0.0,0.0,0.0,0.0,0.0,0.0,0.0,0.0,0.0,0.0,0.0,0.0,0.0,0.0,0.0
343,Quartz,1.0,577,27.104597715372734,280.1681109185442,1179.3656845753899,266,1164,296,1194,32.370372316111336,23.486575002544182,0.8918083462132921,0.0,0.0,0.0,0.0,0.0,0.0,1.0,0.0,0.0,0.0,0.0,0.0,0.0,0.0,0.0,0.0,0.0
344,Quartz,1.0,917,34.16958680642984,277.2878953107961,2212.712104689204,263,2193,295,2235,41.0699443624274,29.408323398859185,0.9197592778335005,0.0,0.0,0.0,0.0,0.0,0.0,1.0,0.0,0.0,0.0,0.0,0.0,0.0,0.0,0.0,0.0,0.0
345,Rutile,1.0,733,30.549706811864404,275.4420190995907,1626.8076398362891,255,1607,292,1651,37.014747077704,33.81527416409979,0.7000955109837631,0.0,0.0,1.0,0.0,0.0,0.0,0.0,0.0,0.0,0.0,0.0,0.0,0.0,0.0,0.0,0.0,0.0
346,Quartz,1.0,369,21.675455981530703,274.68563685636855,2442.1653116531165,256,2434,291,2451,33.618954728456494,15.082681668214303,0.8601398601398601,0.0,0.0,0.0,0.0,0.0,0.0,1.0,0.0,0.0,0.0,0.0,0.0,0.0,0.0,0.0,0.0,0.0
347,Zircon,1.0,191,15.594510349620345,279.65968586387436,2753.717277486911,272,2746,289,2761,17.410677494406844,14.270323635348628,0.9455445544554455,0.0,1.0,0.0,0.0,0.0,0.0,0.0,0.0,0.0,0.0,0.0,0.0,0.0,0.0,0.0,0.0,0.0
348,Quartz,1.0,153,13.957279475043833,280.8627450980392,2290.8104575163397,275,2283,289,2301,16.848074471482015,12.637665404189628,0.8693181818181818,0.0,0.0,0.0,0.0,0.0,0.0,1.0,0.0,0.0,0.0,0.0,0.0,0.0,0.0,0.0,0.0,0.0
349,Rutile,1.0,363,21.498510523728477,282.3388429752066,1333.9146005509642,273,1319,293,1348,31.40329094769374,15.761330543903904,0.8501170960187353,0.0,0.0,1.0,0.0,0.0,0.0,0.0,0.0,0.0,0.0,0.0,0.0,0.0,0.0,0.0,0.0,0.0
350,Illite,1.0,624,28.18690255978371,276.3621794871795,3219.9679487179487,261,3208,298,3236,37.95878474447151,25.906935106779564,0.7751552795031056,0.0,0.0,0.0,0.0,0.0,0.0,0.0,0.0,0.0,0.0,0.0,0.0,1.0,0.0,0.0,0.0,0.0
351,Zircon,1.0,792,31.755404570407364,284.7436868686869,1908.8118686868686,270,1891,301,1926,37.85359008941452,26.779183034265962,0.9682151589242054,0.0,1.0,0.0,0.0,0.0,0.0,0.0,0.0,0.0,0.0,0.0,0.0,0.0,0.0,0.0,0.0,0.0
352,Rutile,0.9323979591836735,784,31.594616678674353,276.9744897959184,2147.589285714286,255,2132,303,2166,52.972452538730145,22.348484916681343,0.703770197486535,0.0,0.0,0.9323979591836735,0.0,0.0,0.0,0.06760204081632654,0.0,0.0,0.0,0.0,0.0,0.0,0.0,0.0,0.0,0.0
353,Quartz,1.0,195,15.756957549709801,289.425641025641,2154.266666666667,280,2142,301,2166,26.1697726236539,13.54834973627487,0.6794425087108014,0.0,0.0,0.0,0.0,0.0,0.0,1.0,0.0,0.0,0.0,0.0,0.0,0.0,0.0,0.0,0.0,0.0
354,Rutile,1.0,567,26.86869594648831,281.4761904761905,3280.5044091710756,261,3269,298,3290,35.93592313360811,22.3485388794242,0.8943217665615142,0.0,0.0,1.0,0.0,0.0,0.0,0.0,0.0,0.0,0.0,0.0,0.0,0.0,0.0,0.0,0.0,0.0
355,Zircon,1.0,956,34.88863718700998,283.13284518828453,242.6746861924686,264,225,304,263,39.406036123464986,31.770627736572166,0.925459825750242,0.0,1.0,0.0,0.0,0.0,0.0,0.0,0.0,0.0,0.0,0.0,0.0,0.0,0.0,0.0,0.0,0.0
356,Rutile,0.8973262032085562,935,34.503318308930474,286.87807486631016,1714.539037433155,271,1694,304,1741,46.551259664512024,28.807963096332852,0.7890295358649789,0.0,0.0,0.8973262032085562,0.0,0.0,0.0,0.10267379679144385,0.0,0.0,0.0,0.0,0.0,0.0,0.0,0.0,0.0,0.0
358,Zircon,1.0,714,30.15116971098976,290.3137254901961,1065.2983193277312,273,1054,310,1079,38.13207026032667,24.425724058391356,0.9296875,0.0,1.0,0.0,0.0,0.0,0.0,0.0,0.0,0.0,0.0,0.0,0.0,0.0,0.0,0.0,0.0,0.0
359,Quartz,1.0,159,14.228319915326999,287.3522012578616,2299.930817610063,280,2292,296,2309,17.317828987127044,11.946159784205705,0.9137931034482759,0.0,0.0,0.0,0.0,0.0,0.0,1.0,0.0,0.0,0.0,0.0,0.0,0.0,0.0,0.0,0.0,0.0
360,Zircon,1.0,1308,40.809279882320794,289.0764525993884,950.9250764525993,267,929,313,974,45.82076123912122,37.2303254462049,0.9376344086021505,0.0,1.0,0.0,0.0,0.0,0.0,0.0,0.0,0.0,0.0,0.0,0.0,0.0,0.0,0.0,0.0,0.0
361,Rutile,1.0,112,11.941642642883693,288.7232142857143,2682.4910714285716,284,2677,297,2690,13.045604441671195,11.7661508911056,0.835820895522388,0.0,0.0,1.0,0.0,0.0,0.0,0.0,0.0,0.0,0.0,0.0,0.0,0.0,0.0,0.0,0.0,0.0
362,Iron Oxides,1.0,453,24.016192740836935,291.0,655.0507726269316,277,640,305,666,28.920896767785592,21.332842128205343,0.8579545454545454,0.0,0.0,0.0,0.0,1.0,0.0,0.0,0.0,0.0,0.0,0.0,0.0,0.0,0.0,0.0,0.0,0.0
363,Iron Oxides,1.0,407,22.764193258431348,281.8550368550369,1784.6093366093367,267,1774,299,1796,34.951159392492215,18.58831137667824,0.7307001795332136,0.0,0.0,0.0,0.0,1.0,0.0,0.0,0.0,0.0,0.0,0.0,0.0,0.0,0.0,0.0,0.0,0.0
364,Rutile,1.0,198,15.877702285203682,293.34343434343435,796.2525252525253,283,790,306,804,22.483780922893366,12.313104443199142,0.8571428571428571,0.0,0.0,1.0,0.0,0.0,0.0,0.0,0.0,0.0,0.0,0.0,0.0,0.0,0.0,0.0,0.0,0.0
365,Zircon,1.0,150,13.81976597885342,292.25333333333333,996.9266666666666,284,986,300,1007,23.719518137793848,9.133358478054308,0.78125,0.0,1.0,0.0,0.0,0.0,0.0,0.0,0.0,0.0,0.0,0.0,0.0,0.0,0.0,0.0,0.0,0.0
366,Zircon,1.0,607,27.80029502818709,285.1845140032949,1401.3031301482702,274,1382,299,1420,37.7731774237417,21.960481415544717,0.8622159090909091,0.0,1.0,0.0,0.0,0.0,0.0,0.0,0.0,0.0,0.0,0.0,0.0,0.0,0.0,0.0,0.0,0.0
367,Zircon,1.0,672,29.25093116572581,293.6919642857143,2394.4375,276,2376,308,2410,37.193471588099094,24.621772110705674,0.8995983935742972,0.0,1.0,0.0,0.0,0.0,0.0,0.0,0.0,0.0,0.0,0.0,0.0,0.0,0.0,0.0,0.0,0.0
368,Zircon,1.0,483,24.798683434954437,302.3416149068323,1394.7474120082816,293,1381,316,1410,28.426363545767874,23.05565330507769,0.9324324324324325,0.0,1.0,0.0,0.0,0.0,0.0,0.0,0.0,0.0,0.0,0.0,0.0,0.0,0.0,0.0,0.0,0.0
369,Rutile,1.0,1024,36.1081333470564,297.3076171875,1681.8818359375,277,1663,319,1702,40.000548704114955,34.64823077870408,0.8677966101694915,0.0,0.0,1.0,0.0,0.0,0.0,0.0,0.0,0.0,0.0,0.0,0.0,0.0,0.0,0.0,0.0,0.0
370,Zircon,1.0,640,28.54598585844434,292.3,1807.45625,275,1794,313,1823,37.26548919203666,23.628641312572306,0.8648648648648649,0.0,1.0,0.0,0.0,0.0,0.0,0.0,0.0,0.0,0.0,0.0,0.0,0.0,0.0,0.0,0.0,0.0
371,Rutile,1.0,483,24.798683434954437,300.2256728778468,1827.438923395445,283,1809,319,1841,42.123450291167174,19.252361970810636,0.6979768786127167,0.0,0.0,1.0,0.0,0.0,0.0,0.0,0.0,0.0,0.0,0.0,0.0,0.0,0.0,0.0,0.0,0.0
372,Rutile,1.0,105,11.562445770562215,294.4,2666.114285714286,289,2660,301,2674,14.241536266642663,9.83531772226371,0.8677685950413223,0.0,0.0,1.0,0.0,0.0,0.0,0.0,0.0,0.0,0.0,0.0,0.0,0.0,0.0,0.0,0.0,0.0
373,Zircon,1.0,249,17.805522925178455,298.60642570281124,1438.570281124498,289,1429,310,1448,24.312987274315326,13.213413622019317,0.9431818181818182,0.0,1.0,0.0,0.0,0.0,0.0,0.0,0.0,0.0,0.0,0.0,0.0,0.0,0.0,0.0,0.0,0.0
374,Quartz,1.0,837,32.64508384034771,295.2066905615293,1953.0931899641578,283,1926,306,1981,56.74251481840942,19.63136399454182,0.872784150156413,0.0,0.0,0.0,0.0,0.0,0.0,1.0,0.0,0.0,0.0,0.0,0.0,0.0,0.0,0.0,0.0,0.0
376,Zircon,0.8486352357320099,403,22.65205369339104,296.35980148883374,2353.75682382134,280,2342,312,2364,30.647600934979447,19.888520370621976,0.7518656716417911,0.1513647642679901,0.8486352357320099,0.0,0.0,0.0,0.0,0.0,0.0,0.0,0.0,0.0,0.0,0.0,0.0,0.0,0.0,0.0
377,Zircon,1.0,100,11.283791670955125,298.5,2491.02,293,2487,306,2497,13.263121652964724,10.225615092436165,0.9523809523809523,0.0,1.0,0.0,0.0,0.0,0.0,0.0,0.0,0.0,0.0,0.0,0.0,0.0,0.0,0.0,0.0,0.0
378,Zircon,1.0,214,16.50676414605009,304.3317757009346,2480.457943925234,293,2472,314,2489,21.742706618416456,13.299138197562334,0.9224137931034483,0.0,1.0,0.0,0.0,0.0,0.0,0.0,0.0,0.0,0.0,0.0,0.0,0.0,0.0,0.0,0.0,0.0
379,Zircon,1.0,1691,46.40094902205299,303.7835600236546,901.6244825547013,277,874,329,929,66.2965448415156,38.366191307277035,0.7887126865671642,0.0,1.0,0.0,0.0,0.0,0.0,0.0,0.0,0.0,0.0,0.0,0.0,0.0,0.0,0.0,0.0,0.0
380,Unknown,1.0,104,11.507254783503184,302.36538461538464,312.5,298,305,308,321,14.496139408748931,9.382619030699919,0.8813559322033898,0.0,0.0,0.0,0.0,0.0,0.0,0.0,0.0,0.0,0.0,0.0,0.0,0.0,0.0,0.0,0.0,1.0
381,Zircon,1.0,611,27.891743614073043,301.22422258592474,2943.1211129296235,289,2928,316,2964,36.773391302210314,22.505013672250243,0.8829479768786127,0.0,1.0,0.0,0.0,0.0,0.0,0.0,0.0,0.0,0.0,0.0,0.0,0.0,0.0,0.0,0.0,0.0
382,Rutile,1.0,665,29.098183744847088,299.55037593984963,3045.9924812030076,285,3029,318,3064,36.077477063819046,24.56205286981336,0.9147180192572214,0.0,0.0,1.0,0.0,0.0,0.0,0.0,0.0,0.0,0.0,0.0,0.0,0.0,0.0,0.0,0.0,0.0
383,Zircon,1.0,3855,70.05953500383836,310.20622568093387,1557.6721141374837,280,1511,338,1606,100.85252085051954,49.8289533123121,0.9525574499629355,0.0,1.0,0.0,0.0,0.0,0.0,0.0,0.0,0.0,0.0,0.0,0.0,0.0,0.0,0.0,0.0,0.0
384,Zircon,1.0,404,22.680140565547774,299.8688118811881,2736.3465346534654,291,2721,309,2750,30.913837121040554,17.45260366195295,0.9308755760368663,0.0,1.0,0.0,0.0,0.0,0.0,0.0,0.0,0.0,0.0,0.0,0.0,0.0,0.0,0.0,0.0,0.0
385,Zircon,1.0,401,22.595775212167435,313.8852867830424,2728.850374064838,306,2714,324,2746,32.30161967856343,16.32789651124728,0.9031531531531531,0.0,1.0,0.0,0.0,0.0,0.0,0.0,0.0,0.0,0.0,0.0,0.0,0.0,0.0,0.0,0.0,0.0
386,Illite,1.0,141,13.398760233979036,307.17021276595744,3219.531914893617,301,3212,314,3229,17.88712653927546,10.902368053396465,0.9038461538461539,0.0,0.0,0.0,0.0,0.0,0.0,0.0,0.0,0.0,0.0,0.0,0.0,1.0,0.0,0.0,0.0,0.0
387,Zircon,1.0,1094,37.32189788770486,310.2870201096892,1332.5959780621572,293,1309,327,1356,45.6969694948545,31.15655642198557,0.94229112833764,0.0,1.0,0.0,0.0,0.0,0.0,0.0,0.0,0.0,0.0,0.0,0.0,0.0,0.0,0.0,0.0,0.0
388,Zircon,1.0,337,20.71428798138497,310.1216617210682,1918.1424332344213,300,1907,322,1929,22.53655698421313,20.585618712462633,0.9132791327913279,0.0,1.0,0.0,0.0,0.0,0.0,0.0,0.0,0.0,0.0,0.0,0.0,0.0,0.0,0.0,0.0,0.0
389,Rutile,1.0,422,23.179885415554555,311.2914691943128,2284.1777251184835,301,2267,323,2300,33.501303171012765,18.744653070755177,0.7728937728937729,0.0,0.0,1.0,0.0,0.0,0.0,0.0,0.0,0.0,0.0,0.0,0.0,0.0,0.0,0.0,0.0,0.0
390,Quartz,1.0,227,17.000746355818674,308.73127753303964,2698.3127753303966,298,2690,321,2708,24.39493243215027,13.216566955976875,0.7773972602739726,0.0,0.0,0.0,0.0,0.0,0.0,1.0,0.0,0.0,0.0,0.0,0.0,0.0,0.0,0.0,0.0,0.0
391,Rutile,1.0,764,31.18902069924069,311.0,2077.5248691099478,298,2061,327,2099,39.107778084724465,26.660873282884378,0.8977673325499412,0.0,0.0,1.0,0.0,0.0,0.0,0.0,0.0,0.0,0.0,0.0,0.0,0.0,0.0,0.0,0.0,0.0
392,Zircon,1.0,1176,38.69534474078957,309.1479591836735,2761.5280612244896,284,2745,335,2778,54.19619099704414,28.68528169504215,0.9074074074074074,0.0,1.0,0.0,0.0,0.0,0.0,0.0,0.0,0.0,0.0,0.0,0.0,0.0,0.0,0.0,0.0,0.0
393,Monazite & Xenotime,1.0,287,19.115955360352558,315.5296167247387,1853.1672473867595,306,1841,327,1866,29.87905451640126,13.492804790323204,0.8516320474777448,1.0,0.0,0.0,0.0,0.0,0.0,0.0,0.0,0.0,0.0,0.0,0.0,0.0,0.0,0.0,0.0,0.0
394,Orthoclase,1.0,358,21.349935761383176,316.2513966480447,682.9217877094972,305,672,331,695,25.01640481180728,19.771262315135104,0.8972431077694235,0.0,0.0,0.0,0.0,0.0,0.0,0.0,0.0,1.0,0.0,0.0,0.0,0.0,0.0,0.0,0.0,0.0
395,Rutile,1.0,1059,36.72003101679705,307.7695939565628,1479.6978281397544,280,1466,334,1494,54.7208113322126,25.895966005932852,0.8951817413355875,0.0,0.0,1.0,0.0,0.0,0.0,0.0,0.0,0.0,0.0,0.0,0.0,0.0,0.0,0.0,0.0,0.0
396,Zircon,1.0,814,32.19343084255579,315.68058968058966,1770.6916461916462,302,1751,330,1793,42.91261135665071,24.590060176779804,0.9084821428571429,0.0,1.0,0.0,0.0,0.0,0.0,0.0,0.0,0.0,0.0,0.0,0.0,0.0,0.0,0.0,0.0,0.0
397,Zircon,1.0,1548,44.39566212199151,313.50064599483204,2798.2164082687336,283,2777,339,2822,52.747543099136216,39.263722138474655,0.8810472396129767,0.0,1.0,0.0,0.0,0.0,0.0,0.0,0.0,0.0,0.0,0.0,0.0,0.0,0.0,0.0,0.0,0.0
398,Ilmenite,1.0,191,15.594510349620345,318.5183246073298,245.86387434554973,309,240,330,255,21.312831141238604,12.427617075619704,0.8197424892703863,0.0,0.0,0.0,1.0,0.0,0.0,0.0,0.0,0.0,0.0,0.0,0.0,0.0,0.0,0.0,0.0,0.0
399,Zircon,1.0,240,17.480774889473267,316.175,421.6791666666667,309,410,324,435,24.27705458612446,13.059645586483407,0.8856088560885609,0.0,1.0,0.0,0.0,0.0,0.0,0.0,0.0,0.0,0.0,0.0,0.0,0.0,0.0,0.0,0.0,0.0
400,Zircon,1.0,722,30.319613310508885,315.87257617728534,1166.6509695290858,301,1148,335,1184,32.92982732295892,29.556262475663246,0.8991282689912827,0.0,1.0,0.0,0.0,0.0,0.0,0.0,0.0,0.0,0.0,0.0,0.0,0.0,0.0,0.0,0.0,0.0
401,Zircon,1.0,1062,36.772005609005646,313.9783427495292,2587.3483992467045,292,2569,337,2606,48.35471609731116,29.559730243089742,0.8887029288702929,0.0,1.0,0.0,0.0,0.0,0.0,0.0,0.0,0.0,0.0,0.0,0.0,0.0,0.0,0.0,0.0,0.0
403,Ilmenite,1.0,420,23.12489154112443,320.8333333333333,392.60238095238094,307,383,336,404,29.608636153377695,19.274763576809022,0.8879492600422833,0.0,0.0,0.0,1.0,0.0,0.0,0.0,0.0,0.0,0.0,0.0,0.0,0.0,0.0,0.0,0.0,0.0
404,Rutile,1.0,205,16.15593100600236,324.4390243902439,2661.243902439024,313,2651,338,2671,27.5981122975449,15.688623101347876,0.6011730205278593,0.0,0.0,1.0,0.0,0.0,0.0,0.0,0.0,0.0,0.0,0.0,0.0,0.0,0.0,0.0,0.0,0.0
405,Quartz,1.0,812,32.15385684991696,316.4334975369458,1990.9679802955666,297,1969,333,2011,45.97567866836887,24.95201409762961,0.8759439050701187,0.0,0.0,0.0,0.0,0.0,0.0,1.0,0.0,0.0,0.0,0.0,0.0,0.0,0.0,0.0,0.0,0.0
406,Zircon,1.0,574,27.034043328329254,322.0853658536585,1650.4146341463415,312,1632,336,1669,34.79064835761566,22.179138344298273,0.8982785602503912,0.0,1.0,0.0,0.0,0.0,0.0,0.0,0.0,0.0,0.0,0.0,0.0,0.0,0.0,0.0,0.0,0.0
407,Zircon,1.0,330,20.49802550887777,324.93030303030304,2311.5454545454545,315,2299,339,2323,24.32666832492387,20.38610646414504,0.7875894988066826,0.0,1.0,0.0,0.0,0.0,0.0,0.0,0.0,0.0,0.0,0.0,0.0,0.0,0.0,0.0,0.0,0.0
408,Zircon,1.0,1318,40.96498163017951,321.0606980273141,1295.04248861912,293,1279,347,1313,56.463318288082846,30.744827184643597,0.8851578240429818,0.0,1.0,0.0,0.0,0.0,0.0,0.0,0.0,0.0,0.0,0.0,0.0,0.0,0.0,0.0,0.0,0.0
409,Iron Oxides,1.0,159,14.228319915326999,325.23899371069183,930.188679245283,318,923,333,939,16.43429924633311,12.654186495698134,0.888268156424581,0.0,0.0,0.0,0.0,1.0,0.0,0.0,0.0,0.0,0.0,0.0,0.0,0.0,0.0,0.0,0.0,0.0
410,Zircon,1.0,1278,40.3385688661799,327.0430359937402,89.35915492957747,311,67,342,117,52.75486163434109,32.26002167467771,0.9355783308931186,0.0,1.0,0.0,0.0,0.0,0.0,0.0,0.0,0.0,0.0,0.0,0.0,0.0,0.0,0.0,0.0,0.0
411,Orthoclase,1.0,619,28.07374713484229,324.4717285945073,1197.767366720517,305,1185,346,1212,39.8777546523865,21.824103564014084,0.8502747252747253,0.0,0.0,0.0,0.0,0.0,0.0,0.0,0.0,1.0,0.0,0.0,0.0,0.0,0.0,0.0,0.0,0.0
412,Quartz,1.0,125,12.6156626101008,325.744,1037.224,318,1032,335,1043,15.55430207642594,10.74152200180644,0.8620689655172413,0.0,0.0,0.0,0.0,0.0,0.0,1.0,0.0,0.0,0.0,0.0,0.0,0.0,0.0,0.0,0.0,0.0
413,Rutile,1.0,649,28.745999104799274,327.23728813559325,1700.2573189522343,310,1684,348,1720,44.58923714579666,19.958119511715836,0.8062111801242235,0.0,0.0,1.0,0.0,0.0,0.0,0.0,0.0,0.0,0.0,0.0,0.0,0.0,0.0,0.0,0.0,0.0
414,Iron Oxides,1.0,382,22.05396803500069,328.8193717277487,2184.219895287958,318,2174,344,2199,24.009141224560008,21.99627536927474,0.9095238095238095,0.0,0.0,0.0,0.0,1.0,0.0,0.0,0.0,0.0,0.0,0.0,0.0,0.0,0.0,0.0,0.0,0.0
415,Quartz,1.0,154,14.002817212590296,330.64935064935065,1047.7597402597403,322,1041,337,1058,18.347909316138004,12.05597218193063,0.9005847953216374,0.0,0.0,0.0,0.0,0.0,0.0,1.0,0.0,0.0,0.0,0.0,0.0,0.0,0.0,0.0,0.0,0.0
416,Zircon,1.0,774,31.39247374172695,334.3062015503876,1902.031007751938,316,1886,354,1918,35.8685581781177,32.07441674610889,0.8181818181818182,0.0,1.0,0.0,0.0,0.0,0.0,0.0,0.0,0.0,0.0,0.0,0.0,0.0,0.0,0.0,0.0,0.0
417,Zircon,1.0,469,24.436639426909572,340.5309168443497,3233.347547974414,322,3222,363,3243,44.92908420737516,16.841694830695026,0.7564516129032258,0.0,1.0,0.0,0.0,0.0,0.0,0.0,0.0,0.0,0.0,0.0,0.0,0.0,0.0,0.0,0.0,0.0
418,Zircon,1.0,106,11.617374563210365,331.07547169811323,1733.745283018868,325,1728,341,1740,14.451455108774596,10.710063633751272,0.7851851851851852,0.0,1.0,0.0,0.0,0.0,0.0,0.0,0.0,0.0,0.0,0.0,0.0,0.0,0.0,0.0,0.0,0.0
419,Zircon,1.0,2150,52.320789569544914,331.5241860465116,2854.1046511627906,308,2825,355,2890,67.40236265429665,44.56362254362734,0.8743391622610818,0.0,1.0,0.0,0.0,0.0,0.0,0.0,0.0,0.0,0.0,0.0,0.0,0.0,0.0,0.0,0.0,0.0
420,Rutile,1.0,223,16.85029431422316,331.6322869955157,2935.6008968609867,323,2927,343,2946,20.39287743507443,15.192981371643782,0.8544061302681992,0.0,0.0,1.0,0.0,0.0,0.0,0.0,0.0,0.0,0.0,0.0,0.0,0.0,0.0,0.0,0.0,0.0
421,Rutile,1.0,306,19.738573927438622,330.31045751633985,807.1437908496732,318,796,345,818,24.727136919470194,19.02122120239547,0.7866323907455013,0.0,0.0,1.0,0.0,0.0,0.0,0.0,0.0,0.0,0.0,0.0,0.0,0.0,0.0,0.0,0.0,0.0
422,Zircon,1.0,571,26.963304323539017,336.71803852889667,413.18914185639227,321,398,349,429,30.106881983235446,26.399149883188464,0.9345335515548282,0.0,1.0,0.0,0.0,0.0,0.0,0.0,0.0,0.0,0.0,0.0,0.0,0.0,0.0,0.0,0.0,0.0
423,Zircon,1.0,308,19.802974013476614,337.10064935064935,784.0551948051948,326,774,349,793,23.794268507314634,17.383710381858577,0.8953488372093024,0.0,1.0,0.0,0.0,0.0,0.0,0.0,0.0,0.0,0.0,0.0,0.0,0.0,0.0,0.0,0.0,0.0
424,Quartz,1.0,179,15.09668435477122,337.3072625698324,460.659217877095,330,454,348,470,20.08437109526907,12.745825110378231,0.8605769230769231,0.0,0.0,0.0,0.0,0.0,0.0,1.0,0.0,0.0,0.0,0.0,0.0,0.0,0.0,0.0,0.0,0.0
425,Monazite & Xenotime,1.0,536,26.123866405607867,342.160447761194,1114.4048507462687,328,1102,359,1129,29.55470966580533,26.155527914159393,0.8535031847133758,1.0,0.0,0.0,0.0,0.0,0.0,0.0,0.0,0.0,0.0,0.0,0.0,0.0,0.0,0.0,0.0,0.0
426,Zircon,1.0,941,34.61384710770804,336.07651434644,1358.251859723698,322,1336,355,1378,42.425729232681675,29.85723931764235,0.9127061105722599,0.0,1.0,0.0,0.0,0.0,0.0,0.0,0.0,0.0,0.0,0.0,0.0,0.0,0.0,0.0,0.0,0.0
427,Zircon,1.0,725,30.38253889873249,337.0648275862069,2231.295172413793,322,2218,354,2248,31.82825553501221,29.176659017189362,0.9615384615384616,0.0,1.0,0.0,0.0,0.0,0.0,0.0,0.0,0.0,0.0,0.0,0.0,0.0,0.0,0.0,0.0,0.0
428,Rutile,1.0,298,19.47884453275087,341.93959731543623,2374.751677852349,329,2367,357,2384,30.308905524605887,15.259821777436592,0.7740259740259741,0.0,0.0,1.0,0.0,0.0,0.0,0.0,0.0,0.0,0.0,0.0,0.0,0.0,0.0,0.0,0.0,0.0
429,Quartz,1.0,369,21.675455981530703,343.8617886178862,1768.10027100271,332,1753,359,1785,36.06746246292823,15.307670020429073,0.757700205338809,0.0,0.0,0.0,0.0,0.0,0.0,1.0,0.0,0.0,0.0,0.0,0.0,0.0,0.0,0.0,0.0,0.0
430,Rutile,1.0,184,15.306079714651624,339.9782608695652,1826.3478260869565,330,1817,349,1839,21.886057206798064,12.86436913822459,0.7104247104247104,0.0,0.0,1.0,0.0,0.0,0.0,0.0,0.0,0.0,0.0,0.0,0.0,0.0,0.0,0.0,0.0,0.0
431,Quartz,1.0,509,25.45739437315213,336.85461689587424,2717.3968565815326,326,2698,351,2737,37.16998989748792,19.104236772957762,0.845514950166113,0.0,0.0,0.0,0.0,0.0,0.0,1.0,0.0,0.0,0.0,0.0,0.0,0.0,0.0,0.0,0.0,0.0
432,Zircon,1.0,899,33.83256346653194,343.9076751946607,3039.0066740823136,326,3018,361,3061,42.85994510975909,30.193818134117173,0.8091809180918091,0.0,1.0,0.0,0.0,0.0,0.0,0.0,0.0,0.0,0.0,0.0,0.0,0.0,0.0,0.0,0.0,0.0
433,Quartz,0.9969604863221885,329,20.466944330257718,345.22492401215806,1178.6474164133738,334,1168,356,1191,23.814344949184274,19.096922800685046,0.8844086021505376,0.0,0.00303951367781155,0.0,0.0,0.0,0.0,0.9969604863221885,0.0,0.0,0.0,0.0,0.0,0.0,0.0,0.0,0.0,0.0
434,Rutile,1.0,295,19.38054864282415,341.3525423728814,2284.749152542373,328,2274,355,2297,26.048032957441013,23.88325134162082,0.5923694779116466,0.0,0.0,1.0,0.0,0.0,0.0,0.0,0.0,0.0,0.0,0.0,0.0,0.0,0.0,0.0,0.0,0.0
435,Rutile,1.0,539,26.196872229566885,340.038961038961,2559.996289424861,322,2547,354,2575,31.055147997890707,24.814383856784,0.8179059180576631,0.0,0.0,1.0,0.0,0.0,0.0,0.0,0.0,0.0,0.0,0.0,0.0,0.0,0.0,0.0,0.0,0.0
437,Monazite & Xenotime,0.9743589743589743,156,14.093451279891855,345.09615384615387,63.217948717948715,336,58,354,71,20.516522146717538,10.056774964422605,0.9285714285714286,0.9743589743589743,0.02564102564102564,0.0,0.0,0.0,0.0,0.0,0.0,0.0,0.0,0.0,0.0,0.0,0.0,0.0,0.0,0.0
438,Rutile,1.0,140,13.351162356249091,343.49285714285713,1848.85,337,1840,352,1859,20.805667610552653,10.327104784903845,0.717948717948718,0.0,0.0,1.0,0.0,0.0,0.0,0.0,0.0,0.0,0.0,0.0,0.0,0.0,0.0,0.0,0.0,0.0
439,Zircon,1.0,522,25.780439141949365,340.4655172413793,2642.051724137931,328,2629,351,2657,31.12261702391238,22.174745677514327,0.9456521739130435,0.0,1.0,0.0,0.0,0.0,0.0,0.0,0.0,0.0,0.0,0.0,0.0,0.0,0.0,0.0,0.0,0.0
440,Rutile,1.0,304,19.67396303746374,344.7171052631579,3280.2434210526317,334,3270,357,3290,24.74281982018068,16.685515897126955,0.856338028169014,0.0,0.0,1.0,0.0,0.0,0.0,0.0,0.0,0.0,0.0,0.0,0.0,0.0,0.0,0.0,0.0,0.0
441,Rutile,1.0,103,11.451797811161432,346.8349514563107,2582.252427184466,341,2577,354,2589,13.77360224809414,9.784944271012323,0.9279279279279279,0.0,0.0,1.0,0.0,0.0,0.0,0.0,0.0,0.0,0.0,0.0,0.0,0.0,0.0,0.0,0.0,0.0
442,Zircon,0.9270729270729271,1001,35.700319106135424,348.1798201798202,3120.929070929071,331,3103,365,3142,39.73959975693337,32.5906178133828,0.9311627906976744,0.0,0.9270729270729271,0.0,0.0,0.0,0.0,0.0,0.0,0.0,0.0,0.0,0.0,0.0,0.0,0.0,0.0,0.07292707292707293
443,Zircon,1.0,1087,37.202303492218356,348.8629254829807,1651.5712971481141,334,1623,367,1678,55.40729897686706,27.03659896596217,0.8661354581673307,0.0,1.0,0.0,0.0,0.0,0.0,0.0,0.0,0.0,0.0,0.0,0.0,0.0,0.0,0.0,0.0,0.0
444,Zircon,1.0,825,32.41022407214287,349.8181818181818,2783.7296969696968,334,2765,368,2804,40.48958861945733,26.93472685178864,0.8890086206896551,0.0,1.0,0.0,0.0,0.0,0.0,0.0,0.0,0.0,0.0,0.0,0.0,0.0,0.0,0.0,0.0,0.0
445,Zircon,1.0,954,34.8521236896311,361.5639412997904,2462.9402515723273,340,2448,384,2482,42.591984761775734,31.697692289001516,0.8649138712601995,0.0,1.0,0.0,0.0,0.0,0.0,0.0,0.0,0.0,0.0,0.0,0.0,0.0,0.0,0.0,0.0,0.0
446,Zircon,1.0,926,34.3368580162012,367.3628509719222,2642.794816414687,350,2629,388,2657,41.59683912479882,29.429758777283546,0.9585921325051759,0.0,1.0,0.0,0.0,0.0,0.0,0.0,0.0,0.0,0.0,0.0,0.0,0.0,0.0,0.0,0.0,0.0
447,Zircon,1.0,1611,45.29005306431366,356.3550589695841,2684.576660459342,332,2662,378,2715,55.65830332198922,38.02155567634109,0.9526907155529273,0.0,1.0,0.0,0.0,0.0,0.0,0.0,0.0,0.0,0.0,0.0,0.0,0.0,0.0,0.0,0.0,0.0
448,Quartz,1.0,204,16.11647812414279,355.36764705882354,1398.9411764705883,348,1390,363,1410,20.133169260320408,13.543186279918308,0.864406779661017,0.0,0.0,0.0,0.0,0.0,0.0,1.0,0.0,0.0,0.0,0.0,0.0,0.0,0.0,0.0,0.0,0.0
449,Zircon,1.0,1252,39.926130666625134,352.7699680511182,1803.529552715655,327,1786,375,1830,49.38199054877853,36.047305595949815,0.830238726790451,0.0,1.0,0.0,0.0,0.0,0.0,0.0,0.0,0.0,0.0,0.0,0.0,0.0,0.0,0.0,0.0,0.0
450,Rutile,1.0,808,32.07456238432586,354.83044554455444,1586.2351485148515,341,1565,371,1605,40.03934336815662,27.983045590212758,0.8697524219590959,0.0,0.0,1.0,0.0,0.0,0.0,0.0,0.0,0.0,0.0,0.0,0.0,0.0,0.0,0.0,0.0,0.0
451,Zircon,1.0,165,14.494292838262302,358.1878787878788,2728.830303030303,352,2723,368,2742,19.135775234655338,12.945441550958554,0.825,0.0,1.0,0.0,0.0,0.0,0.0,0.0,0.0,0.0,0.0,0.0,0.0,0.0,0.0,0.0,0.0,0.0
452,Zircon,1.0,485,24.849973424463737,359.23505154639173,1754.041237113402,348,1735,373,1772,36.589051727160616,21.207472790673346,0.7121879588839941,0.0,1.0,0.0,0.0,0.0,0.0,0.0,0.0,0.0,0.0,0.0,0.0,0.0,0.0,0.0,0.0,0.0
453,Rutile,1.0,121,12.412170838050638,358.57851239669424,231.16528925619835,354,223,366,243,18.287676560919156,10.532923887540472,0.7756410256410257,0.0,0.0,1.0,0.0,0.0,0.0,0.0,0.0,0.0,0.0,0.0,0.0,0.0,0.0,0.0,0.0,0.0
454,Zircon,1.0,104,11.507254783503184,359.9230769230769,2609.8365384615386,356,2603,367,2618,15.030528720045469,9.274834527274022,0.8888888888888888,0.0,1.0,0.0,0.0,0.0,0.0,0.0,0.0,0.0,0.0,0.0,0.0,0.0,0.0,0.0,0.0,0.0
455,Zircon,1.0,416,23.014509567006368,364.7956730769231,1293.6442307692307,351,1283,379,1305,28.823670325847292,19.43636076849783,0.9285714285714286,0.0,1.0,0.0,0.0,0.0,0.0,0.0,0.0,0.0,0.0,0.0,0.0,0.0,0.0,0.0,0.0,0.0
456,Zircon,1.0,1415,42.445658856946196,354.40494699646644,1009.2558303886926,327,990,380,1030,54.32746507069762,35.154648034712125,0.9035759897828863,0.0,1.0,0.0,0.0,0.0,0.0,0.0,0.0,0.0,0.0,0.0,0.0,0.0,0.0,0.0,0.0,0.0
458,Zircon,1.0,1125,37.8469878303024,365.02133333333336,1261.872,346,1242,384,1282,41.95283887939914,34.42297836819111,0.9648370497427101,0.0,1.0,0.0,0.0,0.0,0.0,0.0,0.0,0.0,0.0,0.0,0.0,0.0,0.0,0.0,0.0,0.0
459,Zircon,0.9198606271777003,287,19.115955360352558,365.32752613240416,523.6306620209059,353,518,381,532,27.994258709164143,14.113189527621941,0.875,0.0,0.9198606271777003,0.0,0.0,0.0,0.0,0.08013937282229965,0.0,0.0,0.0,0.0,0.0,0.0,0.0,0.0,0.0,0.0
460,Zircon,0.8906439854191981,1646,45.779387180630515,364.89914945321993,1324.0255164034022,335,1303,391,1345,57.55681186774186,37.10014249062517,0.9470655926352128,0.0,0.8906439854191981,0.0,0.0,0.0,0.0,0.0,0.0,0.0,0.0,0.0,0.0,0.0,0.0,0.0,0.0,0.10935601458080195
461,Quartz,1.0,609,27.846056861676377,362.8390804597701,2263.3136288998357,347,2246,378,2286,40.21520400601425,26.084751492420953,0.7,0.0,0.0,0.0,0.0,0.0,0.0,1.0,0.0,0.0,0.0,0.0,0.0,0.0,0.0,0.0,0.0,0.0
462,Rutile,1.0,1987,50.298379450920365,360.43734272773025,3199.5269250125816,333,3174,390,3227,64.3054191397387,41.24169683572733,0.8620390455531454,0.0,0.0,1.0,0.0,0.0,0.0,0.0,0.0,0.0,0.0,0.0,0.0,0.0,0.0,0.0,0.0,0.0
463,Zircon,0.9178885630498533,341,20.83685880248485,369.4398826979472,510.61876832844575,355,501,385,519,27.38633362342787,17.344996557722357,0.8698979591836735,0.0,0.9178885630498533,0.0,0.0,0.0,0.0,0.08211143695014662,0.0,0.0,0.0,0.0,0.0,0.0,0.0,0.0,0.0,0.0
464,Iron Oxides,1.0,1954,49.8789541832275,370.3592630501535,718.6504605936541,343,694,399,746,52.635759349119034,48.31540190536559,0.9195294117647059,0.0,0.0,0.0,0.0,1.0,0.0,0.0,0.0,0.0,0.0,0.0,0.0,0.0,0.0,0.0,0.0,0.0
465,Zircon,0.9051094890510949,959,34.943335894001606,371.0323253388947,829.1647549530761,353,809,397,852,42.4872097101497,34.290061242341956,0.7156716417910448,0.0,0.9051094890510949,0.0,0.0,0.0948905109489051,0.0,0.0,0.0,0.0,0.0,0.0,0.0,0.0,0.0,0.0,0.0,0.0
467,Zircon,1.0,1277,40.3227838650409,374.8974158183242,3161.250587314017,347,3142,405,3182,61.8747340693542,27.371763339832025,0.893006993006993,0.0,1.0,0.0,0.0,0.0,0.0,0.0,0.0,0.0,0.0,0.0,0.0,0.0,0.0,0.0,0.0,0.0
469,Zircon,1.0,2040,50.964778732569144,376.99264705882354,1051.1308823529412,351,1029,407,1082,57.42069270889945,47.31804036380322,0.8943445857080228,0.0,1.0,0.0,0.0,0.0,0.0,0.0,0.0,0.0,0.0,0.0,0.0,0.0,0.0,0.0,0.0,0.0
470,Zircon,1.0,412,22.903595622322865,372.8009708737864,2821.730582524272,361,2811,385,2834,25.154731209922044,21.251331278985365,0.9279279279279279,0.0,1.0,0.0,0.0,0.0,0.0,0.0,0.0,0.0,0.0,0.0,0.0,0.0,0.0,0.0,0.0,0.0
471,Monazite & Xenotime,1.0,224,16.88803298257901,356.39285714285717,2899.3035714285716,348,2887,370,2920,36.64073682743775,12.068777251001174,0.6256983240223464,1.0,0.0,0.0,0.0,0.0,0.0,0.0,0.0,0.0,0.0,0.0,0.0,0.0,0.0,0.0,0.0,0.0
472,Zircon,1.0,1858,48.638247029656945,377.8837459634015,2897.2852529601723,355,2867,399,2933,70.14729380314641,34.63505652243251,0.9161735700197239,0.0,1.0,0.0,0.0,0.0,0.0,0.0,0.0,0.0,0.0,0.0,0.0,0.0,0.0,0.0,0.0,0.0
473,Rutile,1.0,327,20.404639941160397,377.6024464831804,1671.7798165137615,369,1660,391,1685,25.75703386971143,20.574882236468177,0.7266666666666667,0.0,0.0,1.0,0.0,0.0,0.0,0.0,0.0,0.0,0.0,0.0,0.0,0.0,0.0,0.0,0.0,0.0
474,Rutile,1.0,479,24.695783889727878,380.32776617954073,674.643006263048,364,664,397,686,33.87845909051926,18.572639714441163,0.8772893772893773,0.0,0.0,1.0,0.0,0.0,0.0,0.0,0.0,0.0,0.0,0.0,0.0,0.0,0.0,0.0,0.0,0.0
475,Ilmenite,1.0,108,11.726460285670077,376.0,662.8518518518518,366,659,387,669,21.484759090091515,7.696697086745689,0.7248322147651006,0.0,0.0,0.0,1.0,0.0,0.0,0.0,0.0,0.0,0.0,0.0,0.0,0.0,0.0,0.0,0.0,0.0
476,Quartz,1.0,117,12.205286835384658,376.5897435897436,1785.4700854700855,369,1777,383,1795,21.623977926563164,9.840812697978986,0.6842105263157895,0.0,0.0,0.0,0.0,0.0,0.0,1.0,0.0,0.0,0.0,0.0,0.0,0.0,0.0,0.0,0.0,0.0
477,Monazite & Xenotime,1.0,665,29.098183744847088,377.6736842105263,1437.7097744360901,358,1420,391,1455,35.08341433315138,28.24091445600295,0.8189655172413793,1.0,0.0,0.0,0.0,0.0,0.0,0.0,0.0,0.0,0.0,0.0,0.0,0.0,0.0,0.0,0.0,0.0
478,Rutile,1.0,108,11.726460285670077,381.8240740740741,2615.453703703704,375,2609,389,2625,16.563550182294165,10.129205022344346,0.7659574468085106,0.0,0.0,1.0,0.0,0.0,0.0,0.0,0.0,0.0,0.0,0.0,0.0,0.0,0.0,0.0,0.0,0.0
479,Quartz,1.0,298,19.47884453275087,383.13422818791946,999.7046979865772,373,987,393,1012,23.890940306758754,16.891159094935063,0.8895522388059701,0.0,0.0,0.0,0.0,0.0,0.0,1.0,0.0,0.0,0.0,0.0,0.0,0.0,0.0,0.0,0.0,0.0
480,Zircon,1.0,645,28.65727667372076,382.2325581395349,3026.9038759689925,366,3014,399,3042,33.33615905990408,25.089431586091646,0.9375,0.0,1.0,0.0,0.0,0.0,0.0,0.0,0.0,0.0,0.0,0.0,0.0,0.0,0.0,0.0,0.0,0.0
481,Illite,1.0,231,17.14987856615383,377.02164502164504,644.1558441558442,364,632,390,659,36.01679265712629,8.982219461431768,0.8133802816901409,0.0,0.0,0.0,0.0,0.0,0.0,0.0,0.0,0.0,0.0,0.0,0.0,1.0,0.0,0.0,0.0,0.0
483,Rutile,0.9663409337676439,1842,48.42837227702548,385.7752442996743,2545.3604777415853,354,2524,420,2569,69.98820693794954,34.57967276293494,0.8959143968871596,0.0,0.0,0.9663409337676439,0.0,0.0,0.0,0.0,0.0,0.0,0.0,0.0,0.0,0.0,0.0,0.0,0.0,0.033659066232356136
484,Zircon,1.0,679,29.40288507740653,379.2547864506627,2590.475699558174,356,2571,398,2605,36.285744102515515,31.874095048245927,0.7494481236203091,0.0,1.0,0.0,0.0,0.0,0.0,0.0,0.0,0.0,0.0,0.0,0.0,0.0,0.0,0.0,0.0,0.0
485,Rutile,1.0,204,16.11647812414279,388.8137254901961,1722.862745098039,377,1716,404,1730,26.111950324335048,11.933461185142631,0.7727272727272727,0.0,0.0,1.0,0.0,0.0,0.0,0.0,0.0,0.0,0.0,0.0,0.0,0.0,0.0,0.0,0.0,0.0
486,Zircon,1.0,638,28.501347854812654,383.7617554858934,2845.4921630094045,371,2826,395,2865,37.6253592142627,22.78508001396767,0.9011299435028248,0.0,1.0,0.0,0.0,0.0,0.0,0.0,0.0,0.0,0.0,0.0,0.0,0.0,0.0,0.0,0.0,0.0
487,Zircon,1.0,616,28.00563442518059,390.75,898.2467532467532,373,886,408,911,34.73535778186203,23.083140481315677,0.9098966026587888,0.0,1.0,0.0,0.0,0.0,0.0,0.0,0.0,0.0,0.0,0.0,0.0,0.0,0.0,0.0,0.0,0.0
488,Rutile,1.0,845,32.80072278626208,385.15029585798817,1604.9207100591716,372,1578,402,1633,61.37627960183325,20.523973437654327,0.7392825896762905,0.0,0.0,1.0,0.0,0.0,0.0,0.0,0.0,0.0,0.0,0.0,0.0,0.0,0.0,0.0,0.0,0.0
489,Quartz,1.0,171,14.755472278097805,396.0233918128655,1600.7777777777778,389,1592,407,1613,19.448409573354315,15.485938394211528,0.6501901140684411,0.0,0.0,0.0,0.0,0.0,0.0,1.0,0.0,0.0,0.0,0.0,0.0,0.0,0.0,0.0,0.0,0.0
490,Rutile,1.0,1671,46.12573337360022,381.5733093955715,2504.880909634949,350,2485,413,2525,60.05693793369782,37.10133403953987,0.9146141215106732,0.0,0.0,1.0,0.0,0.0,0.0,0.0,0.0,0.0,0.0,0.0,0.0,0.0,0.0,0.0,0.0,0.0
491,Zircon,1.0,580,27.17496892263898,390.7931034482759,1143.8172413793104,377,1129,406,1159,33.66867407651764,22.372112560328038,0.9415584415584416,0.0,1.0,0.0,0.0,0.0,0.0,0.0,0.0,0.0,0.0,0.0,0.0,0.0,0.0,0.0,0.0,0.0
492,Zircon,1.0,134,13.061933202803933,390.0223880597015,845.5597014925373,384,838,399,852,14.99076889200931,12.46798324115256,0.8933333333333333,0.0,1.0,0.0,0.0,0.0,0.0,0.0,0.0,0.0,0.0,0.0,0.0,0.0,0.0,0.0,0.0,0.0
494,Rutile,0.5158924205378973,409,22.820056393372074,391.70660146699265,2672.7946210268947,378,2661,405,2684,27.73265721328999,20.278177446631645,0.8467908902691511,0.0,0.0,0.5158924205378973,0.4841075794621027,0.0,0.0,0.0,0.0,0.0,0.0,0.0,0.0,0.0,0.0,0.0,0.0,0.0
495,Zircon,1.0,300,19.544100476116796,393.56,2989.633333333333,382,2981,410,3001,28.13974460905048,15.813055646932067,0.7978723404255319,0.0,1.0,0.0,0.0,0.0,0.0,0.0,0.0,0.0,0.0,0.0,0.0,0.0,0.0,0.0,0.0,0.0
496,Rutile,1.0,201,15.99753570059363,391.78109452736317,2812.10447761194,384,2801,401,2823,24.01753400705413,12.137183559031682,0.788235294117647,0.0,0.0,1.0,0.0,0.0,0.0,0.0,0.0,0.0,0.0,0.0,0.0,0.0,0.0,0.0,0.0,0.0
497,Zircon,1.0,1672,46.13953314455178,395.2488038277512,2211.373803827751,369,2186,417,2239,48.50205001450146,45.5502209621949,0.9382716049382716,0.0,1.0,0.0,0.0,0.0,0.0,0.0,0.0,0.0,0.0,0.0,0.0,0.0,0.0,0.0,0.0,0.0
498,Zircon,1.0,1106,37.526030118800065,392.3607594936709,2778.7929475587703,371,2758,414,2802,52.940970191834964,26.97123301691286,0.946917808219178,0.0,1.0,0.0,0.0,0.0,0.0,0.0,0.0,0.0,0.0,0.0,0.0,0.0,0.0,0.0,0.0,0.0
499,Zircon,1.0,661,29.010538413996088,396.0499243570348,1300.4538577912253,384,1279,410,1322,47.46470367471485,18.314015110325453,0.9017735334242838,0.0,1.0,0.0,0.0,0.0,0.0,0.0,0.0,0.0,0.0,0.0,0.0,0.0,0.0,0.0,0.0,0.0
500,Zircon,1.0,110,11.834540545406394,397.0181818181818,2426.8727272727274,392,2420,403,2433,12.974803000794747,11.124462263151715,0.9166666666666666,0.0,1.0,0.0,0.0,0.0,0.0,0.0,0.0,0.0,0.0,0.0,0.0,0.0,0.0,0.0,0.0,0.0
501,Rutile,1.0,817,32.252700786889584,392.56425948592414,531.8824969400245,370,512,409,550,43.79351921949077,28.57916162065743,0.8057199211045365,0.0,0.0,1.0,0.0,0.0,0.0,0.0,0.0,0.0,0.0,0.0,0.0,0.0,0.0,0.0,0.0,0.0
502,Rutile,1.0,679,29.40288507740653,397.79970544918996,1255.7658321060383,383,1241,413,1274,30.997923643360874,30.29304210223901,0.8382716049382716,0.0,0.0,1.0,0.0,0.0,0.0,0.0,0.0,0.0,0.0,0.0,0.0,0.0,0.0,0.0,0.0,0.0
503,Zircon,0.9474393530997305,742,30.736683981742253,399.544474393531,2730.2506738544475,382,2713,420,2745,39.55714092745425,25.759124271246254,0.8135964912280702,0.05256064690026954,0.9474393530997305,0.0,0.0,0.0,0.0,0.0,0.0,0.0,0.0,0.0,0.0,0.0,0.0,0.0,0.0,0.0
504,Rutile,0.7410358565737052,251,17.876888032555495,398.8964143426295,927.2549800796813,392,916,407,942,23.892073960367114,13.90708753853159,0.8625429553264605,0.0,0.0,0.7410358565737052,0.0,0.0,0.0,0.2589641434262948,0.0,0.0,0.0,0.0,0.0,0.0,0.0,0.0,0.0,0.0
506,Monazite & Xenotime,1.0,513,25.557227675339483,396.6159844054581,1803.140350877193,379,1792,414,1819,39.113939114217494,20.408932373955317,0.7588757396449705,1.0,0.0,0.0,0.0,0.0,0.0,0.0,0.0,0.0,0.0,0.0,0.0,0.0,0.0,0.0,0.0,0.0
507,Zircon,1.0,155,14.048207338801282,399.8838709677419,3004.393548387097,392,2996,407,3016,19.99879266739063,11.122176872428447,0.8115183246073299,0.0,1.0,0.0,0.0,0.0,0.0,0.0,0.0,0.0,0.0,0.0,0.0,0.0,0.0,0.0,0.0,0.0
508,Zircon,1.0,681,29.44615645486938,399.48458149779736,3234.7386196769457,387,3213,415,3253,39.611889243904706,23.17052578348326,0.8996036988110965,0.0,1.0,0.0,0.0,0.0,0.0,0.0,0.0,0.0,0.0,0.0,0.0,0.0,0.0,0.0,0.0,0.0
509,Zircon,1.0,1492,43.585242924008845,402.8063002680965,479.94101876675603,380,448,423,509,68.9060703796286,30.18770429968862,0.8434143583945732,0.0,1.0,0.0,0.0,0.0,0.0,0.0,0.0,0.0,0.0,0.0,0.0,0.0,0.0,0.0,0.0,0.0
510,Quartz,1.0,109,11.780624362746345,400.26605504587155,1182.0091743119267,395,1175,406,1190,15.203229436783415,9.958787310209873,0.9008264462809917,0.0,0.0,0.0,0.0,0.0,0.0,1.0,0.0,0.0,0.0,0.0,0.0,0.0,0.0,0.0,0.0,0.0
511,Rutile,1.0,140,13.351162356249091,403.87857142857143,316.35,399,308,410,326,17.387217138153495,10.52630265276655,0.9090909090909091,0.0,0.0,1.0,0.0,0.0,0.0,0.0,0.0,0.0,0.0,0.0,0.0,0.0,0.0,0.0,0.0,0.0
512,Rutile,1.0,764,31.18902069924069,394.62041884816756,237.2696335078534,370,218,415,259,57.75146752636356,20.216135225069642,0.799163179916318,0.0,0.0,1.0,0.0,0.0,0.0,0.0,0.0,0.0,0.0,0.0,0.0,0.0,0.0,0.0,0.0,0.0
513,Quartz,1.0,189,15.512648837479231,411.81481481481484,1179.037037037037,404,1173,423,1188,20.14629882900269,12.857806754689065,0.883177570093458,0.0,0.0,0.0,0.0,0.0,0.0,1.0,0.0,0.0,0.0,0.0,0.0,0.0,0.0,0.0,0.0,0.0
514,Zircon,1.0,1380,41.917425633434654,398.1101449275362,2071.2855072463767,378,2039,421,2102,69.75847355952341,26.205247508372,0.8955223880597015,0.0,1.0,0.0,0.0,0.0,0.0,0.0,0.0,0.0,0.0,0.0,0.0,0.0,0.0,0.0,0.0,0.0
515,Zircon,1.0,132,12.964089628857149,404.95454545454544,2923.0530303030305,399,2915,414,2930,15.520793031985058,11.414887545269112,0.8407643312101911,0.0,1.0,0.0,0.0,0.0,0.0,0.0,0.0,0.0,0.0,0.0,0.0,0.0,0.0,0.0,0.0,0.0
516,Iron Oxides,1.0,846,32.82012575914278,403.2080378250591,1910.7210401891252,391,1883,416,1935,51.20945600903912,22.904760149941275,0.86414708886619,0.0,0.0,0.0,0.0,1.0,0.0,0.0,0.0,0.0,0.0,0.0,0.0,0.0,0.0,0.0,0.0,0.0
517,Quartz,1.0,313,19.963065333312567,415.9488817891374,1905.7699680511182,410,1885,422,1928,45.080327185959725,9.821421538644564,0.8025641025641026,0.0,0.0,0.0,0.0,0.0,0.0,1.0,0.0,0.0,0.0,0.0,0.0,0.0,0.0,0.0,0.0,0.0
518,Quartz,0.7151898734177216,158,14.183506197980657,406.53164556962025,330.0,398,320,415,339,19.402734413992317,12.372853124482535,0.7348837209302326,0.0,0.0,0.2848101265822785,0.0,0.0,0.0,0.7151898734177216,0.0,0.0,0.0,0.0,0.0,0.0,0.0,0.0,0.0,0.0
519,Zircon,1.0,917,34.16958680642984,409.3064340239913,1986.5790621592148,394,1970,429,2006,36.04370811432888,34.07015381164352,0.9007858546168959,0.0,1.0,0.0,0.0,0.0,0.0,0.0,0.0,0.0,0.0,0.0,0.0,0.0,0.0,0.0,0.0,0.0
520,Quartz,1.0,545,26.34227689249097,409.3064220183486,2836.315596330275,395,2813,425,2853,33.759760916207036,28.070570476122384,0.6829573934837093,0.0,0.0,0.0,0.0,0.0,0.0,1.0,0.0,0.0,0.0,0.0,0.0,0.0,0.0,0.0,0.0,0.0
521,Zircon,1.0,2249,53.5118280019416,411.78390395731435,125.25922632281014,387,96,438,156,64.81061116338978,44.43993413592,0.9664804469273743,0.0,1.0,0.0,0.0,0.0,0.0,0.0,0.0,0.0,0.0,0.0,0.0,0.0,0.0,0.0,0.0,0.0
522,Zircon,1.0,1145,38.18192345497751,414.75458515283844,1082.8585152838427,396,1056,433,1109,51.53915226845491,30.61564030058582,0.872048743335872,0.0,1.0,0.0,0.0,0.0,0.0,0.0,0.0,0.0,0.0,0.0,0.0,0.0,0.0,0.0,0.0,0.0
523,Rutile,1.0,1134,37.99807421080277,409.91975308641975,748.2962962962963,395,723,427,774,51.30099237661635,29.21232781155737,0.874325366229761,0.0,0.0,1.0,0.0,0.0,0.0,0.0,0.0,0.0,0.0,0.0,0.0,0.0,0.0,0.0,0.0,0.0
524,Zircon,1.0,1537,44.23764437962249,412.47755367599217,1766.7859466493169,387,1747,443,1791,62.699782341373634,32.45113491973263,0.91270783847981,0.0,1.0,0.0,0.0,0.0,0.0,0.0,0.0,0.0,0.0,0.0,0.0,0.0,0.0,0.0,0.0,0.0
525,Rutile,1.0,122,12.463355264843006,413.7049180327869,173.68852459016392,406,166,421,180,15.410290417047324,11.671899682325362,0.8299319727891157,0.0,0.0,1.0,0.0,0.0,0.0,0.0,0.0,0.0,0.0,0.0,0.0,0.0,0.0,0.0,0.0,0.0
526,Zircon,0.9740358915616648,2619,57.74611993598696,410.3940435280642,1389.406261932035,379,1353,438,1422,68.9051647632998,52.402393262000594,0.8615131578947368,0.0,0.9740358915616648,0.0,0.0,0.0,0.0,0.0,0.0,0.0,0.0,0.0,0.0,0.0057273768613974796,0.0,0.0,0.0,0.020236731576937762
527,Zircon,1.0,452,23.98967015655475,418.3495575221239,2393.5774336283184,402,2377,436,2408,37.7592728793507,18.853195112282286,0.6858877086494689,0.0,1.0,0.0,0.0,0.0,0.0,0.0,0.0,0.0,0.0,0.0,0.0,0.0,0.0,0.0,0.0,0.0
528,Rutile,1.0,1391,42.084156243491584,422.6721782890007,663.7469446441409,398,647,454,682,56.86082637680971,32.22550820696715,0.9456152277362339,0.0,0.0,1.0,0.0,0.0,0.0,0.0,0.0,0.0,0.0,0.0,0.0,0.0,0.0,0.0,0.0,0.0
529,Monazite & Xenotime,1.0,115,12.100518486599809,416.3652173913043,2711.426086956522,407,2705,424,2722,22.52421986514247,11.104392580848117,0.6149732620320856,1.0,0.0,0.0,0.0,0.0,0.0,0.0,0.0,0.0,0.0,0.0,0.0,0.0,0.0,0.0,0.0,0.0
530,Rutile,0.7419354838709677,186,15.389040103942165,417.3333333333333,780.741935483871,408,774,429,791,20.861268944858704,12.226651432062969,0.8193832599118943,0.0,0.0,0.7419354838709677,0.25806451612903225,0.0,0.0,0.0,0.0,0.0,0.0,0.0,0.0,0.0,0.0,0.0,0.0,0.0
531,Zircon,0.938953488372093,1032,36.24890633062862,412.4408914728682,2573.858527131783,389,2548,436,2590,48.87347735845507,31.19181875534025,0.7975270479134466,0.0,0.938953488372093,0.061046511627906974,0.0,0.0,0.0,0.0,0.0,0.0,0.0,0.0,0.0,0.0,0.0,0.0,0.0,0.0
532,Zircon,1.0,374,21.821814538001895,416.52139037433153,2617.3770053475937,404,2607,433,2628,29.445236267149816,17.66295655738208,0.8519362186788155,0.0,1.0,0.0,0.0,0.0,0.0,0.0,0.0,0.0,0.0,0.0,0.0,0.0,0.0,0.0,0.0,0.0
533,Zircon,1.0,506,25.38226171238474,417.90513833992094,2656.0592885375495,406,2644,433,2672,26.414834143859455,25.286676315859708,0.9405204460966543,0.0,1.0,0.0,0.0,0.0,0.0,0.0,0.0,0.0,0.0,0.0,0.0,0.0,0.0,0.0,0.0,0.0
534,Zircon,1.0,347,21.019374919894773,419.01440922190204,2603.5158501440924,407,2593,434,2612,27.224761788427703,16.90670589463407,0.940379403794038,0.0,1.0,0.0,0.0,0.0,0.0,0.0,0.0,0.0,0.0,0.0,0.0,0.0,0.0,0.0,0.0,0.0
535,Zircon,1.0,565,26.821266613927218,420.58761061946905,2955.5592920353984,408,2941,438,2972,28.47957090844803,26.60159237200413,0.8828125,0.0,1.0,0.0,0.0,0.0,0.0,0.0,0.0,0.0,0.0,0.0,0.0,0.0,0.0,0.0,0.0,0.0
536,Zircon,1.0,3985,71.23102965540807,421.97440401505645,1848.7515683814304,383,1815,462,1883,77.37519735681245,66.12251702872291,0.9367653972731547,0.0,1.0,0.0,0.0,0.0,0.0,0.0,0.0,0.0,0.0,0.0,0.0,0.0,0.0,0.0,0.0,0.0
537,Quartz,1.0,1221,39.42873931692001,424.3374283374283,893.3276003276003,409,870,445,924,52.116545818566664,31.02717351901826,0.8958180484225972,0.0,0.0,0.0,0.0,0.0,0.0,1.0,0.0,0.0,0.0,0.0,0.0,0.0,0.0,0.0,0.0,0.0
538,Rutile,0.9477234401349073,593,27.47782833536798,424.5261382799325,3014.5328836424956,410,2997,441,3030,38.73324178945479,21.47097709452991,0.7970430107526881,0.0,0.0,0.9477234401349073,0.05227655986509275,0.0,0.0,0.0,0.0,0.0,0.0,0.0,0.0,0.0,0.0,0.0,0.0,0.0
539,Orthoclase,1.0,396,22.45446191105733,426.8939393939394,2691.770202020202,414,2679,444,2705,32.25599843716556,19.198600872546532,0.752851711026616,0.0,0.0,0.0,0.0,0.0,0.0,0.0,0.0,1.0,0.0,0.0,0.0,0.0,0.0,0.0,0.0,0.0
541,Zircon,0.9074074074074074,594,27.500987065425246,421.7878787878788,1019.4377104377104,403,1009,441,1032,36.55916825595546,21.772749423738713,0.8735294117647059,0.0,0.9074074074074074,0.0,0.0,0.09259259259259259,0.0,0.0,0.0,0.0,0.0,0.0,0.0,0.0,0.0,0.0,0.0,0.0
542,Rutile,1.0,1630,45.55634377250127,430.2509202453988,702.2509202453988,406,682,457,726,52.983078657349786,39.75663048987225,0.9335624284077892,0.0,0.0,1.0,0.0,0.0,0.0,0.0,0.0,0.0,0.0,0.0,0.0,0.0,0.0,0.0,0.0,0.0
543,Zircon,1.0,620,28.096414677602564,432.3774193548387,2748.1693548387098,416,2733,452,2764,44.030125862007246,18.822181324490874,0.8946608946608947,0.0,1.0,0.0,0.0,0.0,0.0,0.0,0.0,0.0,0.0,0.0,0.0,0.0,0.0,0.0,0.0,0.0
545,Zircon,1.0,1014,35.93139154501889,428.5611439842209,1285.1499013806706,410,1264,449,1303,40.97899323270412,32.59909801747567,0.9102333931777379,0.0,1.0,0.0,0.0,0.0,0.0,0.0,0.0,0.0,0.0,0.0,0.0,0.0,0.0,0.0,0.0,0.0
546,Zircon,1.0,838,32.66457926390705,431.65393794749406,1002.7899761336515,407,989,453,1021,45.474093201246674,26.123544896593753,0.8297029702970297,0.0,1.0,0.0,0.0,0.0,0.0,0.0,0.0,0.0,0.0,0.0,0.0,0.0,0.0,0.0,0.0,0.0
547,Zircon,1.0,1437,42.77435242974964,431.8956158663883,2348.470424495477,407,2332,459,2370,49.86034028702546,38.11766603808272,0.9294954721862871,0.0,1.0,0.0,0.0,0.0,0.0,0.0,0.0,0.0,0.0,0.0,0.0,0.0,0.0,0.0,0.0,0.0
548,Quartz,1.0,207,16.23454913941803,429.2463768115942,261.4685990338164,421,251,439,272,20.111338628913966,14.30976170003812,0.8697478991596639,0.0,0.0,0.0,0.0,0.0,0.0,1.0,0.0,0.0,0.0,0.0,0.0,0.0,0.0,0.0,0.0,0.0
549,Ilmenite,1.0,1501,43.71650210901461,434.8274483677548,1216.7581612258493,413,1194,460,1242,48.443992899643,40.36349540641257,0.9174816625916871,0.0,0.0,0.0,1.0,0.0,0.0,0.0,0.0,0.0,0.0,0.0,0.0,0.0,0.0,0.0,0.0,0.0
550,Zircon,1.0,1039,36.371635747926355,431.68238691049083,1575.784408084697,411,1554,451,1597,45.404473829866355,30.54385121673683,0.9210992907801419,0.0,1.0,0.0,0.0,0.0,0.0,0.0,0.0,0.0,0.0,0.0,0.0,0.0,0.0,0.0,0.0,0.0
551,Zircon,1.0,320,20.185060176161283,432.00625,455.5625,423,446,444,472,25.528249594392914,17.859041061780946,0.9090909090909091,0.0,1.0,0.0,0.0,0.0,0.0,0.0,0.0,0.0,0.0,0.0,0.0,0.0,0.0,0.0,0.0,0.0
552,Zircon,1.0,411,22.875783109789968,433.2968369829684,1321.8564476885645,423,1307,443,1338,30.19298216625951,17.92894966936837,0.8915401301518439,0.0,1.0,0.0,0.0,0.0,0.0,0.0,0.0,0.0,0.0,0.0,0.0,0.0,0.0,0.0,0.0,0.0
553,Rutile,1.0,906,33.96402549065787,431.61037527593817,2809.2240618101546,411,2792,450,2828,41.57691940904881,28.936323496353126,0.9023904382470119,0.0,0.0,1.0,0.0,0.0,0.0,0.0,0.0,0.0,0.0,0.0,0.0,0.0,0.0,0.0,0.0,0.0
554,Zircon,1.0,276,18.746042631630413,434.39130434782606,439.018115942029,424,431,446,447,22.207759385744378,16.5015846381691,0.9292929292929293,0.0,1.0,0.0,0.0,0.0,0.0,0.0,0.0,0.0,0.0,0.0,0.0,0.0,0.0,0.0,0.0,0.0
555,Rutile,1.0,185,15.347615963921077,433.35135135135135,788.8378378378378,424,782,444,797,18.805020861080326,13.219033571292762,0.8726415094339622,0.0,0.0,1.0,0.0,0.0,0.0,0.0,0.0,0.0,0.0,0.0,0.0,0.0,0.0,0.0,0.0,0.0
556,Zircon,1.0,259,18.159544104586082,434.73745173745175,2668.6370656370655,424,2661,445,2677,21.509424110849945,15.982225272014949,0.9350180505415162,0.0,1.0,0.0,0.0,0.0,0.0,0.0,0.0,0.0,0.0,0.0,0.0,0.0,0.0,0.0,0.0,0.0
557,Rutile,1.0,1036,36.319088209172165,436.72297297297297,3043.9131274131273,415,3018,455,3073,54.828493420295835,28.155820080442876,0.8081123244929798,0.0,0.0,1.0,0.0,0.0,0.0,0.0,0.0,0.0,0.0,0.0,0.0,0.0,0.0,0.0,0.0,0.0
558,Zircon,1.0,247,17.733870630789692,439.2955465587045,2715.5546558704455,432,2707,448,2726,19.283729527679785,16.39554428717115,0.9762845849802372,0.0,1.0,0.0,0.0,0.0,0.0,0.0,0.0,0.0,0.0,0.0,0.0,0.0,0.0,0.0,0.0,0.0
559,Rutile,1.0,444,23.77642441290137,442.36036036036035,1800.7725225225224,430,1788,457,1813,27.93658224234363,21.774277499402622,0.8571428571428571,0.0,0.0,1.0,0.0,0.0,0.0,0.0,0.0,0.0,0.0,0.0,0.0,0.0,0.0,0.0,0.0,0.0
560,Rutile,1.0,358,21.349935761383176,435.49441340782124,2088.6564245810055,422,2080,449,2101,28.8559201566766,17.43991336186165,0.8325581395348837,0.0,0.0,1.0,0.0,0.0,0.0,0.0,0.0,0.0,0.0,0.0,0.0,0.0,0.0,0.0,0.0,0.0
561,Ilmenite,1.0,479,24.695783889727878,438.8580375782881,2472.883089770355,423,2460,456,2486,28.79483870140589,22.501098226598984,0.8418277680140598,0.0,0.0,0.0,1.0,0.0,0.0,0.0,0.0,0.0,0.0,0.0,0.0,0.0,0.0,0.0,0.0,0.0
562,Zircon,1.0,1822,48.164742815751296,437.9780461031833,3210.2305159165753,411,3186,464,3234,57.09513706018196,42.65320846848081,0.9060169070114371,0.0,1.0,0.0,0.0,0.0,0.0,0.0,0.0,0.0,0.0,0.0,0.0,0.0,0.0,0.0,0.0,0.0
563,Zircon,1.0,288,19.149229459268767,442.4270833333333,85.37847222222223,433,74,452,98,25.063074161331098,15.054303412577365,0.9113924050632911,0.0,1.0,0.0,0.0,0.0,0.0,0.0,0.0,0.0,0.0,0.0,0.0,0.0,0.0,0.0,0.0,0.0
564,Rutile,0.9807912844036697,3488,66.64127498807512,443.23423165137615,2907.3188073394494,409,2866,471,2954,87.9776459274286,52.39951900735993,0.8777050830397585,0.0,0.019208715596330275,0.9807912844036697,0.0,0.0,0.0,0.0,0.0,0.0,0.0,0.0,0.0,0.0,0.0,0.0,0.0,0.0
565,Rutile,1.0,719,30.256556854086718,437.4061196105702,3126.816411682893,419,3114,455,3141,38.5665854950328,25.23038656615337,0.8579952267303103,0.0,0.0,1.0,0.0,0.0,0.0,0.0,0.0,0.0,0.0,0.0,0.0,0.0,0.0,0.0,0.0,0.0
566,Zircon,0.9518072289156626,747,30.8400703617415,445.67336010709505,3172.3078982597053,421,3159,470,3185,49.919220984156524,21.55088155573768,0.7821989528795812,0.04819277108433735,0.9518072289156626,0.0,0.0,0.0,0.0,0.0,0.0,0.0,0.0,0.0,0.0,0.0,0.0,0.0,0.0,0.0
567,Zircon,1.0,119,12.309163489997376,444.87394957983196,2962.983193277311,440,2956,450,2972,16.461922592528627,9.359674600385686,0.9153846153846154,0.0,1.0,0.0,0.0,0.0,0.0,0.0,0.0,0.0,0.0,0.0,0.0,0.0,0.0,0.0,0.0,0.0
568,Monazite & Xenotime,1.0,1336,41.24376354997416,445.72904191616766,758.625748502994,423,732,468,780,49.591203073332856,35.237821213987075,0.9188445667125172,1.0,0.0,0.0,0.0,0.0,0.0,0.0,0.0,0.0,0.0,0.0,0.0,0.0,0.0,0.0,0.0,0.0
569,Zircon,1.0,601,27.66255531193445,446.9983361064892,2786.4292845257905,433,2772,463,2802,31.770105337681553,24.457603350832027,0.9585326953748007,0.0,1.0,0.0,0.0,0.0,0.0,0.0,0.0,0.0,0.0,0.0,0.0,0.0,0.0,0.0,0.0,0.0
570,Rutile,1.0,309,19.83509564693766,446.3462783171521,2841.430420711974,427,2832,466,2852,37.530851598146164,13.30896312648919,0.7103448275862069,0.0,0.0,1.0,0.0,0.0,0.0,0.0,0.0,0.0,0.0,0.0,0.0,0.0,0.0,0.0,0.0,0.0
571,Zircon,1.0,126,12.666024736934256,448.8492063492063,2983.936507936508,443,2974,455,2995,21.512671852667307,10.23604563703764,0.6737967914438503,0.0,1.0,0.0,0.0,0.0,0.0,0.0,0.0,0.0,0.0,0.0,0.0,0.0,0.0,0.0,0.0,0.0
573,Zircon,1.0,142,13.446189622059965,447.11267605633805,927.2535211267606,437,923,457,933,20.91424036568279,9.700280542668255,0.8402366863905325,0.0,1.0,0.0,0.0,0.0,0.0,0.0,0.0,0.0,0.0,0.0,0.0,0.0,0.0,0.0,0.0,0.0
574,Zircon,1.0,729,30.46623751157884,450.9122085048011,2621.9698216735255,431,2609,471,2634,40.903773783904725,24.267483460890244,0.9204545454545454,0.0,1.0,0.0,0.0,0.0,0.0,0.0,0.0,0.0,0.0,0.0,0.0,0.0,0.0,0.0,0.0,0.0
575,Zircon,1.0,729,30.46623751157884,454.82030178326477,2640.746227709191,434,2632,479,2653,46.707321287950286,20.460301192220445,0.9382239382239382,0.0,1.0,0.0,0.0,0.0,0.0,0.0,0.0,0.0,0.0,0.0,0.0,0.0,0.0,0.0,0.0,0.0
576,Zircon,1.0,565,26.821266613927218,453.0230088495575,2703.6938053097347,439,2689,467,2720,34.32823543915952,21.860700967217923,0.8968253968253969,0.0,1.0,0.0,0.0,0.0,0.0,0.0,0.0,0.0,0.0,0.0,0.0,0.0,0.0,0.0,0.0,0.0
577,Zircon,1.0,611,27.891743614073043,451.36497545008183,2207.88379705401,435,2193,467,2223,32.38916737047809,27.22733365588037,0.8223418573351279,0.0,1.0,0.0,0.0,0.0,0.0,0.0,0.0,0.0,0.0,0.0,0.0,0.0,0.0,0.0,0.0,0.0
578,Zircon,1.0,690,29.640095915284455,446.92028985507244,2494.840579710145,419,2486,470,2506,49.27150436984556,18.73651347950131,0.8834827144686299,0.0,1.0,0.0,0.0,0.0,0.0,0.0,0.0,0.0,0.0,0.0,0.0,0.0,0.0,0.0,0.0,0.0
579,Rutile,1.0,111,11.888212206450685,457.81081081081084,1744.009009009009,453,1735,465,1754,19.608410576607156,8.745616320417907,0.7449664429530202,0.0,0.0,1.0,0.0,0.0,0.0,0.0,0.0,0.0,0.0,0.0,0.0,0.0,0.0,0.0,0.0,0.0
580,Zircon,0.9269893355209188,2438,55.71497114837561,459.30803937653815,1995.9323215750615,435,1960,485,2031,73.06114031870169,43.73958115746469,0.9445951181712514,0.0,0.9269893355209188,0.0,0.0,0.0,0.0,0.0,0.0,0.0,0.0,0.0,0.0,0.0,0.0,0.0,0.0,0.07301066447908121
581,Zircon,1.0,1343,41.351671170332686,451.5383469843634,2575.7803425167535,431,2545,474,2607,61.86513776817555,29.785708588523814,0.8754889178617992,0.0,1.0,0.0,0.0,0.0,0.0,0.0,0.0,0.0,0.0,0.0,0.0,0.0,0.0,0.0,0.0,0.0
582,Rutile,1.0,1904,49.2366539599895,456.3686974789916,1109.4753151260504,435,1077,484,1136,63.00645856603117,41.43377519251341,0.8814814814814815,0.0,0.0,1.0,0.0,0.0,0.0,0.0,0.0,0.0,0.0,0.0,0.0,0.0,0.0,0.0,0.0,0.0
583,Zircon,0.9941289496157131,9368,109.21404696777336,453.872438087105,1663.4086251067463,392,1596,521,1724,139.91695825227976,92.72690381048774,0.8837735849056604,0.0,0.9941289496157131,0.0,0.0,0.0,0.0,0.0,0.0,0.0,0.0,0.0,0.0,0.0,0.0,0.0,0.0,0.005871050384286934
584,Ilmenite,0.9604612850082372,607,27.80029502818709,456.9868204283361,126.1153212520593,442,107,476,142,37.826224172644245,26.379546563348107,0.7304452466907341,0.0,0.0,0.039538714991762765,0.9604612850082372,0.0,0.0,0.0,0.0,0.0,0.0,0.0,0.0,0.0,0.0,0.0,0.0,0.0
585,Zircon,0.987535953978907,1043,36.44158126589425,456.3240651965484,1174.6097794822626,438,1157,476,1194,44.13569328469633,30.65035965577812,0.953382084095064,0.0,0.987535953978907,0.012464046021093002,0.0,0.0,0.0,0.0,0.0,0.0,0.0,0.0,0.0,0.0,0.0,0.0,0.0,0.0
586,Rutile,1.0,503,25.30690599424961,456.7375745526839,1312.0775347912524,440,1299,475,1327,34.27763636514173,22.16414139099194,0.7738461538461539,0.0,0.0,1.0,0.0,0.0,0.0,0.0,0.0,0.0,0.0,0.0,0.0,0.0,0.0,0.0,0.0,0.0
587,Zircon,1.0,801,31.935323316554435,458.68789013732834,2393.107365792759,446,2372,473,2413,42.1649288566958,25.10544463484213,0.8939732142857143,0.0,1.0,0.0,0.0,0.0,0.0,0.0,0.0,0.0,0.0,0.0,0.0,0.0,0.0,0.0,0.0,0.0
588,Rutile,1.0,823,32.37091511398834,469.45686512758203,1289.577156743621,449,1270,490,1306,47.609827799634,24.19841394641772,0.8458376156217883,0.0,0.0,1.0,0.0,0.0,0.0,0.0,0.0,0.0,0.0,0.0,0.0,0.0,0.0,0.0,0.0,0.0
589,Illite,1.0,574,27.034043328329254,452.4878048780488,1420.8902439024391,428,1408,478,1436,52.44889914267667,15.393947053924503,0.7767253044654939,0.0,0.0,0.0,0.0,0.0,0.0,0.0,0.0,0.0,0.0,0.0,0.0,1.0,0.0,0.0,0.0,0.0
591,Zircon,1.0,1019,36.01987085047822,465.648675171737,2528.2414131501473,448,2508,486,2550,43.907263179614105,31.243520103245146,0.904170363797693,0.0,1.0,0.0,0.0,0.0,0.0,0.0,0.0,0.0,0.0,0.0,0.0,0.0,0.0,0.0,0.0,0.0
592,Zircon,1.0,622,28.14169498849121,459.1607717041801,3099.903536977492,445,3085,476,3114,31.240317309496405,25.680595663829383,0.948170731707317,0.0,1.0,0.0,0.0,0.0,0.0,0.0,0.0,0.0,0.0,0.0,0.0,0.0,0.0,0.0,0.0,0.0
593,Rutile,1.0,458,24.148368712786887,464.17248908296943,2149.849344978166,451,2136,478,2165,31.760936839249343,19.02083979933232,0.8674242424242424,0.0,0.0,1.0,0.0,0.0,0.0,0.0,0.0,0.0,0.0,0.0,0.0,0.0,0.0,0.0,0.0,0.0
594,Zircon,0.998193315266486,1107,37.542991037233904,471.57633242999094,3059.144534778681,449,3040,499,3081,51.79238563655451,29.709118254128175,0.8521939953810623,0.0,0.998193315266486,0.0018066847335140017,0.0,0.0,0.0,0.0,0.0,0.0,0.0,0.0,0.0,0.0,0.0,0.0,0.0,0.0
595,Zircon,1.0,447,23.85661494212072,470.3847874720358,3117.731543624161,453,3105,484,3130,31.01983001351054,20.613676953799633,0.8402255639097744,0.0,1.0,0.0,0.0,0.0,0.0,0.0,0.0,0.0,0.0,0.0,0.0,0.0,0.0,0.0,0.0,0.0
596,Zircon,1.0,1045,36.47650372840365,464.9684210526316,2078.2181818181816,453,2049,485,2108,62.154197886343546,24.982933695936204,0.7534246575342466,0.0,1.0,0.0,0.0,0.0,0.0,0.0,0.0,0.0,0.0,0.0,0.0,0.0,0.0,0.0,0.0,0.0
597,Zircon,1.0,831,32.52786592561707,465.6149217809868,2746.3188929001203,441,2728,487,2766,47.204384549347814,25.169779348668605,0.8360160965794768,0.0,1.0,0.0,0.0,0.0,0.0,0.0,0.0,0.0,0.0,0.0,0.0,0.0,0.0,0.0,0.0,0.0
598,Zircon,1.0,142,13.446189622059965,471.15492957746477,2850.330985915493,465,2843,479,2858,15.933005168020745,12.635839526646421,0.8304093567251462,0.0,1.0,0.0,0.0,0.0,0.0,0.0,0.0,0.0,0.0,0.0,0.0,0.0,0.0,0.0,0.0,0.0
599,Zircon,1.0,737,30.632948674096244,472.4192672998643,1222.3107191316146,454,1208,492,1242,45.31139023422341,25.704871560131142,0.7717277486910995,0.0,1.0,0.0,0.0,0.0,0.0,0.0,0.0,0.0,0.0,0.0,0.0,0.0,0.0,0.0,0.0,0.0
600,Zircon,1.0,1386,42.00845163777089,469.64790764790763,2245.715007215007,447,2225,496,2269,45.55357256877763,39.83322317773687,0.9358541525995948,0.0,1.0,0.0,0.0,0.0,0.0,0.0,0.0,0.0,0.0,0.0,0.0,0.0,0.0,0.0,0.0,0.0
601,Rutile,1.0,1044,36.45904667847899,471.8572796934866,1785.0316091954023,450,1760,491,1807,43.04613335617979,34.380656009107255,0.8529411764705882,0.0,0.0,1.0,0.0,0.0,0.0,0.0,0.0,0.0,0.0,0.0,0.0,0.0,0.0,0.0,0.0,0.0
602,Zircon,0.9302325581395349,1892,49.08125119267976,471.21723044397464,2448.274841437632,449,2417,495,2485,61.77896841071402,41.38582550233027,0.8596092685143116,0.0,0.9302325581395349,0.0,0.0,0.0,0.0,0.06976744186046512,0.0,0.0,0.0,0.0,0.0,0.0,0.0,0.0,0.0,0.0
603,Iron Oxides,1.0,114,12.047792665040703,479.63157894736844,2418.2631578947367,475,2411,485,2427,15.79271714905467,9.562983715023028,0.890625,0.0,0.0,0.0,0.0,1.0,0.0,0.0,0.0,0.0,0.0,0.0,0.0,0.0,0.0,0.0,0.0,0.0
604,Zircon,1.0,911,34.05761625912379,464.58836443468715,1257.3556531284303,441,1241,489,1273,50.944640063564364,23.89597022095636,0.8734419942473634,0.0,1.0,0.0,0.0,0.0,0.0,0.0,0.0,0.0,0.0,0.0,0.0,0.0,0.0,0.0,0.0,0.0
605,Zircon,1.0,1311,40.85605271129112,480.3935926773455,2827.708619374523,458,2802,501,2857,62.06437254131483,29.326842385379887,0.8371647509578544,0.0,1.0,0.0,0.0,0.0,0.0,0.0,0.0,0.0,0.0,0.0,0.0,0.0,0.0,0.0,0.0,0.0
606,Zircon,1.0,518,25.68147355921802,473.9980694980695,3029.762548262548,462,3017,487,3045,28.7933117244029,23.088309468150424,0.9418181818181818,0.0,1.0,0.0,0.0,0.0,0.0,0.0,0.0,0.0,0.0,0.0,0.0,0.0,0.0,0.0,0.0,0.0
607,Zircon,0.9464809384164223,1364,41.6737176049697,472.8731671554252,2325.1348973607037,449,2305,498,2347,54.67724696627475,32.57271998320341,0.8967784352399737,0.0,0.9464809384164223,0.0,0.0,0.0,0.0,0.0,0.0,0.0,0.0,0.0,0.0,0.0,0.0,0.0,0.0,0.053519061583577714
608,Rutile,1.0,356,21.290215544369623,476.82022471910113,2714.7387640449438,467,2701,490,2729,26.81395901948118,18.662836442853372,0.7858719646799117,0.0,0.0,1.0,0.0,0.0,0.0,0.0,0.0,0.0,0.0,0.0,0.0,0.0,0.0,0.0,0.0,0.0
609,Zircon,1.0,246,17.697935698969246,477.8739837398374,3172.1341463414633,470,3163,489,3187,28.167241169102347,14.635388645416441,0.7639751552795031,0.0,1.0,0.0,0.0,0.0,0.0,0.0,0.0,0.0,0.0,0.0,0.0,0.0,0.0,0.0,0.0,0.0
610,Rutile,0.7632850241545893,207,16.23454913941803,481.3768115942029,132.45893719806764,473,119,489,143,24.84480794423506,12.637343415350948,0.8149606299212598,0.0,0.0,0.7632850241545893,0.23671497584541062,0.0,0.0,0.0,0.0,0.0,0.0,0.0,0.0,0.0,0.0,0.0,0.0,0.0
611,Ilmenite,1.0,274,18.677998695187732,473.8941605839416,145.40510948905109,463,136,490,154,26.333466752742996,15.894923321282713,0.7942028985507247,0.0,0.0,0.0,1.0,0.0,0.0,0.0,0.0,0.0,0.0,0.0,0.0,0.0,0.0,0.0,0.0,0.0
612,Unknown,1.0,255,18.01877032173579,487.5372549019608,1428.1019607843136,474,1418,502,1439,34.84828422154674,10.261517432845897,0.8225806451612904,0.0,0.0,0.0,0.0,0.0,0.0,0.0,0.0,0.0,0.0,0.0,0.0,0.0,0.0,0.0,0.0,1.0
613,Quartz,1.0,430,23.398568422792877,481.09767441860464,2874.9953488372093,467,2864,498,2891,29.190475045943177,21.111562223276085,0.7846715328467153,0.0,0.0,0.0,0.0,0.0,0.0,1.0,0.0,0.0,0.0,0.0,0.0,0.0,0.0,0.0,0.0,0.0
614,Quartz,1.0,456,24.095585330081406,480.3925438596491,2958.157894736842,469,2946,495,2971,26.08862132984336,23.707135342827392,0.8803088803088803,0.0,0.0,0.0,0.0,0.0,0.0,1.0,0.0,0.0,0.0,0.0,0.0,0.0,0.0,0.0,0.0,0.0
615,Ilmenite,1.0,737,30.632948674096244,485.31071913161463,2563.8358208955224,468,2547,508,2582,41.63290906409037,27.369481191853893,0.7933261571582346,0.0,0.0,0.0,1.0,0.0,0.0,0.0,0.0,0.0,0.0,0.0,0.0,0.0,0.0,0.0,0.0,0.0
616,Zircon,1.0,1246,39.830346128799995,484.3290529695024,2770.4855537720705,463,2752,513,2796,53.917051361493954,33.488635279336286,0.8368032236400269,0.0,1.0,0.0,0.0,0.0,0.0,0.0,0.0,0.0,0.0,0.0,0.0,0.0,0.0,0.0,0.0,0.0
617,Zircon,1.0,439,23.642169108157916,484.9043280182232,3237.5740318906605,472,3223,500,3252,29.85827883508,22.682383060041854,0.8346007604562737,0.0,1.0,0.0,0.0,0.0,0.0,0.0,0.0,0.0,0.0,0.0,0.0,0.0,0.0,0.0,0.0,0.0
618,Zircon,1.0,1201,39.1044843109704,483.9458784346378,2369.114071606994,465,2350,502,2394,45.256224162481764,35.40076903357375,0.9331779331779332,0.0,1.0,0.0,0.0,0.0,0.0,0.0,0.0,0.0,0.0,0.0,0.0,0.0,0.0,0.0,0.0,0.0
619,Quartz,1.0,1402,42.25022889545923,485.0684736091298,2283.2874465049927,466,2260,505,2310,47.59993478172418,38.38686021564029,0.9181401440733464,0.0,0.0,0.0,0.0,0.0,0.0,1.0,0.0,0.0,0.0,0.0,0.0,0.0,0.0,0.0,0.0,0.0
620,Rutile,1.0,488,24.926710529686012,486.125,3089.465163934426,476,3070,496,3110,40.39481688110125,16.155672247278556,0.8501742160278746,0.0,0.0,1.0,0.0,0.0,0.0,0.0,0.0,0.0,0.0,0.0,0.0,0.0,0.0,0.0,0.0,0.0
621,Illite,1.0,916,34.15095054280933,493.2314410480349,1396.6299126637555,470,1383,519,1411,47.735621815003846,26.047151017919308,0.8149466192170819,0.0,0.0,0.0,0.0,0.0,0.0,0.0,0.0,0.0,0.0,0.0,0.0,1.0,0.0,0.0,0.0,0.0
622,Rutile,1.0,934,34.484862400517734,487.0695931477516,1329.347965738758,466,1314,508,1347,40.27721312909541,31.434869635208322,0.8803016022620169,0.0,0.0,1.0,0.0,0.0,0.0,0.0,0.0,0.0,0.0,0.0,0.0,0.0,0.0,0.0,0.0,0.0
624,Monazite & Xenotime,1.0,135,13.110581167104948,489.3703703703704,458.52592592592595,485,448,498,471,26.797242344817125,10.026559255529051,0.6428571428571429,1.0,0.0,0.0,0.0,0.0,0.0,0.0,0.0,0.0,0.0,0.0,0.0,0.0,0.0,0.0,0.0,0.0
625,Zircon,1.0,603,27.70854462932514,490.8424543946932,1875.2719734660034,466,1863,512,1887,43.76934876781922,19.38037122659692,0.8282967032967034,0.0,1.0,0.0,0.0,0.0,0.0,0.0,0.0,0.0,0.0,0.0,0.0,0.0,0.0,0.0,0.0,0.0
626,Zircon,0.9101123595505618,979,35.30582833323309,491.1276813074566,722.2625127681307,469,707,516,737,49.74267223922183,26.183386136174807,0.9090064995357474,0.0,0.9101123595505618,0.0,0.0,0.0,0.0,0.0,0.0,0.0,0.0,0.0,0.0,0.0,0.0,0.0,0.0,0.0898876404494382
627,Zircon,1.0,431,23.42576026046658,495.21577726218095,2058.475638051044,481,2048,512,2069,30.06483859657393,18.797016385663714,0.9288793103448276,0.0,1.0,0.0,0.0,0.0,0.0,0.0,0.0,0.0,0.0,0.0,0.0,0.0,0.0,0.0,0.0,0.0
628,Quartz,1.0,351,21.14017691983778,493.6096866096866,1174.02849002849,482,1164,507,1185,24.78631631552008,18.36345593687017,0.8796992481203008,0.0,0.0,0.0,0.0,0.0,0.0,1.0,0.0,0.0,0.0,0.0,0.0,0.0,0.0,0.0,0.0,0.0
629,Iron Oxides,1.0,281,18.91508160359296,493.70462633451956,2082.0427046263344,480,2075,506,2091,27.177893436405057,13.661163611514588,0.886435331230284,0.0,0.0,0.0,0.0,1.0,0.0,0.0,0.0,0.0,0.0,0.0,0.0,0.0,0.0,0.0,0.0,0.0
630,Quartz,1.0,775,31.412746571571088,492.4541935483871,571.1316129032258,477,552,511,590,38.861538039851624,26.54290153791132,0.9064327485380117,0.0,0.0,0.0,0.0,0.0,0.0,1.0,0.0,0.0,0.0,0.0,0.0,0.0,0.0,0.0,0.0,0.0
631,Zircon,1.0,6379,90.1221119141446,498.639441918796,1003.291895281392,454,955,547,1050,102.5326617503379,79.90680823404199,0.9474231397593941,0.0,1.0,0.0,0.0,0.0,0.0,0.0,0.0,0.0,0.0,0.0,0.0,0.0,0.0,0.0,0.0,0.0
632,Iron Oxides,0.9855769230769231,208,16.273715780512877,495.17788461538464,2511.1009615384614,489,2500,506,2524,24.516020530060455,14.717440367778691,0.7375886524822695,0.0,0.0,0.0,0.014423076923076924,0.9855769230769231,0.0,0.0,0.0,0.0,0.0,0.0,0.0,0.0,0.0,0.0,0.0,0.0
633,Zircon,1.0,1054,36.63324282875953,497.39563567362427,2927.4914611005693,481,2905,515,2948,41.24138922886189,33.53115866139521,0.9237510955302366,0.0,1.0,0.0,0.0,0.0,0.0,0.0,0.0,0.0,0.0,0.0,0.0,0.0,0.0,0.0,0.0,0.0
634,Zircon,1.0,720,30.277590264241923,491.96666666666664,2986.0583333333334,473,2970,513,2998,36.33196019467592,27.269942785484453,0.9218950064020487,0.0,1.0,0.0,0.0,0.0,0.0,0.0,0.0,0.0,0.0,0.0,0.0,0.0,0.0,0.0,0.0,0.0
635,Zircon,1.0,442,23.722813466638858,499.9886877828054,2734.4298642533936,487,2722,515,2750,32.70987368890472,17.854405381278827,0.896551724137931,0.0,1.0,0.0,0.0,0.0,0.0,0.0,0.0,0.0,0.0,0.0,0.0,0.0,0.0,0.0,0.0,0.0
637,Zircon,0.8807053941908713,964,35.03431062722223,486.0881742738589,3008.1452282157675,445,2998,515,3021,75.11574103502916,19.61628019107117,0.7626582278481012,0.0,0.8807053941908713,0.0,0.11929460580912864,0.0,0.0,0.0,0.0,0.0,0.0,0.0,0.0,0.0,0.0,0.0,0.0,0.0
638,Zircon,1.0,487,24.901157769991823,500.49897330595485,3066.4250513347024,486,3052,513,3085,30.273179535852925,22.88716956056713,0.8650088809946714,0.0,1.0,0.0,0.0,0.0,0.0,0.0,0.0,0.0,0.0,0.0,0.0,0.0,0.0,0.0,0.0,0.0
639,Ilmenite,1.0,836,32.625576767294035,497.7452153110048,3187.4485645933014,480,3170,515,3205,34.578657557823625,31.461088051420983,0.9196919691969196,0.0,0.0,0.0,1.0,0.0,0.0,0.0,0.0,0.0,0.0,0.0,0.0,0.0,0.0,0.0,0.0,0.0
640,Zircon,1.0,189,15.512648837479231,501.8042328042328,1785.5820105820105,492,1779,512,1795,17.59362573562073,15.503801585780126,0.8362831858407079,0.0,1.0,0.0,0.0,0.0,0.0,0.0,0.0,0.0,0.0,0.0,0.0,0.0,0.0,0.0,0.0,0.0
641,Rutile,0.926905132192846,643,28.61281229213077,503.7822706065319,2543.936236391913,493,2521,519,2565,39.49706334302631,23.378516112686228,0.7957920792079208,0.0,0.0,0.926905132192846,0.07309486780715396,0.0,0.0,0.0,0.0,0.0,0.0,0.0,0.0,0.0,0.0,0.0,0.0,0.0
643,Zircon,1.0,1594,45.050458758017655,503.9711417816813,1998.9893350062734,484,1974,532,2032,51.5289510624033,42.57011914459481,0.8865406006674083,0.0,1.0,0.0,0.0,0.0,0.0,0.0,0.0,0.0,0.0,0.0,0.0,0.0,0.0,0.0,0.0,0.0
644,Zircon,1.0,792,31.755404570407364,502.70454545454544,3272.685606060606,470,3263,534,3280,64.38738324016147,16.78123716556348,0.9339622641509434,0.0,1.0,0.0,0.0,0.0,0.0,0.0,0.0,0.0,0.0,0.0,0.0,0.0,0.0,0.0,0.0,0.0
646,Rutile,1.0,556,26.60678836073137,503.31115107913666,1296.591726618705,493,1279,515,1315,36.02562024534602,20.289535979819743,0.9025974025974026,0.0,0.0,1.0,0.0,0.0,0.0,0.0,0.0,0.0,0.0,0.0,0.0,0.0,0.0,0.0,0.0,0.0
647,Ilmenite,1.0,1476,43.35091196306141,505.2371273712737,1239.0013550135502,489,1211,524,1267,57.106711097842144,33.60627683256856,0.9219237976264835,0.0,0.0,0.0,1.0,0.0,0.0,0.0,0.0,0.0,0.0,0.0,0.0,0.0,0.0,0.0,0.0,0.0
648,Rutile,1.0,174,14.884343478431232,505.7758620689655,2413.4712643678163,495,2407,516,2424,21.29634809349309,13.104102663633551,0.7310924369747899,0.0,0.0,1.0,0.0,0.0,0.0,0.0,0.0,0.0,0.0,0.0,0.0,0.0,0.0,0.0,0.0,0.0
649,Iron Oxides,1.0,325,20.342144725641095,505.8184615384615,2621.9415384615386,494,2613,520,2635,26.038421487808698,19.35363630886674,0.7158590308370044,0.0,0.0,0.0,0.0,1.0,0.0,0.0,0.0,0.0,0.0,0.0,0.0,0.0,0.0,0.0,0.0,0.0
650,Monazite & Xenotime,1.0,536,26.123866405607867,510.339552238806,455.0223880597015,498,442,526,467,28.794980105598526,24.68389914521906,0.9115646258503401,1.0,0.0,0.0,0.0,0.0,0.0,0.0,0.0,0.0,0.0,0.0,0.0,0.0,0.0,0.0,0.0,0.0
651,Zircon,1.0,794,31.79547449747714,508.2934508816121,1143.1372795969774,493,1126,524,1163,37.42746691349303,27.39806543036048,0.9418742586002372,0.0,1.0,0.0,0.0,0.0,0.0,0.0,0.0,0.0,0.0,0.0,0.0,0.0,0.0,0.0,0.0,0.0
652,Monazite & Xenotime,1.0,287,19.115955360352558,508.7247386759582,1808.0627177700349,501,1796,519,1819,25.807094332080755,14.755882443785273,0.9140127388535032,1.0,0.0,0.0,0.0,0.0,0.0,0.0,0.0,0.0,0.0,0.0,0.0,0.0,0.0,0.0,0.0,0.0
653,Zircon,1.0,345,20.958712816717327,508.3333333333333,2103.973913043478,494,2093,519,2116,24.3169525091463,20.125081206091348,0.8778625954198473,0.0,1.0,0.0,0.0,0.0,0.0,0.0,0.0,0.0,0.0,0.0,0.0,0.0,0.0,0.0,0.0,0.0
654,Rutile,1.0,384,22.111625566165472,508.4244791666667,2139.2005208333335,493,2127,524,2150,33.05687507333636,16.379868285142308,0.8421052631578947,0.0,0.0,1.0,0.0,0.0,0.0,0.0,0.0,0.0,0.0,0.0,0.0,0.0,0.0,0.0,0.0,0.0
655,Zircon,1.0,1043,36.44158126589425,511.55512943432404,2660.1083413231063,487,2645,540,2677,48.297914426941205,28.524118987782845,0.9230088495575222,0.0,1.0,0.0,0.0,0.0,0.0,0.0,0.0,0.0,0.0,0.0,0.0,0.0,0.0,0.0,0.0,0.0
656,Rutile,1.0,252,17.91246396432554,522.8809523809524,1732.452380952381,512,1723,534,1744,24.778791569792386,15.107105621800066,0.7262247838616714,0.0,0.0,1.0,0.0,0.0,0.0,0.0,0.0,0.0,0.0,0.0,0.0,0.0,0.0,0.0,0.0,0.0
658,Zircon,1.0,885,33.568094927931476,512.4711864406779,2314.3717514124296,496,2295,530,2333,36.874602440592696,30.928032273473036,0.9495708154506438,0.0,1.0,0.0,0.0,0.0,0.0,0.0,0.0,0.0,0.0,0.0,0.0,0.0,0.0,0.0,0.0,0.0
659,Monazite & Xenotime,1.0,177,15.012108426804138,512.7514124293785,1824.322033898305,505,1819,522,1832,17.55651162184445,13.098150703337536,0.946524064171123,1.0,0.0,0.0,0.0,0.0,0.0,0.0,0.0,0.0,0.0,0.0,0.0,0.0,0.0,0.0,0.0,0.0
661,Iron Oxides,1.0,400,22.56758334191025,516.6475,707.0925,505,694,529,723,28.428152657284972,21.16873015780826,0.8368200836820083,0.0,0.0,0.0,0.0,1.0,0.0,0.0,0.0,0.0,0.0,0.0,0.0,0.0,0.0,0.0,0.0,0.0
662,Zircon,1.0,512,25.532305945691693,510.91796875,950.70703125,493,940,526,965,33.604149832047604,20.226039084161908,0.8904347826086957,0.0,1.0,0.0,0.0,0.0,0.0,0.0,0.0,0.0,0.0,0.0,0.0,0.0,0.0,0.0,0.0,0.0
663,Zircon,0.9827196678268303,16377,144.4016759740958,513.9299627526409,1532.064175367894,435,1463,597,1598,165.66216859353796,126.85727452127182,0.9545931452553043,0.0,0.9827196678268303,0.0,0.0,0.0,0.0,0.0,0.0,0.0,0.0,0.0,0.0,0.0,0.0,0.0,0.0,0.01728033217316969
664,Zircon,1.0,381,22.025082668269306,519.9790026246719,2451.238845144357,505,2440,535,2463,32.98048529450054,15.103416510158329,0.9315403422982885,0.0,1.0,0.0,0.0,0.0,0.0,0.0,0.0,0.0,0.0,0.0,0.0,0.0,0.0,0.0,0.0,0.0
665,Zircon,1.0,495,25.104851615652017,525.9111111111112,665.6525252525253,508,657,547,675,40.94642263796506,16.33410362611431,0.8638743455497382,0.0,1.0,0.0,0.0,0.0,0.0,0.0,0.0,0.0,0.0,0.0,0.0,0.0,0.0,0.0,0.0,0.0
666,Zircon,1.0,1322,41.02709687681892,518.6505295007564,2831.6875945537067,501,2810,537,2854,46.091423633179865,37.670499753024316,0.9369241672572644,0.0,1.0,0.0,0.0,0.0,0.0,0.0,0.0,0.0,0.0,0.0,0.0,0.0,0.0,0.0,0.0,0.0
667,Zircon,1.0,301,19.576646877473273,518.2491694352159,2862.1295681063125,509,2853,530,2874,21.76063381443144,18.267945329374626,0.9121212121212121,0.0,1.0,0.0,0.0,0.0,0.0,0.0,0.0,0.0,0.0,0.0,0.0,0.0,0.0,0.0,0.0,0.0
668,Zircon,1.0,468,24.410573670769317,520.9594017094017,2428.959401709402,508,2413,536,2446,38.72708490491602,16.22458242192893,0.8698884758364313,0.0,1.0,0.0,0.0,0.0,0.0,0.0,0.0,0.0,0.0,0.0,0.0,0.0,0.0,0.0,0.0,0.0
669,Zircon,1.0,340,20.806283791440396,522.7,392.4235294117647,512,380,535,406,29.346546667982533,15.509376270409494,0.918918918918919,0.0,1.0,0.0,0.0,0.0,0.0,0.0,0.0,0.0,0.0,0.0,0.0,0.0,0.0,0.0,0.0,0.0
670,Zircon,1.0,1033,36.266464532835606,515.6350435624395,800.9690222652468,493,786,539,818,46.51066448669513,28.385975910215453,0.9511970534069981,0.0,1.0,0.0,0.0,0.0,0.0,0.0,0.0,0.0,0.0,0.0,0.0,0.0,0.0,0.0,0.0,0.0
671,Zircon,1.0,763,31.1686023528956,520.1900393184796,2481.678899082569,505,2465,536,2499,34.357788333802446,28.791545962810478,0.9270959902794653,0.0,1.0,0.0,0.0,0.0,0.0,0.0,0.0,0.0,0.0,0.0,0.0,0.0,0.0,0.0,0.0,0.0
672,Zircon,0.9971751412429378,354,21.23032733700184,523.4039548022599,2635.4576271186443,511,2624,537,2648,26.703459591988995,17.75708014604569,0.8697788697788698,0.0,0.9971751412429378,0.0,0.0,0.002824858757062147,0.0,0.0,0.0,0.0,0.0,0.0,0.0,0.0,0.0,0.0,0.0,0.0
673,Zircon,1.0,1132,37.96455142155909,522.1943462897526,2966.7473498233217,505,2945,539,2990,44.363640338991004,33.578052216488196,0.8984126984126984,0.0,1.0,0.0,0.0,0.0,0.0,0.0,0.0,0.0,0.0,0.0,0.0,0.0,0.0,0.0,0.0,0.0
674,Rutile,1.0,655,28.878571671769564,527.6259541984733,2381.8793893129773,513,2365,545,2400,32.936689803011774,30.405618278719505,0.7714958775029447,0.0,0.0,1.0,0.0,0.0,0.0,0.0,0.0,0.0,0.0,0.0,0.0,0.0,0.0,0.0,0.0,0.0
675,Zircon,1.0,233,17.22396045987371,523.9012875536481,3113.5622317596567,514,3106,533,3124,20.59399195724786,15.20320477399463,0.8996138996138996,0.0,1.0,0.0,0.0,0.0,0.0,0.0,0.0,0.0,0.0,0.0,0.0,0.0,0.0,0.0,0.0,0.0
677,Rutile,1.0,180,15.138795132120961,527.2833333333333,1801.6166666666666,520,1794,535,1811,18.643947048348146,13.315442772817136,0.8571428571428571,0.0,0.0,1.0,0.0,0.0,0.0,0.0,0.0,0.0,0.0,0.0,0.0,0.0,0.0,0.0,0.0,0.0
679,Ilmenite,0.9305555555555556,576,27.081100010292303,526.6979166666666,3055.2638888888887,515,3041,542,3078,38.46236602571736,22.702543162865446,0.810126582278481,0.0,0.0,0.06944444444444445,0.9305555555555556,0.0,0.0,0.0,0.0,0.0,0.0,0.0,0.0,0.0,0.0,0.0,0.0,0.0
680,Rutile,1.0,165,14.494292838262302,528.8787878787879,3212.951515151515,522,3207,541,3222,19.650255267958155,12.828740996065024,0.7746478873239436,0.0,0.0,1.0,0.0,0.0,0.0,0.0,0.0,0.0,0.0,0.0,0.0,0.0,0.0,0.0,0.0,0.0
681,Quartz,1.0,1326,41.08911822269767,543.0739064856712,3234.789592760181,514,3212,574,3253,58.64607116408994,30.9164115554491,0.8588082901554405,0.0,0.0,0.0,0.0,0.0,0.0,1.0,0.0,0.0,0.0,0.0,0.0,0.0,0.0,0.0,0.0,0.0
683,Rutile,1.0,198,15.877702285203682,528.7020202020202,2120.5757575757575,521,2109,538,2132,24.23626892770447,13.274866585795877,0.668918918918919,0.0,0.0,1.0,0.0,0.0,0.0,0.0,0.0,0.0,0.0,0.0,0.0,0.0,0.0,0.0,0.0,0.0
684,Rutile,1.0,189,15.512648837479231,526.4497354497355,2778.05291005291,517,2769,535,2790,24.430346589591558,13.941826882967085,0.6872727272727273,0.0,0.0,1.0,0.0,0.0,0.0,0.0,0.0,0.0,0.0,0.0,0.0,0.0,0.0,0.0,0.0,0.0
685,Zircon,1.0,1640,45.69587348290507,530.8762195121951,1446.0085365853658,508,1424,554,1468,50.944020456509406,41.71964478145112,0.9596255119953189,0.0,1.0,0.0,0.0,0.0,0.0,0.0,0.0,0.0,0.0,0.0,0.0,0.0,0.0,0.0,0.0,0.0
686,Zircon,1.0,590,27.408234736913393,533.193220338983,2596.4406779661017,519,2586,555,2609,34.18481624909789,23.497109998704012,0.9233176838810642,0.0,1.0,0.0,0.0,0.0,0.0,0.0,0.0,0.0,0.0,0.0,0.0,0.0,0.0,0.0,0.0,0.0
688,Rutile,1.0,213,16.46815177937675,531.7276995305165,2096.258215962441,522,2087,542,2111,22.793383086518304,15.4035564682973,0.7220338983050848,0.0,0.0,1.0,0.0,0.0,0.0,0.0,0.0,0.0,0.0,0.0,0.0,0.0,0.0,0.0,0.0,0.0
689,Zircon,0.9985775248933144,703,29.918011296689148,531.1664295874822,3085.8890469416783,511,3071,548,3103,35.127688540533036,27.10665829057275,0.8955414012738854,0.0,0.9985775248933144,0.0,0.001422475106685633,0.0,0.0,0.0,0.0,0.0,0.0,0.0,0.0,0.0,0.0,0.0,0.0,0.0
690,Rutile,1.0,158,14.183506197980657,535.6392405063291,1209.860759493671,525,1205,545,1217,18.963061384191548,11.21638114544037,0.8729281767955801,0.0,0.0,1.0,0.0,0.0,0.0,0.0,0.0,0.0,0.0,0.0,0.0,0.0,0.0,0.0,0.0,0.0
691,Rutile,1.0,137,13.207339536360731,537.6569343065694,1200.4744525547446,528,1195,547,1206,17.012585449027927,10.865111653441737,0.8896103896103896,0.0,0.0,1.0,0.0,0.0,0.0,0.0,0.0,0.0,0.0,0.0,0.0,0.0,0.0,0.0,0.0,0.0
692,Zircon,1.0,1568,44.68153540496046,539.8845663265306,1296.766581632653,518,1272,568,1330,59.880637696087106,38.44277218170633,0.8270042194092827,0.0,1.0,0.0,0.0,0.0,0.0,0.0,0.0,0.0,0.0,0.0,0.0,0.0,0.0,0.0,0.0,0.0
693,Zircon,1.0,542,26.26967516446403,534.1826568265683,2060.1771217712176,519,2045,548,2075,33.48740044647028,21.306607549313956,0.9078726968174204,0.0,1.0,0.0,0.0,0.0,0.0,0.0,0.0,0.0,0.0,0.0,0.0,0.0,0.0,0.0,0.0,0.0
694,Zircon,1.0,450,23.936536824085962,539.4333333333333,2749.097777777778,527,2739,554,2760,29.02924051618398,20.393768232179735,0.9394572025052192,0.0,1.0,0.0,0.0,0.0,0.0,0.0,0.0,0.0,0.0,0.0,0.0,0.0,0.0,0.0,0.0,0.0
695,Zircon,1.0,2735,59.01110196268724,539.1656307129799,2901.166361974406,506,2866,576,2928,68.64750127167335,52.701377168103576,0.9180933199060087,0.0,1.0,0.0,0.0,0.0,0.0,0.0,0.0,0.0,0.0,0.0,0.0,0.0,0.0,0.0,0.0,0.0
697,Rutile,1.0,622,28.14169498849121,536.2829581993569,295.8617363344051,516,284,556,310,36.620089156808014,22.838863072853236,0.8173455978975033,0.0,0.0,1.0,0.0,0.0,0.0,0.0,0.0,0.0,0.0,0.0,0.0,0.0,0.0,0.0,0.0,0.0
698,Zircon,1.0,629,28.299605538565682,539.2050874403816,1243.9220985691575,524,1229,559,1260,34.93962871369851,24.712222217132663,0.9115942028985508,0.0,1.0,0.0,0.0,0.0,0.0,0.0,0.0,0.0,0.0,0.0,0.0,0.0,0.0,0.0,0.0,0.0
699,Zircon,1.0,2092,51.61024246780827,546.7872848948375,178.91586998087953,511,147,589,201,75.12603836910114,41.77594615890471,0.7643405188162221,0.0,1.0,0.0,0.0,0.0,0.0,0.0,0.0,0.0,0.0,0.0,0.0,0.0,0.0,0.0,0.0,0.0
700,Zircon,1.0,947,34.72402408800281,540.0982048574446,2527.4065469904963,521,2512,561,2544,40.137077424392395,30.749091240940924,0.9221032132424537,0.0,1.0,0.0,0.0,0.0,0.0,0.0,0.0,0.0,0.0,0.0,0.0,0.0,0.0,0.0,0.0,0.0
701,Quartz,0.7344632768361582,177,15.012108426804138,543.0169491525423,2128.322033898305,536,2117,551,2141,25.816594074514832,11.846381550756195,0.6629213483146067,0.0,0.0,0.2655367231638418,0.0,0.0,0.0,0.7344632768361582,0.0,0.0,0.0,0.0,0.0,0.0,0.0,0.0,0.0,0.0
702,Zircon,1.0,605,27.754457742221764,540.4661157024793,2679.778512396694,525,2669,557,2691,34.0485023865177,22.884734711238647,0.9587955625990491,0.0,1.0,0.0,0.0,0.0,0.0,0.0,0.0,0.0,0.0,0.0,0.0,0.0,0.0,0.0,0.0,0.0
703,Zircon,0.9671094244149273,3162,63.450637825419726,556.0268817204301,2716.5230866540164,514,2691,608,2741,89.00756031746589,46.67266297002508,0.9181184668989547,0.03289057558507274,0.9671094244149273,0.0,0.0,0.0,0.0,0.0,0.0,0.0,0.0,0.0,0.0,0.0,0.0,0.0,0.0,0.0
704,Zircon,1.0,2559,57.080819852007046,542.0609613130129,429.0168034388433,507,402,572,459,63.684750768077116,53.11443873357395,0.9155635062611807,0.0,1.0,0.0,0.0,0.0,0.0,0.0,0.0,0.0,0.0,0.0,0.0,0.0,0.0,0.0,0.0,0.0
705,Zircon,1.0,1022,36.07285426355026,543.1780821917808,710.8649706457926,530,690,560,735,47.79933380377166,28.04605328013501,0.9515828677839852,0.0,1.0,0.0,0.0,0.0,0.0,0.0,0.0,0.0,0.0,0.0,0.0,0.0,0.0,0.0,0.0,0.0
706,Rutile,1.0,397,22.48279562821002,544.5818639798489,933.367758186398,535,917,555,950,31.24828271908849,16.966528314451278,0.8881431767337807,0.0,0.0,1.0,0.0,0.0,0.0,0.0,0.0,0.0,0.0,0.0,0.0,0.0,0.0,0.0,0.0,0.0
707,Zircon,1.0,160,14.27299292922217,544.35,2193.24375,537,2187,553,2203,16.93101301294324,12.574982041957217,0.9248554913294798,0.0,1.0,0.0,0.0,0.0,0.0,0.0,0.0,0.0,0.0,0.0,0.0,0.0,0.0,0.0,0.0,0.0
709,Zircon,1.0,237,17.371176474327626,541.6371308016878,628.1772151898734,532,618,549,640,20.047162042156092,16.25612251641614,0.92578125,0.0,1.0,0.0,0.0,0.0,0.0,0.0,0.0,0.0,0.0,0.0,0.0,0.0,0.0,0.0,0.0,0.0
710,Zircon,1.0,506,25.38226171238474,539.4110671936759,3130.377470355731,528,3113,549,3147,31.8554367697071,21.891096786416256,0.9422718808193669,0.0,1.0,0.0,0.0,0.0,0.0,0.0,0.0,0.0,0.0,0.0,0.0,0.0,0.0,0.0,0.0,0.0
711,Ilmenite,1.0,363,21.498510523728477,547.5509641873278,3002.2314049586776,539,2989,557,3018,30.259239953250542,16.122402377827097,0.8344827586206897,0.0,0.0,0.0,1.0,0.0,0.0,0.0,0.0,0.0,0.0,0.0,0.0,0.0,0.0,0.0,0.0,0.0
712,Quartz,1.0,964,35.03431062722223,547.1908713692947,3167.471991701245,527,3152,568,3187,39.606139181432006,31.99589865502171,0.8901200369344414,0.0,0.0,0.0,0.0,0.0,0.0,1.0,0.0,0.0,0.0,0.0,0.0,0.0,0.0,0.0,0.0,0.0
713,Zircon,1.0,287,19.115955360352558,552.7386759581882,634.2020905923345,547,620,561,652,31.748070303330216,12.281838418661795,0.8858024691358025,0.0,1.0,0.0,0.0,0.0,0.0,0.0,0.0,0.0,0.0,0.0,0.0,0.0,0.0,0.0,0.0,0.0
714,Zircon,1.0,284,19.015783725757565,547.9823943661971,1934.4471830985915,540,1922,557,1946,25.03341324339116,14.856488406392078,0.922077922077922,0.0,1.0,0.0,0.0,0.0,0.0,0.0,0.0,0.0,0.0,0.0,0.0,0.0,0.0,0.0,0.0,0.0
715,Zircon,1.0,996,35.61104585035691,563.5853413654619,3123.121485943775,548,3105,585,3149,45.65924372450102,30.448146513652983,0.89568345323741,0.0,1.0,0.0,0.0,0.0,0.0,0.0,0.0,0.0,0.0,0.0,0.0,0.0,0.0,0.0,0.0,0.0
716,Zircon,1.0,259,18.159544104586082,554.8687258687258,2203.2355212355214,544,2193,567,2213,24.370234799610504,14.963076434287592,0.8720538720538721,0.0,1.0,0.0,0.0,0.0,0.0,0.0,0.0,0.0,0.0,0.0,0.0,0.0,0.0,0.0,0.0,0.0
717,Zircon,1.0,623,28.16430784468183,550.5441412520064,2851.653290529695,537,2834,562,2873,40.695867121089975,21.398408930379414,0.8737727910238429,0.0,1.0,0.0,0.0,0.0,0.0,0.0,0.0,0.0,0.0,0.0,0.0,0.0,0.0,0.0,0.0,0.0
718,Zircon,1.0,162,14.361922094451577,547.5432098765432,1075.7716049382716,541,1066,554,1085,19.343722962836125,11.349349383398748,0.9101123595505618,0.0,1.0,0.0,0.0,0.0,0.0,0.0,0.0,0.0,0.0,0.0,0.0,0.0,0.0,0.0,0.0,0.0
719,Zircon,1.0,557,26.63070457981699,550.9587073608618,1100.3500897666067,539,1085,564,1115,30.416881994502557,24.676707725334055,0.9176276771004942,0.0,1.0,0.0,0.0,0.0,0.0,0.0,0.0,0.0,0.0,0.0,0.0,0.0,0.0,0.0,0.0,0.0
720,Quartz,1.0,199,15.91774699517169,550.7537688442211,1157.6482412060302,542,1148,560,1167,17.90743567951825,14.67887598801318,0.8883928571428571,0.0,0.0,0.0,0.0,0.0,0.0,1.0,0.0,0.0,0.0,0.0,0.0,0.0,0.0,0.0,0.0,0.0
721,Monazite & Xenotime,1.0,384,22.111625566165472,551.5859375,1721.0208333333333,540,1707,561,1739,30.070899775862472,17.510450541407838,0.8311688311688312,1.0,0.0,0.0,0.0,0.0,0.0,0.0,0.0,0.0,0.0,0.0,0.0,0.0,0.0,0.0,0.0,0.0
722,Zircon,1.0,544,26.318098569918163,545.9963235294117,2785.6636029411766,530,2767,561,2803,39.3855066659951,21.001411285793033,0.8356374807987711,0.0,1.0,0.0,0.0,0.0,0.0,0.0,0.0,0.0,0.0,0.0,0.0,0.0,0.0,0.0,0.0,0.0
723,Zircon,1.0,164,14.450303987687134,556.7560975609756,1073.6402439024391,552,1065,564,1084,18.55198348587765,12.057639445657347,0.9162011173184358,0.0,1.0,0.0,0.0,0.0,0.0,0.0,0.0,0.0,0.0,0.0,0.0,0.0,0.0,0.0,0.0,0.0
724,Zircon,1.0,1396,42.15972490956609,556.4276504297994,2486.0,538,2460,575,2512,55.34066013034476,33.59404227929832,0.8886059834500318,0.0,1.0,0.0,0.0,0.0,0.0,0.0,0.0,0.0,0.0,0.0,0.0,0.0,0.0,0.0,0.0,0.0
725,Zircon,1.0,742,30.736683981742253,560.1293800539083,2977.044474393531,544,2961,581,2993,38.7105285769592,25.139156185739132,0.9183168316831684,0.0,1.0,0.0,0.0,0.0,0.0,0.0,0.0,0.0,0.0,0.0,0.0,0.0,0.0,0.0,0.0,0.0
726,Zircon,1.0,462,24.253590861306396,557.1753246753246,2581.404761904762,545,2568,571,2594,27.081401991712124,22.964015392861405,0.9184890656063618,0.0,1.0,0.0,0.0,0.0,0.0,0.0,0.0,0.0,0.0,0.0,0.0,0.0,0.0,0.0,0.0,0.0
727,Rutile,0.729264475743349,639,28.523675588636344,553.8466353677621,2644.3521126760565,537,2628,569,2664,35.318053423251285,26.36263743753394,0.7607142857142857,0.0,0.0,0.729264475743349,0.27073552425665104,0.0,0.0,0.0,0.0,0.0,0.0,0.0,0.0,0.0,0.0,0.0,0.0,0.0
728,Ilmenite,1.0,232,17.186959427966244,548.5344827586207,2632.168103448276,537,2622,571,2643,38.516833190896165,18.507677320592702,0.4522417153996101,0.0,0.0,0.0,1.0,0.0,0.0,0.0,0.0,0.0,0.0,0.0,0.0,0.0,0.0,0.0,0.0,0.0
729,Rutile,1.0,543,26.29389801439097,559.4567219152855,761.1639042357274,542,748,578,776,35.87071089715301,23.54979591405779,0.7790530846484935,0.0,0.0,1.0,0.0,0.0,0.0,0.0,0.0,0.0,0.0,0.0,0.0,0.0,0.0,0.0,0.0,0.0
730,Ilmenite,1.0,114,12.047792665040703,556.3421052631579,1181.3333333333333,551,1175,563,1188,13.513041927619938,11.150956691485836,0.9047619047619048,0.0,0.0,0.0,1.0,0.0,0.0,0.0,0.0,0.0,0.0,0.0,0.0,0.0,0.0,0.0,0.0,0.0
731,Rutile,1.0,351,21.14017691983778,558.5185185185185,467.54700854700855,547,458,573,479,27.2056102988795,17.483462880640435,0.8540145985401459,0.0,0.0,1.0,0.0,0.0,0.0,0.0,0.0,0.0,0.0,0.0,0.0,0.0,0.0,0.0,0.0,0.0
732,Illite,1.0,131,12.914889870235298,558.175572519084,2383.083969465649,554,2375,565,2391,16.466776139810882,10.617335253714753,0.891156462585034,0.0,0.0,0.0,0.0,0.0,0.0,0.0,0.0,0.0,0.0,0.0,0.0,1.0,0.0,0.0,0.0,0.0
734,Rutile,1.0,757,31.045810270703488,563.8282694848084,1334.2945838837516,550,1315,580,1353,38.44213821887234,27.067181114448367,0.8602272727272727,0.0,0.0,1.0,0.0,0.0,0.0,0.0,0.0,0.0,0.0,0.0,0.0,0.0,0.0,0.0,0.0,0.0
735,Zircon,1.0,834,32.586527589007176,562.0623501199041,3202.251798561151,544,3186,579,3219,33.986736492902544,31.646241074391,0.9413092550790068,0.0,1.0,0.0,0.0,0.0,0.0,0.0,0.0,0.0,0.0,0.0,0.0,0.0,0.0,0.0,0.0,0.0
736,Zircon,1.0,1832,48.296737425573774,556.0884279475982,1766.7019650655022,531,1740,585,1795,62.98192024842649,37.7894935546328,0.9541666666666667,0.0,1.0,0.0,0.0,0.0,0.0,0.0,0.0,0.0,0.0,0.0,0.0,0.0,0.0,0.0,0.0,0.0
737,Zircon,1.0,1371,41.780514786583325,550.1137855579868,2014.2997811816192,528,1992,577,2037,51.24472710349519,34.832813067375525,0.9251012145748988,0.0,1.0,0.0,0.0,0.0,0.0,0.0,0.0,0.0,0.0,0.0,0.0,0.0,0.0,0.0,0.0,0.0
738,Zircon,1.0,215,16.545286401814263,564.2651162790697,156.59534883720931,555,150,574,166,18.430828842968037,15.013856760842469,0.9307359307359307,0.0,1.0,0.0,0.0,0.0,0.0,0.0,0.0,0.0,0.0,0.0,0.0,0.0,0.0,0.0,0.0,0.0
740,Zircon,1.0,1043,36.44158126589425,563.0306807286673,2547.815915627996,542,2528,586,2567,47.79223693632915,28.475901279846397,0.9271111111111111,0.0,1.0,0.0,0.0,0.0,0.0,0.0,0.0,0.0,0.0,0.0,0.0,0.0,0.0,0.0,0.0,0.0
741,Zircon,1.0,922,34.262616074167774,564.6887201735358,1984.4088937093275,544,1962,585,2007,50.10976452545568,26.72680047866139,0.7696160267111853,0.0,1.0,0.0,0.0,0.0,0.0,0.0,0.0,0.0,0.0,0.0,0.0,0.0,0.0,0.0,0.0,0.0
742,Rutile,0.8568665377176016,517,25.65667251667837,565.7562862669246,2296.557059961315,554,2281,579,2313,32.67891285847184,20.665877234671143,0.9022687609075044,0.0,0.0,0.8568665377176016,0.0,0.0,0.0,0.14313346228239845,0.0,0.0,0.0,0.0,0.0,0.0,0.0,0.0,0.0,0.0
743,Zircon,1.0,1295,40.605975058260036,563.8926640926641,3045.833976833977,544,3011,582,3076,68.03086105814116,26.562459100335214,0.7787131689717378,0.0,1.0,0.0,0.0,0.0,0.0,0.0,0.0,0.0,0.0,0.0,0.0,0.0,0.0,0.0,0.0,0.0
744,Zircon,1.0,1633,45.59824751624256,567.9552969993877,2075.4543784445805,548,2045,589,2105,58.046692148392616,36.73126989794565,0.9163860830527497,0.0,1.0,0.0,0.0,0.0,0.0,0.0,0.0,0.0,0.0,0.0,0.0,0.0,0.0,0.0,0.0,0.0
745,Monazite & Xenotime,1.0,459,24.17471718621419,567.4204793028323,3268.773420479303,553,3256,582,3280,28.63708070118804,23.169486078579354,0.8360655737704918,1.0,0.0,0.0,0.0,0.0,0.0,0.0,0.0,0.0,0.0,0.0,0.0,0.0,0.0,0.0,0.0,0.0
746,Zircon,1.0,172,14.798554040663838,568.7616279069767,3091.982558139535,562,3082,577,3101,19.4322931966606,12.172495552102799,0.8431372549019608,0.0,1.0,0.0,0.0,0.0,0.0,0.0,0.0,0.0,0.0,0.0,0.0,0.0,0.0,0.0,0.0,0.0
747,Zircon,1.0,1081,37.09948716436268,572.4939870490286,1021.831637372803,551,1006,596,1042,41.87596561852526,34.43041609175302,0.9302925989672978,0.0,1.0,0.0,0.0,0.0,0.0,0.0,0.0,0.0,0.0,0.0,0.0,0.0,0.0,0.0,0.0,0.0
748,Zircon,1.0,1964,50.00642424588925,569.7688391038697,1802.60183299389,532,1779,601,1834,70.69060120398791,40.03075818471863,0.8039295947605403,0.0,1.0,0.0,0.0,0.0,0.0,0.0,0.0,0.0,0.0,0.0,0.0,0.0,0.0,0.0,0.0,0.0
752,Zircon,1.0,497,25.15551736167189,576.6076458752515,1258.0342052313883,565,1244,591,1272,27.657368848192846,23.43003264828571,0.9036363636363637,0.0,1.0,0.0,0.0,0.0,0.0,0.0,0.0,0.0,0.0,0.0,0.0,0.0,0.0,0.0,0.0,0.0
753,Quartz,1.0,975,35.233628199729644,577.7866666666666,1194.2635897435898,561,1174,594,1215,40.61496000481878,31.076391300459978,0.9466019417475728,0.0,0.0,0.0,0.0,0.0,0.0,1.0,0.0,0.0,0.0,0.0,0.0,0.0,0.0,0.0,0.0,0.0
754,Zircon,1.0,906,33.96402549065787,569.2295805739515,1943.2704194260486,552,1918,588,1968,55.64012841499995,22.34071574121162,0.8579545454545454,0.0,1.0,0.0,0.0,0.0,0.0,0.0,0.0,0.0,0.0,0.0,0.0,0.0,0.0,0.0,0.0,0.0
756,Rutile,1.0,178,15.054455784347004,580.3932584269663,3078.11797752809,573,3067,589,3089,24.43566817058304,14.522314418521963,0.6137931034482759,0.0,0.0,1.0,0.0,0.0,0.0,0.0,0.0,0.0,0.0,0.0,0.0,0.0,0.0,0.0,0.0,0.0
757,Zircon,1.0,4515,75.82002733103741,572.1076411960133,1879.7238095238095,526,1834,620,1936,125.11395756924846,47.127303830806426,0.9301606922126081,0.0,1.0,0.0,0.0,0.0,0.0,0.0,0.0,0.0,0.0,0.0,0.0,0.0,0.0,0.0,0.0,0.0
758,Zircon,1.0,1683,46.291059112848984,580.5502079619727,1433.612596553773,548,1412,606,1460,60.77970810562347,40.15171544497396,0.8862559241706162,0.0,1.0,0.0,0.0,0.0,0.0,0.0,0.0,0.0,0.0,0.0,0.0,0.0,0.0,0.0,0.0,0.0
759,Rutile,1.0,1940,49.699946848927475,583.5886597938145,2434.488144329897,558,2406,609,2461,56.2402265496052,45.1368781128383,0.9326923076923077,0.0,0.0,1.0,0.0,0.0,0.0,0.0,0.0,0.0,0.0,0.0,0.0,0.0,0.0,0.0,0.0,0.0
760,Rutile,0.9532163742690059,171,14.755472278097805,583.3099415204679,451.7134502923977,576,443,593,461,17.091596509099187,15.151387684613725,0.7772727272727272,0.0,0.0,0.9532163742690059,0.0,0.0,0.0,0.04678362573099415,0.0,0.0,0.0,0.0,0.0,0.0,0.0,0.0,0.0,0.0
761,Zircon,1.0,387,22.197831060995757,584.8475452196383,2879.762273901809,575,2867,596,2894,29.188102439862348,17.24090663720344,0.9462102689486552,0.0,1.0,0.0,0.0,0.0,0.0,0.0,0.0,0.0,0.0,0.0,0.0,0.0,0.0,0.0,0.0,0.0
762,Zircon,1.0,370,21.70480664627101,588.8486486486487,2360.7162162162163,579,2346,598,2381,33.98662963531607,15.226218911329449,0.8466819221967964,0.0,1.0,0.0,0.0,0.0,0.0,0.0,0.0,0.0,0.0,0.0,0.0,0.0,0.0,0.0,0.0,0.0
763,Iron Oxides,1.0,523,25.805121233904135,588.5066921606118,3225.2045889101337,577,3211,603,3240,30.99618301141138,22.503287674698495,0.8804713804713805,0.0,0.0,0.0,0.0,1.0,0.0,0.0,0.0,0.0,0.0,0.0,0.0,0.0,0.0,0.0,0.0,0.0
764,Quartz,0.574468085106383,141,13.398760233979036,590.468085106383,461.9503546099291,584,455,598,471,15.344898815981788,12.11161073853059,0.9096774193548387,0.0,0.0,0.425531914893617,0.0,0.0,0.0,0.574468085106383,0.0,0.0,0.0,0.0,0.0,0.0,0.0,0.0,0.0,0.0
765,Rutile,1.0,841,32.722995845769866,589.5065398335315,1614.8632580261594,568,1600,610,1633,39.30246290715102,29.060945422758998,0.8787878787878788,0.0,0.0,1.0,0.0,0.0,0.0,0.0,0.0,0.0,0.0,0.0,0.0,0.0,0.0,0.0,0.0,0.0
766,Ilmenite,1.0,387,22.197831060995757,587.8914728682171,1155.4806201550387,571,1146,601,1169,32.29668847799705,18.574126836483096,0.780241935483871,0.0,0.0,0.0,1.0,0.0,0.0,0.0,0.0,0.0,0.0,0.0,0.0,0.0,0.0,0.0,0.0,0.0
767,Zircon,1.0,1024,36.1081333470564,589.7724609375,1301.599609375,569,1284,608,1322,38.47458940833543,34.621842210072856,0.9543336439888164,0.0,1.0,0.0,0.0,0.0,0.0,0.0,0.0,0.0,0.0,0.0,0.0,0.0,0.0,0.0,0.0,0.0
768,Rutile,0.5528455284552846,246,17.697935698969246,589.9918699186992,2959.1666666666665,579,2949,603,2974,27.558391236057314,14.777211957220866,0.6814404432132964,0.0,0.0,0.5528455284552846,0.0,0.0,0.0,0.44715447154471544,0.0,0.0,0.0,0.0,0.0,0.0,0.0,0.0,0.0,0.0
769,Ilmenite,1.0,610,27.868909599918855,591.5245901639345,1355.0540983606556,579,1339,605,1372,32.41093805047039,24.27720722136866,0.9341500765696784,0.0,0.0,0.0,1.0,0.0,0.0,0.0,0.0,0.0,0.0,0.0,0.0,0.0,0.0,0.0,0.0,0.0
770,Quartz,1.0,378,21.938198374294355,591.8650793650794,2247.809523809524,582,2237,609,2261,26.741484626484986,19.673527870925202,0.875,0.0,0.0,0.0,0.0,0.0,0.0,1.0,0.0,0.0,0.0,0.0,0.0,0.0,0.0,0.0,0.0,0.0
771,Rutile,1.0,251,17.876888032555495,590.7211155378486,3018.764940239044,582,3007,599,3029,21.272875235988607,16.37112078873991,0.8366666666666667,0.0,0.0,1.0,0.0,0.0,0.0,0.0,0.0,0.0,0.0,0.0,0.0,0.0,0.0,0.0,0.0,0.0
772,Zircon,1.0,2816,59.87856509615288,595.7741477272727,1058.5390625,563,1029,629,1089,65.4697033109415,55.92275618258215,0.9392928619079386,0.0,1.0,0.0,0.0,0.0,0.0,0.0,0.0,0.0,0.0,0.0,0.0,0.0,0.0,0.0,0.0,0.0
773,Iron Oxides,1.0,289,19.182445840623714,596.1245674740485,2141.21107266436,586,2126,611,2152,33.28365017662156,13.959859230124472,0.7506493506493507,0.0,0.0,0.0,0.0,1.0,0.0,0.0,0.0,0.0,0.0,0.0,0.0,0.0,0.0,0.0,0.0,0.0
775,Zircon,1.0,328,20.435815879801165,600.314024390244,3051.673780487805,584,3042,619,3063,39.76448905232435,11.623883976548438,0.8078817733990148,0.0,1.0,0.0,0.0,0.0,0.0,0.0,0.0,0.0,0.0,0.0,0.0,0.0,0.0,0.0,0.0,0.0
776,Rutile,1.0,111,11.888212206450685,593.4324324324324,3112.3963963963965,588,3107,600,3120,12.146919040156714,11.946970119178102,0.9173553719008265,0.0,0.0,1.0,0.0,0.0,0.0,0.0,0.0,0.0,0.0,0.0,0.0,0.0,0.0,0.0,0.0,0.0
777,Zircon,1.0,166,14.538148590038452,593.4759036144578,767.6506024096385,584,762,605,773,20.4732882105235,10.951810892338749,0.9273743016759777,0.0,1.0,0.0,0.0,0.0,0.0,0.0,0.0,0.0,0.0,0.0,0.0,0.0,0.0,0.0,0.0,0.0
778,Quartz,1.0,163,14.406180819073164,597.2576687116565,2080.9509202453987,589,2074,606,2089,19.672376963124787,10.808758863148263,0.9055555555555556,0.0,0.0,0.0,0.0,0.0,0.0,1.0,0.0,0.0,0.0,0.0,0.0,0.0,0.0,0.0,0.0,0.0
779,Zircon,1.0,289,19.182445840623714,594.6920415224913,780.273356401384,586,772,606,792,23.922119058747143,16.738013439906297,0.878419452887538,0.0,1.0,0.0,0.0,0.0,0.0,0.0,0.0,0.0,0.0,0.0,0.0,0.0,0.0,0.0,0.0,0.0
780,Ilmenite,1.0,374,21.821814538001895,594.6042780748663,2524.719251336898,585,2508,604,2549,35.63394958107051,15.800745012233428,0.749498997995992,0.0,0.0,0.0,1.0,0.0,0.0,0.0,0.0,0.0,0.0,0.0,0.0,0.0,0.0,0.0,0.0,0.0
781,Quartz,1.0,518,25.68147355921802,594.953667953668,3254.1949806949806,584,3240,610,3271,30.38624813278288,22.866122390127373,0.891566265060241,0.0,0.0,0.0,0.0,0.0,0.0,1.0,0.0,0.0,0.0,0.0,0.0,0.0,0.0,0.0,0.0,0.0
782,Zircon,1.0,686,29.554057719513263,598.1895043731779,1485.0437317784256,580,1471,616,1498,36.623765872280096,24.206981745815508,0.9514563106796117,0.0,1.0,0.0,0.0,0.0,0.0,0.0,0.0,0.0,0.0,0.0,0.0,0.0,0.0,0.0,0.0,0.0
783,Zircon,1.0,782,31.554291688816235,599.5217391304348,134.06265984654732,581,119,619,150,36.4183566977396,27.86606941036996,0.929845422116528,0.0,1.0,0.0,0.0,0.0,0.0,0.0,0.0,0.0,0.0,0.0,0.0,0.0,0.0,0.0,0.0,0.0
784,Rutile,1.0,182,15.222667215103916,596.7417582417582,1097.5054945054944,587,1091,607,1105,19.18066317849461,12.50061699834306,0.896551724137931,0.0,0.0,1.0,0.0,0.0,0.0,0.0,0.0,0.0,0.0,0.0,0.0,0.0,0.0,0.0,0.0,0.0
785,Monazite & Xenotime,1.0,445,23.803184606416586,599.3460674157303,1949.267415730337,585,1936,613,1962,26.585698614834516,23.391557600923406,0.8240740740740741,1.0,0.0,0.0,0.0,0.0,0.0,0.0,0.0,0.0,0.0,0.0,0.0,0.0,0.0,0.0,0.0,0.0
786,Zircon,1.0,695,29.747293718772774,598.5769784172662,176.1453237410072,579,165,621,188,42.952974603141065,21.145111323879576,0.9061277705345502,0.0,1.0,0.0,0.0,0.0,0.0,0.0,0.0,0.0,0.0,0.0,0.0,0.0,0.0,0.0,0.0,0.0
787,Zircon,1.0,2695,58.577987103188036,601.5988868274583,2003.443413729128,571,1958,631,2046,96.79040153619114,38.23642517050686,0.8792822185970636,0.0,1.0,0.0,0.0,0.0,0.0,0.0,0.0,0.0,0.0,0.0,0.0,0.0,0.0,0.0,0.0,0.0
788,Zircon,1.0,305,19.706294962377495,600.1213114754098,221.88196721311476,590,210,610,235,28.32134452991028,14.325963721404953,0.9023668639053254,0.0,1.0,0.0,0.0,0.0,0.0,0.0,0.0,0.0,0.0,0.0,0.0,0.0,0.0,0.0,0.0,0.0
789,Zircon,1.0,726,30.403485153477522,596.0785123966942,2684.2658402203856,575,2669,617,2700,40.89458441019335,24.867057416569843,0.8030973451327433,0.0,1.0,0.0,0.0,0.0,0.0,0.0,0.0,0.0,0.0,0.0,0.0,0.0,0.0,0.0,0.0,0.0
790,Zircon,1.0,6452,90.63631470128996,612.1912585244885,2825.5699008059514,543,2797,679,2859,135.3562687828403,63.87793252493885,0.9290136789056875,0.0,1.0,0.0,0.0,0.0,0.0,0.0,0.0,0.0,0.0,0.0,0.0,0.0,0.0,0.0,0.0,0.0
792,Monazite & Xenotime,1.0,120,12.360774464742066,605.2166666666667,2709.508333333333,598,2703,615,2717,19.85636729898852,9.432521161674481,0.7228915662650602,1.0,0.0,0.0,0.0,0.0,0.0,0.0,0.0,0.0,0.0,0.0,0.0,0.0,0.0,0.0,0.0,0.0
793,Rutile,1.0,146,13.63425735166143,602.5958904109589,3087.849315068493,595,3081,610,3096,16.491568355047484,14.076501535010191,0.776595744680851,0.0,0.0,1.0,0.0,0.0,0.0,0.0,0.0,0.0,0.0,0.0,0.0,0.0,0.0,0.0,0.0,0.0
794,Zircon,1.0,874,33.35882734897215,592.883295194508,3184.0389016018307,569,3171,616,3205,46.05851412048905,29.33465822574033,0.7693661971830986,0.0,1.0,0.0,0.0,0.0,0.0,0.0,0.0,0.0,0.0,0.0,0.0,0.0,0.0,0.0,0.0,0.0
795,Zircon,1.0,176,14.96964127403822,599.0965909090909,2176.2102272727275,589,2168,610,2186,20.739435388438345,11.682206994599058,0.8,0.0,1.0,0.0,0.0,0.0,0.0,0.0,0.0,0.0,0.0,0.0,0.0,0.0,0.0,0.0,0.0,0.0
796,Rutile,1.0,118,12.257335203001883,605.7457627118644,2993.991525423729,599,2989,614,3001,15.159626001516852,10.751329349726548,0.8137931034482758,0.0,0.0,1.0,0.0,0.0,0.0,0.0,0.0,0.0,0.0,0.0,0.0,0.0,0.0,0.0,0.0,0.0
797,Zircon,1.0,772,31.35188875547286,605.7033678756477,1215.0220207253885,590,1198,624,1231,32.6281646208206,30.82791465536939,0.911452184179457,0.0,1.0,0.0,0.0,0.0,0.0,0.0,0.0,0.0,0.0,0.0,0.0,0.0,0.0,0.0,0.0,0.0
798,Rutile,0.9941860465116279,172,14.798554040663838,607.9186046511628,1164.3488372093022,601,1155,617,1176,21.79719265184267,11.543309556930367,0.7747747747747747,0.0,0.0,0.9941860465116279,0.005813953488372093,0.0,0.0,0.0,0.0,0.0,0.0,0.0,0.0,0.0,0.0,0.0,0.0,0.0
799,Zircon,1.0,438,23.615226456547084,607.269406392694,2875.851598173516,596,2864,620,2888,25.80438348004261,22.576891662082524,0.8902439024390244,0.0,1.0,0.0,0.0,0.0,0.0,0.0,0.0,0.0,0.0,0.0,0.0,0.0,0.0,0.0,0.0,0.0
800,Zircon,1.0,1065,36.823906842470535,602.6807511737089,2913.557746478873,582,2896,630,2934,46.99684348552411,32.14271947007815,0.83203125,0.0,1.0,0.0,0.0,0.0,0.0,0.0,0.0,0.0,0.0,0.0,0.0,0.0,0.0,0.0,0.0,0.0
801,Zircon,1.0,769,31.29091257699814,609.1079323797139,302.74382314694407,589,291,632,319,41.577784635571845,25.028813918661797,0.8849252013808976,0.0,1.0,0.0,0.0,0.0,0.0,0.0,0.0,0.0,0.0,0.0,0.0,0.0,0.0,0.0,0.0,0.0
802,Zircon,1.0,166,14.538148590038452,610.4036144578313,2174.656626506024,603,2167,619,2183,18.077637085486995,12.257579136564978,0.9021739130434783,0.0,1.0,0.0,0.0,0.0,0.0,0.0,0.0,0.0,0.0,0.0,0.0,0.0,0.0,0.0,0.0,0.0
803,Rutile,1.0,670,29.20737055903114,610.7492537313433,2288.5597014925374,595,2274,630,2305,35.17706632495921,28.089313001225285,0.7947805456702254,0.0,0.0,1.0,0.0,0.0,0.0,0.0,0.0,0.0,0.0,0.0,0.0,0.0,0.0,0.0,0.0,0.0
804,Rutile,1.0,517,25.65667251667837,606.0174081237911,2391.4990328820118,596,2374,618,2407,32.08181879053263,21.118199379948415,0.8960138648180243,0.0,0.0,1.0,0.0,0.0,0.0,0.0,0.0,0.0,0.0,0.0,0.0,0.0,0.0,0.0,0.0,0.0
805,Rutile,1.0,249,17.805522925178455,611.0522088353414,496.285140562249,596,490,624,504,28.369492092352548,12.140911051772974,0.8110749185667753,0.0,0.0,1.0,0.0,0.0,0.0,0.0,0.0,0.0,0.0,0.0,0.0,0.0,0.0,0.0,0.0,0.0
806,Quartz,1.0,2061,51.226425814214004,608.7792333818535,1734.1814653081028,579,1706,636,1765,53.451376361885025,50.56612847853252,0.920911528150134,0.0,0.0,0.0,0.0,0.0,0.0,1.0,0.0,0.0,0.0,0.0,0.0,0.0,0.0,0.0,0.0,0.0
807,Rutile,1.0,849,32.878265974350796,609.5747938751472,2556.995288574794,588,2535,625,2579,42.32028293438794,30.104711618757754,0.7669376693766937,0.0,0.0,1.0,0.0,0.0,0.0,0.0,0.0,0.0,0.0,0.0,0.0,0.0,0.0,0.0,0.0,0.0
808,Rutile,1.0,115,12.100518486599809,615.2782608695652,3275.6434782608694,607,3272,624,3280,17.125745959132026,8.75917759112987,0.9583333333333334,0.0,0.0,1.0,0.0,0.0,0.0,0.0,0.0,0.0,0.0,0.0,0.0,0.0,0.0,0.0,0.0,0.0
810,Quartz,1.0,393,22.36924542940416,616.5343511450382,789.4631043256998,604,774,633,806,27.97042746000726,22.407883763726566,0.7359550561797753,0.0,0.0,0.0,0.0,0.0,0.0,1.0,0.0,0.0,0.0,0.0,0.0,0.0,0.0,0.0,0.0,0.0
811,Zircon,1.0,126,12.666024736934256,613.9444444444445,3199.8809523809523,605,3195,624,3206,19.98971546588074,9.421786250090015,0.7636363636363637,0.0,1.0,0.0,0.0,0.0,0.0,0.0,0.0,0.0,0.0,0.0,0.0,0.0,0.0,0.0,0.0,0.0
814,Zircon,1.0,649,28.745999104799274,616.9784283513097,1324.0323574730355,604,1307,630,1341,32.85889692685207,25.414116627114403,0.9544117647058824,0.0,1.0,0.0,0.0,0.0,0.0,0.0,0.0,0.0,0.0,0.0,0.0,0.0,0.0,0.0,0.0,0.0
815,Iron Oxides,0.9584717607973422,1204,39.153293754946546,620.4078073089701,2204.235049833887,592,2185,650,2224,54.62776251569033,33.003929412414614,0.7787839586028461,0.0,0.0,0.0,0.0,0.9584717607973422,0.0,0.0,0.0,0.0,0.0,0.0,0.0,0.0,0.0,0.0,0.0,0.04152823920265781
816,Rutile,1.0,1251,39.91018254109706,617.2022382094325,2492.730615507594,593,2471,637,2514,44.171904218764375,37.54001604398858,0.9,0.0,0.0,1.0,0.0,0.0,0.0,0.0,0.0,0.0,0.0,0.0,0.0,0.0,0.0,0.0,0.0,0.0
817,Rutile,0.9827213822894169,3241,64.23837921746362,610.6973156433199,2628.296821968528,577,2582,645,2670,85.08607657750657,53.83136661214953,0.8014342235410484,0.0,0.0,0.9827213822894169,0.0,0.0,0.0,0.0,0.0,0.0,0.0,0.0,0.0,0.0,0.0,0.0,0.0,0.017278617710583154
818,Rutile,1.0,345,20.958712816717327,617.5594202898551,1459.6057971014493,607,1444,629,1475,28.626302522569286,17.655908562970346,0.7516339869281046,0.0,0.0,1.0,0.0,0.0,0.0,0.0,0.0,0.0,0.0,0.0,0.0,0.0,0.0,0.0,0.0,0.0
819,Zircon,1.0,1789,47.72657064498984,635.1017328116266,629.4438233650084,602,602,670,654,77.9493366167072,30.48763524090273,0.8998993963782697,0.0,1.0,0.0,0.0,0.0,0.0,0.0,0.0,0.0,0.0,0.0,0.0,0.0,0.0,0.0,0.0,0.0
820,Rutile,1.0,103,11.451797811161432,621.8446601941747,198.67961165048544,617,191,628,206,16.095442307909007,9.623773084419367,0.824,0.0,0.0,1.0,0.0,0.0,0.0,0.0,0.0,0.0,0.0,0.0,0.0,0.0,0.0,0.0,0.0,0.0
821,Rutile,0.7615894039735099,151,13.86575534383214,622.8344370860927,1232.635761589404,617,1223,629,1242,18.409832631363486,10.821866650620425,0.8988095238095238,0.0,0.0,0.7615894039735099,0.23841059602649006,0.0,0.0,0.0,0.0,0.0,0.0,0.0,0.0,0.0,0.0,0.0,0.0,0.0
822,Ilmenite,0.9532780708364732,1327,41.104608936998304,621.8726450640543,1691.8477769404672,597,1671,643,1718,52.748345005416574,34.926544761464996,0.8583441138421734,0.0,0.0,0.0,0.9532780708364732,0.0,0.0,0.0,0.0,0.0,0.0,0.0,0.0,0.0,0.0,0.0,0.0,0.04672192916352675
823,Monazite & Xenotime,1.0,489,24.952237121658943,620.8261758691207,2236.284253578732,607,2226,637,2252,29.110579952305493,23.88264470527399,0.8747763864042933,1.0,0.0,0.0,0.0,0.0,0.0,0.0,0.0,0.0,0.0,0.0,0.0,0.0,0.0,0.0,0.0,0.0
824,Ilmenite,0.9424538545059717,921,34.24403043891132,620.8490770901194,2948.938110749186,601,2931,640,2966,38.61907568909882,30.89371125564757,0.9219219219219219,0.0,0.0,0.0,0.9424538545059717,0.0,0.0,0.0,0.0,0.0,0.0,0.0,0.0,0.0,0.0,0.0,0.0,0.05754614549402823
825,Rutile,0.7886178861788617,246,17.697935698969246,623.6056910569106,3227.7398373983738,613,3217,639,3244,25.48804593078635,19.784003003912666,0.5491071428571429,0.0,0.0,0.7886178861788617,0.0,0.0,0.0,0.21138211382113822,0.0,0.0,0.0,0.0,0.0,0.0,0.0,0.0,0.0,0.0
826,Quartz,1.0,117,12.205286835384658,624.7094017094017,3237.2051282051284,620,3230,632,3244,15.379541309863006,10.586679771207384,0.8796992481203008,0.0,0.0,0.0,0.0,0.0,0.0,1.0,0.0,0.0,0.0,0.0,0.0,0.0,0.0,0.0,0.0,0.0
827,Zircon,1.0,261,18.229523339239496,624.4022988505748,864.5057471264367,617,852,635,879,30.331460606451927,13.022917000851077,0.8105590062111802,0.0,1.0,0.0,0.0,0.0,0.0,0.0,0.0,0.0,0.0,0.0,0.0,0.0,0.0,0.0,0.0,0.0
828,Quartz,1.0,914,34.11364747264559,629.1619256017506,2412.6236323851203,613,2388,646,2439,54.53535664937335,21.995348341718174,0.8917073170731707,0.0,0.0,0.0,0.0,0.0,0.0,1.0,0.0,0.0,0.0,0.0,0.0,0.0,0.0,0.0,0.0,0.0
829,Zircon,1.0,415,22.98683125324351,624.3325301204819,3046.098795180723,612,3028,641,3058,30.038965095126525,20.101555589336154,0.7319223985890653,0.0,1.0,0.0,0.0,0.0,0.0,0.0,0.0,0.0,0.0,0.0,0.0,0.0,0.0,0.0,0.0,0.0
830,Rutile,1.0,804,31.99507140118726,627.7786069651742,1128.7798507462687,611,1111,650,1144,42.994863833200675,25.666273916142842,0.8691891891891892,0.0,0.0,1.0,0.0,0.0,0.0,0.0,0.0,0.0,0.0,0.0,0.0,0.0,0.0,0.0,0.0,0.0
831,Quartz,1.0,416,23.014509567006368,626.6730769230769,1356.6009615384614,617,1341,638,1374,35.700586324176584,16.01858249728866,0.8205128205128205,0.0,0.0,0.0,0.0,0.0,0.0,1.0,0.0,0.0,0.0,0.0,0.0,0.0,0.0,0.0,0.0,0.0
832,Zircon,0.9822857142857143,3500,66.75581178124546,625.972,1576.0222857142858,600,1528,656,1620,95.2331715948352,47.45623813093171,0.9345794392523364,0.0,0.9822857142857143,0.0,0.0,0.0,0.0,0.0,0.0,0.0,0.0,0.0,0.0,0.0,0.0,0.0,0.0,0.017714285714285714
833,Zircon,1.0,1146,38.19859314512115,634.4476439790576,1632.9424083769634,607,1617,661,1651,59.234209243782246,25.353769391100275,0.8988235294117647,0.0,1.0,0.0,0.0,0.0,0.0,0.0,0.0,0.0,0.0,0.0,0.0,0.0,0.0,0.0,0.0,0.0
834,Zircon,0.9988950276243094,905,33.94527637220416,627.603314917127,815.7801104972376,611,795,647,838,48.760756504454434,24.353996539411824,0.9150657229524772,0.0,0.9988950276243094,0.0,0.0,0.0,0.0,0.0011049723756906078,0.0,0.0,0.0,0.0,0.0,0.0,0.0,0.0,0.0,0.0
835,Rutile,1.0,187,15.430353037616328,629.3048128342245,2178.4171122994653,621,2169,637,2187,18.771833762153403,14.480314618814232,0.8385650224215246,0.0,0.0,1.0,0.0,0.0,0.0,0.0,0.0,0.0,0.0,0.0,0.0,0.0,0.0,0.0,0.0,0.0
836,Zircon,1.0,113,11.994835078277376,632.0353982300885,597.8053097345132,623,593,640,605,16.923589793756157,9.745937115589122,0.8014184397163121,0.0,1.0,0.0,0.0,0.0,0.0,0.0,0.0,0.0,0.0,0.0,0.0,0.0,0.0,0.0,0.0,0.0
837,Quartz,1.0,285,19.04923279949934,629.9333333333333,266.09473684210525,616,257,643,274,28.950400269444643,13.489045513374942,0.9047619047619048,0.0,0.0,0.0,0.0,0.0,0.0,1.0,0.0,0.0,0.0,0.0,0.0,0.0,0.0,0.0,0.0,0.0
838,Rutile,1.0,489,24.952237121658943,635.3680981595093,2893.629856850716,621,2878,651,2910,35.87429285343293,20.94603606087426,0.7477064220183486,0.0,0.0,1.0,0.0,0.0,0.0,0.0,0.0,0.0,0.0,0.0,0.0,0.0,0.0,0.0,0.0,0.0
839,Unknown,1.0,129,12.815923738491737,634.3875968992248,2586.031007751938,629,2580,641,2593,12.885985408390798,12.813409283010285,0.9555555555555556,0.0,0.0,0.0,0.0,0.0,0.0,0.0,0.0,0.0,0.0,0.0,0.0,0.0,0.0,0.0,0.0,1.0
841,Monazite & Xenotime,1.0,102,11.396070970426017,635.7254901960785,776.2647058823529,629,771,643,782,13.008698167055941,10.353360452144518,0.8869565217391304,1.0,0.0,0.0,0.0,0.0,0.0,0.0,0.0,0.0,0.0,0.0,0.0,0.0,0.0,0.0,0.0,0.0
842,Zircon,1.0,203,16.07692842495848,637.7881773399015,1659.1822660098521,630,1651,648,1671,17.617427162491648,15.812400095660243,0.8087649402390438,0.0,1.0,0.0,0.0,0.0,0.0,0.0,0.0,0.0,0.0,0.0,0.0,0.0,0.0,0.0,0.0,0.0
844,Zircon,1.0,1308,40.809279882320794,643.243119266055,2361.2140672782875,623,2333,665,2390,62.10528681557089,27.88871519100334,0.9095966620305981,0.0,1.0,0.0,0.0,0.0,0.0,0.0,0.0,0.0,0.0,0.0,0.0,0.0,0.0,0.0,0.0,0.0
845,Rutile,1.0,382,22.05396803500069,636.565445026178,3191.214659685864,623,3183,653,3204,29.96076896153092,18.8028331354288,0.7876288659793814,0.0,0.0,1.0,0.0,0.0,0.0,0.0,0.0,0.0,0.0,0.0,0.0,0.0,0.0,0.0,0.0,0.0
846,Orthoclase,0.6453900709219859,282,18.948708441878455,637.0744680851063,494.4432624113475,626,485,647,507,20.48008846607537,19.139656508070793,0.8221574344023324,0.0,0.0,0.0,0.0,0.0,0.0,0.3546099290780142,0.0,0.6453900709219859,0.0,0.0,0.0,0.0,0.0,0.0,0.0,0.0
847,Zircon,1.0,634,28.41186145542198,638.4716088328075,1442.7917981072555,628,1423,648,1464,43.14411178264073,19.548184545714978,0.9057142857142857,0.0,1.0,0.0,0.0,0.0,0.0,0.0,0.0,0.0,0.0,0.0,0.0,0.0,0.0,0.0,0.0,0.0
848,Rutile,1.0,621,28.11906394744562,640.85346215781,3008.183574879227,625,2991,656,3027,35.522465533625954,25.126209893402194,0.8107049608355091,0.0,0.0,1.0,0.0,0.0,0.0,0.0,0.0,0.0,0.0,0.0,0.0,0.0,0.0,0.0,0.0,0.0
849,Zircon,1.0,389,22.255115881567058,640.3547557840617,1175.8560411311055,629,1165,653,1188,23.653386445324585,21.178209780803208,0.9261904761904762,0.0,1.0,0.0,0.0,0.0,0.0,0.0,0.0,0.0,0.0,0.0,0.0,0.0,0.0,0.0,0.0,0.0
850,Zircon,1.0,1054,36.63324282875953,644.4459203036054,1764.737191650854,625,1749,669,1783,47.36814777966892,31.14662715370605,0.8597063621533442,0.0,1.0,0.0,0.0,0.0,0.0,0.0,0.0,0.0,0.0,0.0,0.0,0.0,0.0,0.0,0.0,0.0
851,Ilmenite,1.0,1154,38.33168969174693,637.2209705372617,2699.1204506065856,615,2681,661,2718,46.01178018299102,32.96218777242701,0.9129746835443038,0.0,0.0,0.0,1.0,0.0,0.0,0.0,0.0,0.0,0.0,0.0,0.0,0.0,0.0,0.0,0.0,0.0
852,Zircon,1.0,1050,36.56366395715726,646.5066666666667,1100.8333333333333,627,1082,671,1122,49.377980651717294,29.229703821434644,0.898972602739726,0.0,1.0,0.0,0.0,0.0,0.0,0.0,0.0,0.0,0.0,0.0,0.0,0.0,0.0,0.0,0.0,0.0
853,Zircon,1.0,845,32.80072278626208,644.8556213017752,3084.873372781065,631,3063,662,3106,43.72073437180937,25.802382306954534,0.8904109589041096,0.0,1.0,0.0,0.0,0.0,0.0,0.0,0.0,0.0,0.0,0.0,0.0,0.0,0.0,0.0,0.0,0.0
854,Quartz,1.0,586,27.315167457198672,641.4931740614335,2010.7150170648465,627,1996,659,2028,34.974660231527736,23.734134264711198,0.8838612368024132,0.0,0.0,0.0,0.0,0.0,0.0,1.0,0.0,0.0,0.0,0.0,0.0,0.0,0.0,0.0,0.0,0.0
855,Rutile,1.0,119,12.309163489997376,641.5798319327731,2301.6470588235293,635,2293,648,2310,17.826030189438207,9.223815608044543,0.8439716312056738,0.0,0.0,1.0,0.0,0.0,0.0,0.0,0.0,0.0,0.0,0.0,0.0,0.0,0.0,0.0,0.0,0.0
856,Rutile,1.0,596,27.547246117573295,647.253355704698,835.3590604026846,631,825,668,851,36.113648722726765,23.446994264152572,0.8816568047337278,0.0,0.0,1.0,0.0,0.0,0.0,0.0,0.0,0.0,0.0,0.0,0.0,0.0,0.0,0.0,0.0,0.0
857,Zircon,1.0,471,24.488687706168772,644.7770700636943,1293.2038216560509,635,1281,659,1308,26.379894009871208,24.42685120181974,0.9145631067961165,0.0,1.0,0.0,0.0,0.0,0.0,0.0,0.0,0.0,0.0,0.0,0.0,0.0,0.0,0.0,0.0,0.0
858,Zircon,1.0,512,25.532305945691693,648.703125,1882.3046875,634,1870,663,1897,33.22985933653797,19.836984162452723,0.9326047358834244,0.0,1.0,0.0,0.0,0.0,0.0,0.0,0.0,0.0,0.0,0.0,0.0,0.0,0.0,0.0,0.0,0.0
859,Rutile,1.0,397,22.48279562821002,649.0277078085643,1736.3879093198993,637,1725,664,1751,31.176683124476448,21.77935167734819,0.6977152899824253,0.0,0.0,1.0,0.0,0.0,0.0,0.0,0.0,0.0,0.0,0.0,0.0,0.0,0.0,0.0,0.0,0.0
860,Zircon,1.0,502,25.281737508665255,645.5199203187251,1320.6235059760957,632,1307,660,1333,28.8860222670466,23.161839625558944,0.9045045045045045,0.0,1.0,0.0,0.0,0.0,0.0,0.0,0.0,0.0,0.0,0.0,0.0,0.0,0.0,0.0,0.0,0.0
861,Rutile,0.8772563176895307,277,18.77997214831907,644.2166064981949,3036.7220216606497,633,3026,656,3051,23.23333660050774,20.318788938737026,0.6873449131513648,0.0,0.0,0.8772563176895307,0.12274368231046931,0.0,0.0,0.0,0.0,0.0,0.0,0.0,0.0,0.0,0.0,0.0,0.0,0.0
862,Rutile,1.0,226,16.96325844612841,653.429203539823,2718.880530973451,643,2712,665,2726,22.055140469559767,13.352481707431918,0.904,0.0,0.0,1.0,0.0,0.0,0.0,0.0,0.0,0.0,0.0,0.0,0.0,0.0,0.0,0.0,0.0,0.0
863,Rutile,1.0,626,28.2320377409108,650.8178913738019,758.8083067092651,631,745,668,775,32.12135739038294,28.60495781252206,0.7461263408820024,0.0,0.0,1.0,0.0,0.0,0.0,0.0,0.0,0.0,0.0,0.0,0.0,0.0,0.0,0.0,0.0,0.0
864,Zircon,1.0,867,33.224970809398556,650.9711649365629,1914.0322952710496,635,1897,669,1939,40.5182684325329,30.96483888189071,0.8567193675889329,0.0,1.0,0.0,0.0,0.0,0.0,0.0,0.0,0.0,0.0,0.0,0.0,0.0,0.0,0.0,0.0,0.0
865,Monazite & Xenotime,1.0,699,29.83277462405867,653.7682403433477,3167.9270386266094,636,3152,669,3185,35.727385932903076,26.536877859267197,0.8881829733163914,1.0,0.0,0.0,0.0,0.0,0.0,0.0,0.0,0.0,0.0,0.0,0.0,0.0,0.0,0.0,0.0,0.0
866,Rutile,0.9845559845559846,518,25.68147355921802,656.7606177606177,1273.6737451737451,639,1262,675,1288,38.4902190145674,18.202393209786166,0.8519736842105263,0.0,0.0,0.9845559845559846,0.015444015444015444,0.0,0.0,0.0,0.0,0.0,0.0,0.0,0.0,0.0,0.0,0.0,0.0,0.0
867,Rutile,1.0,289,19.182445840623714,651.9861591695502,1686.7439446366782,643,1673,663,1699,24.157398799928036,17.450012511036974,0.8095238095238095,0.0,0.0,1.0,0.0,0.0,0.0,0.0,0.0,0.0,0.0,0.0,0.0,0.0,0.0,0.0,0.0,0.0
869,Rutile,1.0,550,26.462837142006137,653.4745454545455,2951.518181818182,640,2938,670,2967,30.280872807847583,24.042961441709267,0.8513931888544891,0.0,0.0,1.0,0.0,0.0,0.0,0.0,0.0,0.0,0.0,0.0,0.0,0.0,0.0,0.0,0.0,0.0
870,Zircon,1.0,210,16.351767622932517,655.9809523809524,2469.9333333333334,648,2461,665,2481,21.46471197727345,13.075192243494902,0.860655737704918,0.0,1.0,0.0,0.0,0.0,0.0,0.0,0.0,0.0,0.0,0.0,0.0,0.0,0.0,0.0,0.0,0.0
871,Zircon,1.0,1952,49.853421059372025,658.391393442623,2231.6137295081967,635,2202,684,2262,66.00815051232827,37.92015592586547,0.9517308629936616,0.0,1.0,0.0,0.0,0.0,0.0,0.0,0.0,0.0,0.0,0.0,0.0,0.0,0.0,0.0,0.0,0.0
872,Zircon,1.0,609,27.846056861676377,658.3004926108374,3265.553366174056,645,3251,673,3280,31.729397789821167,24.694348442514418,0.9398148148148148,0.0,1.0,0.0,0.0,0.0,0.0,0.0,0.0,0.0,0.0,0.0,0.0,0.0,0.0,0.0,0.0,0.0
873,Zircon,1.0,1218,39.38027127239512,661.3538587848933,1379.596880131363,640,1355,684,1403,52.55987955041868,30.389075488470727,0.9199395770392749,0.0,1.0,0.0,0.0,0.0,0.0,0.0,0.0,0.0,0.0,0.0,0.0,0.0,0.0,0.0,0.0,0.0
874,Rutile,1.0,101,11.340070282773887,664.6930693069307,1942.1683168316831,658,1937,674,1952,16.346605381621327,13.06102127080263,0.6601307189542484,0.0,0.0,1.0,0.0,0.0,0.0,0.0,0.0,0.0,0.0,0.0,0.0,0.0,0.0,0.0,0.0,0.0
875,Zircon,1.0,198,15.877702285203682,660.560606060606,3002.2929292929293,653,2994,668,3012,19.484886004598838,13.743628513743172,0.8722466960352423,0.0,1.0,0.0,0.0,0.0,0.0,0.0,0.0,0.0,0.0,0.0,0.0,0.0,0.0,0.0,0.0,0.0
876,Quartz,1.0,1659,45.95981293168669,661.878842676311,2621.0,636,2596,688,2651,56.28147254569168,39.21516871722153,0.8451349974528782,0.0,0.0,0.0,0.0,0.0,0.0,1.0,0.0,0.0,0.0,0.0,0.0,0.0,0.0,0.0,0.0,0.0
877,Zircon,1.0,3932,70.75576223812914,648.5345879959308,2092.5915564598167,607,2055,691,2130,96.92701310825245,60.593905771246256,0.820534223706177,0.0,1.0,0.0,0.0,0.0,0.0,0.0,0.0,0.0,0.0,0.0,0.0,0.0,0.0,0.0,0.0,0.0
878,Zircon,1.0,2104,51.758052534101225,654.0199619771863,137.6639733840304,618,113,688,161,76.93479234745715,36.041489801810535,0.8945578231292517,0.0,1.0,0.0,0.0,0.0,0.0,0.0,0.0,0.0,0.0,0.0,0.0,0.0,0.0,0.0,0.0,0.0
879,Orthoclase,1.0,276,18.746042631630413,671.1014492753624,534.4891304347826,664,522,682,547,25.492274165288094,14.740479777170053,0.8679245283018868,0.0,0.0,0.0,0.0,0.0,0.0,0.0,0.0,1.0,0.0,0.0,0.0,0.0,0.0,0.0,0.0,0.0
880,Zircon,1.0,347,21.019374919894773,663.2737752161383,2981.178674351585,652,2972,677,2993,25.020820490030882,20.655136670243795,0.8281622911694511,0.0,1.0,0.0,0.0,0.0,0.0,0.0,0.0,0.0,0.0,0.0,0.0,0.0,0.0,0.0,0.0,0.0
881,Zircon,1.0,1317,40.94943809646488,663.8959757023538,3222.0865603644647,644,3193,683,3247,54.12639570730757,31.93172091739522,0.9474820143884892,0.0,1.0,0.0,0.0,0.0,0.0,0.0,0.0,0.0,0.0,0.0,0.0,0.0,0.0,0.0,0.0,0.0
882,Zircon,1.0,647,28.701672171559103,671.5177743431221,262.2519319938176,653,245,692,282,49.569538711335056,19.782380540003754,0.8007425742574258,0.0,1.0,0.0,0.0,0.0,0.0,0.0,0.0,0.0,0.0,0.0,0.0,0.0,0.0,0.0,0.0,0.0
883,Zircon,1.0,941,34.61384710770804,667.2826780021254,2924.171094580234,645,2911,695,2941,47.81977080551999,26.973415518718557,0.8860640301318268,0.0,1.0,0.0,0.0,0.0,0.0,0.0,0.0,0.0,0.0,0.0,0.0,0.0,0.0,0.0,0.0,0.0
884,Rutile,1.0,375,21.850968611841584,666.8,1710.2026666666666,654,1698,678,1724,23.955735111427767,21.86635714577676,0.8029978586723768,0.0,0.0,1.0,0.0,0.0,0.0,0.0,0.0,0.0,0.0,0.0,0.0,0.0,0.0,0.0,0.0,0.0
885,Rutile,1.0,400,22.56758334191025,672.93,3039.1175,661,3027,688,3058,35.515283228817545,17.35065869576343,0.8113590263691683,0.0,0.0,1.0,0.0,0.0,0.0,0.0,0.0,0.0,0.0,0.0,0.0,0.0,0.0,0.0,0.0,0.0
886,Quartz,1.0,330,20.49802550887777,663.4363636363636,3030.2181818181816,655,3011,674,3055,49.18574984858547,9.932306734416443,0.7051282051282052,0.0,0.0,0.0,0.0,0.0,0.0,1.0,0.0,0.0,0.0,0.0,0.0,0.0,0.0,0.0,0.0,0.0
887,Monazite & Xenotime,1.0,695,29.747293718772774,664.3841726618705,2150.476258992806,638,2138,682,2165,41.29270128524116,24.605811943061855,0.8465286236297198,1.0,0.0,0.0,0.0,0.0,0.0,0.0,0.0,0.0,0.0,0.0,0.0,0.0,0.0,0.0,0.0,0.0
888,Zircon,1.0,557,26.63070457981699,668.2818671454219,2892.0628366247756,654,2879,684,2905,33.3084007504987,21.61111141125098,0.9537671232876712,0.0,1.0,0.0,0.0,0.0,0.0,0.0,0.0,0.0,0.0,0.0,0.0,0.0,0.0,0.0,0.0,0.0
889,Ilmenite,1.0,338,20.7449985808745,668.4201183431952,1178.4940828402366,657,1168,679,1189,22.455805607123096,19.60590557752501,0.9467787114845938,0.0,0.0,0.0,1.0,0.0,0.0,0.0,0.0,0.0,0.0,0.0,0.0,0.0,0.0,0.0,0.0,0.0
890,Quartz,1.0,363,21.498510523728477,669.7685950413223,1202.5592286501378,657,1193,686,1213,29.164417090760946,16.94572170092481,0.8481308411214953,0.0,0.0,0.0,0.0,0.0,0.0,1.0,0.0,0.0,0.0,0.0,0.0,0.0,0.0,0.0,0.0,0.0
891,Rutile,1.0,1074,36.97917347704738,673.4404096834264,803.584729981378,652,784,699,822,45.11094999978899,31.388535976273275,0.8920265780730897,0.0,0.0,1.0,0.0,0.0,0.0,0.0,0.0,0.0,0.0,0.0,0.0,0.0,0.0,0.0,0.0,0.0
892,Orthoclase,1.0,808,32.07456238432586,671.6101485148515,2491.2128712871286,649,2477,694,2505,44.08448047241097,25.191461418980712,0.8697524219590959,0.0,0.0,0.0,0.0,0.0,0.0,0.0,0.0,1.0,0.0,0.0,0.0,0.0,0.0,0.0,0.0,0.0
893,Zircon,1.0,549,26.438769072322643,673.2440801457195,702.0364298724954,658,688,691,716,32.74296161499358,22.578472415265104,0.8985270049099836,0.0,1.0,0.0,0.0,0.0,0.0,0.0,0.0,0.0,0.0,0.0,0.0,0.0,0.0,0.0,0.0,0.0
894,Zircon,1.0,657,28.92262748940701,669.1537290715373,1151.359208523592,658,1135,685,1168,34.4920543985392,24.872310403785672,0.95355587808418,0.0,1.0,0.0,0.0,0.0,0.0,0.0,0.0,0.0,0.0,0.0,0.0,0.0,0.0,0.0,0.0,0.0
895,Zircon,1.0,470,24.462677409178383,669.2106382978724,1320.2744680851065,660,1296,682,1342,47.342835225575136,15.599518856901682,0.7413249211356467,0.0,1.0,0.0,0.0,0.0,0.0,0.0,0.0,0.0,0.0,0.0,0.0,0.0,0.0,0.0,0.0,0.0
896,Rutile,1.0,162,14.361922094451577,666.4444444444445,2530.574074074074,656,2524,677,2537,21.188355157185086,11.452656683145046,0.75,0.0,0.0,1.0,0.0,0.0,0.0,0.0,0.0,0.0,0.0,0.0,0.0,0.0,0.0,0.0,0.0,0.0
898,Quartz,1.0,101,11.340070282773887,673.1287128712871,1347.90099009901,668,1341,678,1356,14.362424503887645,9.437225184771568,0.8632478632478633,0.0,0.0,0.0,0.0,0.0,0.0,1.0,0.0,0.0,0.0,0.0,0.0,0.0,0.0,0.0,0.0,0.0
899,Zircon,1.0,264,18.333991376950163,673.2386363636364,2326.3560606060605,663,2316,684,2338,23.872190087069512,16.666882658286024,0.7951807228915663,0.0,1.0,0.0,0.0,0.0,0.0,0.0,0.0,0.0,0.0,0.0,0.0,0.0,0.0,0.0,0.0,0.0
900,Rutile,1.0,119,12.309163489997376,677.4201680672269,2524.1428571428573,672,2517,684,2533,15.417374385497112,10.330363129134508,0.8814814814814815,0.0,0.0,1.0,0.0,0.0,0.0,0.0,0.0,0.0,0.0,0.0,0.0,0.0,0.0,0.0,0.0,0.0
901,Quartz,1.0,1297,40.63731892634535,674.3215111796453,3118.9028527370856,646,3101,702,3138,58.682853863170614,33.51752463699706,0.8075965130759651,0.0,0.0,0.0,0.0,0.0,0.0,1.0,0.0,0.0,0.0,0.0,0.0,0.0,0.0,0.0,0.0,0.0
902,Zircon,1.0,977,35.269746741453275,679.9979529170931,1887.2630501535311,664,1866,696,1909,43.79271649848111,31.080338009997952,0.8480902777777778,0.0,1.0,0.0,0.0,0.0,0.0,0.0,0.0,0.0,0.0,0.0,0.0,0.0,0.0,0.0,0.0,0.0
903,Iron Oxides,1.0,883,33.53014342350997,678.7678369195924,328.9818799546999,661,312,701,356,43.00206793464542,27.82817827249039,0.800543970988214,0.0,0.0,0.0,0.0,1.0,0.0,0.0,0.0,0.0,0.0,0.0,0.0,0.0,0.0,0.0,0.0,0.0
904,Rutile,1.0,302,19.60913925979463,678.6788079470199,1920.794701986755,670,1908,687,1934,23.81675331019956,17.092663055226204,0.8753623188405797,0.0,0.0,1.0,0.0,0.0,0.0,0.0,0.0,0.0,0.0,0.0,0.0,0.0,0.0,0.0,0.0,0.0
905,Rutile,1.0,715,30.172276587716105,674.8517482517483,2579.579020979021,655,2566,694,2594,39.36993397777454,24.03508692679482,0.8838071693448702,0.0,0.0,1.0,0.0,0.0,0.0,0.0,0.0,0.0,0.0,0.0,0.0,0.0,0.0,0.0,0.0,0.0
906,Rutile,0.8619329388560157,507,25.40733061895184,681.0848126232742,1501.6824457593689,666,1492,701,1516,33.17059050159257,21.84821115085324,0.8593220338983051,0.0,0.0,0.8619329388560157,0.0,0.0,0.0,0.13806706114398423,0.0,0.0,0.0,0.0,0.0,0.0,0.0,0.0,0.0,0.0
908,Zircon,1.0,592,27.45465007031079,675.8091216216217,3070.385135135135,661,3047,691,3089,39.490485225266944,25.055709965471948,0.7427854454203262,0.0,1.0,0.0,0.0,0.0,0.0,0.0,0.0,0.0,0.0,0.0,0.0,0.0,0.0,0.0,0.0,0.0
909,Rutile,1.0,478,24.669991941291908,680.2175732217573,1737.3912133891213,670,1719,691,1761,36.95770508607248,17.832123258734793,0.7861842105263158,0.0,0.0,1.0,0.0,0.0,0.0,0.0,0.0,0.0,0.0,0.0,0.0,0.0,0.0,0.0,0.0,0.0
910,Zircon,1.0,147,13.680870333281758,678.7891156462586,2444.7891156462583,672,2438,688,2451,15.73894564325004,12.713692992282267,0.901840490797546,0.0,1.0,0.0,0.0,0.0,0.0,0.0,0.0,0.0,0.0,0.0,0.0,0.0,0.0,0.0,0.0,0.0
911,Zircon,0.7432432432432432,296,19.413369239820483,688.043918918919,2454.564189189189,673,2444,699,2466,25.13797347279957,19.243435972559197,0.7668393782383419,0.0,0.7432432432432432,0.14189189189189189,0.11486486486486487,0.0,0.0,0.0,0.0,0.0,0.0,0.0,0.0,0.0,0.0,0.0,0.0,0.0
912,Rutile,1.0,149,13.773623058786647,682.771812080537,2995.771812080537,672,2989,693,3002,21.47981903704809,10.688298905291182,0.7303921568627451,0.0,0.0,1.0,0.0,0.0,0.0,0.0,0.0,0.0,0.0,0.0,0.0,0.0,0.0,0.0,0.0,0.0
913,Zircon,1.0,1385,41.99329433919421,681.0093862815885,1657.7458483754513,661,1634,702,1682,49.412462274782804,36.14765685237638,0.9402579769178547,0.0,1.0,0.0,0.0,0.0,0.0,0.0,0.0,0.0,0.0,0.0,0.0,0.0,0.0,0.0,0.0,0.0
914,Zircon,1.0,1376,41.85663165563593,683.9324127906976,1976.390988372093,662,1954,704,2000,45.26275099582522,40.21146612225121,0.9017038007863696,0.0,1.0,0.0,0.0,0.0,0.0,0.0,0.0,0.0,0.0,0.0,0.0,0.0,0.0,0.0,0.0,0.0
915,Rutile,1.0,132,12.964089628857149,667.3181818181819,1960.75,663,1952,675,1973,21.921536232754786,8.758150624650334,0.8148148148148148,0.0,0.0,1.0,0.0,0.0,0.0,0.0,0.0,0.0,0.0,0.0,0.0,0.0,0.0,0.0,0.0,0.0
917,Ilmenite,1.0,617,28.02835705319874,685.9448946515397,3266.1410048622365,674,3248,700,3280,33.22162980618474,24.930803038074313,0.9492307692307692,0.0,0.0,0.0,1.0,0.0,0.0,0.0,0.0,0.0,0.0,0.0,0.0,0.0,0.0,0.0,0.0,0.0
918,Iron Oxides,1.0,612,27.914558950087667,688.8153594771242,2277.251633986928,674,2261,706,2292,29.262281518330095,28.067440332129213,0.892128279883382,0.0,0.0,0.0,0.0,1.0,0.0,0.0,0.0,0.0,0.0,0.0,0.0,0.0,0.0,0.0,0.0,0.0
919,Quartz,0.9506254114549045,1519,43.977845200199525,686.0296247531271,2698.4634628044764,664,2679,714,2725,46.91195857950849,43.41054783952454,0.8988165680473372,0.0,0.0,0.0,0.0,0.0,0.0,0.9506254114549045,0.0,0.0,0.0,0.0,0.0,0.0,0.0,0.0,0.0,0.04937458854509546
920,Zircon,1.0,633,28.38944578214513,688.7140600315955,3196.2890995260664,675,3180,701,3213,32.410410351208505,25.723043986344802,0.9295154185022027,0.0,1.0,0.0,0.0,0.0,0.0,0.0,0.0,0.0,0.0,0.0,0.0,0.0,0.0,0.0,0.0,0.0
921,Rutile,1.0,495,25.104851615652017,689.5151515151515,995.3191919191919,680,976,705,1013,39.92170479796488,19.752648216696464,0.7580398162327718,0.0,0.0,1.0,0.0,0.0,0.0,0.0,0.0,0.0,0.0,0.0,0.0,0.0,0.0,0.0,0.0,0.0
922,Rutile,1.0,1377,41.87183842513151,690.8910675381263,1301.9259259259259,673,1265,709,1335,69.70418309552784,28.832029993401544,0.8300180831826401,0.0,0.0,1.0,0.0,0.0,0.0,0.0,0.0,0.0,0.0,0.0,0.0,0.0,0.0,0.0,0.0,0.0
923,Orthoclase,0.5850340136054422,294,19.347672370394786,686.8367346938776,1353.8741496598639,680,1341,695,1371,29.337371679590493,15.293031624858655,0.7676240208877284,0.0,0.0,0.1598639455782313,0.0,0.0,0.0,0.25510204081632654,0.0,0.5850340136054422,0.0,0.0,0.0,0.0,0.0,0.0,0.0,0.0
924,Iron Oxides,1.0,248,17.769732893161912,690.0887096774194,2839.6693548387098,681,2827,698,2853,25.990099971244504,15.527111331960668,0.7492447129909365,0.0,0.0,0.0,0.0,1.0,0.0,0.0,0.0,0.0,0.0,0.0,0.0,0.0,0.0,0.0,0.0,0.0
925,Zircon,1.0,881,33.49214891450948,693.9648127128263,174.7060158910329,676,154,713,194,45.644665389830266,25.211064098086226,0.9322751322751323,0.0,1.0,0.0,0.0,0.0,0.0,0.0,0.0,0.0,0.0,0.0,0.0,0.0,0.0,0.0,0.0,0.0
926,Rutile,1.0,2001,50.47526452644959,698.07996001999,2402.3393303348325,653,2385,743,2422,94.68761543080797,28.32881500672398,0.8941018766756033,0.0,0.0,1.0,0.0,0.0,0.0,0.0,0.0,0.0,0.0,0.0,0.0,0.0,0.0,0.0,0.0,0.0
927,Monazite & Xenotime,1.0,299,19.511499785403828,689.9431438127091,2871.5384615384614,676,2861,702,2881,28.499731525400648,15.794169766471565,0.7868421052631579,1.0,0.0,0.0,0.0,0.0,0.0,0.0,0.0,0.0,0.0,0.0,0.0,0.0,0.0,0.0,0.0,0.0
928,Iron Oxides,1.0,561,26.726155439876237,694.1283422459893,349.3404634581105,677,329,712,368,45.63365965686879,19.09727244156149,0.6908866995073891,0.0,0.0,0.0,0.0,1.0,0.0,0.0,0.0,0.0,0.0,0.0,0.0,0.0,0.0,0.0,0.0,0.0
929,Zircon,1.0,472,24.514670406003766,694.207627118644,3087.633474576271,683,3076,706,3101,26.26290895270222,23.151602234453193,0.9574036511156186,0.0,1.0,0.0,0.0,0.0,0.0,0.0,0.0,0.0,0.0,0.0,0.0,0.0,0.0,0.0,0.0,0.0
930,Zircon,1.0,1564,44.62450725740055,689.1687979539641,1604.9207161125319,662,1579,715,1629,62.65199555174193,32.28742634231103,0.9281899109792285,0.0,1.0,0.0,0.0,0.0,0.0,0.0,0.0,0.0,0.0,0.0,0.0,0.0,0.0,0.0,0.0,0.0
931,Zircon,1.0,1093,37.3048364477789,697.1747483989021,2657.956999085087,671,2644,725,2673,54.84646326944768,26.268348920997443,0.8944353518821604,0.0,1.0,0.0,0.0,0.0,0.0,0.0,0.0,0.0,0.0,0.0,0.0,0.0,0.0,0.0,0.0,0.0
932,Rutile,1.0,220,16.73656774376801,694.0318181818182,1160.8545454545454,685,1152,703,1170,19.639976141167246,15.341811232221737,0.8494208494208494,0.0,0.0,1.0,0.0,0.0,0.0,0.0,0.0,0.0,0.0,0.0,0.0,0.0,0.0,0.0,0.0,0.0
933,Zircon,1.0,208,16.273715780512877,690.8461538461538,2190.548076923077,680,2180,704,2200,27.34183922736858,13.43390061199257,0.7003367003367004,0.0,1.0,0.0,0.0,0.0,0.0,0.0,0.0,0.0,0.0,0.0,0.0,0.0,0.0,0.0,0.0,0.0
934,Zircon,1.0,915,34.13230410377644,697.5344262295082,1087.320218579235,686,1060,710,1111,51.13110060939946,23.522553255392022,0.9068384539147671,0.0,1.0,0.0,0.0,0.0,0.0,0.0,0.0,0.0,0.0,0.0,0.0,0.0,0.0,0.0,0.0,0.0
935,Monazite & Xenotime,0.8905660377358491,530,25.977239243415305,698.0377358490566,2766.7943396226415,682,2749,716,2779,38.22535518663545,21.191891911750478,0.8079268292682927,0.8905660377358491,0.0,0.10943396226415095,0.0,0.0,0.0,0.0,0.0,0.0,0.0,0.0,0.0,0.0,0.0,0.0,0.0,0.0
936,Quartz,1.0,475,24.592453796829673,697.9936842105263,293.29473684210524,682,276,712,308,29.02840952184946,24.005324874894967,0.7799671592775042,0.0,0.0,0.0,0.0,0.0,0.0,1.0,0.0,0.0,0.0,0.0,0.0,0.0,0.0,0.0,0.0,0.0
937,Zircon,0.9621583742116327,1427,42.62526047236635,704.5732305536089,2958.706377014716,677,2940,734,2979,58.3475669530443,32.27591359139163,0.8754601226993866,0.0,0.9621583742116327,0.0,0.0,0.0,0.0,0.0,0.0,0.0,0.0,0.0,0.0,0.0,0.0,0.0,0.0,0.0378416257883672
938,Rutile,1.0,148,13.727325035155395,697.3918918918919,886.3581081081081,689,880,708,894,19.05591791534996,11.19051949267483,0.8554913294797688,0.0,0.0,1.0,0.0,0.0,0.0,0.0,0.0,0.0,0.0,0.0,0.0,0.0,0.0,0.0,0.0,0.0
939,Zircon,1.0,1390,42.06902622098444,701.4784172661871,1823.4791366906475,681,1802,723,1848,46.86012468528138,38.16472129706867,0.9639389736477115,0.0,1.0,0.0,0.0,0.0,0.0,0.0,0.0,0.0,0.0,0.0,0.0,0.0,0.0,0.0,0.0,0.0
940,Rutile,1.0,339,20.775663783985824,699.7168141592921,2557.4867256637167,690,2547,712,2572,25.528250422744083,18.773972182869702,0.853904282115869,0.0,0.0,1.0,0.0,0.0,0.0,0.0,0.0,0.0,0.0,0.0,0.0,0.0,0.0,0.0,0.0,0.0
941,Zircon,1.0,452,23.98967015655475,700.8539823008849,3028.809734513274,689,3014,712,3047,31.679483449700093,18.890079595418314,0.9358178053830227,0.0,1.0,0.0,0.0,0.0,0.0,0.0,0.0,0.0,0.0,0.0,0.0,0.0,0.0,0.0,0.0,0.0
942,Zircon,1.0,263,18.29923496393627,702.6730038022814,1177.7300380228137,693,1169,714,1188,21.092404097629842,16.32155903952186,0.9163763066202091,0.0,1.0,0.0,0.0,0.0,0.0,0.0,0.0,0.0,0.0,0.0,0.0,0.0,0.0,0.0,0.0,0.0
943,Rutile,1.0,481,24.747287144606645,706.3513513513514,2734.2744282744284,695,2719,721,2748,28.49416313836562,25.98520754148896,0.7211394302848576,0.0,0.0,1.0,0.0,0.0,0.0,0.0,0.0,0.0,0.0,0.0,0.0,0.0,0.0,0.0,0.0,0.0
945,Zircon,1.0,1043,36.44158126589425,703.3585810162991,749.0479386385426,676,734,729,765,53.77021429762283,25.392957876093284,0.899913718723037,0.0,1.0,0.0,0.0,0.0,0.0,0.0,0.0,0.0,0.0,0.0,0.0,0.0,0.0,0.0,0.0,0.0
946,Zircon,0.9519429322320255,5327,82.35622049854044,702.2089356110381,934.5382016144172,657,896,745,982,97.4042969290782,71.88605764990479,0.9340697878309662,0.0,0.9519429322320255,0.0,0.0,0.0,0.0,0.0,0.0,0.0,0.0,0.0,0.0,0.0,0.0,0.0,0.0,0.04805706776797447
947,Ilmenite,1.0,799,31.895429080722444,701.4167709637046,2529.7609511889864,681,2511,723,2548,44.764671121871004,24.052096211461496,0.8647186147186147,0.0,0.0,0.0,1.0,0.0,0.0,0.0,0.0,0.0,0.0,0.0,0.0,0.0,0.0,0.0,0.0,0.0
948,Zircon,1.0,858,33.05207299675423,701.0372960372961,1701.7296037296037,687,1678,715,1727,53.19258652955419,20.940475382466087,0.9470198675496688,0.0,1.0,0.0,0.0,0.0,0.0,0.0,0.0,0.0,0.0,0.0,0.0,0.0,0.0,0.0,0.0,0.0
949,Zircon,1.0,1056,36.667982753900326,703.2528409090909,2242.125946969697,688,2221,720,2264,42.42169665919199,32.693275557077484,0.9320388349514563,0.0,1.0,0.0,0.0,0.0,0.0,0.0,0.0,0.0,0.0,0.0,0.0,0.0,0.0,0.0,0.0,0.0
950,Zircon,1.0,736,30.612159429303247,703.9415760869565,2325.6603260869565,687,2311,723,2341,37.39825426296171,26.768985901635485,0.8508670520231214,0.0,1.0,0.0,0.0,0.0,0.0,0.0,0.0,0.0,0.0,0.0,0.0,0.0,0.0,0.0,0.0,0.0
951,Zircon,1.0,887,33.60600357347016,702.7316798196167,2600.923337091319,687,2582,720,2621,41.610118621657534,28.091758142540698,0.906026557711951,0.0,1.0,0.0,0.0,0.0,0.0,0.0,0.0,0.0,0.0,0.0,0.0,0.0,0.0,0.0,0.0,0.0
952,Zircon,1.0,524,25.829779740470595,703.9885496183206,784.5935114503817,689,774,720,799,29.93429819804992,22.921247121574293,0.9509981851179673,0.0,1.0,0.0,0.0,0.0,0.0,0.0,0.0,0.0,0.0,0.0,0.0,0.0,0.0,0.0,0.0,0.0
953,Zircon,1.0,168,14.625465582862905,707.0952380952381,1233.6845238095239,700,1227,715,1241,15.587297011005067,14.093685709542928,0.9333333333333333,0.0,1.0,0.0,0.0,0.0,0.0,0.0,0.0,0.0,0.0,0.0,0.0,0.0,0.0,0.0,0.0,0.0
954,Ilmenite,0.7567567567567568,407,22.764193258431348,707.1965601965602,126.14742014742015,695,115,720,138,25.428339825186733,20.5664554677874,0.9292237442922374,0.0,0.0,0.24324324324324326,0.7567567567567568,0.0,0.0,0.0,0.0,0.0,0.0,0.0,0.0,0.0,0.0,0.0,0.0,0.0
955,Rutile,1.0,953,34.833852588144914,705.99055613851,1925.8677859391396,685,1906,734,1955,63.526077788197846,25.205825907311887,0.6782918149466192,0.0,0.0,1.0,0.0,0.0,0.0,0.0,0.0,0.0,0.0,0.0,0.0,0.0,0.0,0.0,0.0,0.0
956,Chromite,1.0,344,20.928315827817965,703.5087209302326,3238.3168604651164,691,3226,716,3249,26.056685838017067,18.351848261266166,0.8075117370892019,0.0,0.0,0.0,0.0,0.0,0.0,0.0,1.0,0.0,0.0,0.0,0.0,0.0,0.0,0.0,0.0,0.0
958,Rutile,1.0,1731,46.946540361740894,705.5678798382438,2030.0716348931253,676,2004,738,2064,55.42508590124761,46.65577491659713,0.7381663113006397,0.0,0.0,1.0,0.0,0.0,0.0,0.0,0.0,0.0,0.0,0.0,0.0,0.0,0.0,0.0,0.0,0.0
959,Zircon,1.0,598,27.59342761875783,707.0936454849499,616.8963210702341,687,604,726,630,39.29887034981751,20.10562909353723,0.8820058997050148,0.0,1.0,0.0,0.0,0.0,0.0,0.0,0.0,0.0,0.0,0.0,0.0,0.0,0.0,0.0,0.0,0.0
960,Zircon,1.0,1954,49.8789541832275,710.299385875128,576.7302968270214,688,550,733,605,58.05295738345879,43.615859418312624,0.940779971112181,0.0,1.0,0.0,0.0,0.0,0.0,0.0,0.0,0.0,0.0,0.0,0.0,0.0,0.0,0.0,0.0,0.0
961,Zircon,1.0,1010,35.86045091995518,706.649504950495,2171.629702970297,680,2154,729,2192,55.92742904370254,24.554704454999488,0.8945969884853853,0.0,1.0,0.0,0.0,0.0,0.0,0.0,0.0,0.0,0.0,0.0,0.0,0.0,0.0,0.0,0.0,0.0
962,Zircon,1.0,195,15.756957549709801,712.8615384615384,660.4666666666667,707,651,720,670,19.34285933700156,12.988003837697226,0.9375,0.0,1.0,0.0,0.0,0.0,0.0,0.0,0.0,0.0,0.0,0.0,0.0,0.0,0.0,0.0,0.0,0.0
963,Zircon,1.0,963,35.01613458935697,710.3468328141225,2123.663551401869,687,2112,736,2138,46.72268345804453,27.198828790225033,0.9450441609421001,0.0,1.0,0.0,0.0,0.0,0.0,0.0,0.0,0.0,0.0,0.0,0.0,0.0,0.0,0.0,0.0,0.0
964,Rutile,1.0,691,29.661566469288122,714.3270622286541,3265.5282199710564,701,3251,733,3280,30.916188522970202,29.402229155718096,0.8985695708712613,0.0,0.0,1.0,0.0,0.0,0.0,0.0,0.0,0.0,0.0,0.0,0.0,0.0,0.0,0.0,0.0,0.0
965,Zircon,1.0,959,34.943335894001606,717.0521376433785,2099.197080291971,694,2080,738,2113,40.36915016504008,32.823832768651044,0.9365234375,0.0,1.0,0.0,0.0,0.0,0.0,0.0,0.0,0.0,0.0,0.0,0.0,0.0,0.0,0.0,0.0,0.0
966,Rutile,1.0,686,29.554057719513263,713.0,1491.4314868804665,699,1472,727,1516,45.817819310623825,25.207694044920828,0.7057613168724279,0.0,0.0,1.0,0.0,0.0,0.0,0.0,0.0,0.0,0.0,0.0,0.0,0.0,0.0,0.0,0.0,0.0
967,Rutile,1.0,174,14.884343478431232,717.0229885057471,1672.7586206896551,706,1668,729,1680,22.113029579081058,10.729898182802552,0.8571428571428571,0.0,0.0,1.0,0.0,0.0,0.0,0.0,0.0,0.0,0.0,0.0,0.0,0.0,0.0,0.0,0.0,0.0
968,Rutile,1.0,649,28.745999104799274,718.5192604006163,150.77349768875192,703,136,733,168,30.36287515384998,27.6909979288561,0.9192634560906515,0.0,0.0,1.0,0.0,0.0,0.0,0.0,0.0,0.0,0.0,0.0,0.0,0.0,0.0,0.0,0.0,0.0
969,Rutile,1.0,156,14.093451279891855,718.3076923076923,1662.275641025641,710,1656,727,1669,15.69592281359667,14.4447622435793,0.7722772277227723,0.0,0.0,1.0,0.0,0.0,0.0,0.0,0.0,0.0,0.0,0.0,0.0,0.0,0.0,0.0,0.0,0.0
970,Zircon,1.0,913,34.09498063268556,719.2354874041621,1736.209200438116,706,1711,734,1763,49.440858991882315,26.036261295016136,0.8678707224334601,0.0,1.0,0.0,0.0,0.0,0.0,0.0,0.0,0.0,0.0,0.0,0.0,0.0,0.0,0.0,0.0,0.0
971,Quartz,1.0,123,12.514330345744634,717.6422764227642,1108.5284552845528,713,1100,723,1118,19.420292751738714,8.90482345150906,0.8092105263157895,0.0,0.0,0.0,0.0,0.0,0.0,1.0,0.0,0.0,0.0,0.0,0.0,0.0,0.0,0.0,0.0,0.0
973,Quartz,1.0,798,31.875463238965796,713.2418546365915,2990.1741854636593,695,2972,732,3011,44.59191040326175,24.511566054843275,0.8338557993730408,0.0,0.0,0.0,0.0,0.0,0.0,1.0,0.0,0.0,0.0,0.0,0.0,0.0,0.0,0.0,0.0,0.0
974,Zircon,1.0,182,15.222667215103916,726.7087912087912,2931.752747252747,714,2927,740,2938,28.240170254702935,8.447874969278482,0.896551724137931,0.0,1.0,0.0,0.0,0.0,0.0,0.0,0.0,0.0,0.0,0.0,0.0,0.0,0.0,0.0,0.0,0.0
975,Zircon,0.964765100671141,1192,38.95768906550174,719.5612416107383,3209.5536912751677,701,3185,740,3232,43.95377311316822,39.075387023113855,0.7883597883597884,0.0,0.964765100671141,0.0,0.0,0.0,0.0,0.0,0.0,0.0,0.0,0.0,0.0,0.03523489932885906,0.0,0.0,0.0,0.0
977,Quartz,1.0,2449,55.840519741997504,714.0473662719477,225.70886075949366,681,193,745,257,80.61083651142496,39.728718807345146,0.9107474897731499,0.0,0.0,0.0,0.0,0.0,0.0,1.0,0.0,0.0,0.0,0.0,0.0,0.0,0.0,0.0,0.0,0.0
978,Zircon,1.0,1699,46.510579296597044,725.0865214832254,1390.058858151854,702,1365,755,1423,52.19939381165967,44.340505789776465,0.8844351900052057,0.0,1.0,0.0,0.0,0.0,0.0,0.0,0.0,0.0,0.0,0.0,0.0,0.0,0.0,0.0,0.0,0.0
979,Monazite & Xenotime,1.0,1698,46.49688964823676,729.2420494699646,1963.0017667844522,704,1945,766,1989,65.97261721425807,35.24339392739619,0.887611082070047,1.0,0.0,0.0,0.0,0.0,0.0,0.0,0.0,0.0,0.0,0.0,0.0,0.0,0.0,0.0,0.0,0.0
980,Rutile,1.0,327,20.404639941160397,718.9296636085627,106.89908256880734,701,96,731,119,34.33671409781637,19.78852902264472,0.6646341463414634,0.0,0.0,1.0,0.0,0.0,0.0,0.0,0.0,0.0,0.0,0.0,0.0,0.0,0.0,0.0,0.0,0.0
981,Rutile,1.0,112,11.941642642883693,726.1875,2292.473214285714,719,2288,736,2299,16.252114418271802,9.366075419947062,0.8235294117647058,0.0,0.0,1.0,0.0,0.0,0.0,0.0,0.0,0.0,0.0,0.0,0.0,0.0,0.0,0.0,0.0,0.0
982,Rutile,1.0,1414,42.430657740076576,727.1711456859972,2431.5120226308345,702,2407,758,2454,56.67331406000409,34.40755004577055,0.8135788262370541,0.0,0.0,1.0,0.0,0.0,0.0,0.0,0.0,0.0,0.0,0.0,0.0,0.0,0.0,0.0,0.0,0.0
983,Rutile,1.0,400,22.56758334191025,721.45,2818.44,709,2805,734,2831,27.312871118337902,22.57763210066688,0.7736943907156673,0.0,0.0,1.0,0.0,0.0,0.0,0.0,0.0,0.0,0.0,0.0,0.0,0.0,0.0,0.0,0.0,0.0
984,Quartz,1.0,1524,44.05016533653861,724.0433070866142,1564.8064304461943,704,1538,749,1590,54.09320524596858,36.95189593282364,0.910394265232975,0.0,0.0,0.0,0.0,0.0,0.0,1.0,0.0,0.0,0.0,0.0,0.0,0.0,0.0,0.0,0.0,0.0
985,Rutile,1.0,130,12.865501965161373,726.2461538461539,2281.9,721,2274,734,2289,16.41318781823739,11.176938401628428,0.87248322147651,0.0,0.0,1.0,0.0,0.0,0.0,0.0,0.0,0.0,0.0,0.0,0.0,0.0,0.0,0.0,0.0,0.0
986,Zircon,1.0,1071,36.92749046999213,721.7152194211018,3103.68720821662,702,3084,744,3130,44.943116672853826,36.241824800438664,0.7986577181208053,0.0,1.0,0.0,0.0,0.0,0.0,0.0,0.0,0.0,0.0,0.0,0.0,0.0,0.0,0.0,0.0,0.0
987,Monazite & Xenotime,1.0,110,11.834540545406394,728.4272727272727,672.7272727272727,723,666,735,681,15.81726756574,9.111095613740147,0.9401709401709402,1.0,0.0,0.0,0.0,0.0,0.0,0.0,0.0,0.0,0.0,0.0,0.0,0.0,0.0,0.0,0.0,0.0
988,Zircon,1.0,1385,41.99329433919421,727.614440433213,1869.5906137184115,694,1847,753,1889,62.994681268784724,29.836703093570826,0.8861164427383237,0.0,1.0,0.0,0.0,0.0,0.0,0.0,0.0,0.0,0.0,0.0,0.0,0.0,0.0,0.0,0.0,0.0
989,Zircon,1.0,690,29.640095915284455,729.0,2152.804347826087,715,2136,744,2173,39.264276851736355,22.928490598872582,0.918774966711052,0.0,1.0,0.0,0.0,0.0,0.0,0.0,0.0,0.0,0.0,0.0,0.0,0.0,0.0,0.0,0.0,0.0
990,Zircon,1.0,791,31.735350634355903,731.7686472819216,2905.7838179519595,716,2891,750,2922,35.61465815848999,28.914444166715693,0.9305882352941176,0.0,1.0,0.0,0.0,0.0,0.0,0.0,0.0,0.0,0.0,0.0,0.0,0.0,0.0,0.0,0.0,0.0
991,Ilmenite,1.0,638,28.501347854812654,732.4623824451411,1036.473354231975,713,1024,753,1049,39.01694577182115,22.112310739227567,0.9114285714285715,0.0,0.0,0.0,1.0,0.0,0.0,0.0,0.0,0.0,0.0,0.0,0.0,0.0,0.0,0.0,0.0,0.0
992,Zircon,1.0,891,33.681692866586,728.6531986531986,3043.8462401795737,711,3023,747,3064,46.97983087148368,30.50245625611291,0.7487394957983193,0.0,1.0,0.0,0.0,0.0,0.0,0.0,0.0,0.0,0.0,0.0,0.0,0.0,0.0,0.0,0.0,0.0
993,Rutile,1.0,907,33.982764264767994,733.5722160970231,998.2105843439912,705,986,758,1015,52.00803291573603,24.407577952177018,0.8484565014031805,0.0,0.0,1.0,0.0,0.0,0.0,0.0,0.0,0.0,0.0,0.0,0.0,0.0,0.0,0.0,0.0,0.0
994,Quartz,1.0,540,26.221162334209897,722.8462962962963,2494.1796296296297,702,2480,737,2507,36.84309059360469,22.350155400589603,0.8626198083067093,0.0,0.0,0.0,0.0,0.0,0.0,1.0,0.0,0.0,0.0,0.0,0.0,0.0,0.0,0.0,0.0,0.0
995,Zircon,0.9633251833740831,2045,51.02719734595863,740.7276283618581,2694.355501222494,714,2667,767,2722,58.14231600595086,46.55813103659806,0.911319073083779,0.0,0.9633251833740831,0.0,0.0,0.0,0.0,0.0,0.0,0.0,0.0,0.0,0.0,0.0,0.0,0.0,0.0,0.03667481662591687
996,Monazite & Xenotime,1.0,104,11.507254783503184,735.9326923076923,3074.4423076923076,729,3068,744,3081,14.96523152974144,9.643289308798394,0.8125,1.0,0.0,0.0,0.0,0.0,0.0,0.0,0.0,0.0,0.0,0.0,0.0,0.0,0.0,0.0,0.0,0.0
997,Rutile,1.0,219,16.698486766680407,719.6529680365297,1647.9817351598174,709,1640,730,1656,19.22414846581135,16.09354411745761,0.8233082706766918,0.0,0.0,1.0,0.0,0.0,0.0,0.0,0.0,0.0,0.0,0.0,0.0,0.0,0.0,0.0,0.0,0.0
998,Quartz,1.0,1856,48.61206223797199,736.942349137931,1619.6901939655172,711,1596,763,1646,49.346785985431865,48.543038101758405,0.9252243270189432,0.0,0.0,0.0,0.0,0.0,0.0,1.0,0.0,0.0,0.0,0.0,0.0,0.0,0.0,0.0,0.0,0.0
999,Zircon,1.0,1232,39.60594802695323,728.9618506493506,2782.7353896103896,708,2762,749,2805,45.32963101118147,35.66715439946331,0.945510360706063,0.0,1.0,0.0,0.0,0.0,0.0,0.0,0.0,0.0,0.0,0.0,0.0,0.0,0.0,0.0,0.0,0.0
1000,Rutile,1.0,285,19.04923279949934,736.1754385964912,1157.5438596491229,727,1143,745,1171,26.364568005890128,15.393106231433821,0.811965811965812,0.0,0.0,1.0,0.0,0.0,0.0,0.0,0.0,0.0,0.0,0.0,0.0,0.0,0.0,0.0,0.0,0.0
1001,Quartz,1.0,507,25.40733061895184,746.0710059171597,2491.8382642998026,736,2477,759,2506,28.325692646447145,23.775331444925968,0.8973451327433628,0.0,0.0,0.0,0.0,0.0,0.0,1.0,0.0,0.0,0.0,0.0,0.0,0.0,0.0,0.0,0.0,0.0
1002,Zircon,1.0,171,14.755472278097805,739.3216374269006,2751.187134502924,734,2741,747,2762,22.56865357559437,10.64781803912642,0.8814432989690721,0.0,1.0,0.0,0.0,0.0,0.0,0.0,0.0,0.0,0.0,0.0,0.0,0.0,0.0,0.0,0.0,0.0
1003,Iron Oxides,1.0,133,13.013103375051497,740.578947368421,1828.7894736842106,734,1823,748,1837,16.427775398484652,10.730979342873603,0.910958904109589,0.0,0.0,0.0,0.0,1.0,0.0,0.0,0.0,0.0,0.0,0.0,0.0,0.0,0.0,0.0,0.0,0.0
1004,Rutile,1.0,265,18.36868202552426,745.9207547169812,3126.0830188679247,734,3117,757,3137,24.867675417355144,16.587766754928886,0.7817109144542773,0.0,0.0,1.0,0.0,0.0,0.0,0.0,0.0,0.0,0.0,0.0,0.0,0.0,0.0,0.0,0.0,0.0
1005,Illite,1.0,547,26.390567083147985,727.745886654479,3144.678244972578,706,3135,755,3154,49.05119037127765,15.966386385372376,0.775886524822695,0.0,0.0,0.0,0.0,0.0,0.0,0.0,0.0,0.0,0.0,0.0,0.0,1.0,0.0,0.0,0.0,0.0
1006,Illite,1.0,281,18.91508160359296,741.7580071174377,3158.76512455516,729,3152,757,3167,27.540636150035823,14.835028466826708,0.8168604651162791,0.0,0.0,0.0,0.0,0.0,0.0,0.0,0.0,0.0,0.0,0.0,0.0,1.0,0.0,0.0,0.0,0.0
1007,Quartz,1.0,341,20.83685880248485,752.4017595307918,1266.6451612903227,739,1259,766,1277,28.200300427217705,16.138854719889693,0.89501312335958,0.0,0.0,0.0,0.0,0.0,0.0,1.0,0.0,0.0,0.0,0.0,0.0,0.0,0.0,0.0,0.0,0.0
1008,Orthoclase,1.0,123,12.514330345744634,738.170731707317,1270.7235772357724,733,1262,746,1280,18.523929653191406,11.070555643565855,0.7365269461077845,0.0,0.0,0.0,0.0,0.0,0.0,0.0,0.0,1.0,0.0,0.0,0.0,0.0,0.0,0.0,0.0,0.0
1009,Illite,1.0,120,12.360774464742066,742.675,3175.616666666667,735,3169,750,3184,15.53176126801538,11.985683715816945,0.7453416149068323,0.0,0.0,0.0,0.0,0.0,0.0,0.0,0.0,0.0,0.0,0.0,0.0,1.0,0.0,0.0,0.0,0.0
1010,Rutile,1.0,407,22.764193258431348,741.948402948403,289.009828009828,725,274,756,302,30.28845790122087,19.18614536536189,0.7579143389199255,0.0,0.0,1.0,0.0,0.0,0.0,0.0,0.0,0.0,0.0,0.0,0.0,0.0,0.0,0.0,0.0,0.0
1012,Zircon,1.0,922,34.262616074167774,742.7505422993493,2371.4631236442515,724,2353,762,2390,36.42490172063964,32.82942175255484,0.9092702169625246,0.0,1.0,0.0,0.0,0.0,0.0,0.0,0.0,0.0,0.0,0.0,0.0,0.0,0.0,0.0,0.0,0.0
1013,Rutile,1.0,219,16.698486766680407,741.3287671232877,1676.7214611872146,727,1670,754,1686,30.4042293469674,15.32688685332726,0.6366279069767442,0.0,0.0,1.0,0.0,0.0,0.0,0.0,0.0,0.0,0.0,0.0,0.0,0.0,0.0,0.0,0.0,0.0
1014,Ilmenite,1.0,102,11.396070970426017,743.0686274509804,1681.1470588235295,738,1676,751,1689,13.505112025828952,12.0429942302991,0.7445255474452555,0.0,0.0,0.0,1.0,0.0,0.0,0.0,0.0,0.0,0.0,0.0,0.0,0.0,0.0,0.0,0.0,0.0
1015,Rutile,1.0,125,12.6156626101008,742.248,2527.84,733,2524,752,2533,19.95714622121239,8.88316670479329,0.8620689655172413,0.0,0.0,1.0,0.0,0.0,0.0,0.0,0.0,0.0,0.0,0.0,0.0,0.0,0.0,0.0,0.0,0.0
1016,Zircon,1.0,520,25.731003930322746,738.9807692307693,2549.2653846153844,728,2534,753,2573,36.33922253374644,20.318740155355194,0.8125,0.0,1.0,0.0,0.0,0.0,0.0,0.0,0.0,0.0,0.0,0.0,0.0,0.0,0.0,0.0,0.0,0.0
1017,Zircon,1.0,1152,38.298458918537534,745.5217013888889,3247.9704861111113,734,3217,757,3280,64.95319692671694,23.44034183985688,0.897196261682243,0.0,1.0,0.0,0.0,0.0,0.0,0.0,0.0,0.0,0.0,0.0,0.0,0.0,0.0,0.0,0.0,0.0
1019,Zircon,1.0,904,33.92651689225682,748.9148230088496,2335.815265486726,729,2320,773,2355,40.58509748459508,30.833440047110205,0.8195829555757026,0.0,1.0,0.0,0.0,0.0,0.0,0.0,0.0,0.0,0.0,0.0,0.0,0.0,0.0,0.0,0.0,0.0
1020,Rutile,1.0,911,34.05761625912379,747.4917672886937,822.3018660812294,724,806,767,847,45.80000567436322,34.32427986993602,0.744281045751634,0.0,0.0,1.0,0.0,0.0,0.0,0.0,0.0,0.0,0.0,0.0,0.0,0.0,0.0,0.0,0.0,0.0
1021,Ilmenite,1.0,572,26.986904594423443,745.222027972028,1426.3618881118882,728,1411,765,1438,33.92862624177015,23.992550764984696,0.8265895953757225,0.0,0.0,0.0,1.0,0.0,0.0,0.0,0.0,0.0,0.0,0.0,0.0,0.0,0.0,0.0,0.0,0.0
1022,Zircon,1.0,3588,67.58981792037736,752.2433110367894,2612.1758639910813,713,2576,789,2647,81.37076001719765,56.961188371720795,0.9437138348237769,0.0,1.0,0.0,0.0,0.0,0.0,0.0,0.0,0.0,0.0,0.0,0.0,0.0,0.0,0.0,0.0,0.0
1023,Rutile,1.0,197,15.837556323903858,750.4416243654822,1152.253807106599,744,1142,759,1162,18.84007629345499,14.316467333864706,0.8528138528138528,0.0,0.0,1.0,0.0,0.0,0.0,0.0,0.0,0.0,0.0,0.0,0.0,0.0,0.0,0.0,0.0,0.0
1024,Zircon,1.0,490,24.977737626138797,753.3244897959183,2558.851020408163,744,2539,762,2578,39.24519874333175,17.15936906207422,0.8566433566433567,0.0,1.0,0.0,0.0,0.0,0.0,0.0,0.0,0.0,0.0,0.0,0.0,0.0,0.0,0.0,0.0,0.0
1025,Zircon,1.0,1215,39.33174350131485,757.2765432098765,2792.238683127572,733,2767,780,2812,45.72646305091685,38.1155149692761,0.8684774839170837,0.0,1.0,0.0,0.0,0.0,0.0,0.0,0.0,0.0,0.0,0.0,0.0,0.0,0.0,0.0,0.0,0.0
1027,Rutile,1.0,238,17.407785949022028,751.1512605042017,2873.327731092437,741,2864,763,2888,26.478593958087405,14.634808325288757,0.6704225352112676,0.0,0.0,1.0,0.0,0.0,0.0,0.0,0.0,0.0,0.0,0.0,0.0,0.0,0.0,0.0,0.0,0.0
1028,Zircon,1.0,1013,35.91366952591617,751.4017769002961,146.25962487660414,734,128,771,167,37.91861334952062,34.897031059921986,0.9134355275022543,0.0,1.0,0.0,0.0,0.0,0.0,0.0,0.0,0.0,0.0,0.0,0.0,0.0,0.0,0.0,0.0,0.0
1029,Zircon,1.0,199,15.91774699517169,754.5276381909548,2965.9396984924624,746,2958,765,2973,18.705517462128118,14.605122256283881,0.8614718614718615,0.0,1.0,0.0,0.0,0.0,0.0,0.0,0.0,0.0,0.0,0.0,0.0,0.0,0.0,0.0,0.0,0.0
1030,Zircon,0.8976572133168927,811,32.13405157741889,745.1048088779285,2844.3723797780517,727,2831,767,2865,43.4062721698401,28.61197960742504,0.7658168083097262,0.10234278668310727,0.8976572133168927,0.0,0.0,0.0,0.0,0.0,0.0,0.0,0.0,0.0,0.0,0.0,0.0,0.0,0.0,0.0
1031,Zircon,1.0,3735,68.96049375973053,754.1062918340027,1755.590093708166,731,1711,780,1807,98.80926880495414,49.923122524068056,0.9300298804780877,0.0,1.0,0.0,0.0,0.0,0.0,0.0,0.0,0.0,0.0,0.0,0.0,0.0,0.0,0.0,0.0,0.0
1032,Zircon,1.0,435,23.534213434057992,753.6942528735632,2731.1264367816093,739,2720,768,2742,27.550173624788993,21.29312968408172,0.8717434869739479,0.0,1.0,0.0,0.0,0.0,0.0,0.0,0.0,0.0,0.0,0.0,0.0,0.0,0.0,0.0,0.0,0.0
1033,Quartz,1.0,220,16.73656774376801,755.7954545454545,623.0727272727273,749,613,766,638,24.216973109559774,13.816412513137156,0.7692307692307693,0.0,0.0,0.0,0.0,0.0,0.0,1.0,0.0,0.0,0.0,0.0,0.0,0.0,0.0,0.0,0.0,0.0
1034,Zircon,1.0,851,32.91696906717907,757.0011750881316,2465.1069330199766,740,2446,776,2487,41.956614331831766,28.10330251394087,0.80893536121673,0.0,1.0,0.0,0.0,0.0,0.0,0.0,0.0,0.0,0.0,0.0,0.0,0.0,0.0,0.0,0.0,0.0
1035,Illite,1.0,685,29.53250900522315,765.4934306569343,884.3182481751825,746,864,789,901,49.258962975058026,25.0698980664685,0.6989795918367347,0.0,0.0,0.0,0.0,0.0,0.0,0.0,0.0,0.0,0.0,0.0,0.0,1.0,0.0,0.0,0.0,0.0
1036,Zircon,1.0,537,26.148224328293928,756.584729981378,918.7374301675977,746,903,769,936,33.567174461139864,20.796541035766104,0.9195205479452054,0.0,1.0,0.0,0.0,0.0,0.0,0.0,0.0,0.0,0.0,0.0,0.0,0.0,0.0,0.0,0.0,0.0
1037,Rutile,1.0,4043,71.74752594594648,758.0173138758348,1478.3586445708631,726,1438,796,1518,78.82578399342357,66.49585222875535,0.9452887537993921,0.0,0.0,1.0,0.0,0.0,0.0,0.0,0.0,0.0,0.0,0.0,0.0,0.0,0.0,0.0,0.0,0.0
1038,Illite,1.0,567,26.86869594648831,759.2945326278659,2080.8553791887125,737,2069,780,2092,37.92254346236456,21.38129618724134,0.7997179125528914,0.0,0.0,0.0,0.0,0.0,0.0,0.0,0.0,0.0,0.0,0.0,0.0,1.0,0.0,0.0,0.0,0.0
1039,Illite,1.0,1123,37.813331098140345,763.3125556544969,2054.053428317008,738,2031,788,2079,53.42037136800914,31.161655629162066,0.7958894401133948,0.0,0.0,0.0,0.0,0.0,0.0,0.0,0.0,0.0,0.0,0.0,0.0,1.0,0.0,0.0,0.0,0.0
1040,Zircon,1.0,1909,49.301260540674065,758.2561550550026,1914.2718700890518,740,1879,781,1948,68.46234390878831,36.29561552360357,0.9357843137254902,0.0,1.0,0.0,0.0,0.0,0.0,0.0,0.0,0.0,0.0,0.0,0.0,0.0,0.0,0.0,0.0,0.0
1041,Monazite & Xenotime,1.0,335,20.65272978291924,762.6208955223881,2400.507462686567,754,2385,774,2414,29.43947937555429,17.96900933458915,0.7545045045045045,1.0,0.0,0.0,0.0,0.0,0.0,0.0,0.0,0.0,0.0,0.0,0.0,0.0,0.0,0.0,0.0,0.0
1043,Rutile,1.0,376,21.880083839428522,759.1223404255319,3083.7074468085107,745,3071,771,3099,26.813203069366985,20.85503848162111,0.7445544554455445,0.0,0.0,1.0,0.0,0.0,0.0,0.0,0.0,0.0,0.0,0.0,0.0,0.0,0.0,0.0,0.0,0.0
1045,Zircon,1.0,1076,37.013588722725,765.6171003717473,306.92379182156134,747,281,783,331,45.34247468625093,31.319917903282747,0.9236051502145923,0.0,1.0,0.0,0.0,0.0,0.0,0.0,0.0,0.0,0.0,0.0,0.0,0.0,0.0,0.0,0.0,0.0
1046,Rutile,1.0,438,23.615226456547084,766.6027397260274,945.3127853881278,755,933,783,960,26.9564762742414,22.42384347838522,0.8264150943396227,0.0,0.0,1.0,0.0,0.0,0.0,0.0,0.0,0.0,0.0,0.0,0.0,0.0,0.0,0.0,0.0,0.0
1047,Zircon,1.0,542,26.26967516446403,765.8634686346863,1293.9575645756458,749,1281,782,1311,32.55145410187318,23.100017877502268,0.8562401263823065,0.0,1.0,0.0,0.0,0.0,0.0,0.0,0.0,0.0,0.0,0.0,0.0,0.0,0.0,0.0,0.0,0.0
1048,Zircon,1.0,2259,53.63066409766648,762.1589198760513,2995.7211155378486,730,2971,791,3026,59.11478291494163,50.9025337566461,0.9327002477291495,0.0,1.0,0.0,0.0,0.0,0.0,0.0,0.0,0.0,0.0,0.0,0.0,0.0,0.0,0.0,0.0,0.0
1049,Zircon,1.0,2827,59.99540143182897,758.9182879377432,82.17120622568093,724,49,805,117,73.4362589228438,52.74120312337766,0.9000318369945877,0.0,1.0,0.0,0.0,0.0,0.0,0.0,0.0,0.0,0.0,0.0,0.0,0.0,0.0,0.0,0.0,0.0
1050,Ilmenite,1.0,252,17.91246396432554,771.1706349206349,2899.1071428571427,760,2890,781,2914,25.71731524463095,15.954359632779738,0.7522388059701492,0.0,0.0,0.0,1.0,0.0,0.0,0.0,0.0,0.0,0.0,0.0,0.0,0.0,0.0,0.0,0.0,0.0
1051,Zircon,1.0,151,13.86575534383214,769.5695364238411,1177.76821192053,764,1170,776,1192,21.08016943178981,10.648542953550027,0.8531073446327684,0.0,1.0,0.0,0.0,0.0,0.0,0.0,0.0,0.0,0.0,0.0,0.0,0.0,0.0,0.0,0.0,0.0
1052,Rutile,1.0,366,21.587164551489145,770.0655737704918,1682.0765027322404,758,1671,782,1693,23.52461080082856,21.547854340783843,0.8531468531468531,0.0,0.0,1.0,0.0,0.0,0.0,0.0,0.0,0.0,0.0,0.0,0.0,0.0,0.0,0.0,0.0,0.0
1053,Zircon,1.0,1187,38.875896640471694,770.3866891322663,2208.9115417017692,751,2190,791,2229,39.96730377212822,38.28174616223644,0.9331761006289309,0.0,1.0,0.0,0.0,0.0,0.0,0.0,0.0,0.0,0.0,0.0,0.0,0.0,0.0,0.0,0.0,0.0
1054,Rutile,0.9536231884057971,345,20.958712816717327,766.7246376811594,3125.5797101449275,757,3113,780,3137,24.55154376203043,20.27233875616862,0.8603491271820449,0.0,0.0,0.9536231884057971,0.0,0.0,0.0,0.0463768115942029,0.0,0.0,0.0,0.0,0.0,0.0,0.0,0.0,0.0,0.0
1055,Zircon,1.0,336,20.683531783305643,766.9434523809524,3143.6398809523807,754,3137,782,3154,27.70980010289192,16.184733744355665,0.9032258064516129,0.0,1.0,0.0,0.0,0.0,0.0,0.0,0.0,0.0,0.0,0.0,0.0,0.0,0.0,0.0,0.0,0.0
1056,Zircon,1.0,334,20.62188177498708,774.497005988024,1366.185628742515,763,1352,788,1376,26.10082356593584,19.919396668089803,0.8477157360406091,0.0,1.0,0.0,0.0,0.0,0.0,0.0,0.0,0.0,0.0,0.0,0.0,0.0,0.0,0.0,0.0,0.0
1057,Zircon,1.0,211,16.39065416446578,764.696682464455,2506.872037914692,754,2499,773,2518,19.113879729272114,15.77617424601572,0.844,0.0,1.0,0.0,0.0,0.0,0.0,0.0,0.0,0.0,0.0,0.0,0.0,0.0,0.0,0.0,0.0,0.0
1058,Quartz,1.0,584,27.26851470332286,770.2345890410959,2441.900684931507,755,2428,784,2461,37.28545725146934,21.510498716017516,0.9054263565891473,0.0,0.0,0.0,0.0,0.0,0.0,1.0,0.0,0.0,0.0,0.0,0.0,0.0,0.0,0.0,0.0,0.0
1059,Ilmenite,1.0,736,30.612159429303247,773.6671195652174,2120.350543478261,760,2096,794,2143,43.49774043023405,26.41991452419693,0.7804878048780488,0.0,0.0,0.0,1.0,0.0,0.0,0.0,0.0,0.0,0.0,0.0,0.0,0.0,0.0,0.0,0.0,0.0
1060,Zircon,1.0,424,23.23474912642073,785.7830188679245,2514.9150943396226,772,2502,803,2527,35.65963026264577,16.03220405833857,0.8706365503080082,0.0,1.0,0.0,0.0,0.0,0.0,0.0,0.0,0.0,0.0,0.0,0.0,0.0,0.0,0.0,0.0,0.0
1061,Rutile,1.0,291,19.248706645328987,778.8659793814433,165.95876288659792,766,154,790,178,26.425311171277162,17.21663126376561,0.75,0.0,0.0,1.0,0.0,0.0,0.0,0.0,0.0,0.0,0.0,0.0,0.0,0.0,0.0,0.0,0.0,0.0
1062,Ilmenite,1.0,160,14.27299292922217,777.0,1654.7,770,1645,785,1667,20.929845989610634,10.89502394908702,0.8040201005025126,0.0,0.0,0.0,1.0,0.0,0.0,0.0,0.0,0.0,0.0,0.0,0.0,0.0,0.0,0.0,0.0,0.0
1063,Illite,1.0,489,24.952237121658943,774.922290388548,855.2024539877301,759,841,791,870,26.48566411017056,25.521443656166976,0.8288135593220339,0.0,0.0,0.0,0.0,0.0,0.0,0.0,0.0,0.0,0.0,0.0,0.0,1.0,0.0,0.0,0.0,0.0
1064,Zircon,1.0,545,26.34227689249097,772.994495412844,3216.051376146789,761,3199,785,3235,35.94684995289996,20.94487248801068,0.8397534668721109,0.0,1.0,0.0,0.0,0.0,0.0,0.0,0.0,0.0,0.0,0.0,0.0,0.0,0.0,0.0,0.0,0.0
1065,Zircon,1.0,337,20.71428798138497,779.4985163204748,3270.106824925816,768,3260,794,3280,28.179691231219103,15.725807351951808,0.9361111111111111,0.0,1.0,0.0,0.0,0.0,0.0,0.0,0.0,0.0,0.0,0.0,0.0,0.0,0.0,0.0,0.0,0.0
1066,Zircon,1.0,741,30.71596494738128,768.0944669365722,2939.10661268556,754,2919,782,2959,38.65953721905636,25.534888241310906,0.894927536231884,0.0,1.0,0.0,0.0,0.0,0.0,0.0,0.0,0.0,0.0,0.0,0.0,0.0,0.0,0.0,0.0,0.0
1067,Rutile,1.0,394,22.397686948112614,774.7969543147208,1576.9238578680204,756,1566,793,1587,38.7134913316296,14.162418572696449,0.8024439918533605,0.0,0.0,1.0,0.0,0.0,0.0,0.0,0.0,0.0,0.0,0.0,0.0,0.0,0.0,0.0,0.0,0.0
1068,Zircon,1.0,920,34.225434710991614,777.6445652173913,1873.7184782608695,759,1857,795,1895,38.8652535911173,30.93405393393737,0.9292929292929293,0.0,1.0,0.0,0.0,0.0,0.0,0.0,0.0,0.0,0.0,0.0,0.0,0.0,0.0,0.0,0.0,0.0
1069,Rutile,1.0,536,26.123866405607867,781.9570895522388,1698.7369402985075,768,1681,797,1715,33.32929722018028,23.33705839057343,0.7549295774647887,0.0,0.0,1.0,0.0,0.0,0.0,0.0,0.0,0.0,0.0,0.0,0.0,0.0,0.0,0.0,0.0,0.0
1070,Zircon,1.0,234,17.26088217525478,778.5555555555555,2768.517094017094,768,2759,794,2777,25.269800419387465,14.055392877201601,0.7697368421052632,0.0,1.0,0.0,0.0,0.0,0.0,0.0,0.0,0.0,0.0,0.0,0.0,0.0,0.0,0.0,0.0,0.0
1071,Zircon,1.0,760,31.10726690017501,780.2605263157894,2859.5855263157896,762,2844,801,2882,41.01148595949313,26.086742953049022,0.8587570621468926,0.0,1.0,0.0,0.0,0.0,0.0,0.0,0.0,0.0,0.0,0.0,0.0,0.0,0.0,0.0,0.0,0.0
1072,Ilmenite,1.0,653,28.834448541840736,780.5068912710567,1989.240428790199,764,1974,799,2005,30.87434598446741,28.052441183746343,0.9031811894882434,0.0,0.0,0.0,1.0,0.0,0.0,0.0,0.0,0.0,0.0,0.0,0.0,0.0,0.0,0.0,0.0,0.0
1073,Zircon,1.0,1026,36.14337799512211,796.7962962962963,2930.4493177387913,779,2915,821,2950,45.50203708598321,30.751375955300265,0.9079646017699115,0.0,1.0,0.0,0.0,0.0,0.0,0.0,0.0,0.0,0.0,0.0,0.0,0.0,0.0,0.0,0.0,0.0
1074,Zircon,1.0,814,32.19343084255579,780.7616707616708,3174.3255528255527,768,3153,794,3196,44.097483736747435,24.012926277558837,0.928164196123147,0.0,1.0,0.0,0.0,0.0,0.0,0.0,0.0,0.0,0.0,0.0,0.0,0.0,0.0,0.0,0.0,0.0
1075,Zircon,0.9753550543024228,2394,55.20992184468277,794.8943191311612,124.37635756056808,759,101,832,149,70.64975072782785,44.3925560771806,0.9484944532488114,0.0,0.9753550543024228,0.0,0.0,0.0,0.0,0.0,0.0,0.0,0.0,0.0,0.0,0.0,0.0,0.0,0.0,0.024644945697577275
1076,Quartz,0.9969325153374233,652,28.812361638146328,784.3849693251534,3060.424846625767,770,3045,802,3081,38.40078430718763,22.942400851686273,0.8670212765957447,0.0,0.003067484662576687,0.0,0.0,0.0,0.0,0.9969325153374233,0.0,0.0,0.0,0.0,0.0,0.0,0.0,0.0,0.0,0.0
1077,Zircon,1.0,250,17.841241161527712,780.704,328.072,772,317,788,340,22.245066366772345,14.95567525516296,0.9057971014492754,0.0,1.0,0.0,0.0,0.0,0.0,0.0,0.0,0.0,0.0,0.0,0.0,0.0,0.0,0.0,0.0,0.0
1078,Zircon,1.0,1710,46.66090035026251,784.6122807017543,426.6970760233918,753,407,818,448,66.03257090319464,33.598930655324246,0.9238249594813615,0.0,1.0,0.0,0.0,0.0,0.0,0.0,0.0,0.0,0.0,0.0,0.0,0.0,0.0,0.0,0.0,0.0
1079,Zircon,1.0,1021,36.05520177692258,784.5994123408423,1108.6444662095985,765,1091,805,1130,40.14309877525323,34.13386677162097,0.8878260869565218,0.0,1.0,0.0,0.0,0.0,0.0,0.0,0.0,0.0,0.0,0.0,0.0,0.0,0.0,0.0,0.0,0.0
1080,Rutile,1.0,1348,41.42857596276994,769.0445103857567,2300.31528189911,728,2285,801,2317,75.17782565676973,26.808508477481436,0.747642817526345,0.0,0.0,1.0,0.0,0.0,0.0,0.0,0.0,0.0,0.0,0.0,0.0,0.0,0.0,0.0,0.0,0.0
1081,Quartz,0.7876712328767124,146,13.63425735166143,784.417808219178,535.6027397260274,778,529,793,544,14.265367901530032,13.759294822146,0.8390804597701149,0.0,0.0,0.21232876712328766,0.0,0.0,0.0,0.7876712328767124,0.0,0.0,0.0,0.0,0.0,0.0,0.0,0.0,0.0,0.0
1082,Rutile,1.0,113,11.994835078277376,777.4601769911504,1527.8053097345132,771,1520,785,1534,15.41888480321315,10.073954325921013,0.8692307692307693,0.0,0.0,1.0,0.0,0.0,0.0,0.0,0.0,0.0,0.0,0.0,0.0,0.0,0.0,0.0,0.0,0.0
1083,Rutile,0.6241610738255033,149,13.773623058786647,788.255033557047,1523.3691275167785,784,1511,795,1534,24.40039895830837,9.306332711914457,0.7376237623762376,0.0,0.0,0.6241610738255033,0.37583892617449666,0.0,0.0,0.0,0.0,0.0,0.0,0.0,0.0,0.0,0.0,0.0,0.0,0.0
1084,Ilmenite,1.0,195,15.756957549709801,784.4,2097.0358974358974,777,2088,793,2105,17.10418611111724,15.313628737266214,0.9198113207547169,0.0,0.0,0.0,1.0,0.0,0.0,0.0,0.0,0.0,0.0,0.0,0.0,0.0,0.0,0.0,0.0,0.0
1085,Zircon,0.9429778247096093,947,34.72402408800281,782.9503695881732,195.80042238648363,764,178,803,213,42.35876512515433,28.6545572263036,0.9422885572139303,0.0,0.9429778247096093,0.0,0.0,0.0,0.0,0.0,0.0,0.0,0.0,0.0,0.0,0.0,0.0,0.0,0.0,0.057022175290390706
1086,Zircon,1.0,963,35.01613458935697,785.0633437175493,1250.6708203530634,766,1232,802,1271,37.21437664148126,34.06463242054026,0.9469026548672567,0.0,1.0,0.0,0.0,0.0,0.0,0.0,0.0,0.0,0.0,0.0,0.0,0.0,0.0,0.0,0.0,0.0
1087,Zircon,1.0,210,16.351767622932517,783.6571428571428,1954.7238095238095,775,1946,793,1962,19.022429778078955,14.480138865835597,0.9130434782608695,0.0,1.0,0.0,0.0,0.0,0.0,0.0,0.0,0.0,0.0,0.0,0.0,0.0,0.0,0.0,0.0,0.0
1088,Zircon,1.0,685,29.53250900522315,783.5211678832117,603.6437956204379,766,588,799,621,38.29296843402466,23.938538594668497,0.8942558746736292,0.0,1.0,0.0,0.0,0.0,0.0,0.0,0.0,0.0,0.0,0.0,0.0,0.0,0.0,0.0,0.0,0.0
1089,Rutile,1.0,579,27.151532118863187,786.8860103626943,2345.5906735751296,773,2328,807,2364,34.635293133385545,29.430431333212272,0.7432605905006419,0.0,0.0,1.0,0.0,0.0,0.0,0.0,0.0,0.0,0.0,0.0,0.0,0.0,0.0,0.0,0.0,0.0
1090,Ilmenite,1.0,785,31.614759885488656,787.740127388535,2557.663694267516,775,2534,802,2585,49.44771403901306,23.02328446938532,0.8109504132231405,0.0,0.0,0.0,1.0,0.0,0.0,0.0,0.0,0.0,0.0,0.0,0.0,0.0,0.0,0.0,0.0,0.0
1091,Rutile,1.0,124,12.565098628628435,785.9354838709677,1136.491935483871,779,1129,793,1144,16.208562271645214,9.957427131541351,0.9185185185185185,0.0,0.0,1.0,0.0,0.0,0.0,0.0,0.0,0.0,0.0,0.0,0.0,0.0,0.0,0.0,0.0,0.0
1092,Zircon,1.0,322,20.248040236149336,786.0434782608696,1345.6055900621118,776,1334,796,1357,23.930496065729475,17.80131172911775,0.9070422535211268,0.0,1.0,0.0,0.0,0.0,0.0,0.0,0.0,0.0,0.0,0.0,0.0,0.0,0.0,0.0,0.0,0.0
1093,Zircon,1.0,506,25.38226171238474,802.5652173913044,331.49209486166006,787,314,822,347,46.20754813807275,15.133756851107238,0.8447412353923205,0.0,1.0,0.0,0.0,0.0,0.0,0.0,0.0,0.0,0.0,0.0,0.0,0.0,0.0,0.0,0.0,0.0
1095,Illite,1.0,192,15.635280380893438,784.078125,874.3229166666666,778,863,790,887,23.72554417964618,10.805052568985774,0.8888888888888888,0.0,0.0,0.0,0.0,0.0,0.0,0.0,0.0,0.0,0.0,0.0,0.0,1.0,0.0,0.0,0.0,0.0
1096,Zircon,1.0,2256,53.595040935916145,781.1653368794326,1812.96054964539,753,1784,810,1845,72.63166652822669,40.782175367483596,0.9215686274509803,0.0,1.0,0.0,0.0,0.0,0.0,0.0,0.0,0.0,0.0,0.0,0.0,0.0,0.0,0.0,0.0,0.0
1097,Zircon,1.0,1776,47.55284882580274,784.0878378378378,363.76914414414415,755,334,814,390,71.4790586748391,32.89681511636528,0.9183040330920372,0.0,1.0,0.0,0.0,0.0,0.0,0.0,0.0,0.0,0.0,0.0,0.0,0.0,0.0,0.0,0.0,0.0
1098,Illite,1.0,219,16.698486766680407,795.283105022831,869.5205479452055,789,859,803,881,23.005774682342974,13.397419998404704,0.8295454545454546,0.0,0.0,0.0,0.0,0.0,0.0,0.0,0.0,0.0,0.0,0.0,0.0,1.0,0.0,0.0,0.0,0.0
1099,Zircon,1.0,1799,47.85977372469032,789.6675931072818,1613.2229016120066,757,1589,826,1636,70.95486891852377,35.67947472993465,0.8636581853096496,0.0,1.0,0.0,0.0,0.0,0.0,0.0,0.0,0.0,0.0,0.0,0.0,0.0,0.0,0.0,0.0,0.0
1100,Zircon,1.0,762,31.14817062185505,792.3333333333334,2832.3569553805773,775,2817,811,2846,36.120062480637955,27.436344158326815,0.9292682926829269,0.0,1.0,0.0,0.0,0.0,0.0,0.0,0.0,0.0,0.0,0.0,0.0,0.0,0.0,0.0,0.0,0.0
1101,Zircon,1.0,1014,35.93139154501889,792.189349112426,273.26331360946745,773,254,811,292,38.29679290525479,34.14916917768356,0.9584120982986768,0.0,1.0,0.0,0.0,0.0,0.0,0.0,0.0,0.0,0.0,0.0,0.0,0.0,0.0,0.0,0.0,0.0
1103,Ilmenite,1.0,286,19.08262324195121,794.6783216783217,2809.762237762238,786,2800,808,2819,21.836628980693227,17.845885672730812,0.8588588588588588,0.0,0.0,0.0,1.0,0.0,0.0,0.0,0.0,0.0,0.0,0.0,0.0,0.0,0.0,0.0,0.0,0.0
1104,Rutile,1.0,403,22.65205369339104,794.3995037220843,2893.9205955334987,786,2880,808,2910,26.79274665180944,21.59979782590796,0.8629550321199143,0.0,0.0,1.0,0.0,0.0,0.0,0.0,0.0,0.0,0.0,0.0,0.0,0.0,0.0,0.0,0.0,0.0
1105,Rutile,1.0,608,27.823185353208192,799.1792763157895,1441.2565789473683,780,1431,819,1455,37.09447096502324,21.611060198999276,0.8824383164005806,0.0,0.0,1.0,0.0,0.0,0.0,0.0,0.0,0.0,0.0,0.0,0.0,0.0,0.0,0.0,0.0,0.0
1106,Ilmenite,1.0,546,26.366433043273013,793.5347985347985,2047.0879120879122,779,2031,805,2062,29.197792035508776,24.96924357678449,0.8820678513731826,0.0,0.0,0.0,1.0,0.0,0.0,0.0,0.0,0.0,0.0,0.0,0.0,0.0,0.0,0.0,0.0,0.0
1107,Zircon,1.0,358,21.349935761383176,798.7905027932961,2405.122905027933,791,2391,808,2418,27.88901476313736,17.026655121488677,0.9470899470899471,0.0,1.0,0.0,0.0,0.0,0.0,0.0,0.0,0.0,0.0,0.0,0.0,0.0,0.0,0.0,0.0,0.0
1108,Illite,1.0,655,28.878571671769564,798.7832061068702,834.3251908396946,783,814,821,852,42.88398254660436,27.816372813588803,0.6724845995893224,0.0,0.0,0.0,0.0,0.0,0.0,0.0,0.0,0.0,0.0,0.0,0.0,1.0,0.0,0.0,0.0,0.0
1109,Rutile,0.9944707740916272,1266,40.14873925336531,797.7930489731438,3106.042654028436,777,3085,822,3133,51.78067904049011,34.26104815173568,0.8671232876712329,0.0,0.0,0.9944707740916272,0.0,0.0,0.0,0.005529225908372828,0.0,0.0,0.0,0.0,0.0,0.0,0.0,0.0,0.0,0.0
1110,Zircon,1.0,1191,38.94134432424719,807.4206549118388,2188.1939546599497,784,2173,840,2207,52.638741016823964,31.323723989221424,0.8014804845222072,0.0,1.0,0.0,0.0,0.0,0.0,0.0,0.0,0.0,0.0,0.0,0.0,0.0,0.0,0.0,0.0,0.0
1112,Zircon,1.0,426,23.28948359361322,802.462441314554,74.54225352112677,788,67,818,86,30.990446326067172,18.382254961126165,0.9530201342281879,0.0,1.0,0.0,0.0,0.0,0.0,0.0,0.0,0.0,0.0,0.0,0.0,0.0,0.0,0.0,0.0,0.0
1113,Quartz,1.0,1206,39.1857996084118,800.002487562189,993.7827529021558,781,972,822,1018,45.02342172960745,35.47559276641386,0.8880706921944035,0.0,0.0,0.0,0.0,0.0,0.0,1.0,0.0,0.0,0.0,0.0,0.0,0.0,0.0,0.0,0.0,0.0
1115,Zircon,1.0,706,29.98177977677484,800.8342776203966,3219.2507082152974,784,3206,820,3232,37.20180906636882,25.154640592187004,0.9133247089262613,0.0,1.0,0.0,0.0,0.0,0.0,0.0,0.0,0.0,0.0,0.0,0.0,0.0,0.0,0.0,0.0,0.0
1116,Zircon,1.0,614,27.96013377055607,803.2459283387623,56.67589576547231,787,47,820,68,34.693205474583586,23.598988498460354,0.9374045801526718,0.0,1.0,0.0,0.0,0.0,0.0,0.0,0.0,0.0,0.0,0.0,0.0,0.0,0.0,0.0,0.0,0.0
1118,Ilmenite,1.0,425,23.26213245840639,803.3082352941176,1732.6070588235293,787,1719,823,1743,35.431617479108525,18.053463424995787,0.8034026465028355,0.0,0.0,0.0,1.0,0.0,0.0,0.0,0.0,0.0,0.0,0.0,0.0,0.0,0.0,0.0,0.0,0.0
1119,Rutile,0.8043254376930999,971,35.16127981086358,807.3923789907312,2136.0360453141093,787,2118,826,2163,41.736900302840645,35.49398524592048,0.8145973154362416,0.0,0.0,0.8043254376930999,0.15756951596292482,0.0,0.0,0.03810504634397528,0.0,0.0,0.0,0.0,0.0,0.0,0.0,0.0,0.0,0.0
1120,Quartz,1.0,343,20.897874625046462,802.667638483965,955.7638483965014,793,947,816,970,23.73943138768112,20.730284702628275,0.849009900990099,0.0,0.0,0.0,0.0,0.0,0.0,1.0,0.0,0.0,0.0,0.0,0.0,0.0,0.0,0.0,0.0,0.0
1121,Quartz,1.0,224,16.88803298257901,806.5669642857143,941.8928571428571,795,935,818,950,22.474664195677782,13.624758653757938,0.8818897637795275,0.0,0.0,0.0,0.0,0.0,0.0,1.0,0.0,0.0,0.0,0.0,0.0,0.0,0.0,0.0,0.0,0.0
1122,Zircon,1.0,1183,38.810338589372,813.3060016906171,3240.1639898562976,783,3228,845,3255,65.95225189466365,23.37232307292176,0.8802083333333334,0.0,1.0,0.0,0.0,0.0,0.0,0.0,0.0,0.0,0.0,0.0,0.0,0.0,0.0,0.0,0.0,0.0
1123,Zircon,1.0,796,31.83549399034338,805.606783919598,1760.4510050251256,792,1743,821,1779,36.25329381202766,28.398641867097503,0.9364705882352942,0.0,1.0,0.0,0.0,0.0,0.0,0.0,0.0,0.0,0.0,0.0,0.0,0.0,0.0,0.0,0.0,0.0
1124,Ilmenite,1.0,847,32.839517267930155,809.3412042502952,1896.7402597402597,788,1882,831,1913,43.30888785250115,26.503974065828952,0.8869109947643979,0.0,0.0,0.0,1.0,0.0,0.0,0.0,0.0,0.0,0.0,0.0,0.0,0.0,0.0,0.0,0.0,0.0
1125,Zircon,1.0,206,16.195287778099022,806.1601941747573,661.2961165048544,794,651,818,670,28.800583652240633,9.810545720990282,0.8917748917748918,0.0,1.0,0.0,0.0,0.0,0.0,0.0,0.0,0.0,0.0,0.0,0.0,0.0,0.0,0.0,0.0,0.0
1126,Zircon,1.0,438,23.615226456547084,806.0410958904109,1555.7054794520548,797,1540,817,1575,34.69229911618297,16.973718154786734,0.8920570264765784,0.0,1.0,0.0,0.0,0.0,0.0,0.0,0.0,0.0,0.0,0.0,0.0,0.0,0.0,0.0,0.0,0.0
1127,Monazite & Xenotime,1.0,1055,36.6506169074355,808.0303317535545,2990.3535545023697,790,2970,823,3016,49.056294992092255,29.83384912737578,0.8777038269550749,1.0,0.0,0.0,0.0,0.0,0.0,0.0,0.0,0.0,0.0,0.0,0.0,0.0,0.0,0.0,0.0,0.0
1128,Quartz,1.0,464,24.306031118985995,811.6120689655172,241.2823275862069,800,225,823,262,34.012443938302425,18.520858290764867,0.8330341113105925,0.0,0.0,0.0,0.0,0.0,0.0,1.0,0.0,0.0,0.0,0.0,0.0,0.0,0.0,0.0,0.0,0.0
1129,Quartz,1.0,476,24.61832697999475,811.5798319327731,1137.6932773109243,800,1125,828,1153,27.727016456865705,23.144237888533304,0.8897196261682243,0.0,0.0,0.0,0.0,0.0,0.0,1.0,0.0,0.0,0.0,0.0,0.0,0.0,0.0,0.0,0.0,0.0
1130,Zircon,1.0,208,16.273715780512877,811.3028846153846,2860.0576923076924,800,2852,820,2871,18.102130478232475,16.657854002232632,0.832,0.0,1.0,0.0,0.0,0.0,0.0,0.0,0.0,0.0,0.0,0.0,0.0,0.0,0.0,0.0,0.0,0.0
1131,Zircon,1.0,277,18.77997214831907,809.5487364620939,2650.3104693140795,799,2642,824,2659,26.008521608695258,15.266525257374552,0.8195266272189349,0.0,1.0,0.0,0.0,0.0,0.0,0.0,0.0,0.0,0.0,0.0,0.0,0.0,0.0,0.0,0.0,0.0
1132,Rutile,1.0,224,16.88803298257901,812.7544642857143,1673.1830357142858,806,1663,820,1684,20.702275873602236,14.399434271065521,0.9032258064516129,0.0,0.0,1.0,0.0,0.0,0.0,0.0,0.0,0.0,0.0,0.0,0.0,0.0,0.0,0.0,0.0,0.0
1133,Zircon,1.0,453,24.016192740836935,818.1788079470199,2558.158940397351,801,2546,837,2571,39.62768502971555,14.867706974214927,0.9133064516129032,0.0,1.0,0.0,0.0,0.0,0.0,0.0,0.0,0.0,0.0,0.0,0.0,0.0,0.0,0.0,0.0,0.0
1134,Rutile,1.0,167,14.581872443920643,811.5209580838323,2323.8443113772455,805,2316,818,2333,16.913718908404977,13.225750762350708,0.912568306010929,0.0,0.0,1.0,0.0,0.0,0.0,0.0,0.0,0.0,0.0,0.0,0.0,0.0,0.0,0.0,0.0,0.0
1135,Rutile,0.9264069264069265,924,34.29975713230766,816.0313852813853,3052.0768398268397,797,3029,837,3074,44.63143051642138,34.274592493016435,0.6739606126914661,0.0735930735930736,0.0,0.9264069264069265,0.0,0.0,0.0,0.0,0.0,0.0,0.0,0.0,0.0,0.0,0.0,0.0,0.0,0.0
1136,Rutile,0.9157894736842105,190,15.553633450087505,817.3789473684211,1373.2736842105264,808,1365,828,1382,20.340231978114534,13.726652973600306,0.8225108225108225,0.0,0.0,0.9157894736842105,0.0,0.0,0.0,0.08421052631578947,0.0,0.0,0.0,0.0,0.0,0.0,0.0,0.0,0.0,0.0
1137,Zircon,1.0,1019,36.01987085047822,815.7684003925417,2482.3002944062805,799,2463,835,2505,39.35354897655583,33.427555387295556,0.9081996434937611,0.0,1.0,0.0,0.0,0.0,0.0,0.0,0.0,0.0,0.0,0.0,0.0,0.0,0.0,0.0,0.0,0.0
1138,Zircon,1.0,113,11.994835078277376,820.4690265486726,486.53982300884957,813,483,829,492,16.503071545814482,8.942141143321201,0.9338842975206612,0.0,1.0,0.0,0.0,0.0,0.0,0.0,0.0,0.0,0.0,0.0,0.0,0.0,0.0,0.0,0.0,0.0
1139,Zircon,0.9280487804878049,820,32.31186201200472,816.3463414634147,2796.2926829268295,793,2782,843,2815,52.830104767661744,22.006483156336056,0.8094768015794669,0.07195121951219512,0.9280487804878049,0.0,0.0,0.0,0.0,0.0,0.0,0.0,0.0,0.0,0.0,0.0,0.0,0.0,0.0,0.0
1140,Quartz,1.0,4311,74.08735166918363,820.8789144050104,1063.833449315704,782,1026,862,1104,90.84692364549764,61.22787398690807,0.9317052085584612,0.0,0.0,0.0,0.0,0.0,0.0,1.0,0.0,0.0,0.0,0.0,0.0,0.0,0.0,0.0,0.0,0.0
1143,Zircon,1.0,777,31.453253031430968,822.5263835263835,397.6460746460746,807,384,845,419,44.33196731460764,26.366534558100877,0.8354838709677419,0.0,1.0,0.0,0.0,0.0,0.0,0.0,0.0,0.0,0.0,0.0,0.0,0.0,0.0,0.0,0.0,0.0
1144,Illite,1.0,452,23.98967015655475,819.2212389380531,867.2212389380531,802,856,837,880,37.43277858007477,20.456288335410346,0.7313915857605178,0.0,0.0,0.0,0.0,0.0,0.0,0.0,0.0,0.0,0.0,0.0,0.0,1.0,0.0,0.0,0.0,0.0
1145,Zircon,1.0,1871,48.80810576327963,821.5360769641903,914.4933190807055,800,885,849,942,56.80881666735447,43.12748538234966,0.939728779507785,0.0,1.0,0.0,0.0,0.0,0.0,0.0,0.0,0.0,0.0,0.0,0.0,0.0,0.0,0.0,0.0,0.0
1146,Illite,1.0,228,17.03815178355966,799.6359649122807,886.6622807017544,787,880,812,896,22.55418283083406,14.272858862691793,0.8444444444444444,0.0,0.0,0.0,0.0,0.0,0.0,0.0,0.0,0.0,0.0,0.0,0.0,1.0,0.0,0.0,0.0,0.0
1148,Rutile,1.0,166,14.538148590038452,826.6807228915662,2327.897590361446,821,2319,835,2336,15.930146750958313,14.14717138405443,0.8829787234042553,0.0,0.0,1.0,0.0,0.0,0.0,0.0,0.0,0.0,0.0,0.0,0.0,0.0,0.0,0.0,0.0,0.0
1149,Zircon,1.0,1141,38.11517178949638,833.7318141980719,1785.644171779141,809,1768,859,1803,55.24445115126088,27.01051919900903,0.9034045922406968,0.0,1.0,0.0,0.0,0.0,0.0,0.0,0.0,0.0,0.0,0.0,0.0,0.0,0.0,0.0,0.0,0.0
1150,Monazite & Xenotime,0.9756756756756757,1850,48.53342309955121,823.1756756756756,1936.6675675675676,793,1913,850,1963,59.80933508227652,42.37038556446664,0.8525345622119815,0.9756756756756757,0.0,0.0,0.0,0.024324324324324326,0.0,0.0,0.0,0.0,0.0,0.0,0.0,0.0,0.0,0.0,0.0,0.0
1151,Zircon,1.0,961,34.97975417996089,825.1800208116546,2387.567117585848,807,2367,844,2408,41.07251541580919,30.76418353200351,0.9117647058823529,0.0,1.0,0.0,0.0,0.0,0.0,0.0,0.0,0.0,0.0,0.0,0.0,0.0,0.0,0.0,0.0,0.0
1152,Zircon,1.0,743,30.757389059187485,825.1628532974428,2599.901749663526,807,2583,845,2616,35.55266423751952,29.759555787436504,0.8540229885057471,0.0,1.0,0.0,0.0,0.0,0.0,0.0,0.0,0.0,0.0,0.0,0.0,0.0,0.0,0.0,0.0,0.0
1153,Zircon,1.0,676,29.33785834448333,827.2337278106509,96.89792899408285,813,82,846,112,38.611808072390936,22.759716216785957,0.9388888888888889,0.0,1.0,0.0,0.0,0.0,0.0,0.0,0.0,0.0,0.0,0.0,0.0,0.0,0.0,0.0,0.0,0.0
1154,Zircon,1.0,915,34.13230410377644,823.9169398907104,1200.6775956284152,812,1179,838,1223,44.01829093148699,26.69414209596408,0.9423274974253347,0.0,1.0,0.0,0.0,0.0,0.0,0.0,0.0,0.0,0.0,0.0,0.0,0.0,0.0,0.0,0.0,0.0
1155,Rutile,1.0,186,15.389040103942165,824.9247311827957,2007.720430107527,817,1999,833,2015,16.918018873960133,15.976080269926277,0.8378378378378378,0.0,0.0,1.0,0.0,0.0,0.0,0.0,0.0,0.0,0.0,0.0,0.0,0.0,0.0,0.0,0.0,0.0
1156,Rutile,1.0,138,13.255453865237978,825.6376811594203,2019.355072463768,818,2015,834,2027,16.10601300163909,11.627697989023705,0.9078947368421053,0.0,0.0,1.0,0.0,0.0,0.0,0.0,0.0,0.0,0.0,0.0,0.0,0.0,0.0,0.0,0.0,0.0
1157,Rutile,1.0,189,15.512648837479231,830.2328042328043,3262.4920634920636,821,3253,843,3269,25.02808024702595,14.007066996192036,0.7411764705882353,0.0,0.0,1.0,0.0,0.0,0.0,0.0,0.0,0.0,0.0,0.0,0.0,0.0,0.0,0.0,0.0,0.0
1158,Rutile,1.0,185,15.347615963921077,828.3243243243244,1828.1783783783783,820,1817,837,1840,24.692238918924037,13.686594791285861,0.6702898550724637,0.0,0.0,1.0,0.0,0.0,0.0,0.0,0.0,0.0,0.0,0.0,0.0,0.0,0.0,0.0,0.0,0.0
1159,Zircon,1.0,508,25.43237481489809,834.7657480314961,362.12795275590554,820,346,852,374,34.605789337481475,20.886838917635306,0.8758620689655172,0.0,1.0,0.0,0.0,0.0,0.0,0.0,0.0,0.0,0.0,0.0,0.0,0.0,0.0,0.0,0.0,0.0
1160,Zircon,1.0,337,20.71428798138497,830.2818991097923,2508.881305637982,820,2497,842,2520,26.027515239458975,17.443857953892813,0.8641025641025641,0.0,1.0,0.0,0.0,0.0,0.0,0.0,0.0,0.0,0.0,0.0,0.0,0.0,0.0,0.0,0.0,0.0
1161,Zircon,1.0,947,34.72402408800281,832.0116156282999,1646.4181626187963,815,1626,854,1667,42.46493309839707,30.136950223471953,0.907088122605364,0.0,1.0,0.0,0.0,0.0,0.0,0.0,0.0,0.0,0.0,0.0,0.0,0.0,0.0,0.0,0.0,0.0
1162,Rutile,0.9288674033149171,2896,60.72315638661277,856.8860497237569,2236.059737569061,814,2209,912,2267,98.9853627398317,42.64893262349672,0.7376464595007641,0.0,0.0,0.9288674033149171,0.013812154696132596,0.0,0.0,0.057320441988950276,0.0,0.0,0.0,0.0,0.0,0.0,0.0,0.0,0.0,0.0
1163,Quartz,1.0,217,16.622063085174787,811.4608294930875,2236.6497695852536,805,2221,817,2254,32.87896445966496,9.82756507756456,0.7233333333333334,0.0,0.0,0.0,0.0,0.0,0.0,1.0,0.0,0.0,0.0,0.0,0.0,0.0,0.0,0.0,0.0,0.0
1164,Zircon,1.0,272,18.609705966725112,836.4742647058823,3109.4632352941176,828,3100,846,3121,21.391656879313558,17.06424103750561,0.8976897689768977,0.0,1.0,0.0,0.0,0.0,0.0,0.0,0.0,0.0,0.0,0.0,0.0,0.0,0.0,0.0,0.0,0.0
1165,Rutile,1.0,1040,36.38913473173784,832.4548076923077,3140.098076923077,819,3116,850,3166,50.07911829115136,27.68426277262427,0.8387096774193549,0.0,0.0,1.0,0.0,0.0,0.0,0.0,0.0,0.0,0.0,0.0,0.0,0.0,0.0,0.0,0.0,0.0
1166,Rutile,1.0,243,17.58969042850512,834.6831275720165,1006.4156378600823,825,993,845,1020,26.578146018206503,14.818971527864695,0.745398773006135,0.0,0.0,1.0,0.0,0.0,0.0,0.0,0.0,0.0,0.0,0.0,0.0,0.0,0.0,0.0,0.0,0.0
1167,Quartz,1.0,154,14.002817212590296,834.0649350649351,1387.3051948051948,825,1380,843,1395,18.264569652596197,11.751360846463651,0.8651685393258427,0.0,0.0,0.0,0.0,0.0,0.0,1.0,0.0,0.0,0.0,0.0,0.0,0.0,0.0,0.0,0.0,0.0
1168,Rutile,0.9209039548022598,708,30.024216853608277,834.4406779661017,1592.9011299435028,821,1575,852,1615,36.76505668194417,26.772199485036197,0.7946127946127947,0.0,0.0,0.9209039548022598,0.0,0.0,0.0,0.0,0.0,0.0,0.0,0.0,0.0,0.0,0.0,0.0,0.0,0.07909604519774012
1169,Quartz,1.0,1971,50.09546030004122,817.531202435312,2431.803145611365,782,2402,852,2468,88.53480744831312,29.819964749635847,0.8629597197898424,0.0,0.0,0.0,0.0,0.0,0.0,1.0,0.0,0.0,0.0,0.0,0.0,0.0,0.0,0.0,0.0,0.0
1170,Rutile,1.0,245,17.66192765414112,833.8897959183673,2156.791836734694,823,2147,846,2167,23.48887599348899,14.411070465423954,0.768025078369906,0.0,0.0,1.0,0.0,0.0,0.0,0.0,0.0,0.0,0.0,0.0,0.0,0.0,0.0,0.0,0.0,0.0
1171,Zircon,1.0,362,21.468877828012552,851.1519337016574,2996.185082872928,841,2985,863,3009,23.631783570499977,19.629787448790132,0.9451697127937336,0.0,1.0,0.0,0.0,0.0,0.0,0.0,0.0,0.0,0.0,0.0,0.0,0.0,0.0,0.0,0.0,0.0
1172,Ilmenite,1.0,495,25.104851615652017,833.4,3000.4222222222224,824,2984,845,3018,34.21540490796854,18.786809903633316,0.9065934065934066,0.0,0.0,0.0,1.0,0.0,0.0,0.0,0.0,0.0,0.0,0.0,0.0,0.0,0.0,0.0,0.0,0.0
1173,Zircon,1.0,6366,90.03023348733494,826.595821551995,2726.1292805529374,777,2677,880,2777,111.43543467719374,76.3773418377787,0.929207414975916,0.0,1.0,0.0,0.0,0.0,0.0,0.0,0.0,0.0,0.0,0.0,0.0,0.0,0.0,0.0,0.0,0.0
1174,Zircon,1.0,749,30.881327999401787,834.9879839786382,1864.177570093458,819,1847,851,1880,36.23634938411716,26.8133216953866,0.931592039800995,0.0,1.0,0.0,0.0,0.0,0.0,0.0,0.0,0.0,0.0,0.0,0.0,0.0,0.0,0.0,0.0,0.0
1175,Rutile,1.0,279,18.847647942942654,841.5304659498208,981.2688172043011,831,971,853,991,22.26209442624234,17.847285199202386,0.8584615384615385,0.0,0.0,1.0,0.0,0.0,0.0,0.0,0.0,0.0,0.0,0.0,0.0,0.0,0.0,0.0,0.0,0.0
1176,Iron Oxides,1.0,234,17.26088217525478,836.9529914529915,2355.025641025641,829,2346,846,2367,19.77932122131808,16.846646516438657,0.841726618705036,0.0,0.0,0.0,0.0,1.0,0.0,0.0,0.0,0.0,0.0,0.0,0.0,0.0,0.0,0.0,0.0,0.0
1177,Rutile,1.0,5270,81.914421201363,846.1865275142314,190.04705882352943,798,146,893,233,96.13070749604583,73.23160014352996,0.8752698887228035,0.0,0.0,1.0,0.0,0.0,0.0,0.0,0.0,0.0,0.0,0.0,0.0,0.0,0.0,0.0,0.0,0.0
1179,Zircon,1.0,954,34.8521236896311,831.1100628930818,2954.896226415094,805,2944,857,2968,51.41185338021927,23.909206925504073,0.94831013916501,0.0,1.0,0.0,0.0,0.0,0.0,0.0,0.0,0.0,0.0,0.0,0.0,0.0,0.0,0.0,0.0,0.0
1180,Rutile,1.0,635,28.43425945768288,837.392125984252,1678.5385826771653,818,1663,858,1695,41.077376449694015,21.973457579031834,0.8151476251604621,0.0,0.0,1.0,0.0,0.0,0.0,0.0,0.0,0.0,0.0,0.0,0.0,0.0,0.0,0.0,0.0,0.0
1181,Zircon,1.0,978,35.28779214899948,834.778118609407,2097.09918200409,816,2080,858,2113,44.265104381877876,30.737875552986033,0.8609154929577465,0.0,1.0,0.0,0.0,0.0,0.0,0.0,0.0,0.0,0.0,0.0,0.0,0.0,0.0,0.0,0.0,0.0
1182,Zircon,0.9704989154013015,4610,76.61353862881612,842.7175704989154,790.446420824295,800,756,884,829,85.7196189004293,69.33384617109994,0.9614181438998958,0.0,0.9704989154013015,0.0,0.0,0.0,0.0,0.0,0.0,0.0,0.0,0.0,0.0,0.0,0.0,0.0,0.0,0.02950108459869848
1183,Rutile,1.0,1030,36.21376438700094,842.1563106796117,1744.5291262135922,821,1729,862,1767,45.733502962605264,33.93121927995686,0.7838660578386606,0.0,0.0,1.0,0.0,0.0,0.0,0.0,0.0,0.0,0.0,0.0,0.0,0.0,0.0,0.0,0.0,0.0
1184,Orthoclase,1.0,174,14.884343478431232,843.7241379310345,3189.212643678161,837,3182,855,3198,19.808504346215624,12.14014948639234,0.8446601941747572,0.0,0.0,0.0,0.0,0.0,0.0,0.0,0.0,1.0,0.0,0.0,0.0,0.0,0.0,0.0,0.0,0.0
1185,Quartz,1.0,318,20.12188299403865,843.6415094339623,1890.5880503144654,832,1879,853,1903,22.389584776430137,21.476279998028584,0.7813267813267813,0.0,0.0,0.0,0.0,0.0,0.0,1.0,0.0,0.0,0.0,0.0,0.0,0.0,0.0,0.0,0.0,0.0
1186,Zircon,1.0,711,30.087760240780646,849.1139240506329,2620.1800281293954,834,2604,866,2636,35.01087509522527,26.35384340523038,0.9454787234042553,0.0,1.0,0.0,0.0,0.0,0.0,0.0,0.0,0.0,0.0,0.0,0.0,0.0,0.0,0.0,0.0,0.0
1187,Zircon,0.814317673378076,447,23.85661494212072,851.3288590604027,2790.9955257270694,843,2775,866,2811,33.98868817541837,22.24965914004982,0.7563451776649747,0.0,0.814317673378076,0.18568232662192394,0.0,0.0,0.0,0.0,0.0,0.0,0.0,0.0,0.0,0.0,0.0,0.0,0.0,0.0
1188,Rutile,1.0,302,19.60913925979463,847.4437086092715,3207.3112582781455,836,3198,860,3220,24.371036040018765,18.394539410438316,0.760705289672544,0.0,0.0,1.0,0.0,0.0,0.0,0.0,0.0,0.0,0.0,0.0,0.0,0.0,0.0,0.0,0.0,0.0
1189,Monazite & Xenotime,1.0,652,28.812361638146328,854.0858895705521,1468.506134969325,839,1454,870,1484,33.98905309348761,24.651432412170394,0.9616519174041298,1.0,0.0,0.0,0.0,0.0,0.0,0.0,0.0,0.0,0.0,0.0,0.0,0.0,0.0,0.0,0.0,0.0
1190,Zircon,1.0,1044,36.45904667847899,851.8821839080459,1818.88122605364,837,1797,870,1844,48.82367133498322,29.130446623064746,0.8721804511278195,0.0,1.0,0.0,0.0,0.0,0.0,0.0,0.0,0.0,0.0,0.0,0.0,0.0,0.0,0.0,0.0,0.0
1191,Zircon,1.0,796,31.83549399034338,848.7788944723618,2459.2713567839196,837,2437,866,2476,40.04270550483114,26.901052162462303,0.951015531660693,0.0,1.0,0.0,0.0,0.0,0.0,0.0,0.0,0.0,0.0,0.0,0.0,0.0,0.0,0.0,0.0,0.0
1193,Monazite & Xenotime,1.0,232,17.186959427966244,854.0646551724138,2199.3663793103447,844,2191,863,2211,21.0691674453277,16.335270887139426,0.8226950354609929,1.0,0.0,0.0,0.0,0.0,0.0,0.0,0.0,0.0,0.0,0.0,0.0,0.0,0.0,0.0,0.0,0.0
1194,Zircon,1.0,467,24.384480051691096,852.5738758029978,2483.944325481799,838,2475,867,2497,28.248193845993118,22.187276057815037,0.9530612244897959,0.0,1.0,0.0,0.0,0.0,0.0,0.0,0.0,0.0,0.0,0.0,0.0,0.0,0.0,0.0,0.0,0.0
1195,Zircon,0.9087546239210851,1622,45.444411554782334,848.3600493218249,2837.110357583231,819,2807,879,2859,61.08450601226515,39.37573645723734,0.7745940783190067,0.09124537607891492,0.9087546239210851,0.0,0.0,0.0,0.0,0.0,0.0,0.0,0.0,0.0,0.0,0.0,0.0,0.0,0.0,0.0
1197,Zircon,1.0,1673,46.153328789394244,849.9127316198446,1709.0884638374177,813,1688,883,1727,71.68390469285434,33.82330454492881,0.8196962273395394,0.0,1.0,0.0,0.0,0.0,0.0,0.0,0.0,0.0,0.0,0.0,0.0,0.0,0.0,0.0,0.0,0.0
1198,Zircon,1.0,941,34.61384710770804,852.4792773645058,2541.2348565356006,836,2517,870,2569,55.06255384001623,25.008637227006645,0.749800796812749,0.0,1.0,0.0,0.0,0.0,0.0,0.0,0.0,0.0,0.0,0.0,0.0,0.0,0.0,0.0,0.0,0.0
1199,Zircon,1.0,316,20.0585068271871,855.4493670886076,2012.7784810126582,843,2006,868,2024,24.336435975115815,17.527564914783202,0.9080459770114943,0.0,1.0,0.0,0.0,0.0,0.0,0.0,0.0,0.0,0.0,0.0,0.0,0.0,0.0,0.0,0.0,0.0
1200,Rutile,1.0,367,21.616635097022034,854.0136239782016,2676.482288828338,839,2667,867,2688,25.774908717897695,20.387667620217467,0.7943722943722944,0.0,0.0,1.0,0.0,0.0,0.0,0.0,0.0,0.0,0.0,0.0,0.0,0.0,0.0,0.0,0.0,0.0
1201,Zircon,1.0,144,13.540550005146152,852.5486111111111,3161.902777777778,843,3154,859,3170,15.375865932739508,13.737795927363218,0.8520710059171598,0.0,1.0,0.0,0.0,0.0,0.0,0.0,0.0,0.0,0.0,0.0,0.0,0.0,0.0,0.0,0.0,0.0
1202,Zircon,1.0,311,19.899183360445615,855.2926045016077,3260.8360128617364,845,3251,868,3269,22.518321556236703,18.349578770234075,0.933933933933934,0.0,1.0,0.0,0.0,0.0,0.0,0.0,0.0,0.0,0.0,0.0,0.0,0.0,0.0,0.0,0.0,0.0
1203,Rutile,1.0,239,17.44431859350499,855.7489539748954,966.4016736401674,846,956,866,976,21.90023957822301,14.750466574867303,0.8505338078291815,0.0,0.0,1.0,0.0,0.0,0.0,0.0,0.0,0.0,0.0,0.0,0.0,0.0,0.0,0.0,0.0,0.0
1204,Zircon,1.0,456,24.095585330081406,853.5043859649123,1994.982456140351,841,1983,868,2006,30.953122726667715,19.531459455377984,0.8820116054158608,0.0,1.0,0.0,0.0,0.0,0.0,0.0,0.0,0.0,0.0,0.0,0.0,0.0,0.0,0.0,0.0,0.0
1205,Zircon,1.0,481,24.747287144606645,860.7089397089397,2384.4677754677755,850,2369,873,2401,32.5270421169958,19.21245479895776,0.9127134724857685,0.0,1.0,0.0,0.0,0.0,0.0,0.0,0.0,0.0,0.0,0.0,0.0,0.0,0.0,0.0,0.0,0.0
1206,Zircon,1.0,734,30.570538527078803,859.7629427792915,395.56811989100817,846,379,875,413,33.66480086626543,28.3242591751005,0.9458762886597938,0.0,1.0,0.0,0.0,0.0,0.0,0.0,0.0,0.0,0.0,0.0,0.0,0.0,0.0,0.0,0.0,0.0
1207,Zircon,1.0,397,22.48279562821002,859.2518891687657,3087.6272040302265,849,3069,872,3102,30.282105755109,19.17642094052386,0.8219461697722568,0.0,1.0,0.0,0.0,0.0,0.0,0.0,0.0,0.0,0.0,0.0,0.0,0.0,0.0,0.0,0.0,0.0
1208,Zircon,1.0,413,22.93137440223813,862.046004842615,1148.4915254237287,849,1134,873,1164,28.320647360017656,20.314425826802434,0.9057017543859649,0.0,1.0,0.0,0.0,0.0,0.0,0.0,0.0,0.0,0.0,0.0,0.0,0.0,0.0,0.0,0.0,0.0
1209,Zircon,1.0,190,15.553633450087505,867.2368421052631,3155.6052631578946,860,3149,880,3167,22.918454495240614,12.23051269487515,0.8715596330275229,0.0,1.0,0.0,0.0,0.0,0.0,0.0,0.0,0.0,0.0,0.0,0.0,0.0,0.0,0.0,0.0,0.0
1210,Zircon,1.0,1210,39.25073055536097,885.6818181818181,3012.9123966942147,851,3002,924,3027,78.16272485349441,22.70820002256564,0.8018555334658715,0.0,1.0,0.0,0.0,0.0,0.0,0.0,0.0,0.0,0.0,0.0,0.0,0.0,0.0,0.0,0.0,0.0
1211,Rutile,1.0,829,32.48869930584249,860.6188178528347,3123.1061519903496,844,3105,879,3141,34.20580071250711,31.690199173014346,0.9252232142857143,0.0,0.0,1.0,0.0,0.0,0.0,0.0,0.0,0.0,0.0,0.0,0.0,0.0,0.0,0.0,0.0,0.0
1212,Zircon,1.0,579,27.151532118863187,867.0431778929188,2163.485319516408,852,2152,884,2177,31.815859979311607,23.823059337325446,0.9353796445880452,0.0,1.0,0.0,0.0,0.0,0.0,0.0,0.0,0.0,0.0,0.0,0.0,0.0,0.0,0.0,0.0,0.0
1213,Rutile,1.0,812,32.15385684991696,876.0332512315271,108.99261083743842,852,93,900,124,49.82410207425058,27.050097527983983,0.7079337401918047,0.0,0.0,1.0,0.0,0.0,0.0,0.0,0.0,0.0,0.0,0.0,0.0,0.0,0.0,0.0,0.0,0.0
1214,Rutile,1.0,211,16.39065416446578,861.5402843601896,2141.990521327014,851,2134,873,2150,20.7655693190953,14.23385368108055,0.8022813688212928,0.0,0.0,1.0,0.0,0.0,0.0,0.0,0.0,0.0,0.0,0.0,0.0,0.0,0.0,0.0,0.0,0.0
1216,Zircon,0.9400311526479751,1284,40.43314946229083,868.2928348909658,2347.0568535825546,845,2329,893,2366,46.13411527023809,35.85712862559568,0.9504071058475203,0.0,0.9400311526479751,0.0,0.0,0.0,0.0,0.0,0.0,0.0,0.0,0.0,0.0,0.0,0.0,0.0,0.0,0.05996884735202492
1217,Rutile,1.0,322,20.248040236149336,868.0310559006211,2321.285714285714,853,2312,881,2331,30.202387998182832,14.41478861172324,0.8655913978494624,0.0,0.0,1.0,0.0,0.0,0.0,0.0,0.0,0.0,0.0,0.0,0.0,0.0,0.0,0.0,0.0,0.0
1218,Monazite & Xenotime,1.0,170,14.712264360219255,870.2235294117647,2203.8470588235296,862,2193,879,2213,22.58692662539962,11.62950035430526,0.7727272727272727,1.0,0.0,0.0,0.0,0.0,0.0,0.0,0.0,0.0,0.0,0.0,0.0,0.0,0.0,0.0,0.0,0.0
1219,Quartz,1.0,220,16.73656774376801,864.5954545454546,320.02272727272725,856,311,872,332,20.34365328971336,14.217143728140773,0.9322033898305084,0.0,0.0,0.0,0.0,0.0,0.0,1.0,0.0,0.0,0.0,0.0,0.0,0.0,0.0,0.0,0.0,0.0
1220,Zircon,1.0,167,14.581872443920643,869.2215568862275,1523.1676646706587,857,1511,878,1534,27.699622244014424,9.579103207651665,0.7695852534562212,0.0,1.0,0.0,0.0,0.0,0.0,0.0,0.0,0.0,0.0,0.0,0.0,0.0,0.0,0.0,0.0,0.0
1221,Zircon,1.0,1192,38.95768906550174,869.5822147651006,1925.1929530201342,849,1904,890,1947,41.27530260478393,37.61400454550333,0.9113149847094801,0.0,1.0,0.0,0.0,0.0,0.0,0.0,0.0,0.0,0.0,0.0,0.0,0.0,0.0,0.0,0.0,0.0
1223,Quartz,1.0,545,26.34227689249097,879.5633027522936,334.8587155963303,860,321,898,354,46.29485423812318,22.016491784842817,0.6574185765983113,0.0,0.0,0.0,0.0,0.0,0.0,1.0,0.0,0.0,0.0,0.0,0.0,0.0,0.0,0.0,0.0,0.0
1224,Rutile,1.0,140,13.351162356249091,874.3714285714286,2689.7214285714285,868,2680,882,2700,21.53714002828457,10.029373564482492,0.7035175879396985,0.0,0.0,1.0,0.0,0.0,0.0,0.0,0.0,0.0,0.0,0.0,0.0,0.0,0.0,0.0,0.0,0.0
1225,Quartz,1.0,325,20.342144725641095,876.0,246.5076923076923,864,234,886,259,24.755232353985367,20.654274686276754,0.7888349514563107,0.0,0.0,0.0,0.0,0.0,0.0,1.0,0.0,0.0,0.0,0.0,0.0,0.0,0.0,0.0,0.0,0.0
1226,Orthoclase,1.0,474,24.566553364370574,869.7362869198312,1576.782700421941,857,1563,885,1592,36.678642767010466,17.01175073133805,0.915057915057915,0.0,0.0,0.0,0.0,0.0,0.0,0.0,0.0,1.0,0.0,0.0,0.0,0.0,0.0,0.0,0.0,0.0
1227,Zircon,1.0,769,31.29091257699814,876.6605981794538,2113.8387516254875,860,2099,896,2129,36.63067553538099,27.084744605494706,0.9540942928039702,0.0,1.0,0.0,0.0,0.0,0.0,0.0,0.0,0.0,0.0,0.0,0.0,0.0,0.0,0.0,0.0,0.0
1228,Zircon,0.953307392996109,1028,36.17858830838687,873.9484435797665,3193.126459143969,855,3169,889,3217,46.220781077016326,29.620336650029166,0.8786324786324786,0.0,0.953307392996109,0.0,0.0,0.0,0.0,0.0,0.0,0.04669260700389105,0.0,0.0,0.0,0.0,0.0,0.0,0.0,0.0
1229,Quartz,1.0,568,26.89237924411993,875.7323943661971,3242.396126760563,862,3230,894,3257,29.65887294198401,25.61341253164962,0.8944881889763779,0.0,0.0,0.0,0.0,0.0,0.0,1.0,0.0,0.0,0.0,0.0,0.0,0.0,0.0,0.0,0.0,0.0
1230,Orthoclase,1.0,740,30.695231927842155,886.9013513513513,1582.3067567567568,868,1564,908,1603,48.69506966053522,20.191896253702087,0.8634772462077013,0.0,0.0,0.0,0.0,0.0,0.0,0.0,0.0,1.0,0.0,0.0,0.0,0.0,0.0,0.0,0.0,0.0
1231,Monazite & Xenotime,1.0,155,14.048207338801282,879.0,3097.2709677419357,872,3088,887,3111,18.859740642188424,13.343595305124117,0.7380952380952381,1.0,0.0,0.0,0.0,0.0,0.0,0.0,0.0,0.0,0.0,0.0,0.0,0.0,0.0,0.0,0.0,0.0
1232,Quartz,1.0,392,22.34076770248023,877.0255102040817,607.7117346938776,860,596,903,621,45.198952093373734,17.180924157343508,0.5885885885885885,0.0,0.0,0.0,0.0,0.0,0.0,1.0,0.0,0.0,0.0,0.0,0.0,0.0,0.0,0.0,0.0,0.0
1233,Orthoclase,1.0,506,25.38226171238474,883.0158102766799,597.9505928853755,856,579,907,620,59.351450127935166,30.2597885218092,0.41680395387149916,0.0,0.0,0.0,0.0,0.0,0.0,0.0,0.0,1.0,0.0,0.0,0.0,0.0,0.0,0.0,0.0,0.0
1234,Zircon,1.0,580,27.17496892263898,877.1931034482759,1770.6172413793104,865,1757,892,1786,28.71766967204231,26.222317429359336,0.9339774557165862,0.0,1.0,0.0,0.0,0.0,0.0,0.0,0.0,0.0,0.0,0.0,0.0,0.0,0.0,0.0,0.0,0.0
1235,Iron Oxides,1.0,1767,47.43220715449612,879.8387096774194,1651.9983022071308,853,1628,905,1682,51.23839731850012,46.398130121100955,0.8721618953603159,0.0,0.0,0.0,0.0,1.0,0.0,0.0,0.0,0.0,0.0,0.0,0.0,0.0,0.0,0.0,0.0,0.0
1236,Quartz,1.0,1805,47.93951791838304,877.976731301939,1034.0908587257618,857,991,902,1071,75.02985275545811,33.30797038040395,0.8257090576395243,0.0,0.0,0.0,0.0,0.0,0.0,1.0,0.0,0.0,0.0,0.0,0.0,0.0,0.0,0.0,0.0,0.0
1237,Zircon,1.0,139,13.303394180365686,882.9280575539568,3263.834532374101,876,3257,892,3269,16.768719355867322,11.127189537707224,0.9455782312925171,0.0,1.0,0.0,0.0,0.0,0.0,0.0,0.0,0.0,0.0,0.0,0.0,0.0,0.0,0.0,0.0,0.0
1238,Zircon,0.9824434824434825,4158,72.76077258391919,886.7241462241462,899.2631072631073,851,859,935,937,80.17685486006305,69.32980907389805,0.8653485952133194,0.0,0.9824434824434825,0.0,0.0,0.0,0.0,0.0,0.0,0.0,0.0,0.0,0.0,0.0,0.0,0.0,0.0,0.017556517556517555
1240,Zircon,1.0,264,18.333991376950163,881.0189393939394,1387.4242424242425,871,1379,892,1397,23.66158028483867,14.34114414841641,0.9428571428571428,0.0,1.0,0.0,0.0,0.0,0.0,0.0,0.0,0.0,0.0,0.0,0.0,0.0,0.0,0.0,0.0,0.0
1241,Monazite & Xenotime,1.0,225,16.925687506432688,885.7244444444444,59.355555555555554,878,47,892,72,27.373691079344255,11.596698962035937,0.8653846153846154,1.0,0.0,0.0,0.0,0.0,0.0,0.0,0.0,0.0,0.0,0.0,0.0,0.0,0.0,0.0,0.0,0.0
1242,Rutile,1.0,190,15.553633450087505,882.2105263157895,1487.9315789473685,875,1478,891,1498,20.019614901550135,13.406574433097997,0.8225108225108225,0.0,0.0,1.0,0.0,0.0,0.0,0.0,0.0,0.0,0.0,0.0,0.0,0.0,0.0,0.0,0.0,0.0
1243,Zircon,1.0,606,27.777385840094972,883.7524752475248,1615.3696369636964,867,1604,899,1631,33.5166002614123,24.30429653128591,0.9251908396946565,0.0,1.0,0.0,0.0,0.0,0.0,0.0,0.0,0.0,0.0,0.0,0.0,0.0,0.0,0.0,0.0,0.0
1244,Rutile,1.0,596,27.547246117573295,881.010067114094,2796.0151006711408,867,2780,899,2815,35.9907592881953,24.519864074165742,0.8054054054054054,0.0,0.0,1.0,0.0,0.0,0.0,0.0,0.0,0.0,0.0,0.0,0.0,0.0,0.0,0.0,0.0,0.0
1245,Ilmenite,1.0,366,21.587164551489145,881.396174863388,3065.0409836065573,870,3055,894,3077,26.89280395753897,19.303971612906107,0.7991266375545851,0.0,0.0,0.0,1.0,0.0,0.0,0.0,0.0,0.0,0.0,0.0,0.0,0.0,0.0,0.0,0.0,0.0
1246,Rutile,1.0,217,16.622063085174787,886.7235023041475,358.6405529953917,877,349,896,368,19.998918439149183,14.365755499833243,0.8785425101214575,0.0,0.0,1.0,0.0,0.0,0.0,0.0,0.0,0.0,0.0,0.0,0.0,0.0,0.0,0.0,0.0,0.0
1247,Rutile,0.9586834733893558,1428,42.64019312669459,887.3571428571429,2560.9306722689075,860,2538,912,2584,54.27563197356766,34.821255705554634,0.8561151079136691,0.0,0.0,0.9586834733893558,0.0,0.0,0.0,0.0,0.0,0.0,0.0,0.0,0.0,0.0,0.0,0.0,0.0,0.04131652661064426
1248,Quartz,1.0,102,11.396070970426017,895.843137254902,2582.098039215686,887,2577,906,2587,18.282309145934807,7.5947533725572365,0.8360655737704918,0.0,0.0,0.0,0.0,0.0,0.0,1.0,0.0,0.0,0.0,0.0,0.0,0.0,0.0,0.0,0.0,0.0
1249,Zircon,1.0,478,24.669991941291908,888.5230125523012,2861.5732217573222,873,2848,906,2875,30.455549047074154,22.499772291642593,0.8101694915254237,0.0,1.0,0.0,0.0,0.0,0.0,0.0,0.0,0.0,0.0,0.0,0.0,0.0,0.0,0.0,0.0,0.0
1250,Ilmenite,1.0,284,19.015783725757565,888.6619718309859,536.6584507042254,880,525,901,548,23.02469258833986,17.363547202186556,0.8711656441717791,0.0,0.0,0.0,1.0,0.0,0.0,0.0,0.0,0.0,0.0,0.0,0.0,0.0,0.0,0.0,0.0,0.0
1251,Rutile,1.0,267,18.437867513470433,895.3857677902622,1480.8314606741574,889,1470,905,1496,24.7900397122822,14.184327739161287,0.9081632653061225,0.0,0.0,1.0,0.0,0.0,0.0,0.0,0.0,0.0,0.0,0.0,0.0,0.0,0.0,0.0,0.0,0.0
1252,Zircon,1.0,131,12.914889870235298,888.2595419847328,1725.9923664122136,882,1718,895,1735,17.60484436513182,10.4646936807977,0.7987804878048781,0.0,1.0,0.0,0.0,0.0,0.0,0.0,0.0,0.0,0.0,0.0,0.0,0.0,0.0,0.0,0.0,0.0
1253,Zircon,1.0,415,22.98683125324351,889.2120481927711,2403.178313253012,878,2392,901,2416,25.411512995937485,21.32672633246225,0.9453302961275627,0.0,1.0,0.0,0.0,0.0,0.0,0.0,0.0,0.0,0.0,0.0,0.0,0.0,0.0,0.0,0.0,0.0
1254,Monazite & Xenotime,1.0,133,13.013103375051497,888.9473684210526,3086.9473684210525,880,3082,899,3094,19.284363123334924,9.241653256571412,0.8209876543209876,1.0,0.0,0.0,0.0,0.0,0.0,0.0,0.0,0.0,0.0,0.0,0.0,0.0,0.0,0.0,0.0,0.0
1255,Zircon,1.0,2625,57.81222885281108,880.5032380952381,1109.0377142857142,839,1085,918,1135,77.278934893781,43.98834110515982,0.9398496240601504,0.0,1.0,0.0,0.0,0.0,0.0,0.0,0.0,0.0,0.0,0.0,0.0,0.0,0.0,0.0,0.0,0.0
1257,Zircon,1.0,780,31.513915099419602,895.5307692307692,1963.1102564102564,880,1948,912,1977,33.30329162001774,30.333430619745556,0.975,0.0,1.0,0.0,0.0,0.0,0.0,0.0,0.0,0.0,0.0,0.0,0.0,0.0,0.0,0.0,0.0,0.0
1258,Rutile,1.0,222,16.812470934731934,896.4504504504505,2687.2072072072074,887,2677,909,2697,23.342230618533044,14.153583995153367,0.7956989247311828,0.0,0.0,1.0,0.0,0.0,0.0,0.0,0.0,0.0,0.0,0.0,0.0,0.0,0.0,0.0,0.0,0.0
1259,Zircon,1.0,1345,41.382450237616354,890.1026022304833,758.6416356877323,864,736,912,790,57.85626978289122,32.968372268061806,0.8496525584333544,0.0,1.0,0.0,0.0,0.0,0.0,0.0,0.0,0.0,0.0,0.0,0.0,0.0,0.0,0.0,0.0,0.0
1260,Zircon,1.0,670,29.20737055903114,896.9641791044776,1548.358208955224,882,1534,914,1563,30.76477083000543,27.954629263361074,0.9490084985835694,0.0,1.0,0.0,0.0,0.0,0.0,0.0,0.0,0.0,0.0,0.0,0.0,0.0,0.0,0.0,0.0,0.0
1261,Zircon,1.0,100,11.283791670955125,895.72,2989.21,884,2987,907,2992,25.188069856862626,5.1769814453799405,0.9259259259259259,0.0,1.0,0.0,0.0,0.0,0.0,0.0,0.0,0.0,0.0,0.0,0.0,0.0,0.0,0.0,0.0,0.0
1262,Zircon,1.0,1432,42.69987152276635,904.4399441340782,1992.45530726257,877,1977,943,2012,61.36267396380398,31.813820421723854,0.829183555298205,0.0,1.0,0.0,0.0,0.0,0.0,0.0,0.0,0.0,0.0,0.0,0.0,0.0,0.0,0.0,0.0,0.0
1263,Rutile,1.0,1726,46.87868869980144,896.3389339513326,2478.9171494785633,869,2455,923,2508,50.15780842135426,48.08271467298959,0.818785578747628,0.0,0.0,1.0,0.0,0.0,0.0,0.0,0.0,0.0,0.0,0.0,0.0,0.0,0.0,0.0,0.0,0.0
1264,Zircon,1.0,140,13.351162356249091,898.4,2188.7785714285715,893,2181,905,2199,18.204465292667138,10.331440746472559,0.8860759493670886,0.0,1.0,0.0,0.0,0.0,0.0,0.0,0.0,0.0,0.0,0.0,0.0,0.0,0.0,0.0,0.0,0.0
1265,Monazite & Xenotime,1.0,769,31.29091257699814,900.6905071521456,3226.963589076723,883,3214,922,3242,37.26297320898781,26.63831351993573,0.9482120838471023,1.0,0.0,0.0,0.0,0.0,0.0,0.0,0.0,0.0,0.0,0.0,0.0,0.0,0.0,0.0,0.0,0.0
1266,Zircon,1.0,1201,39.1044843109704,896.1665278934222,2523.782681099084,868,2499,926,2545,59.81362713046729,29.395263888339915,0.7539234149403641,0.0,1.0,0.0,0.0,0.0,0.0,0.0,0.0,0.0,0.0,0.0,0.0,0.0,0.0,0.0,0.0,0.0
1267,Zircon,0.9996058336618053,2537,56.834925222024424,900.5057154119038,143.24280646432794,864,119,933,169,66.89232293530846,49.103692132888725,0.9505432746346947,0.0,0.9996058336618053,0.00039416633819471815,0.0,0.0,0.0,0.0,0.0,0.0,0.0,0.0,0.0,0.0,0.0,0.0,0.0,0.0
1268,Zircon,1.0,226,16.96325844612841,901.0973451327434,521.9070796460177,892,514,911,531,19.068777106472496,15.447998186082035,0.904,0.0,1.0,0.0,0.0,0.0,0.0,0.0,0.0,0.0,0.0,0.0,0.0,0.0,0.0,0.0,0.0,0.0
1269,Zircon,1.0,187,15.430353037616328,901.1229946524064,1401.711229946524,893,1393,908,1410,16.325589807871392,15.130287576254432,0.9444444444444444,0.0,1.0,0.0,0.0,0.0,0.0,0.0,0.0,0.0,0.0,0.0,0.0,0.0,0.0,0.0,0.0,0.0
1270,Rutile,1.0,541,26.245429958408437,900.2606284658041,2098.9353049907577,884,2082,914,2121,42.40436014926798,20.149331274828985,0.7609001406469761,0.0,0.0,1.0,0.0,0.0,0.0,0.0,0.0,0.0,0.0,0.0,0.0,0.0,0.0,0.0,0.0,0.0
1271,Zircon,1.0,292,19.281751659604673,902.181506849315,2811.082191780822,892,2803,915,2822,23.533433736329602,16.964341081142,0.8716417910447761,0.0,1.0,0.0,0.0,0.0,0.0,0.0,0.0,0.0,0.0,0.0,0.0,0.0,0.0,0.0,0.0,0.0
1273,Illite,1.0,115,12.100518486599809,900.9043478260869,2284.8260869565215,894,2277,909,2291,14.628349656163726,11.092818856960902,0.7986111111111112,0.0,0.0,0.0,0.0,0.0,0.0,0.0,0.0,0.0,0.0,0.0,0.0,1.0,0.0,0.0,0.0,0.0
1274,Unknown,1.0,422,23.179885415554555,903.2488151658767,834.3696682464455,894,823,914,849,27.953688894352393,20.09602643728106,0.9525959367945824,0.0,0.0,0.0,0.0,0.0,0.0,0.0,0.0,0.0,0.0,0.0,0.0,0.0,0.0,0.0,0.0,1.0
1275,Quartz,1.0,354,21.23032733700184,904.2966101694915,2648.262711864407,893,2634,915,2660,25.434894216528956,18.422551194786735,0.8872180451127819,0.0,0.0,0.0,0.0,0.0,0.0,1.0,0.0,0.0,0.0,0.0,0.0,0.0,0.0,0.0,0.0,0.0
1276,Quartz,1.0,657,28.92262748940701,901.6986301369863,2715.2983257229835,888,2699,917,2734,38.399193822291615,22.303990407218425,0.8783422459893048,0.0,0.0,0.0,0.0,0.0,0.0,1.0,0.0,0.0,0.0,0.0,0.0,0.0,0.0,0.0,0.0,0.0
1277,Unknown,1.0,506,25.38226171238474,905.9624505928854,810.0118577075099,894,794,918,824,31.330226794251708,21.307201202704295,0.92,0.0,0.0,0.0,0.0,0.0,0.0,0.0,0.0,0.0,0.0,0.0,0.0,0.0,0.0,0.0,0.0,1.0
1279,Ilmenite,1.0,677,29.35954992478095,903.5155096011816,1372.2998522895125,887,1357,918,1388,32.464889109164595,26.99971126038058,0.9468531468531468,0.0,0.0,0.0,1.0,0.0,0.0,0.0,0.0,0.0,0.0,0.0,0.0,0.0,0.0,0.0,0.0,0.0
1280,Zircon,1.0,207,16.23454913941803,904.0096618357488,1069.2125603864733,897,1059,912,1080,21.404183380955633,12.823450289100252,0.8922413793103449,0.0,1.0,0.0,0.0,0.0,0.0,0.0,0.0,0.0,0.0,0.0,0.0,0.0,0.0,0.0,0.0,0.0
1281,Monazite & Xenotime,1.0,576,27.081100010292303,909.5208333333334,1712.0677083333333,896,1699,928,1730,33.366673466620234,24.91990114947728,0.8,1.0,0.0,0.0,0.0,0.0,0.0,0.0,0.0,0.0,0.0,0.0,0.0,0.0,0.0,0.0,0.0,0.0
1282,Zircon,1.0,652,28.812361638146328,907.6058282208589,349.37883435582825,893,330,921,368,36.84090376132859,23.534910253633655,0.9532163742690059,0.0,1.0,0.0,0.0,0.0,0.0,0.0,0.0,0.0,0.0,0.0,0.0,0.0,0.0,0.0,0.0,0.0
1283,Zircon,1.0,273,18.643883600599406,907.4981684981685,223.64102564102564,898,214,919,232,20.00569025402555,18.982444862711905,0.9161073825503355,0.0,1.0,0.0,0.0,0.0,0.0,0.0,0.0,0.0,0.0,0.0,0.0,0.0,0.0,0.0,0.0,0.0
1284,Quartz,1.0,780,31.513915099419602,904.4935897435897,2433.202564102564,883,2419,926,2449,47.62837128438718,21.46025662347828,0.9059233449477352,0.0,0.0,0.0,0.0,0.0,0.0,1.0,0.0,0.0,0.0,0.0,0.0,0.0,0.0,0.0,0.0,0.0
1285,Zircon,1.0,428,23.34408972623798,905.0747663551402,2832.0186915887853,886,2821,919,2843,34.344296677003285,18.6647865144058,0.8294573643410853,0.0,1.0,0.0,0.0,0.0,0.0,0.0,0.0,0.0,0.0,0.0,0.0,0.0,0.0,0.0,0.0,0.0
1286,Zircon,1.0,556,26.60678836073137,908.726618705036,3057.884892086331,896,3040,924,3070,30.602532487412443,25.714079827533016,0.9536878216123499,0.0,1.0,0.0,0.0,0.0,0.0,0.0,0.0,0.0,0.0,0.0,0.0,0.0,0.0,0.0,0.0,0.0
1287,Zircon,1.0,250,17.841241161527712,912.928,238.284,901,230,924,248,23.336673569150985,14.988336356210114,0.8620689655172413,0.0,1.0,0.0,0.0,0.0,0.0,0.0,0.0,0.0,0.0,0.0,0.0,0.0,0.0,0.0,0.0,0.0
1288,Rutile,1.0,178,15.054455784347004,915.0674157303371,1145.8932584269662,907,1139,927,1156,20.505384585556847,13.476322322663684,0.7639484978540773,0.0,0.0,1.0,0.0,0.0,0.0,0.0,0.0,0.0,0.0,0.0,0.0,0.0,0.0,0.0,0.0,0.0
1289,Zircon,1.0,882,33.511151553720346,906.890022675737,1774.0646258503402,890,1754,925,1801,49.89343527278397,24.336253886085107,0.8647058823529412,0.0,1.0,0.0,0.0,0.0,0.0,0.0,0.0,0.0,0.0,0.0,0.0,0.0,0.0,0.0,0.0,0.0
1291,Zircon,1.0,281,18.91508160359296,909.1672597864768,963.4626334519573,900,953,917,977,22.64458099372436,16.420366711409226,0.921311475409836,0.0,1.0,0.0,0.0,0.0,0.0,0.0,0.0,0.0,0.0,0.0,0.0,0.0,0.0,0.0,0.0,0.0
1292,Rutile,1.0,488,24.926710529686012,908.9016393442623,2749.6045081967213,898,2735,922,2769,35.840846635404525,19.294675219287807,0.8201680672268907,0.0,0.0,1.0,0.0,0.0,0.0,0.0,0.0,0.0,0.0,0.0,0.0,0.0,0.0,0.0,0.0,0.0
1293,Zircon,1.0,349,21.079862454783044,912.6160458452722,3079.7879656160458,899,3073,927,3089,28.43885478060168,16.79077047366376,0.8790931989924433,0.0,1.0,0.0,0.0,0.0,0.0,0.0,0.0,0.0,0.0,0.0,0.0,0.0,0.0,0.0,0.0,0.0
1294,Zircon,1.0,585,27.29185104880338,915.0478632478632,2390.294017094017,898,2376,931,2405,33.38378939622826,23.392896374753157,0.8641063515509602,0.0,1.0,0.0,0.0,0.0,0.0,0.0,0.0,0.0,0.0,0.0,0.0,0.0,0.0,0.0,0.0,0.0
1295,Quartz,1.0,343,20.897874625046462,914.3848396501458,497.01457725947523,901,486,930,508,30.878457423586962,16.402971172500767,0.7588495575221239,0.0,0.0,0.0,0.0,0.0,0.0,1.0,0.0,0.0,0.0,0.0,0.0,0.0,0.0,0.0,0.0,0.0
1296,Zircon,1.0,562,26.749964937194992,917.4537366548043,2212.238434163701,904,2199,932,2228,31.3345230843215,23.05851053126619,0.921311475409836,0.0,1.0,0.0,0.0,0.0,0.0,0.0,0.0,0.0,0.0,0.0,0.0,0.0,0.0,0.0,0.0,0.0
1297,Zircon,1.0,813,32.173649930800316,917.5424354243543,1028.440344403444,903,1012,935,1050,35.86317321876448,29.865058438591117,0.9377162629757786,0.0,1.0,0.0,0.0,0.0,0.0,0.0,0.0,0.0,0.0,0.0,0.0,0.0,0.0,0.0,0.0,0.0
1298,Zircon,1.0,2047,51.052143422905154,917.7787005373717,2070.313141182218,880,2045,957,2098,87.62887310202242,30.440000258512807,0.9342765860337745,0.0,1.0,0.0,0.0,0.0,0.0,0.0,0.0,0.0,0.0,0.0,0.0,0.0,0.0,0.0,0.0,0.0
1299,Zircon,1.0,375,21.850968611841584,917.5626666666667,187.10133333333334,908,175,929,202,27.47858461475175,18.10595460102485,0.9168704156479217,0.0,1.0,0.0,0.0,0.0,0.0,0.0,0.0,0.0,0.0,0.0,0.0,0.0,0.0,0.0,0.0,0.0
1300,Zircon,1.0,447,23.85661494212072,920.0425055928412,528.2214765100671,910,514,935,545,32.21775084119905,19.884771457005694,0.8293135435992579,0.0,1.0,0.0,0.0,0.0,0.0,0.0,0.0,0.0,0.0,0.0,0.0,0.0,0.0,0.0,0.0,0.0
1301,Zircon,1.0,169,14.668929172241665,917.6745562130177,1960.1834319526627,911,1952,925,1970,17.451036258197018,12.542847883770971,0.9337016574585635,0.0,1.0,0.0,0.0,0.0,0.0,0.0,0.0,0.0,0.0,0.0,0.0,0.0,0.0,0.0,0.0,0.0
1302,Rutile,1.0,934,34.484862400517734,921.5535331905782,1582.3383297644539,901,1562,946,1603,38.85291610415724,35.77277397561513,0.7829002514668902,0.0,0.0,1.0,0.0,0.0,0.0,0.0,0.0,0.0,0.0,0.0,0.0,0.0,0.0,0.0,0.0,0.0
1303,Rutile,1.0,1016,35.96680938658481,917.8287401574803,1624.2234251968505,902,1601,937,1646,43.53385044552484,31.858330279306255,0.853781512605042,0.0,0.0,1.0,0.0,0.0,0.0,0.0,0.0,0.0,0.0,0.0,0.0,0.0,0.0,0.0,0.0,0.0
1304,Zircon,1.0,1355,41.53600345623234,918.7970479704798,3125.2029520295205,904,3099,935,3153,54.36042070324101,32.24337842432214,0.9488795518207283,0.0,1.0,0.0,0.0,0.0,0.0,0.0,0.0,0.0,0.0,0.0,0.0,0.0,0.0,0.0,0.0,0.0
1305,Rutile,1.0,131,12.914889870235298,921.824427480916,2019.824427480916,916,2011,930,2030,17.886405047537544,10.603471281762658,0.808641975308642,0.0,0.0,1.0,0.0,0.0,0.0,0.0,0.0,0.0,0.0,0.0,0.0,0.0,0.0,0.0,0.0,0.0
1306,Zircon,1.0,895,33.757212452126,918.4703910614525,1670.477094972067,899,1648,941,1689,42.88588014284403,30.93884908418451,0.8136363636363636,0.0,1.0,0.0,0.0,0.0,0.0,0.0,0.0,0.0,0.0,0.0,0.0,0.0,0.0,0.0,0.0,0.0
1307,Rutile,1.0,456,24.095585330081406,916.8223684210526,2790.6710526315787,897,2781,932,2805,35.10919993600805,18.868497846163557,0.7889273356401384,0.0,0.0,1.0,0.0,0.0,0.0,0.0,0.0,0.0,0.0,0.0,0.0,0.0,0.0,0.0,0.0,0.0
1308,Ilmenite,1.0,577,27.104597715372734,925.2426343154247,1079.904679376083,912,1063,944,1104,38.83510455984249,23.642382273950943,0.7765814266487214,0.0,0.0,0.0,1.0,0.0,0.0,0.0,0.0,0.0,0.0,0.0,0.0,0.0,0.0,0.0,0.0,0.0
1309,Rutile,1.0,544,26.318098569918163,928.0404411764706,2543.6341911764707,914,2526,941,2559,34.43544972221936,21.096492335153446,0.8874388254486134,0.0,0.0,1.0,0.0,0.0,0.0,0.0,0.0,0.0,0.0,0.0,0.0,0.0,0.0,0.0,0.0,0.0
1311,Zircon,1.0,491,25.003212122944625,933.4032586558045,971.1384928716905,920,958,954,982,37.12805843533499,19.546168086641817,0.8894927536231884,0.0,1.0,0.0,0.0,0.0,0.0,0.0,0.0,0.0,0.0,0.0,0.0,0.0,0.0,0.0,0.0,0.0
1312,Iron Oxides,1.0,216,16.583719174624104,925.425925925926,1522.8148148148148,918,1512,934,1535,25.153027227349888,11.757733136772522,0.8089887640449438,0.0,0.0,0.0,0.0,1.0,0.0,0.0,0.0,0.0,0.0,0.0,0.0,0.0,0.0,0.0,0.0,0.0
1313,Zircon,1.0,604,27.73151068766428,922.5860927152318,2923.2003311258277,901,2913,942,2933,39.27453404031054,20.664665721041555,0.9179331306990881,0.0,1.0,0.0,0.0,0.0,0.0,0.0,0.0,0.0,0.0,0.0,0.0,0.0,0.0,0.0,0.0,0.0
1314,Zircon,1.0,180,15.138795132120961,928.0222222222222,2405.822222222222,921,2397,936,2414,16.858203229369355,14.126360829917724,0.8955223880597015,0.0,1.0,0.0,0.0,0.0,0.0,0.0,0.0,0.0,0.0,0.0,0.0,0.0,0.0,0.0,0.0,0.0
1315,Rutile,1.0,304,19.67396303746374,926.4177631578947,1242.8980263157894,913,1236,941,1252,27.999675109089093,14.168401790531002,0.9047619047619048,0.0,0.0,1.0,0.0,0.0,0.0,0.0,0.0,0.0,0.0,0.0,0.0,0.0,0.0,0.0,0.0,0.0
1316,Rutile,1.0,311,19.899183360445615,926.2025723472669,2683.093247588424,913,2673,939,2697,31.94837379835919,14.71129224970246,0.7585365853658537,0.0,0.0,1.0,0.0,0.0,0.0,0.0,0.0,0.0,0.0,0.0,0.0,0.0,0.0,0.0,0.0,0.0
1317,Zircon,1.0,532,26.026206750102993,931.5921052631579,326.04135338345867,916,317,949,339,31.894433546753163,22.534085748956976,0.9366197183098591,0.0,1.0,0.0,0.0,0.0,0.0,0.0,0.0,0.0,0.0,0.0,0.0,0.0,0.0,0.0,0.0,0.0
1318,Zircon,1.0,996,35.61104585035691,932.9206827309237,2124.7439759036147,913,2100,954,2148,47.91396936006372,28.518466128143466,0.8578811369509044,0.0,1.0,0.0,0.0,0.0,0.0,0.0,0.0,0.0,0.0,0.0,0.0,0.0,0.0,0.0,0.0,0.0
1319,Zircon,1.0,816,32.23295624828558,936.1936274509804,303.7867647058824,917,288,954,318,36.03365072961217,29.871844140962914,0.9499417927823051,0.0,1.0,0.0,0.0,0.0,0.0,0.0,0.0,0.0,0.0,0.0,0.0,0.0,0.0,0.0,0.0,0.0
1320,Zircon,1.0,408,22.792141940852034,934.0073529411765,2514.3333333333335,923,2501,946,2530,29.707583325117984,18.44213172874846,0.8850325379609545,0.0,1.0,0.0,0.0,0.0,0.0,0.0,0.0,0.0,0.0,0.0,0.0,0.0,0.0,0.0,0.0,0.0
1321,Rutile,1.0,207,16.23454913941803,931.7391304347826,2599.024154589372,923,2591,942,2609,18.885294465547062,16.654666185315005,0.7840909090909091,0.0,0.0,1.0,0.0,0.0,0.0,0.0,0.0,0.0,0.0,0.0,0.0,0.0,0.0,0.0,0.0,0.0
1322,Zircon,1.0,751,30.922530590107066,929.6351531291612,3162.085219707057,913,3145,945,3180,38.0085448749217,25.663745021968296,0.9458438287153652,0.0,1.0,0.0,0.0,0.0,0.0,0.0,0.0,0.0,0.0,0.0,0.0,0.0,0.0,0.0,0.0,0.0
1323,Quartz,1.0,190,15.553633450087505,933.1684210526316,572.8263157894737,922,565,944,580,22.63744999156536,11.36749200570979,0.8444444444444444,0.0,0.0,0.0,0.0,0.0,0.0,1.0,0.0,0.0,0.0,0.0,0.0,0.0,0.0,0.0,0.0,0.0
1324,Zircon,1.0,254,17.983404693292407,937.1299212598425,868.8464566929134,924,860,950,882,24.377087892907717,19.880154445762287,0.6381909547738693,0.0,1.0,0.0,0.0,0.0,0.0,0.0,0.0,0.0,0.0,0.0,0.0,0.0,0.0,0.0,0.0,0.0
1326,Zircon,1.0,283,18.982275710779543,938.7455830388693,1438.381625441696,927,1431,956,1447,29.469043603672127,13.543193647159812,0.8871473354231975,0.0,1.0,0.0,0.0,0.0,0.0,0.0,0.0,0.0,0.0,0.0,0.0,0.0,0.0,0.0,0.0,0.0
1327,Monazite & Xenotime,1.0,303,19.64157789116634,936.5544554455446,1714.8910891089108,924,1705,951,1726,28.159894172287338,14.352848172883057,0.8757225433526011,1.0,0.0,0.0,0.0,0.0,0.0,0.0,0.0,0.0,0.0,0.0,0.0,0.0,0.0,0.0,0.0,0.0
1328,Ilmenite,1.0,182,15.222667215103916,935.0934065934066,3017.653846153846,928,3009,944,3027,18.18441531729772,13.578261458542705,0.8348623853211009,0.0,0.0,0.0,1.0,0.0,0.0,0.0,0.0,0.0,0.0,0.0,0.0,0.0,0.0,0.0,0.0,0.0
1329,Zircon,1.0,1036,36.319088209172165,937.6727799227799,1006.6332046332046,918,985,957,1030,54.29695083375524,24.71252580716387,0.9443938012762079,0.0,1.0,0.0,0.0,0.0,0.0,0.0,0.0,0.0,0.0,0.0,0.0,0.0,0.0,0.0,0.0,0.0
1330,Rutile,1.0,225,16.925687506432688,937.1244444444444,2704.048888888889,930,2695,947,2715,22.64511936382859,13.793931430400738,0.872093023255814,0.0,0.0,1.0,0.0,0.0,0.0,0.0,0.0,0.0,0.0,0.0,0.0,0.0,0.0,0.0,0.0,0.0
1331,Zircon,1.0,250,17.841241161527712,938.572,2761.888,928,2754,949,2770,20.993397020044004,15.721120620324987,0.9157509157509157,0.0,1.0,0.0,0.0,0.0,0.0,0.0,0.0,0.0,0.0,0.0,0.0,0.0,0.0,0.0,0.0,0.0
1332,Zircon,1.0,1135,38.014824519842385,941.8079295154186,2944.764757709251,917,2928,968,2961,49.26245749116561,29.726251366945643,0.932621199671323,0.0,1.0,0.0,0.0,0.0,0.0,0.0,0.0,0.0,0.0,0.0,0.0,0.0,0.0,0.0,0.0,0.0
1334,Zircon,1.0,1195,39.00668219624068,948.579079497908,1745.9573221757323,925,1731,978,1763,53.873649686507356,29.657646296431544,0.9213569776407093,0.0,1.0,0.0,0.0,0.0,0.0,0.0,0.0,0.0,0.0,0.0,0.0,0.0,0.0,0.0,0.0,0.0
1335,Zircon,1.0,778,31.473486711896992,941.3984575835476,2229.263496143959,925,2214,959,2246,33.41770254237573,29.97096819369056,0.9557739557739557,0.0,1.0,0.0,0.0,0.0,0.0,0.0,0.0,0.0,0.0,0.0,0.0,0.0,0.0,0.0,0.0,0.0
1336,Zircon,1.0,897,33.79490896018868,951.1984392419175,2256.819397993311,931,2241,976,2275,49.18863940309327,23.989947487860842,0.9218910585817061,0.0,1.0,0.0,0.0,0.0,0.0,0.0,0.0,0.0,0.0,0.0,0.0,0.0,0.0,0.0,0.0,0.0
1337,Unknown,1.0,484,24.824341676101277,943.9896694214876,695.6157024793389,932,682,957,709,26.49612540270016,23.802644482748935,0.937984496124031,0.0,0.0,0.0,0.0,0.0,0.0,0.0,0.0,0.0,0.0,0.0,0.0,0.0,0.0,0.0,0.0,1.0
1338,Zircon,1.0,138,13.255453865237978,944.3333333333334,528.9782608695652,938,520,950,542,22.4163381132085,9.032027393870845,0.8214285714285714,0.0,1.0,0.0,0.0,0.0,0.0,0.0,0.0,0.0,0.0,0.0,0.0,0.0,0.0,0.0,0.0,0.0
1339,Zircon,1.0,716,30.19336870954244,945.2402234636871,2198.7011173184355,931,2183,961,2214,31.833227088768872,28.80452852636896,0.9585006693440429,0.0,1.0,0.0,0.0,0.0,0.0,0.0,0.0,0.0,0.0,0.0,0.0,0.0,0.0,0.0,0.0,0.0
1342,Zircon,1.0,1317,40.94943809646488,943.037205770691,191.97342444950647,920,168,968,219,59.57532063890501,29.60764371993751,0.9107883817427386,0.0,1.0,0.0,0.0,0.0,0.0,0.0,0.0,0.0,0.0,0.0,0.0,0.0,0.0,0.0,0.0,0.0
1343,Zircon,1.0,409,22.820056393372074,950.9315403422983,1699.3691931540343,937,1687,965,1713,24.940933837365126,23.091337483680302,0.7941747572815534,0.0,1.0,0.0,0.0,0.0,0.0,0.0,0.0,0.0,0.0,0.0,0.0,0.0,0.0,0.0,0.0,0.0
1344,Zircon,1.0,231,17.14987856615383,958.5670995670996,951.922077922078,947,945,972,958,26.260250582837518,11.761545314981184,0.8523985239852399,0.0,1.0,0.0,0.0,0.0,0.0,0.0,0.0,0.0,0.0,0.0,0.0,0.0,0.0,0.0,0.0,0.0
1345,Rutile,1.0,281,18.91508160359296,947.0604982206406,67.95017793594306,937,57,955,81,21.893708285262893,17.826307120891336,0.8977635782747604,0.0,0.0,1.0,0.0,0.0,0.0,0.0,0.0,0.0,0.0,0.0,0.0,0.0,0.0,0.0,0.0,0.0
1346,Zircon,0.9962825278810409,269,18.5067943613625,951.6096654275093,1508.6096654275093,941,1499,963,1518,22.156176254233426,16.94046128793324,0.8762214983713354,0.0,0.9962825278810409,0.0,0.0,0.0037174721189591076,0.0,0.0,0.0,0.0,0.0,0.0,0.0,0.0,0.0,0.0,0.0,0.0
1348,Rutile,1.0,308,19.802974013476614,953.7175324675325,2041.3733766233765,945,2027,960,2058,33.45130673096483,12.767513592743176,0.8126649076517151,0.0,0.0,1.0,0.0,0.0,0.0,0.0,0.0,0.0,0.0,0.0,0.0,0.0,0.0,0.0,0.0,0.0
1349,Quartz,1.0,257,18.089294154193436,954.4552529182879,3126.2529182879375,946,3118,964,3135,19.58847837733624,17.64144073683253,0.9081272084805654,0.0,0.0,0.0,0.0,0.0,0.0,1.0,0.0,0.0,0.0,0.0,0.0,0.0,0.0,0.0,0.0,0.0
1350,Rutile,1.0,547,26.390567083147985,965.0822669104205,74.83912248628884,953,59,982,88,30.61934991660098,24.83309410731712,0.899671052631579,0.0,0.0,1.0,0.0,0.0,0.0,0.0,0.0,0.0,0.0,0.0,0.0,0.0,0.0,0.0,0.0,0.0
1351,Zircon,1.0,1120,37.762789755305185,958.2098214285714,2307.7285714285713,939,2285,979,2333,56.37308760195208,25.82424864739007,0.9310058187863675,0.0,1.0,0.0,0.0,0.0,0.0,0.0,0.0,0.0,0.0,0.0,0.0,0.0,0.0,0.0,0.0,0.0
1352,Rutile,1.0,190,15.553633450087505,954.9315789473684,499.0105263157895,944,491,971,512,29.168797555177676,10.743386931432191,0.625,0.0,0.0,1.0,0.0,0.0,0.0,0.0,0.0,0.0,0.0,0.0,0.0,0.0,0.0,0.0,0.0,0.0
1353,Orthoclase,1.0,555,26.582850624566497,959.7963963963964,2630.2792792792793,942,2617,979,2640,36.243728248960956,20.37057241225653,0.912828947368421,0.0,0.0,0.0,0.0,0.0,0.0,0.0,0.0,1.0,0.0,0.0,0.0,0.0,0.0,0.0,0.0,0.0
1354,Zircon,1.0,523,25.805121233904135,956.1816443594646,1616.0630975143404,943,1605,970,1631,28.124514945490567,25.3750333773421,0.8804713804713805,0.0,1.0,0.0,0.0,0.0,0.0,0.0,0.0,0.0,0.0,0.0,0.0,0.0,0.0,0.0,0.0,0.0
1356,Zircon,1.0,493,25.05408341078227,957.7464503042596,1593.0872210953346,945,1576,970,1606,31.214029063922165,22.167685514438958,0.90625,0.0,1.0,0.0,0.0,0.0,0.0,0.0,0.0,0.0,0.0,0.0,0.0,0.0,0.0,0.0,0.0,0.0
1359,Rutile,1.0,584,27.26851470332286,962.1061643835617,1794.8561643835617,949,1778,980,1813,39.650060066481196,20.126102799278552,0.8236953455571228,0.0,0.0,1.0,0.0,0.0,0.0,0.0,0.0,0.0,0.0,0.0,0.0,0.0,0.0,0.0,0.0,0.0
1360,Illite,0.8836805555555556,576,27.081100010292303,960.3680555555555,2798.3333333333335,947,2777,979,2815,38.356512717715,23.388017931262404,0.7128712871287128,0.0,0.0,0.0,0.0,0.0,0.0,0.11631944444444445,0.0,0.0,0.0,0.0,0.0,0.8836805555555556,0.0,0.0,0.0,0.0
1361,Zircon,1.0,759,31.086794856562303,957.2714097496706,2427.3636363636365,938,2411,979,2445,43.517338553876826,22.817853548348708,0.937037037037037,0.0,1.0,0.0,0.0,0.0,0.0,0.0,0.0,0.0,0.0,0.0,0.0,0.0,0.0,0.0,0.0,0.0
1362,Rutile,1.0,482,24.77299861870477,960.3941908713693,415.01452282157675,947,402,974,431,31.255870405687602,20.63715607383162,0.8637992831541219,0.0,0.0,1.0,0.0,0.0,0.0,0.0,0.0,0.0,0.0,0.0,0.0,0.0,0.0,0.0,0.0,0.0
1363,Zircon,1.0,110,11.834540545406394,964.5363636363636,936.9636363636364,959,932,972,944,13.655262270310125,10.849409205004655,0.873015873015873,0.0,1.0,0.0,0.0,0.0,0.0,0.0,0.0,0.0,0.0,0.0,0.0,0.0,0.0,0.0,0.0,0.0
1364,Zircon,1.0,718,30.23550881198871,970.2688022284123,2695.199164345404,955,2679,986,2714,37.24965934883755,24.92994634509561,0.9472295514511874,0.0,1.0,0.0,0.0,0.0,0.0,0.0,0.0,0.0,0.0,0.0,0.0,0.0,0.0,0.0,0.0,0.0
1365,Zircon,1.0,796,31.83549399034338,967.5766331658291,1449.8128140703518,949,1433,987,1467,43.981715799818964,23.36490787473268,0.9544364508393285,0.0,1.0,0.0,0.0,0.0,0.0,0.0,0.0,0.0,0.0,0.0,0.0,0.0,0.0,0.0,0.0,0.0
1366,Zircon,1.0,668,29.163744887841286,963.6751497005988,864.7260479041917,946,846,984,885,37.93192276270306,33.55438514570478,0.6145354185832567,0.0,1.0,0.0,0.0,0.0,0.0,0.0,0.0,0.0,0.0,0.0,0.0,0.0,0.0,0.0,0.0,0.0
1367,Rutile,0.9607390300230947,866,33.20580439833751,975.5392609699769,1179.3002309468823,957,1158,993,1201,44.51384568860118,26.648812474899785,0.8351012536162006,0.0,0.0,0.9607390300230947,0.03926096997690531,0.0,0.0,0.0,0.0,0.0,0.0,0.0,0.0,0.0,0.0,0.0,0.0,0.0
1368,Zircon,1.0,961,34.97975417996089,977.8074921956296,2126.5359001040583,961,2105,998,2149,47.83505942948667,28.597988128690467,0.8234790059982862,0.0,1.0,0.0,0.0,0.0,0.0,0.0,0.0,0.0,0.0,0.0,0.0,0.0,0.0,0.0,0.0,0.0
1369,Zircon,1.0,915,34.13230410377644,976.8688524590164,2203.6043715846995,959,2186,999,2220,40.839630719167666,29.57281819122211,0.9298780487804879,0.0,1.0,0.0,0.0,0.0,0.0,0.0,0.0,0.0,0.0,0.0,0.0,0.0,0.0,0.0,0.0,0.0
1370,Zircon,1.0,446,23.829914749152643,976.3497757847533,2272.775784753363,967,2259,987,2289,31.446750608450476,18.609490082147207,0.8884462151394422,0.0,1.0,0.0,0.0,0.0,0.0,0.0,0.0,0.0,0.0,0.0,0.0,0.0,0.0,0.0,0.0,0.0
1371,Zircon,1.0,208,16.273715780512877,979.8125,755.2548076923077,971,747,991,764,21.3921374229974,14.443728014636703,0.7819548872180451,0.0,1.0,0.0,0.0,0.0,0.0,0.0,0.0,0.0,0.0,0.0,0.0,0.0,0.0,0.0,0.0,0.0
1372,Orthoclase,1.0,478,24.669991941291908,976.4811715481171,1293.8410041841005,961,1283,994,1305,33.95643973121341,18.760041983913624,0.8754578754578755,0.0,0.0,0.0,0.0,0.0,0.0,0.0,0.0,1.0,0.0,0.0,0.0,0.0,0.0,0.0,0.0,0.0
1373,Iron Oxides,1.0,142,13.446189622059965,976.7112676056338,1771.4647887323943,965,1766,989,1779,24.44499086883214,8.459763294524539,0.7473684210526316,0.0,0.0,0.0,0.0,1.0,0.0,0.0,0.0,0.0,0.0,0.0,0.0,0.0,0.0,0.0,0.0,0.0
1374,Rutile,1.0,210,16.351767622932517,979.9428571428572,1819.3333333333333,971,1807,989,1829,21.580800215897945,15.67105282068245,0.7342657342657343,0.0,0.0,1.0,0.0,0.0,0.0,0.0,0.0,0.0,0.0,0.0,0.0,0.0,0.0,0.0,0.0,0.0
1375,Quartz,1.0,500,25.2313252202016,978.49,3241.63,967,3228,991,3258,31.45536361281272,20.71791736603217,0.9363295880149812,0.0,0.0,0.0,0.0,0.0,0.0,1.0,0.0,0.0,0.0,0.0,0.0,0.0,0.0,0.0,0.0,0.0
1376,Zircon,0.9610007358351729,2718,58.82741777938389,978.3119941133186,1665.145327446652,947,1633,1013,1695,60.698516567963075,58.21979505455154,0.9254341164453525,0.0,0.9610007358351729,0.0,0.0,0.0,0.0,0.0,0.0,0.0,0.0,0.0,0.0,0.0,0.0,0.0,0.0,0.03899926416482708
1377,Orthoclase,1.0,153,13.957279475043833,979.3856209150326,415.0065359477124,973,407,985,425,18.321776145437802,11.263825105508536,0.9329268292682927,0.0,0.0,0.0,0.0,0.0,0.0,0.0,0.0,1.0,0.0,0.0,0.0,0.0,0.0,0.0,0.0,0.0
1378,Quartz,0.9029957203994294,701,29.87542335866304,983.4079885877318,2068.0841654778887,967,2053,1000,2085,31.989458756241234,28.70357223708386,0.8665018541409147,0.0,0.0,0.0,0.0,0.0,0.0,0.9029957203994294,0.0,0.09700427960057062,0.0,0.0,0.0,0.0,0.0,0.0,0.0,0.0
1379,Rutile,0.8579795021961932,683,29.489364337912,992.7803806734993,2646.8945827232797,975,2634,1014,2662,40.93674738738029,22.93948580438025,0.8298906439854192,0.0,0.0,0.8579795021961932,0.14202049780380674,0.0,0.0,0.0,0.0,0.0,0.0,0.0,0.0,0.0,0.0,0.0,0.0,0.0
1380,Orthoclase,1.0,196,15.797308339337176,990.25,410.9642857142857,983,404,1000,422,18.880924191049242,14.918844666449457,0.8868778280542986,0.0,0.0,0.0,0.0,0.0,0.0,0.0,0.0,1.0,0.0,0.0,0.0,0.0,0.0,0.0,0.0,0.0
1381,Quartz,1.0,577,27.104597715372734,981.3396880415944,1710.1750433275563,963,1698,999,1723,36.382210992503786,23.507401527231753,0.8314121037463977,0.0,0.0,0.0,0.0,0.0,0.0,1.0,0.0,0.0,0.0,0.0,0.0,0.0,0.0,0.0,0.0,0.0
1382,Zircon,1.0,2857,60.3128956302743,977.784389219461,330.63598179908996,945,293,1009,371,83.67336222026184,45.93914478562541,0.9046865104496516,0.0,1.0,0.0,0.0,0.0,0.0,0.0,0.0,0.0,0.0,0.0,0.0,0.0,0.0,0.0,0.0,0.0
1383,Illite,1.0,669,29.185565874723483,989.6487294469357,1128.9895366218236,975,1108,1003,1158,46.341321500876624,20.66764751303293,0.8060240963855422,0.0,0.0,0.0,0.0,0.0,0.0,0.0,0.0,0.0,0.0,0.0,0.0,1.0,0.0,0.0,0.0,0.0
1384,Monazite & Xenotime,1.0,384,22.111625566165472,987.4140625,2233.6302083333335,973,2224,1004,2246,29.834837408685775,19.779864644978556,0.7789046653144016,1.0,0.0,0.0,0.0,0.0,0.0,0.0,0.0,0.0,0.0,0.0,0.0,0.0,0.0,0.0,0.0,0.0
1385,Zircon,1.0,1075,36.99638510165959,986.0372093023256,2880.946976744186,970,2859,1003,2903,46.12485658362463,31.818303264992714,0.9094754653130288,0.0,1.0,0.0,0.0,0.0,0.0,0.0,0.0,0.0,0.0,0.0,0.0,0.0,0.0,0.0,0.0,0.0
1386,Quartz,1.0,414,22.959119571977435,988.3985507246376,2611.4685990338166,979,2598,999,2630,30.33507253715888,18.287796648505072,0.8752642706131079,0.0,0.0,0.0,0.0,0.0,0.0,1.0,0.0,0.0,0.0,0.0,0.0,0.0,0.0,0.0,0.0,0.0
1387,Rutile,1.0,1982,50.23505526686611,985.1417759838547,999.1765893037336,958,972,1016,1028,66.7093118342544,39.95367830876463,0.8448422847399829,0.0,0.0,1.0,0.0,0.0,0.0,0.0,0.0,0.0,0.0,0.0,0.0,0.0,0.0,0.0,0.0,0.0
1388,Zircon,1.0,1728,46.90584114268031,986.5399305555555,2493.9033564814813,962,2470,1010,2520,57.094516944725775,39.245128016535936,0.935064935064935,0.0,1.0,0.0,0.0,0.0,0.0,0.0,0.0,0.0,0.0,0.0,0.0,0.0,0.0,0.0,0.0,0.0
1389,Rutile,1.0,1807,47.966069855017714,1000.349750968456,1577.716657443276,967,1556,1035,1597,66.06430466016577,35.90074630929282,0.8683325324363287,0.0,0.0,1.0,0.0,0.0,0.0,0.0,0.0,0.0,0.0,0.0,0.0,0.0,0.0,0.0,0.0,0.0
1390,Zircon,0.9984472049689441,644,28.635053113438516,992.4021739130435,2812.9611801242236,975,2799,1010,2827,34.142362580954334,24.758914236120624,0.9096045197740112,0.0,0.9984472049689441,0.0,0.0,0.0,0.0,0.0,0.0,0.0,0.0,0.0,0.0,0.0015527950310559005,0.0,0.0,0.0,0.0
1391,Zircon,1.0,490,24.977737626138797,995.5571428571428,369.75102040816324,986,352,1008,384,32.6668071298465,20.746843904950452,0.9124767225325885,0.0,1.0,0.0,0.0,0.0,0.0,0.0,0.0,0.0,0.0,0.0,0.0,0.0,0.0,0.0,0.0,0.0
1392,Zircon,0.9149919767708413,26174,182.55347666888775,998.1776572170857,1922.5772522350424,884,1828,1112,2014,251.19153969387753,134.90757303542162,0.9367260754419869,0.0,0.9149919767708413,0.0,0.0,0.0,0.0,0.0,0.0,0.0,0.0,0.0,0.0,0.0,0.0,0.0,0.0,0.08500802322915871
1393,Rutile,1.0,473,24.54062559633988,990.6511627906976,3164.029598308668,977,3153,1007,3181,35.03341364822034,18.560260450674573,0.8924528301886793,0.0,0.0,1.0,0.0,0.0,0.0,0.0,0.0,0.0,0.0,0.0,0.0,0.0,0.0,0.0,0.0,0.0
1394,Rutile,1.0,537,26.148224328293928,996.1229050279329,953.7243947858473,977,939,1014,969,35.10965713929129,25.480708371352204,0.7479108635097493,0.0,0.0,1.0,0.0,0.0,0.0,0.0,0.0,0.0,0.0,0.0,0.0,0.0,0.0,0.0,0.0,0.0
1395,Zircon,1.0,195,15.756957549709801,996.5435897435898,2273.779487179487,990,2263,1006,2283,18.717310033518235,14.617605905672876,0.8590308370044053,0.0,1.0,0.0,0.0,0.0,0.0,0.0,0.0,0.0,0.0,0.0,0.0,0.0,0.0,0.0,0.0,0.0
1396,Zircon,1.0,104,11.507254783503184,997.5961538461538,569.9807692307693,992,563,1007,578,15.637398437299748,12.524231932448025,0.6582278481012658,0.0,1.0,0.0,0.0,0.0,0.0,0.0,0.0,0.0,0.0,0.0,0.0,0.0,0.0,0.0,0.0,0.0
1397,Quartz,1.0,323,20.279456919490165,996.2012383900928,1791.8792569659443,985,1782,1012,1803,24.03297392969849,18.261583068616893,0.8136020151133502,0.0,0.0,0.0,0.0,0.0,0.0,1.0,0.0,0.0,0.0,0.0,0.0,0.0,0.0,0.0,0.0,0.0
1398,Rutile,1.0,166,14.538148590038452,997.3734939759037,3261.602409638554,989,3251,1005,3269,19.467586606649995,13.063747423231382,0.8341708542713567,0.0,0.0,1.0,0.0,0.0,0.0,0.0,0.0,0.0,0.0,0.0,0.0,0.0,0.0,0.0,0.0,0.0
1399,Zircon,1.0,416,23.014509567006368,1003.625,903.6826923076923,992,891,1020,919,33.12331183774192,21.74468716722082,0.6797385620915033,0.0,1.0,0.0,0.0,0.0,0.0,0.0,0.0,0.0,0.0,0.0,0.0,0.0,0.0,0.0,0.0,0.0
1401,Rutile,1.0,630,28.32209231647889,1005.9761904761905,166.67777777777778,983,155,1028,180,43.92000354177851,19.551262693656547,0.8762169680111266,0.0,0.0,1.0,0.0,0.0,0.0,0.0,0.0,0.0,0.0,0.0,0.0,0.0,0.0,0.0,0.0,0.0
1403,Zircon,1.0,1120,37.762789755305185,1001.2901785714286,3100.325,974,3084,1029,3116,57.94993705103373,24.91147976019192,0.935672514619883,0.0,1.0,0.0,0.0,0.0,0.0,0.0,0.0,0.0,0.0,0.0,0.0,0.0,0.0,0.0,0.0,0.0
1404,Zircon,1.0,288,19.149229459268767,1007.6770833333334,3172.722222222222,994,3164,1022,3182,32.04356072453327,11.776932295934506,0.891640866873065,0.0,1.0,0.0,0.0,0.0,0.0,0.0,0.0,0.0,0.0,0.0,0.0,0.0,0.0,0.0,0.0,0.0
1405,Zircon,1.0,376,21.880083839428522,1004.3085106382979,3226.5797872340427,993,3215,1018,3237,23.423181364151677,20.984950693005022,0.9518987341772152,0.0,1.0,0.0,0.0,0.0,0.0,0.0,0.0,0.0,0.0,0.0,0.0,0.0,0.0,0.0,0.0,0.0
1406,Rutile,1.0,143,13.493452297211721,1007.3916083916084,842.7342657342657,1001,834,1016,855,25.88204528251101,8.943753581733997,0.7044334975369458,0.0,0.0,1.0,0.0,0.0,0.0,0.0,0.0,0.0,0.0,0.0,0.0,0.0,0.0,0.0,0.0,0.0
1407,Zircon,1.0,1391,42.084156243491584,1011.155283968368,503.5521207764198,989,482,1034,527,51.173558826878,34.9269454727716,0.950786056049214,0.0,1.0,0.0,0.0,0.0,0.0,0.0,0.0,0.0,0.0,0.0,0.0,0.0,0.0,0.0,0.0,0.0
1408,Zircon,0.8609913793103449,928,34.37391885593249,1007.7435344827586,2699.1519396551726,993,2676,1022,2720,43.549247431314434,27.674647463460023,0.9567010309278351,0.0,0.8609913793103449,0.0,0.0,0.0,0.0,0.0,0.0,0.0,0.0,0.0,0.0,0.0,0.0,0.0,0.0,0.13900862068965517
1410,Zircon,1.0,1011,35.878199226372125,1007.4777448071217,2023.8545994065282,984,2011,1033,2036,50.91156350038949,25.88284584053837,0.9466292134831461,0.0,1.0,0.0,0.0,0.0,0.0,0.0,0.0,0.0,0.0,0.0,0.0,0.0,0.0,0.0,0.0,0.0
1411,Rutile,1.0,644,28.635053113438516,1012.8711180124224,1708.358695652174,996,1690,1027,1735,47.033715338178276,21.64455168732017,0.6977248104008668,0.0,0.0,1.0,0.0,0.0,0.0,0.0,0.0,0.0,0.0,0.0,0.0,0.0,0.0,0.0,0.0,0.0
1412,Zircon,1.0,1280,40.370120352322566,1018.5484375,2048.47578125,990,2035,1048,2066,59.388280105907555,28.6694133569932,0.9078014184397163,0.0,1.0,0.0,0.0,0.0,0.0,0.0,0.0,0.0,0.0,0.0,0.0,0.0,0.0,0.0,0.0,0.0
1413,Quartz,1.0,245,17.66192765414112,1005.3551020408163,2593.938775510204,994,2587,1018,2603,24.658218141677363,13.699428292943653,0.7903225806451613,0.0,0.0,0.0,0.0,0.0,0.0,1.0,0.0,0.0,0.0,0.0,0.0,0.0,0.0,0.0,0.0,0.0
1414,Illite,1.0,490,24.977737626138797,1012.6612244897959,2586.7775510204083,998,2571,1030,2608,35.181736069630965,31.25368648677372,0.6132665832290363,0.0,0.0,0.0,0.0,0.0,0.0,0.0,0.0,0.0,0.0,0.0,0.0,1.0,0.0,0.0,0.0,0.0
1415,Zircon,1.0,557,26.63070457981699,1018.5709156193896,550.508078994614,1001,537,1035,564,32.65689565952547,23.8300848971988,0.8827258320126783,0.0,1.0,0.0,0.0,0.0,0.0,0.0,0.0,0.0,0.0,0.0,0.0,0.0,0.0,0.0,0.0,0.0
1416,Quartz,1.0,972,35.17938085701024,1012.116255144033,1761.2397119341563,996,1741,1032,1783,40.46369095515686,32.14739982852734,0.8678571428571429,0.0,0.0,0.0,0.0,0.0,0.0,1.0,0.0,0.0,0.0,0.0,0.0,0.0,0.0,0.0,0.0,0.0
1417,Zircon,1.0,1154,38.33168969174693,1011.0909878682842,1818.630849220104,990,1799,1031,1841,46.44062157567376,32.17627805203121,0.9389747762408462,0.0,1.0,0.0,0.0,0.0,0.0,0.0,0.0,0.0,0.0,0.0,0.0,0.0,0.0,0.0,0.0,0.0
1418,Zircon,1.0,309,19.83509564693766,1012.6343042071197,1350.4595469255664,1004,1335,1024,1364,32.26488628884946,12.693379162093965,0.8828571428571429,0.0,1.0,0.0,0.0,0.0,0.0,0.0,0.0,0.0,0.0,0.0,0.0,0.0,0.0,0.0,0.0,0.0
1419,Rutile,1.0,454,24.04268606686374,1011.0418502202643,1547.0991189427314,994,1534,1027,1560,34.144891771374894,21.004786638370287,0.7430441898527005,0.0,0.0,1.0,0.0,0.0,0.0,0.0,0.0,0.0,0.0,0.0,0.0,0.0,0.0,0.0,0.0,0.0
1420,Rutile,1.0,973,35.197472594311556,1011.5179856115108,2380.1901336073997,987,2362,1033,2398,48.65740508779027,27.39728573663986,0.8475609756097561,0.0,0.0,1.0,0.0,0.0,0.0,0.0,0.0,0.0,0.0,0.0,0.0,0.0,0.0,0.0,0.0,0.0
1421,Zircon,1.0,592,27.45465007031079,1021.6841216216217,133.98648648648648,1010,120,1039,151,31.232263285577606,25.96568142936057,0.8667642752562226,0.0,1.0,0.0,0.0,0.0,0.0,0.0,0.0,0.0,0.0,0.0,0.0,0.0,0.0,0.0,0.0,0.0
1422,Illite,1.0,385,22.140398025397776,1016.0701298701299,1159.2519480519481,1001,1146,1031,1173,34.044218177977896,16.019492659397013,0.8406113537117904,0.0,0.0,0.0,0.0,0.0,0.0,0.0,0.0,0.0,0.0,0.0,0.0,1.0,0.0,0.0,0.0,0.0
1424,Rutile,1.0,988,35.467741261579384,1025.7115384615386,2253.0587044534414,1002,2232,1050,2271,47.257892016840984,30.666705760108112,0.7588325652841782,0.0,0.0,1.0,0.0,0.0,0.0,0.0,0.0,0.0,0.0,0.0,0.0,0.0,0.0,0.0,0.0,0.0
1425,Zircon,1.0,985,35.413852537730705,1027.0375634517766,1227.0913705583757,1007,1209,1046,1246,41.578816468231125,31.128816682259018,0.9398854961832062,0.0,1.0,0.0,0.0,0.0,0.0,0.0,0.0,0.0,0.0,0.0,0.0,0.0,0.0,0.0,0.0,0.0
1426,Rutile,1.0,350,21.11004122822376,1023.6857142857143,2837.808571428571,1012,2828,1037,2852,23.317515154477615,21.335976737596003,0.8793969849246231,0.0,0.0,1.0,0.0,0.0,0.0,0.0,0.0,0.0,0.0,0.0,0.0,0.0,0.0,0.0,0.0,0.0
1427,Zircon,1.0,1035,36.301555459799424,1026.3661835748792,1618.6502415458938,1008,1596,1045,1645,42.001399955587495,32.78346389559409,0.9070990359333918,0.0,1.0,0.0,0.0,0.0,0.0,0.0,0.0,0.0,0.0,0.0,0.0,0.0,0.0,0.0,0.0,0.0
1428,Rutile,1.0,903,33.90774703361832,1016.2713178294574,2123.361018826135,997,2103,1041,2145,47.45852344794881,31.867390694794167,0.7432098765432099,0.0,0.0,1.0,0.0,0.0,0.0,0.0,0.0,0.0,0.0,0.0,0.0,0.0,0.0,0.0,0.0,0.0
1429,Zircon,1.0,415,22.98683125324351,1027.877108433735,949.966265060241,1017,936,1038,967,30.016962705555446,18.712387049839045,0.8201581027667985,0.0,1.0,0.0,0.0,0.0,0.0,0.0,0.0,0.0,0.0,0.0,0.0,0.0,0.0,0.0,0.0,0.0
1430,Zircon,1.0,726,30.403485153477522,1028.82782369146,2209.6749311294766,1014,2192,1045,2224,31.36534293759738,30.787471688922405,0.9331619537275064,0.0,1.0,0.0,0.0,0.0,0.0,0.0,0.0,0.0,0.0,0.0,0.0,0.0,0.0,0.0,0.0,0.0
1431,Rutile,1.0,477,24.64417299969047,1030.9203354297695,782.3039832285116,1018,764,1051,798,40.012122123391954,20.00501365508961,0.7194570135746606,0.0,0.0,1.0,0.0,0.0,0.0,0.0,0.0,0.0,0.0,0.0,0.0,0.0,0.0,0.0,0.0,0.0
1432,Rutile,1.0,443,23.74963406702674,1029.1873589164786,2097.171557562077,1018,2083,1041,2111,27.897319026880005,21.10648120941704,0.8669275929549902,0.0,0.0,1.0,0.0,0.0,0.0,0.0,0.0,0.0,0.0,0.0,0.0,0.0,0.0,0.0,0.0,0.0
1433,Quartz,1.0,569,26.916041702938184,1032.1669595782073,2558.377855887522,1016,2546,1046,2575,32.098975033557245,24.30693263983643,0.8726993865030674,0.0,0.0,0.0,0.0,0.0,0.0,1.0,0.0,0.0,0.0,0.0,0.0,0.0,0.0,0.0,0.0,0.0
1434,Zircon,1.0,219,16.698486766680407,1031.4977168949772,833.7260273972603,1022,822,1041,844,22.945903809730687,17.883730543600027,0.7019230769230769,0.0,1.0,0.0,0.0,0.0,0.0,0.0,0.0,0.0,0.0,0.0,0.0,0.0,0.0,0.0,0.0,0.0
1435,Zircon,1.0,144,13.540550005146152,1035.8402777777778,308.21527777777777,1029,302,1043,316,15.143084023682073,12.264836068312079,0.9411764705882353,0.0,1.0,0.0,0.0,0.0,0.0,0.0,0.0,0.0,0.0,0.0,0.0,0.0,0.0,0.0,0.0,0.0
1436,Rutile,0.7637540453074434,309,19.83509564693766,1033.2491909385112,3152.032362459547,1022,3138,1045,3164,28.326140603096224,16.134889948420003,0.8153034300791556,0.0,0.0,0.7637540453074434,0.23624595469255663,0.0,0.0,0.0,0.0,0.0,0.0,0.0,0.0,0.0,0.0,0.0,0.0,0.0
1437,Ilmenite,1.0,115,12.100518486599809,1034.1739130434783,1443.9913043478261,1026,1438,1043,1450,16.327446429712648,10.716454394350164,0.7876712328767124,0.0,0.0,0.0,1.0,0.0,0.0,0.0,0.0,0.0,0.0,0.0,0.0,0.0,0.0,0.0,0.0,0.0
1438,Ilmenite,1.0,400,22.56758334191025,1036.71,3117.825,1028,3104,1049,3136,30.154205470764712,18.693536113504678,0.8113590263691683,0.0,0.0,0.0,1.0,0.0,0.0,0.0,0.0,0.0,0.0,0.0,0.0,0.0,0.0,0.0,0.0,0.0
1439,Rutile,1.0,306,19.738573927438622,1039.950980392157,1478.1339869281046,1030,1466,1050,1492,24.094443553419147,17.65449299065951,0.7846153846153846,0.0,0.0,1.0,0.0,0.0,0.0,0.0,0.0,0.0,0.0,0.0,0.0,0.0,0.0,0.0,0.0,0.0
1440,Quartz,1.0,281,18.91508160359296,1035.3024911032028,3264.423487544484,1016,3258,1054,3269,37.88279367759774,10.373366157624872,0.9273927392739274,0.0,0.0,0.0,0.0,0.0,0.0,1.0,0.0,0.0,0.0,0.0,0.0,0.0,0.0,0.0,0.0,0.0
1441,Zircon,1.0,286,19.08262324195121,1041.3671328671328,2151.3076923076924,1031,2141,1054,2164,28.493464643967144,13.866624060732548,0.8486646884272997,0.0,1.0,0.0,0.0,0.0,0.0,0.0,0.0,0.0,0.0,0.0,0.0,0.0,0.0,0.0,0.0,0.0
1442,Zircon,0.9706095791001451,2756,59.23721959452611,1039.833091436865,892.30587808418,1014,853,1067,928,76.95454295635463,48.89238068727771,0.893644617380026,0.0,0.9706095791001451,0.0,0.0,0.0,0.0,0.0,0.0,0.0,0.0,0.0,0.0,0.0,0.0,0.0,0.0,0.02939042089985486
1443,Zircon,1.0,491,25.003212122944625,1039.18533604888,1842.908350305499,1024,1834,1057,1854,32.21113869191379,19.696239683732323,0.9352380952380952,0.0,1.0,0.0,0.0,0.0,0.0,0.0,0.0,0.0,0.0,0.0,0.0,0.0,0.0,0.0,0.0,0.0
1445,Zircon,1.0,699,29.83277462405867,1049.9298998569384,1828.7324749642346,1028,1814,1068,1847,41.67843170920705,24.274701427106585,0.8194607268464243,0.0,1.0,0.0,0.0,0.0,0.0,0.0,0.0,0.0,0.0,0.0,0.0,0.0,0.0,0.0,0.0,0.0
1446,Zircon,1.0,762,31.14817062185505,1045.6955380577429,988.6351706036745,1035,970,1059,1009,40.15571407211571,24.50111867826494,0.9584905660377359,0.0,1.0,0.0,0.0,0.0,0.0,0.0,0.0,0.0,0.0,0.0,0.0,0.0,0.0,0.0,0.0,0.0
1447,Rutile,1.0,1920,49.443097858968265,1044.9260416666666,1038.7614583333334,1025,1009,1069,1072,62.358405142546445,40.045158134567046,0.9288824383164006,0.0,0.0,1.0,0.0,0.0,0.0,0.0,0.0,0.0,0.0,0.0,0.0,0.0,0.0,0.0,0.0,0.0
1448,Rutile,0.9009009009009009,444,23.77642441290137,1041.7297297297298,2391.0855855855857,1031,2376,1057,2407,28.071842944147637,23.585404061017528,0.8087431693989071,0.0,0.0,0.9009009009009009,0.0,0.0,0.0,0.0990990990990991,0.0,0.0,0.0,0.0,0.0,0.0,0.0,0.0,0.0,0.0
1449,Zircon,1.0,915,34.13230410377644,1045.7628415300546,1361.9125683060108,1024,1337,1065,1383,47.58637770868351,29.030993688061802,0.7682619647355163,0.0,1.0,0.0,0.0,0.0,0.0,0.0,0.0,0.0,0.0,0.0,0.0,0.0,0.0,0.0,0.0,0.0
1450,Zircon,1.0,292,19.281751659604673,1046.9623287671234,2108.9794520547944,1039,2098,1056,2122,25.333226498893076,15.188526077381415,0.9153605015673981,0.0,1.0,0.0,0.0,0.0,0.0,0.0,0.0,0.0,0.0,0.0,0.0,0.0,0.0,0.0,0.0,0.0
1451,Zircon,1.0,3922,70.66573069353566,1056.7623661397247,2497.848546659867,1020,2457,1100,2544,98.3382283694726,53.17612417368663,0.8940050148165033,0.0,1.0,0.0,0.0,0.0,0.0,0.0,0.0,0.0,0.0,0.0,0.0,0.0,0.0,0.0,0.0,0.0
1453,Rutile,0.9157014157014157,1554,44.48161701780234,1043.114543114543,2721.76833976834,1020,2699,1071,2752,50.48615304971613,45.56263423800426,0.8327974276527331,0.0,0.0,0.9157014157014157,0.025096525096525095,0.0,0.0,0.0,0.0,0.0,0.0,0.0,0.0,0.0,0.0,0.0,0.0,0.059202059202059204
1454,Zircon,1.0,461,24.22732816723524,1042.6919739696311,2673.522776572668,1027,2658,1060,2690,41.19749848201713,17.17761742806251,0.7866894197952219,0.0,1.0,0.0,0.0,0.0,0.0,0.0,0.0,0.0,0.0,0.0,0.0,0.0,0.0,0.0,0.0,0.0
1455,Zircon,1.0,1028,36.17858830838687,1053.9289883268482,2221.7354085603115,1040,2186,1067,2250,66.18383460757651,22.079296297289183,0.8371335504885994,0.0,1.0,0.0,0.0,0.0,0.0,0.0,0.0,0.0,0.0,0.0,0.0,0.0,0.0,0.0,0.0,0.0
1456,Rutile,1.0,388,22.22649192646566,1054.4381443298969,2547.2061855670104,1044,2535,1066,2561,25.299143017791963,20.217262870371655,0.8960739030023095,0.0,0.0,1.0,0.0,0.0,0.0,0.0,0.0,0.0,0.0,0.0,0.0,0.0,0.0,0.0,0.0,0.0
1457,Iron Oxides,1.0,313,19.963065333312567,1052.4376996805113,2928.367412140575,1044,2917,1062,2942,26.44499231442786,16.575883147939265,0.8646408839779005,0.0,0.0,0.0,0.0,1.0,0.0,0.0,0.0,0.0,0.0,0.0,0.0,0.0,0.0,0.0,0.0,0.0
1458,Rutile,1.0,768,31.270560761786875,1054.9817708333333,2624.44921875,1040,2602,1073,2646,45.84164721367205,23.726675651356317,0.8329718004338394,0.0,0.0,1.0,0.0,0.0,0.0,0.0,0.0,0.0,0.0,0.0,0.0,0.0,0.0,0.0,0.0,0.0
1459,Rutile,1.0,1105,37.50906153094682,1057.6977375565612,1420.691402714932,1038,1398,1075,1449,50.217900974760944,33.54729866435548,0.7776213933849402,0.0,0.0,1.0,0.0,0.0,0.0,0.0,0.0,0.0,0.0,0.0,0.0,0.0,0.0,0.0,0.0,0.0
1460,Rutile,0.9614403175503261,3527,67.01280380853288,1060.9608732633967,1719.1791891125602,1026,1681,1102,1757,87.02745709063184,56.37496892618153,0.8170025480657864,0.0,0.0,0.9614403175503261,0.0,0.0,0.0,0.0,0.0,0.0,0.0,0.0,0.0,0.0,0.0,0.0,0.0,0.03855968244967394
1461,Zircon,1.0,3433,66.113775849484,1062.083309059132,1314.8380425284008,1023,1274,1099,1357,101.14546078257922,43.84476049911563,0.9465122690929143,0.0,1.0,0.0,0.0,0.0,0.0,0.0,0.0,0.0,0.0,0.0,0.0,0.0,0.0,0.0,0.0,0.0
1462,Zircon,1.0,1160,38.43120960746342,1054.9922413793104,1788.8663793103449,1035,1767,1074,1812,50.94778421687044,30.745822707321825,0.8663181478715459,0.0,1.0,0.0,0.0,0.0,0.0,0.0,0.0,0.0,0.0,0.0,0.0,0.0,0.0,0.0,0.0,0.0
1463,Ilmenite,1.0,635,28.43425945768288,1055.3732283464567,2349.752755905512,1039,2335,1073,2363,33.68654559013694,24.98554578321894,0.8466666666666667,0.0,0.0,0.0,1.0,0.0,0.0,0.0,0.0,0.0,0.0,0.0,0.0,0.0,0.0,0.0,0.0,0.0
1464,Rutile,1.0,756,31.025297674958463,1061.5820105820105,1192.526455026455,1046,1172,1079,1210,39.38702832719182,25.534566559080375,0.9163636363636364,0.0,0.0,1.0,0.0,0.0,0.0,0.0,0.0,0.0,0.0,0.0,0.0,0.0,0.0,0.0,0.0,0.0
1465,Rutile,0.9544962080173348,1846,48.48092614194896,1064.1711809317444,948.5720476706392,1039,923,1092,976,50.61308733188874,47.91898749388198,0.876959619952494,0.0,0.0,0.9544962080173348,0.0,0.0,0.0,0.04550379198266522,0.0,0.0,0.0,0.0,0.0,0.0,0.0,0.0,0.0,0.0
1466,Zircon,1.0,2648,58.06494910407406,1061.5083081570997,1141.9010574018127,1032,1114,1094,1173,61.394462126892535,55.63856481642244,0.9317382125263899,0.0,1.0,0.0,0.0,0.0,0.0,0.0,0.0,0.0,0.0,0.0,0.0,0.0,0.0,0.0,0.0,0.0
1467,Quartz,1.0,591,27.431452220735256,1069.3536379018612,2952.7817258883247,1054,2941,1088,2966,35.9740782261422,22.3794965722629,0.8873873873873874,0.0,0.0,0.0,0.0,0.0,0.0,1.0,0.0,0.0,0.0,0.0,0.0,0.0,0.0,0.0,0.0,0.0
1468,Iron Oxides,1.0,303,19.64157789116634,1065.2244224422443,2570.963696369637,1057,2558,1074,2585,27.800055668409737,14.503667580823041,0.8731988472622478,0.0,0.0,0.0,0.0,1.0,0.0,0.0,0.0,0.0,0.0,0.0,0.0,0.0,0.0,0.0,0.0,0.0
1469,Rutile,1.0,956,34.88863718700998,1066.484309623431,285.43723849372384,1052,261,1083,311,44.84174951247019,28.57676869584114,0.8746569075937786,0.0,0.0,1.0,0.0,0.0,0.0,0.0,0.0,0.0,0.0,0.0,0.0,0.0,0.0,0.0,0.0,0.0
1470,Zircon,1.0,570,26.939683377854365,1078.8736842105263,2138.278947368421,1062,2124,1096,2150,38.43398786442873,23.836472529207256,0.8142857142857143,0.0,1.0,0.0,0.0,0.0,0.0,0.0,0.0,0.0,0.0,0.0,0.0,0.0,0.0,0.0,0.0,0.0
1471,Rutile,1.0,3405,65.84360750918215,1061.4105726872247,750.4775330396476,1018,721,1099,783,79.23625164735341,57.356879886139936,0.8706213244694452,0.0,0.0,1.0,0.0,0.0,0.0,0.0,0.0,0.0,0.0,0.0,0.0,0.0,0.0,0.0,0.0,0.0
1472,Zircon,1.0,2231,53.297255316799834,1073.73240699238,854.7714029583146,1043,821,1107,887,80.90539668984655,36.26437704863124,0.9076484947111473,0.0,1.0,0.0,0.0,0.0,0.0,0.0,0.0,0.0,0.0,0.0,0.0,0.0,0.0,0.0,0.0,0.0
1473,Zircon,1.0,1311,40.85605271129112,1070.446224256293,2856.0968726163233,1047,2839,1094,2879,48.044562080022104,35.81731219699429,0.9357601713062098,0.0,1.0,0.0,0.0,0.0,0.0,0.0,0.0,0.0,0.0,0.0,0.0,0.0,0.0,0.0,0.0,0.0
1474,Quartz,1.0,1283,40.41740139958547,1067.207326578332,2088.368667186282,1048,2061,1090,2120,54.90148333548497,34.73762865381103,0.7900246305418719,0.0,0.0,0.0,0.0,0.0,0.0,1.0,0.0,0.0,0.0,0.0,0.0,0.0,0.0,0.0,0.0,0.0
1475,Quartz,1.0,1174,38.66242653428625,1074.7904599659284,1544.6396933560477,1050,1524,1103,1564,50.189993661813396,31.44987440614153,0.9107835531419706,0.0,0.0,0.0,0.0,0.0,0.0,1.0,0.0,0.0,0.0,0.0,0.0,0.0,0.0,0.0,0.0,0.0
1476,Zircon,1.0,628,28.277100878514442,1071.9792993630574,2673.7738853503183,1056,2657,1087,2693,36.95838465494787,23.076817940998886,0.8698060941828255,0.0,1.0,0.0,0.0,0.0,0.0,0.0,0.0,0.0,0.0,0.0,0.0,0.0,0.0,0.0,0.0,0.0
1477,Zircon,1.0,1473,43.30683374936218,1074.399185336049,2415.3536999321113,1058,2375,1095,2447,66.62309674388912,31.07348113581014,0.8911070780399274,0.0,1.0,0.0,0.0,0.0,0.0,0.0,0.0,0.0,0.0,0.0,0.0,0.0,0.0,0.0,0.0,0.0
1478,Zircon,1.0,3490,66.6603781201826,1074.0249283667622,1605.328653295129,1047,1567,1104,1646,79.5610853871153,56.289426652752205,0.9614325068870524,0.0,1.0,0.0,0.0,0.0,0.0,0.0,0.0,0.0,0.0,0.0,0.0,0.0,0.0,0.0,0.0,0.0
1479,Zircon,1.0,261,18.229523339239496,1077.9616858237548,1773.4176245210729,1070,1760,1088,1784,22.5726280850713,16.66343520109396,0.8392282958199357,0.0,1.0,0.0,0.0,0.0,0.0,0.0,0.0,0.0,0.0,0.0,0.0,0.0,0.0,0.0,0.0,0.0
1480,Rutile,1.0,287,19.115955360352558,1072.5400696864112,2610.7979094076654,1063,2600,1081,2623,22.29284292591594,17.16515942864504,0.9258064516129032,0.0,0.0,1.0,0.0,0.0,0.0,0.0,0.0,0.0,0.0,0.0,0.0,0.0,0.0,0.0,0.0,0.0
1481,Ilmenite,1.0,134,13.061933202803933,1077.2462686567164,368.86567164179104,1067,363,1087,376,19.233982489546992,10.424751165429551,0.73224043715847,0.0,0.0,0.0,1.0,0.0,0.0,0.0,0.0,0.0,0.0,0.0,0.0,0.0,0.0,0.0,0.0,0.0
1482,Rutile,1.0,152,13.911592676604096,1076.1842105263158,897.296052631579,1068,891,1088,906,20.60039639634379,12.628058090577133,0.672566371681416,0.0,0.0,1.0,0.0,0.0,0.0,0.0,0.0,0.0,0.0,0.0,0.0,0.0,0.0,0.0,0.0,0.0
1483,Quartz,1.0,113,11.994835078277376,1078.4601769911505,905.3716814159292,1074,898,1085,914,14.264894663225409,11.14558009931538,0.8560606060606061,0.0,0.0,0.0,0.0,0.0,0.0,1.0,0.0,0.0,0.0,0.0,0.0,0.0,0.0,0.0,0.0,0.0
1484,Chromite,1.0,194,15.716503163191918,1076.840206185567,1079.7628865979382,1065,1074,1087,1088,21.655335261387986,13.132402481812992,0.8016528925619835,0.0,0.0,0.0,0.0,0.0,0.0,0.0,1.0,0.0,0.0,0.0,0.0,0.0,0.0,0.0,0.0,0.0
1485,Zircon,1.0,687,29.575590733458846,1079.3420669577874,2190.8005822416303,1064,2176,1094,2207,31.93060795793358,28.43896976111108,0.916,0.0,1.0,0.0,0.0,0.0,0.0,0.0,0.0,0.0,0.0,0.0,0.0,0.0,0.0,0.0,0.0,0.0
1486,Iron Oxides,1.0,126,12.666024736934256,1079.904761904762,2651.4603174603176,1076,2639,1087,2660,18.00667179262647,11.079894139719462,0.7875,0.0,0.0,0.0,0.0,1.0,0.0,0.0,0.0,0.0,0.0,0.0,0.0,0.0,0.0,0.0,0.0,0.0
1487,Illite,1.0,1423,42.56547746893175,1082.1806043569923,1018.1356289529164,1057,987,1106,1045,52.59515106798945,40.443091398714834,0.7289959016393442,0.0,0.0,0.0,0.0,0.0,0.0,0.0,0.0,0.0,0.0,0.0,0.0,1.0,0.0,0.0,0.0,0.0
1488,Zircon,1.0,846,32.82012575914278,1084.6583924349882,1832.1371158392435,1067,1816,1102,1849,37.660171097792684,29.365670834309007,0.9096774193548387,0.0,1.0,0.0,0.0,0.0,0.0,0.0,0.0,0.0,0.0,0.0,0.0,0.0,0.0,0.0,0.0,0.0
1489,Rutile,1.0,134,13.061933202803933,1080.910447761194,1667.813432835821,1072,1662,1090,1675,18.053915363992306,10.478016029476374,0.8072289156626506,0.0,0.0,1.0,0.0,0.0,0.0,0.0,0.0,0.0,0.0,0.0,0.0,0.0,0.0,0.0,0.0,0.0
1490,Zircon,0.9723414401525989,2097,51.67188137962113,1086.9060562708632,2245.821173104435,1068,2207,1108,2285,80.5946717038529,33.31533925267151,0.961044912923923,0.0,0.9723414401525989,0.0,0.0,0.0,0.0,0.0,0.0,0.0,0.0,0.0,0.0,0.0,0.0,0.0,0.0,0.027658559847401048
1491,Rutile,1.0,307,19.77080019204319,1087.0586319218241,2618.801302931596,1076,2605,1098,2631,26.14109876578956,17.28083543852082,0.8078947368421052,0.0,0.0,1.0,0.0,0.0,0.0,0.0,0.0,0.0,0.0,0.0,0.0,0.0,0.0,0.0,0.0,0.0
1492,Zircon,1.0,1006,35.78936967876878,1083.5944333996024,2545.244532803181,1070,2518,1099,2572,50.905038349131445,26.307538722861427,0.8879082082965578,0.0,1.0,0.0,0.0,0.0,0.0,0.0,0.0,0.0,0.0,0.0,0.0,0.0,0.0,0.0,0.0,0.0
1493,Zircon,1.0,682,29.467768315727287,1089.3196480938416,2697.357771260997,1074,2679,1105,2716,37.393432667739624,25.42578765442242,0.8461538461538461,0.0,1.0,0.0,0.0,0.0,0.0,0.0,0.0,0.0,0.0,0.0,0.0,0.0,0.0,0.0,0.0,0.0
1494,Zircon,1.0,326,20.37341629633241,1091.8527607361964,3262.5981595092026,1079,3253,1110,3269,32.406434114535905,14.415287737217326,0.8834688346883469,0.0,1.0,0.0,0.0,0.0,0.0,0.0,0.0,0.0,0.0,0.0,0.0,0.0,0.0,0.0,0.0,0.0
1495,Monazite & Xenotime,1.0,284,19.015783725757565,1090.394366197183,970.8556338028169,1080,962,1105,981,26.622160085364598,15.147700028530613,0.8328445747800587,1.0,0.0,0.0,0.0,0.0,0.0,0.0,0.0,0.0,0.0,0.0,0.0,0.0,0.0,0.0,0.0,0.0
1496,Zircon,1.0,398,22.511093682995384,1087.9497487437186,2356.894472361809,1078,2345,1100,2371,25.35325058784267,20.403200403447382,0.9255813953488372,0.0,1.0,0.0,0.0,0.0,0.0,0.0,0.0,0.0,0.0,0.0,0.0,0.0,0.0,0.0,0.0,0.0
1497,Zircon,1.0,1436,42.75946662716566,1088.0738161559889,810.1128133704735,1066,783,1108,837,50.200530581404884,37.66492478567926,0.9367253750815394,0.0,1.0,0.0,0.0,0.0,0.0,0.0,0.0,0.0,0.0,0.0,0.0,0.0,0.0,0.0,0.0,0.0
1499,Quartz,0.7241379310344828,261,18.229523339239496,1090.2681992337166,912.7164750957854,1082,903,1101,924,23.204931134011073,15.877833294069486,0.8080495356037152,0.0,0.0,0.27586206896551724,0.0,0.0,0.0,0.7241379310344828,0.0,0.0,0.0,0.0,0.0,0.0,0.0,0.0,0.0,0.0
1500,Zircon,1.0,1159,38.414640859287665,1098.1855047454703,2903.716997411562,1077,2881,1121,2936,49.3168796348501,33.82155712796353,0.7545572916666666,0.0,1.0,0.0,0.0,0.0,0.0,0.0,0.0,0.0,0.0,0.0,0.0,0.0,0.0,0.0,0.0,0.0
1501,Ilmenite,1.0,469,24.436639426909572,1087.690831556503,1880.1855010660981,1068,1872,1103,1895,36.35056691015794,19.29641578446449,0.8300884955752212,0.0,0.0,0.0,1.0,0.0,0.0,0.0,0.0,0.0,0.0,0.0,0.0,0.0,0.0,0.0,0.0,0.0
1502,Zircon,1.0,517,25.65667251667837,1095.193423597679,279.3230174081238,1085,262,1106,294,30.91240256575874,21.737768110975157,0.9538745387453874,0.0,1.0,0.0,0.0,0.0,0.0,0.0,0.0,0.0,0.0,0.0,0.0,0.0,0.0,0.0,0.0,0.0
1504,Rutile,1.0,1896,49.13310672874115,1096.0479957805908,1457.4087552742617,1071,1433,1123,1485,52.58205126000051,46.73125441122793,0.9634146341463414,0.0,0.0,1.0,0.0,0.0,0.0,0.0,0.0,0.0,0.0,0.0,0.0,0.0,0.0,0.0,0.0,0.0
1505,Rutile,1.0,257,18.089294154193436,1096.5408560311284,1113.5719844357977,1087,1097,1106,1126,26.950176176238195,17.5766963956705,0.6658031088082902,0.0,0.0,1.0,0.0,0.0,0.0,0.0,0.0,0.0,0.0,0.0,0.0,0.0,0.0,0.0,0.0,0.0
1506,Zircon,1.0,1011,35.878199226372125,1105.3135509396636,1775.7715133531158,1090,1753,1124,1800,45.9098881988715,29.256369657809586,0.9149321266968325,0.0,1.0,0.0,0.0,0.0,0.0,0.0,0.0,0.0,0.0,0.0,0.0,0.0,0.0,0.0,0.0,0.0
1507,Zircon,1.0,361,21.43920417481474,1104.9861495844875,846.7119113573407,1090,836,1119,858,27.24175424021441,17.343894694115377,0.9002493765586035,0.0,1.0,0.0,0.0,0.0,0.0,0.0,0.0,0.0,0.0,0.0,0.0,0.0,0.0,0.0,0.0,0.0
1509,Monazite & Xenotime,1.0,747,30.8400703617415,1105.0093708165998,1646.7295850066935,1089,1630,1125,1665,37.27240841165688,27.7137873490256,0.86558516801854,1.0,0.0,0.0,0.0,0.0,0.0,0.0,0.0,0.0,0.0,0.0,0.0,0.0,0.0,0.0,0.0,0.0
1510,Quartz,1.0,174,14.884343478431232,1103.1264367816093,1858.0747126436781,1096,1850,1110,1869,17.593517242151243,14.031453236136192,0.8169014084507042,0.0,0.0,0.0,0.0,0.0,0.0,1.0,0.0,0.0,0.0,0.0,0.0,0.0,0.0,0.0,0.0,0.0
1511,Zircon,1.0,4347,74.39605030486331,1104.9314469749252,208.426731078905,1063,171,1148,247,86.55610555866323,65.22756647699127,0.926075841499787,0.0,1.0,0.0,0.0,0.0,0.0,0.0,0.0,0.0,0.0,0.0,0.0,0.0,0.0,0.0,0.0,0.0
1512,Rutile,1.0,104,11.507254783503184,1105.1634615384614,1742.048076923077,1099,1736,1111,1751,15.93453941660398,9.068701183447311,0.8188976377952756,0.0,0.0,1.0,0.0,0.0,0.0,0.0,0.0,0.0,0.0,0.0,0.0,0.0,0.0,0.0,0.0,0.0
1513,Zircon,1.0,1598,45.106948383666904,1104.366082603254,2392.401752190238,1083,2366,1130,2418,48.87120081593477,42.77531473634291,0.9157593123209169,0.0,1.0,0.0,0.0,0.0,0.0,0.0,0.0,0.0,0.0,0.0,0.0,0.0,0.0,0.0,0.0,0.0
1514,Rutile,1.0,361,21.43920417481474,1102.191135734072,1213.5373961218836,1086,1204,1118,1224,33.7648188313012,14.831105380801429,0.8094170403587444,0.0,0.0,1.0,0.0,0.0,0.0,0.0,0.0,0.0,0.0,0.0,0.0,0.0,0.0,0.0,0.0,0.0
1515,Rutile,1.0,232,17.186959427966244,1111.030172413793,1729.2629310344828,1101,1717,1121,1743,27.380886033076667,13.19067763973449,0.755700325732899,0.0,0.0,1.0,0.0,0.0,0.0,0.0,0.0,0.0,0.0,0.0,0.0,0.0,0.0,0.0,0.0,0.0
1516,Zircon,1.0,303,19.64157789116634,1107.2310231023102,2153.4257425742576,1094,2143,1121,2163,24.071147165099173,16.95677121889125,0.8535211267605634,0.0,1.0,0.0,0.0,0.0,0.0,0.0,0.0,0.0,0.0,0.0,0.0,0.0,0.0,0.0,0.0,0.0
1518,Quartz,1.0,1211,39.26694651579471,1111.4170107349298,2190.311312964492,1095,2164,1126,2220,53.91937791678844,30.314798176825835,0.8930678466076696,0.0,0.0,0.0,0.0,0.0,0.0,1.0,0.0,0.0,0.0,0.0,0.0,0.0,0.0,0.0,0.0,0.0
1519,Zircon,1.0,335,20.65272978291924,1100.110447761194,2943.525373134328,1090,2929,1113,2962,36.59185612696656,15.64668159139494,0.7219827586206896,0.0,1.0,0.0,0.0,0.0,0.0,0.0,0.0,0.0,0.0,0.0,0.0,0.0,0.0,0.0,0.0,0.0
1520,Rutile,1.0,1259,40.03758967297569,1112.2660841938045,312.8268467037331,1092,294,1133,338,46.27483858135227,37.73235377757536,0.8779637377963738,0.0,0.0,1.0,0.0,0.0,0.0,0.0,0.0,0.0,0.0,0.0,0.0,0.0,0.0,0.0,0.0,0.0
1521,Rutile,0.7831325301204819,332,20.56004690782767,1111.3644578313254,904.8915662650602,1102,893,1122,919,27.994127119375705,17.963578358679467,0.8177339901477833,0.0,0.0,0.7831325301204819,0.0,0.0,0.0,0.21686746987951808,0.0,0.0,0.0,0.0,0.0,0.0,0.0,0.0,0.0,0.0
1522,Quartz,1.0,138,13.255453865237978,1114.463768115942,1834.1014492753623,1109,1827,1121,1844,16.783990670524396,11.47254236297512,0.8466257668711656,0.0,0.0,0.0,0.0,0.0,0.0,1.0,0.0,0.0,0.0,0.0,0.0,0.0,0.0,0.0,0.0,0.0
1523,Zircon,1.0,548,26.414679072721462,1114.0620437956204,2744.7445255474454,1104,2727,1126,2767,41.742586261384005,19.86482343482546,0.7873563218390804,0.0,1.0,0.0,0.0,0.0,0.0,0.0,0.0,0.0,0.0,0.0,0.0,0.0,0.0,0.0,0.0,0.0
1524,Zircon,1.0,128,12.766152972845846,1119.1484375,2938.15625,1112,2931,1130,2946,15.974038017163634,13.16100092560254,0.7398843930635838,0.0,1.0,0.0,0.0,0.0,0.0,0.0,0.0,0.0,0.0,0.0,0.0,0.0,0.0,0.0,0.0,0.0
1525,Quartz,1.0,701,29.87542335866304,1115.5734664764623,2120.4251069900142,1103,2103,1133,2140,37.20115131443574,26.375773111079464,0.8675742574257426,0.0,0.0,0.0,0.0,0.0,0.0,1.0,0.0,0.0,0.0,0.0,0.0,0.0,0.0,0.0,0.0,0.0
1527,Monazite & Xenotime,1.0,101,11.340070282773887,1121.069306930693,1856.9405940594058,1115,1850,1128,1864,16.0172742033996,10.429714922520356,0.7112676056338029,1.0,0.0,0.0,0.0,0.0,0.0,0.0,0.0,0.0,0.0,0.0,0.0,0.0,0.0,0.0,0.0,0.0
1528,Quartz,1.0,412,22.903595622322865,1121.1140776699028,1875.5800970873786,1110,1866,1140,1890,30.40943587341722,19.472759214821913,0.8494845360824742,0.0,0.0,0.0,0.0,0.0,0.0,1.0,0.0,0.0,0.0,0.0,0.0,0.0,0.0,0.0,0.0,0.0
1529,Zircon,0.937731196054254,1622,45.444411554782334,1119.654130702836,2531.9944512946977,1095,2503,1141,2559,52.16431407857223,42.586280536861686,0.8877941981390257,0.0,0.937731196054254,0.011713933415536375,0.0,0.0,0.0,0.05055487053020962,0.0,0.0,0.0,0.0,0.0,0.0,0.0,0.0,0.0,0.0
1530,Zircon,1.0,416,23.014509567006368,1124.5216346153845,3260.1778846153848,1110,3247,1141,3269,30.0129417020643,23.18192964774985,0.7938931297709924,0.0,1.0,0.0,0.0,0.0,0.0,0.0,0.0,0.0,0.0,0.0,0.0,0.0,0.0,0.0,0.0,0.0
1531,Rutile,1.0,1651,45.84886572596702,1125.397940642035,78.54754694124773,1100,50,1151,115,69.56262696119623,32.11917263375619,0.8419173890872004,0.0,0.0,1.0,0.0,0.0,0.0,0.0,0.0,0.0,0.0,0.0,0.0,0.0,0.0,0.0,0.0,0.0
1532,Monazite & Xenotime,1.0,390,22.283703068536735,1122.002564102564,471.2794871794872,1109,461,1134,484,26.772129428417298,19.59887731098337,0.9154929577464789,1.0,0.0,0.0,0.0,0.0,0.0,0.0,0.0,0.0,0.0,0.0,0.0,0.0,0.0,0.0,0.0,0.0
1534,Ilmenite,0.5943775100401606,249,17.805522925178455,1119.9839357429719,2495.4939759036147,1111,2482,1128,2506,22.0127233385422,15.595719485742745,0.8892857142857142,0.0,0.0,0.40562248995983935,0.5943775100401606,0.0,0.0,0.0,0.0,0.0,0.0,0.0,0.0,0.0,0.0,0.0,0.0,0.0
1535,Monazite & Xenotime,1.0,228,17.03815178355966,1122.969298245614,951.0877192982456,1115,939,1130,962,23.20982005341359,13.514427140303553,0.8837209302325582,1.0,0.0,0.0,0.0,0.0,0.0,0.0,0.0,0.0,0.0,0.0,0.0,0.0,0.0,0.0,0.0,0.0
1536,Rutile,1.0,135,13.110581167104948,1122.6296296296296,1074.9407407407407,1114,1068,1130,1082,16.019196405204223,11.520397466223873,0.8490566037735849,0.0,0.0,1.0,0.0,0.0,0.0,0.0,0.0,0.0,0.0,0.0,0.0,0.0,0.0,0.0,0.0,0.0
1537,Zircon,1.0,819,32.29215364663835,1124.2161172161173,1171.4932844932846,1108,1154,1142,1194,39.62940516139993,28.337410975848293,0.8460743801652892,0.0,1.0,0.0,0.0,0.0,0.0,0.0,0.0,0.0,0.0,0.0,0.0,0.0,0.0,0.0,0.0,0.0
1538,Zircon,1.0,1662,46.00134914706133,1121.0282791817087,1682.389891696751,1092,1661,1148,1706,56.23646210200382,39.05455628884581,0.9172185430463576,0.0,1.0,0.0,0.0,0.0,0.0,0.0,0.0,0.0,0.0,0.0,0.0,0.0,0.0,0.0,0.0,0.0
1539,Zircon,1.0,744,30.77808020788433,1132.366935483871,1585.3158602150538,1114,1568,1154,1600,40.925560355254845,24.209071506516985,0.8996372430471584,0.0,1.0,0.0,0.0,0.0,0.0,0.0,0.0,0.0,0.0,0.0,0.0,0.0,0.0,0.0,0.0,0.0
1540,Zircon,1.0,2038,50.93978987167361,1134.333660451423,2615.228164867517,1107,2589,1166,2645,61.567741532411645,44.967681855603196,0.8687127024722933,0.0,1.0,0.0,0.0,0.0,0.0,0.0,0.0,0.0,0.0,0.0,0.0,0.0,0.0,0.0,0.0,0.0
1541,Zircon,1.0,4695,77.31661957517018,1155.2753993610224,2097.0038338658146,1093,2067,1214,2136,126.74553028854672,48.45734633936654,0.9348864994026285,0.0,1.0,0.0,0.0,0.0,0.0,0.0,0.0,0.0,0.0,0.0,0.0,0.0,0.0,0.0,0.0,0.0
1542,Rutile,1.0,449,23.90992587997897,1111.251670378619,2058.2561247216036,1093,2045,1147,2071,45.38353274631987,25.458823275306322,0.5227008149010477,0.0,0.0,1.0,0.0,0.0,0.0,0.0,0.0,0.0,0.0,0.0,0.0,0.0,0.0,0.0,0.0,0.0
1543,Rutile,1.0,411,22.875783109789968,1125.2311435523113,829.4136253041363,1110,819,1140,841,28.73824651055646,19.438099458221867,0.8439425051334702,0.0,0.0,1.0,0.0,0.0,0.0,0.0,0.0,0.0,0.0,0.0,0.0,0.0,0.0,0.0,0.0,0.0
1544,Quartz,1.0,490,24.977737626138797,1127.1,1625.391836734694,1112,1610,1142,1641,29.424925565885218,23.041356682954575,0.7644305772230889,0.0,0.0,0.0,0.0,0.0,0.0,1.0,0.0,0.0,0.0,0.0,0.0,0.0,0.0,0.0,0.0,0.0
1545,Zircon,1.0,1268,40.180439802523146,1112.3880126182964,2442.0930599369085,1092,2421,1133,2464,49.11167588417557,34.37711578313167,0.9208424110384895,0.0,1.0,0.0,0.0,0.0,0.0,0.0,0.0,0.0,0.0,0.0,0.0,0.0,0.0,0.0,0.0,0.0
1546,Rutile,1.0,1107,37.542991037233904,1132.1246612466125,372.650406504065,1112,354,1155,394,45.01424764836136,33.33812089085616,0.8655199374511336,0.0,0.0,1.0,0.0,0.0,0.0,0.0,0.0,0.0,0.0,0.0,0.0,0.0,0.0,0.0,0.0,0.0
1547,Rutile,1.0,802,31.955251757380985,1137.4064837905237,540.1221945137157,1121,520,1152,563,45.733002533370716,28.07353960324882,0.7573182247403211,0.0,0.0,1.0,0.0,0.0,0.0,0.0,0.0,0.0,0.0,0.0,0.0,0.0,0.0,0.0,0.0,0.0
1548,Zircon,1.0,373,21.792621462004423,1133.0563002680965,2019.5710455764074,1122,2009,1150,2032,25.610684363155034,20.90945573594462,0.7987152034261242,0.0,1.0,0.0,0.0,0.0,0.0,0.0,0.0,0.0,0.0,0.0,0.0,0.0,0.0,0.0,0.0,0.0
1549,Zircon,1.0,809,32.09440436728413,1144.6464771322621,2434.7824474660074,1132,2418,1162,2454,35.8032164147916,30.337544289492488,0.9256292906178489,0.0,1.0,0.0,0.0,0.0,0.0,0.0,0.0,0.0,0.0,0.0,0.0,0.0,0.0,0.0,0.0,0.0
1550,Rutile,1.0,1875,48.860251190292,1129.0128,1105.5610666666666,1090,1067,1151,1140,66.13042632856282,55.31074301277056,0.6345177664974619,0.0,0.0,1.0,0.0,0.0,0.0,0.0,0.0,0.0,0.0,0.0,0.0,0.0,0.0,0.0,0.0,0.0
1551,Zircon,1.0,1108,37.55994429663814,1133.7788808664259,1804.9440433212997,1111,1785,1159,1829,54.855424455625204,26.687106160165687,0.9104354971240756,0.0,1.0,0.0,0.0,0.0,0.0,0.0,0.0,0.0,0.0,0.0,0.0,0.0,0.0,0.0,0.0,0.0
1552,Rutile,1.0,180,15.138795132120961,1133.6277777777777,2463.95,1127,2456,1142,2475,20.562082925915146,11.768581527944972,0.8737864077669902,0.0,0.0,1.0,0.0,0.0,0.0,0.0,0.0,0.0,0.0,0.0,0.0,0.0,0.0,0.0,0.0,0.0
1553,Rutile,0.864910790144435,1177,38.71179334716084,1134.266779949023,1231.785046728972,1112,1213,1155,1253,48.72576511561634,31.97040830755014,0.9159533073929961,0.0,0.0,0.864910790144435,0.0,0.0,0.0,0.135089209855565,0.0,0.0,0.0,0.0,0.0,0.0,0.0,0.0,0.0,0.0
1554,Rutile,1.0,282,18.948708441878455,1142.5283687943263,2953.04609929078,1133,2940,1152,2969,28.789532893554252,14.052420672980304,0.75,0.0,0.0,1.0,0.0,0.0,0.0,0.0,0.0,0.0,0.0,0.0,0.0,0.0,0.0,0.0,0.0,0.0
1555,Zircon,1.0,614,27.96013377055607,1140.5781758957655,2215.758957654723,1124,2204,1161,2231,40.91988992593546,19.652710077694593,0.9431643625192012,0.0,1.0,0.0,0.0,0.0,0.0,0.0,0.0,0.0,0.0,0.0,0.0,0.0,0.0,0.0,0.0,0.0
1556,Rutile,1.0,176,14.96964127403822,1143.3238636363637,2468.7727272727275,1137,2460,1151,2482,20.27106794818588,11.852773784595382,0.8421052631578947,0.0,0.0,1.0,0.0,0.0,0.0,0.0,0.0,0.0,0.0,0.0,0.0,0.0,0.0,0.0,0.0,0.0
1558,Quartz,1.0,562,26.749964937194992,1147.7989323843417,626.9875444839857,1133,614,1167,645,36.30408983225327,21.926373696256086,0.8554033485540334,0.0,0.0,0.0,0.0,0.0,0.0,1.0,0.0,0.0,0.0,0.0,0.0,0.0,0.0,0.0,0.0,0.0
1559,Unknown,1.0,628,28.277100878514442,1144.21974522293,1012.2468152866242,1130,997,1159,1028,33.48711411553639,24.460542216660176,0.9154518950437318,0.0,0.0,0.0,0.0,0.0,0.0,0.0,0.0,0.0,0.0,0.0,0.0,0.0,0.0,0.0,0.0,1.0
1560,Monazite & Xenotime,1.0,1022,36.07285426355026,1146.6810176125246,962.9882583170254,1128,943,1167,984,39.489369657748256,34.21184993070765,0.8863833477883781,1.0,0.0,0.0,0.0,0.0,0.0,0.0,0.0,0.0,0.0,0.0,0.0,0.0,0.0,0.0,0.0,0.0
1561,Zircon,0.9793064876957495,1788,47.71322988424144,1144.6549217002237,1753.565995525727,1112,1731,1169,1782,50.565924130869824,47.85532885626245,0.890881913303438,0.0,0.9793064876957495,0.02069351230425056,0.0,0.0,0.0,0.0,0.0,0.0,0.0,0.0,0.0,0.0,0.0,0.0,0.0,0.0
1562,Zircon,1.0,1016,35.96680938658481,1146.2618110236222,923.5905511811023,1129,906,1170,947,45.2296426752143,30.092448355434318,0.9407407407407408,0.0,1.0,0.0,0.0,0.0,0.0,0.0,0.0,0.0,0.0,0.0,0.0,0.0,0.0,0.0,0.0,0.0
1563,Rutile,1.0,946,34.70568554746418,1155.1342494714588,2177.6014799154336,1135,2157,1181,2200,55.47635511692098,23.032681019669514,0.8431372549019608,0.0,0.0,1.0,0.0,0.0,0.0,0.0,0.0,0.0,0.0,0.0,0.0,0.0,0.0,0.0,0.0,0.0
1564,Rutile,1.0,269,18.5067943613625,1147.5427509293681,1297.717472118959,1140,1285,1157,1310,21.794092248393476,16.41405452393771,0.867741935483871,0.0,0.0,1.0,0.0,0.0,0.0,0.0,0.0,0.0,0.0,0.0,0.0,0.0,0.0,0.0,0.0,0.0
1565,Rutile,1.0,142,13.446189622059965,1148.2535211267605,1987.0774647887324,1142,1978,1155,1995,14.675641988219187,12.868009138656793,0.8304093567251462,0.0,0.0,1.0,0.0,0.0,0.0,0.0,0.0,0.0,0.0,0.0,0.0,0.0,0.0,0.0,0.0,0.0
1566,Zircon,1.0,593,27.47782833536798,1147.2141652613827,1833.8549747048903,1131,1820,1166,1852,37.20470394323429,23.27272843446409,0.8068027210884354,0.0,1.0,0.0,0.0,0.0,0.0,0.0,0.0,0.0,0.0,0.0,0.0,0.0,0.0,0.0,0.0,0.0
1567,Rutile,1.0,405,22.708192698181442,1149.530864197531,2344.7086419753086,1140,2332,1163,2358,26.99759052820029,19.922779071779377,0.9040178571428571,0.0,0.0,1.0,0.0,0.0,0.0,0.0,0.0,0.0,0.0,0.0,0.0,0.0,0.0,0.0,0.0,0.0
1570,Zircon,1.0,722,30.319613310508885,1154.2506925207756,1565.6038781163436,1140,1546,1170,1587,36.4025140416484,26.572747429709512,0.879415347137637,0.0,1.0,0.0,0.0,0.0,0.0,0.0,0.0,0.0,0.0,0.0,0.0,0.0,0.0,0.0,0.0,0.0
1571,Zircon,1.0,1980,50.20970323130403,1150.7621212121212,1907.5893939393939,1131,1877,1174,1939,59.62136892199278,44.1150989417965,0.9295774647887324,0.0,1.0,0.0,0.0,0.0,0.0,0.0,0.0,0.0,0.0,0.0,0.0,0.0,0.0,0.0,0.0,0.0
1572,Orthoclase,1.0,405,22.708192698181442,1155.7061728395063,2907.0049382716047,1143,2894,1169,2926,31.07146651012899,26.057050536133122,0.6183206106870229,0.0,0.0,0.0,0.0,0.0,0.0,0.0,0.0,1.0,0.0,0.0,0.0,0.0,0.0,0.0,0.0,0.0
1573,Zircon,1.0,1645,45.76547881416016,1157.2656534954408,1709.5282674772036,1130,1691,1188,1728,60.120164739518295,36.07756964745468,0.9563953488372093,0.0,1.0,0.0,0.0,0.0,0.0,0.0,0.0,0.0,0.0,0.0,0.0,0.0,0.0,0.0,0.0,0.0
1574,Zircon,1.0,2588,57.403344343118206,1154.814914992272,299.96329211746524,1133,268,1185,346,82.06825097140555,44.95380490321372,0.8743243243243243,0.0,1.0,0.0,0.0,0.0,0.0,0.0,0.0,0.0,0.0,0.0,0.0,0.0,0.0,0.0,0.0,0.0
1575,Rutile,1.0,227,17.000746355818674,1151.9383259911895,1609.7885462555066,1141,1600,1162,1623,23.39328251831618,17.850951941126,0.6796407185628742,0.0,0.0,1.0,0.0,0.0,0.0,0.0,0.0,0.0,0.0,0.0,0.0,0.0,0.0,0.0,0.0,0.0
1576,Zircon,1.0,389,22.255115881567058,1160.758354755784,1207.3264781491002,1148,1195,1175,1221,29.518941141868602,19.568287539794806,0.8104166666666667,0.0,1.0,0.0,0.0,0.0,0.0,0.0,0.0,0.0,0.0,0.0,0.0,0.0,0.0,0.0,0.0,0.0
1577,Quartz,1.0,1075,36.99638510165959,1156.685581395349,2266.1348837209302,1129,2247,1181,2286,56.27758832357569,25.93649176347893,0.845125786163522,0.0,0.0,0.0,0.0,0.0,0.0,1.0,0.0,0.0,0.0,0.0,0.0,0.0,0.0,0.0,0.0,0.0
1578,Zircon,1.0,136,13.159049284959082,1159.7720588235295,2880.014705882353,1152,2874,1169,2886,16.970877910936466,10.845511333306408,0.8662420382165605,0.0,1.0,0.0,0.0,0.0,0.0,0.0,0.0,0.0,0.0,0.0,0.0,0.0,0.0,0.0,0.0,0.0
1579,Rutile,1.0,945,34.68733731168665,1159.699470899471,1274.5883597883599,1144,1252,1174,1305,50.33567699557624,27.852377085679546,0.7651821862348178,0.0,0.0,1.0,0.0,0.0,0.0,0.0,0.0,0.0,0.0,0.0,0.0,0.0,0.0,0.0,0.0,0.0
1580,Quartz,1.0,656,28.900607975374268,1159.1996951219512,2373.2713414634145,1144,2359,1178,2390,36.04532826715052,23.707901262507153,0.9085872576177285,0.0,0.0,0.0,0.0,0.0,0.0,1.0,0.0,0.0,0.0,0.0,0.0,0.0,0.0,0.0,0.0,0.0
1581,Rutile,0.9662314272850068,2221,53.177674158022334,1159.628545700135,1453.646105357947,1133,1423,1190,1484,65.44168212007912,44.74141556331153,0.9347643097643098,0.0,0.0,0.9662314272850068,0.0,0.0,0.0,0.0,0.0,0.0,0.0,0.0,0.0,0.0,0.0,0.0,0.0,0.03376857271499325
1582,Rutile,1.0,105,11.562445770562215,1161.1333333333334,3117.5142857142855,1156,3111,1168,3125,14.608546419402764,9.56072296776503,0.860655737704918,0.0,0.0,1.0,0.0,0.0,0.0,0.0,0.0,0.0,0.0,0.0,0.0,0.0,0.0,0.0,0.0,0.0
1583,Rutile,1.0,329,20.466944330257718,1165.4741641337387,681.790273556231,1155,670,1179,694,28.481007747536818,16.40063952405585,0.7833333333333333,0.0,0.0,1.0,0.0,0.0,0.0,0.0,0.0,0.0,0.0,0.0,0.0,0.0,0.0,0.0,0.0,0.0
1584,Rutile,1.0,351,21.14017691983778,1163.5384615384614,2403.099715099715,1154,2391,1174,2421,27.448960641383728,18.55648973869908,0.814385150812065,0.0,0.0,1.0,0.0,0.0,0.0,0.0,0.0,0.0,0.0,0.0,0.0,0.0,0.0,0.0,0.0,0.0
1585,Rutile,1.0,484,24.824341676101277,1157.7871900826447,461.4814049586777,1146,449,1168,478,29.11716712866715,22.04854015502825,0.9307692307692308,0.0,0.0,1.0,0.0,0.0,0.0,0.0,0.0,0.0,0.0,0.0,0.0,0.0,0.0,0.0,0.0,0.0
1586,Zircon,1.0,463,24.279825147895533,1167.0475161987042,1589.0151187904967,1155,1577,1179,1604,28.808071028280125,21.051802105979174,0.9241516966067864,0.0,1.0,0.0,0.0,0.0,0.0,0.0,0.0,0.0,0.0,0.0,0.0,0.0,0.0,0.0,0.0,0.0
1587,Zircon,1.0,230,17.112717355495807,1168.517391304348,591.4130434782609,1160,584,1179,602,18.436547447371645,17.241080373234013,0.8812260536398467,0.0,1.0,0.0,0.0,0.0,0.0,0.0,0.0,0.0,0.0,0.0,0.0,0.0,0.0,0.0,0.0,0.0
1588,Zircon,1.0,1071,36.92749046999213,1172.4967320261437,1952.1633986928105,1150,1938,1195,1968,47.4338712625398,29.68232261733774,0.9161676646706587,0.0,1.0,0.0,0.0,0.0,0.0,0.0,0.0,0.0,0.0,0.0,0.0,0.0,0.0,0.0,0.0,0.0
1589,Quartz,1.0,257,18.089294154193436,1168.8715953307394,418.0,1161,407,1177,429,23.923976361694443,14.139458899879813,0.9017543859649123,0.0,0.0,0.0,0.0,0.0,0.0,1.0,0.0,0.0,0.0,0.0,0.0,0.0,0.0,0.0,0.0,0.0
1590,Zircon,1.0,882,33.511151553720346,1164.251700680272,1661.251700680272,1146,1647,1184,1677,38.650768484826706,29.646444201150818,0.9494079655543596,0.0,1.0,0.0,0.0,0.0,0.0,0.0,0.0,0.0,0.0,0.0,0.0,0.0,0.0,0.0,0.0,0.0
1591,Zircon,1.0,1151,38.28183271462029,1169.0903562119895,2508.071242397915,1152,2475,1189,2530,51.09003658539804,32.40321244380755,0.881992337164751,0.0,1.0,0.0,0.0,0.0,0.0,0.0,0.0,0.0,0.0,0.0,0.0,0.0,0.0,0.0,0.0,0.0
1592,Orthoclase,1.0,101,11.340070282773887,1167.851485148515,2934.792079207921,1162,2928,1174,2943,14.981128155531769,9.819479915774313,0.7829457364341085,0.0,0.0,0.0,0.0,0.0,0.0,0.0,0.0,1.0,0.0,0.0,0.0,0.0,0.0,0.0,0.0,0.0
1593,Rutile,1.0,623,28.16430784468183,1179.8619582664526,465.52487961476726,1167,451,1202,480,32.82162033924482,26.554153635035075,0.9028985507246376,0.0,0.0,1.0,0.0,0.0,0.0,0.0,0.0,0.0,0.0,0.0,0.0,0.0,0.0,0.0,0.0,0.0
1594,Zircon,1.0,588,27.361740666563517,1170.5068027210884,1538.591836734694,1155,1527,1186,1553,30.908887803832304,25.32163586013541,0.9032258064516129,0.0,1.0,0.0,0.0,0.0,0.0,0.0,0.0,0.0,0.0,0.0,0.0,0.0,0.0,0.0,0.0,0.0
1595,Monazite & Xenotime,1.0,209,16.312788383647018,1172.598086124402,1046.4258373205741,1165,1036,1182,1055,18.236733465836327,16.51105760820587,0.8196078431372549,1.0,0.0,0.0,0.0,0.0,0.0,0.0,0.0,0.0,0.0,0.0,0.0,0.0,0.0,0.0,0.0,0.0
1596,Zircon,1.0,2508,56.509156587192024,1165.0502392344497,2304.6810207336525,1127,2281,1206,2325,81.16132041239095,40.684350528992034,0.9203669724770642,0.0,1.0,0.0,0.0,0.0,0.0,0.0,0.0,0.0,0.0,0.0,0.0,0.0,0.0,0.0,0.0,0.0
1597,Zircon,1.0,301,19.576646877473273,1172.5083056478406,2647.863787375415,1163,2639,1184,2658,21.855464019185394,18.016811892039385,0.9066265060240963,0.0,1.0,0.0,0.0,0.0,0.0,0.0,0.0,0.0,0.0,0.0,0.0,0.0,0.0,0.0,0.0,0.0
1598,Zircon,1.0,679,29.40288507740653,1177.6759941089838,1830.162002945508,1164,1816,1194,1848,33.01552043886376,28.166130277412595,0.880674448767834,0.0,1.0,0.0,0.0,0.0,0.0,0.0,0.0,0.0,0.0,0.0,0.0,0.0,0.0,0.0,0.0,0.0
1599,Monazite & Xenotime,1.0,1223,39.46101827387509,1177.8544562551103,948.085036794767,1158,923,1196,971,46.87894124958568,34.26328037098525,0.9092936802973978,1.0,0.0,0.0,0.0,0.0,0.0,0.0,0.0,0.0,0.0,0.0,0.0,0.0,0.0,0.0,0.0,0.0
1600,Rutile,1.0,420,23.12489154112443,1178.3904761904762,1791.2952380952381,1166,1779,1191,1808,26.37169412813097,22.567877117941077,0.860655737704918,0.0,0.0,1.0,0.0,0.0,0.0,0.0,0.0,0.0,0.0,0.0,0.0,0.0,0.0,0.0,0.0,0.0
1601,Ilmenite,0.6721991701244814,241,17.517155313611116,1177.7966804979253,2150.3568464730292,1170,2140,1187,2161,20.39729005355527,15.307858930680485,0.8925925925925926,0.0,0.0,0.3278008298755187,0.6721991701244814,0.0,0.0,0.0,0.0,0.0,0.0,0.0,0.0,0.0,0.0,0.0,0.0,0.0
1602,Rutile,1.0,246,17.697935698969246,1179.5934959349593,250.6991869918699,1172,239,1188,263,25.0866715992242,12.936292032320491,0.8978102189781022,0.0,0.0,1.0,0.0,0.0,0.0,0.0,0.0,0.0,0.0,0.0,0.0,0.0,0.0,0.0,0.0,0.0
1603,Zircon,1.0,370,21.70480664627101,1180.9486486486487,2870.481081081081,1168,2856,1199,2884,32.30063596111942,26.12018839063041,0.5657492354740061,0.0,1.0,0.0,0.0,0.0,0.0,0.0,0.0,0.0,0.0,0.0,0.0,0.0,0.0,0.0,0.0,0.0
1604,Zircon,1.0,1612,45.30410738678208,1182.0179900744417,213.70471464019852,1160,188,1206,239,51.992468007496555,40.852799601973196,0.9200913242009132,0.0,1.0,0.0,0.0,0.0,0.0,0.0,0.0,0.0,0.0,0.0,0.0,0.0,0.0,0.0,0.0,0.0
1605,Monazite & Xenotime,0.9463529411764706,2125,52.01570947860099,1190.300705882353,704.1590588235294,1162,677,1220,733,63.31121058014658,44.31514918003387,0.9316089434458571,0.9463529411764706,0.0,0.0,0.0,0.0,0.0,0.0,0.0,0.0,0.0,0.0,0.0,0.0,0.0,0.0,0.0,0.05364705882352941
1606,Zircon,1.0,846,32.82012575914278,1183.1560283687943,1613.839243498818,1170,1595,1201,1634,40.54329635447642,28.01546031428954,0.8952380952380953,0.0,1.0,0.0,0.0,0.0,0.0,0.0,0.0,0.0,0.0,0.0,0.0,0.0,0.0,0.0,0.0,0.0
1607,Zircon,0.827354260089686,446,23.829914749152643,1194.591928251121,2884.1681614349777,1177,2867,1210,2907,37.77655272175323,28.34799769483806,0.5769728331177232,0.0,0.827354260089686,0.0,0.0,0.0,0.0,0.0,0.0,0.1726457399103139,0.0,0.0,0.0,0.0,0.0,0.0,0.0,0.0
1608,Rutile,1.0,162,14.361922094451577,1185.8827160493827,2169.3518518518517,1179,2161,1194,2177,16.516651121850625,14.317798423901873,0.84375,0.0,0.0,1.0,0.0,0.0,0.0,0.0,0.0,0.0,0.0,0.0,0.0,0.0,0.0,0.0,0.0,0.0
1609,Zircon,1.0,799,31.895429080722444,1186.7259073842304,1860.0926157697122,1165,1847,1207,1875,44.79205004207607,23.236554985089583,0.923699421965318,0.0,1.0,0.0,0.0,0.0,0.0,0.0,0.0,0.0,0.0,0.0,0.0,0.0,0.0,0.0,0.0,0.0
1610,Rutile,1.0,204,16.11647812414279,1182.7598039215686,3103.2303921568628,1171,3094,1196,3112,28.54522574975616,15.03021941238463,0.6144578313253012,0.0,0.0,1.0,0.0,0.0,0.0,0.0,0.0,0.0,0.0,0.0,0.0,0.0,0.0,0.0,0.0,0.0
1611,Rutile,1.0,309,19.83509564693766,1189.967637540453,554.2621359223301,1178,543,1201,565,24.945418078177784,18.20100498441136,0.8218085106382979,0.0,0.0,1.0,0.0,0.0,0.0,0.0,0.0,0.0,0.0,0.0,0.0,0.0,0.0,0.0,0.0,0.0
1612,Rutile,1.0,909,34.02021084832166,1193.2563256325632,1002.3641364136414,1175,983,1213,1023,46.28386599488474,25.628718229111204,0.9209726443768997,0.0,0.0,1.0,0.0,0.0,0.0,0.0,0.0,0.0,0.0,0.0,0.0,0.0,0.0,0.0,0.0,0.0
1613,Rutile,0.9571537872991583,3921,70.65672122952333,1181.4942616679418,1153.2688089773017,1142,1116,1222,1197,89.09425632229781,64.06751697854813,0.7796778683634917,0.0,0.0,0.9571537872991583,0.02932925274164754,0.0,0.0,0.0,0.0,0.0,0.0,0.0,0.0,0.0,0.0,0.0,0.0,0.013516959959194084
1614,Zircon,1.0,615,27.982893345973448,1180.8,1885.8699186991869,1168,1871,1193,1907,36.63732212855511,22.61453132706333,0.9234234234234234,0.0,1.0,0.0,0.0,0.0,0.0,0.0,0.0,0.0,0.0,0.0,0.0,0.0,0.0,0.0,0.0,0.0
1615,Rutile,1.0,156,14.093451279891855,1194.2884615384614,3119.5448717948716,1184,3113,1207,3128,25.479223623718006,10.48121382991879,0.6341463414634146,0.0,0.0,1.0,0.0,0.0,0.0,0.0,0.0,0.0,0.0,0.0,0.0,0.0,0.0,0.0,0.0,0.0
1616,Zircon,1.0,206,16.195287778099022,1190.5291262135922,2074.621359223301,1182,2067,1201,2083,18.49755894095707,15.652749489964998,0.8477366255144033,0.0,1.0,0.0,0.0,0.0,0.0,0.0,0.0,0.0,0.0,0.0,0.0,0.0,0.0,0.0,0.0,0.0
1617,Quartz,1.0,467,24.384480051691096,1189.1648822269808,2411.0085653104925,1176,2397,1204,2425,28.286979922028873,22.059912437118204,0.8475499092558983,0.0,0.0,0.0,0.0,0.0,0.0,1.0,0.0,0.0,0.0,0.0,0.0,0.0,0.0,0.0,0.0,0.0
1618,Orthoclase,1.0,101,11.340070282773887,1189.5841584158416,2938.5643564356437,1182,2931,1197,2947,18.13059484568003,10.472640437410803,0.5941176470588235,0.0,0.0,0.0,0.0,0.0,0.0,0.0,0.0,1.0,0.0,0.0,0.0,0.0,0.0,0.0,0.0,0.0
1619,Zircon,1.0,539,26.196872229566885,1199.1762523191094,1890.7773654916512,1190,1875,1214,1909,31.97850630292336,23.48859257280413,0.9135593220338983,0.0,1.0,0.0,0.0,0.0,0.0,0.0,0.0,0.0,0.0,0.0,0.0,0.0,0.0,0.0,0.0,0.0
1620,Zircon,1.0,1893,49.09422021158563,1185.2107765451665,1092.5779186476493,1154,1072,1214,1116,59.39109667288067,41.606076216848685,0.9234146341463415,0.0,1.0,0.0,0.0,0.0,0.0,0.0,0.0,0.0,0.0,0.0,0.0,0.0,0.0,0.0,0.0,0.0
1621,Zircon,1.0,135,13.110581167104948,1193.8148148148148,1802.6592592592592,1187,1798,1203,1808,16.711707011415623,10.60125265972254,0.9574468085106383,0.0,1.0,0.0,0.0,0.0,0.0,0.0,0.0,0.0,0.0,0.0,0.0,0.0,0.0,0.0,0.0,0.0
1622,Zircon,1.0,599,27.616489409343153,1192.5559265442405,2344.7362270450753,1179,2328,1206,2364,37.84383857007032,22.910061900313053,0.8273480662983426,0.0,1.0,0.0,0.0,0.0,0.0,0.0,0.0,0.0,0.0,0.0,0.0,0.0,0.0,0.0,0.0,0.0
1623,Zircon,1.0,655,28.878571671769564,1196.975572519084,1532.3099236641222,1185,1512,1212,1551,42.4187609954536,20.484960904282882,0.8899456521739131,0.0,1.0,0.0,0.0,0.0,0.0,0.0,0.0,0.0,0.0,0.0,0.0,0.0,0.0,0.0,0.0,0.0
1624,Quartz,0.611336032388664,247,17.733870630789692,1195.7570850202428,427.668016194332,1186,418,1208,439,26.383337662184882,13.773082037394232,0.7866242038216561,0.0,0.0,0.0,0.0,0.0,0.0,0.611336032388664,0.0,0.38866396761133604,0.0,0.0,0.0,0.0,0.0,0.0,0.0,0.0
1626,Zircon,1.0,169,14.668929172241665,1197.2899408284025,1453.7692307692307,1190,1447,1207,1461,16.966284999611506,13.170978649340412,0.9337016574585635,0.0,1.0,0.0,0.0,0.0,0.0,0.0,0.0,0.0,0.0,0.0,0.0,0.0,0.0,0.0,0.0,0.0
1627,Zircon,1.0,199,15.91774699517169,1199.6834170854272,1811.7688442211056,1187,1804,1210,1819,22.09901626309764,12.605697110623218,0.8257261410788381,0.0,1.0,0.0,0.0,0.0,0.0,0.0,0.0,0.0,0.0,0.0,0.0,0.0,0.0,0.0,0.0,0.0
1628,Monazite & Xenotime,1.0,284,19.015783725757565,1197.943661971831,54.109154929577464,1189,44,1208,65,21.027483649805706,17.394288070597266,0.9403973509933775,1.0,0.0,0.0,0.0,0.0,0.0,0.0,0.0,0.0,0.0,0.0,0.0,0.0,0.0,0.0,0.0,0.0
1629,Quartz,0.8173374613003096,323,20.279456919490165,1197.8637770897833,444.78328173374615,1188,436,1210,458,23.78800850331108,19.191520882350066,0.8898071625344353,0.0,0.0,0.0,0.0,0.0,0.0,0.8173374613003096,0.0,0.1826625386996904,0.0,0.0,0.0,0.0,0.0,0.0,0.0,0.0
1630,Zircon,1.0,601,27.66255531193445,1200.0299500831948,2276.2113144758737,1186,2264,1219,2292,35.68984490595585,22.12162721163965,0.9375975039001561,0.0,1.0,0.0,0.0,0.0,0.0,0.0,0.0,0.0,0.0,0.0,0.0,0.0,0.0,0.0,0.0,0.0
1631,Zircon,1.0,2492,56.32861568936366,1199.8856340288924,1301.3667736757625,1171,1274,1237,1338,72.5915046073299,46.81512533383561,0.8944723618090452,0.0,1.0,0.0,0.0,0.0,0.0,0.0,0.0,0.0,0.0,0.0,0.0,0.0,0.0,0.0,0.0,0.0
1632,Illite,0.9139784946236559,2604,57.58051558027562,1201.5771889400921,2033.0433947772658,1165,2005,1237,2066,67.88957915764774,51.59297466826096,0.8410852713178295,0.0,0.0,0.0,0.0,0.0,0.0,0.0,0.0,0.0,0.0,0.0,0.0,0.9139784946236559,0.0,0.0,0.0,0.08602150537634409
1633,Zircon,1.0,578,27.128075067297424,1204.7162629757786,93.74567474048443,1192,75,1220,110,35.68110056941345,22.84345093900153,0.8588410104011887,0.0,1.0,0.0,0.0,0.0,0.0,0.0,0.0,0.0,0.0,0.0,0.0,0.0,0.0,0.0,0.0,0.0
1636,Rutile,1.0,430,23.398568422792877,1201.2279069767442,2253.3860465116277,1185,2240,1216,2265,31.01171780481626,19.313981356278603,0.8634538152610441,0.0,0.0,1.0,0.0,0.0,0.0,0.0,0.0,0.0,0.0,0.0,0.0,0.0,0.0,0.0,0.0,0.0
1637,Rutile,0.8498498498498499,333,20.590987552733093,1204.6186186186187,791.1981981981982,1194,781,1218,803,23.89760334388996,18.526577966857527,0.8786279683377308,0.0,0.0,0.8498498498498499,0.15015015015015015,0.0,0.0,0.0,0.0,0.0,0.0,0.0,0.0,0.0,0.0,0.0,0.0,0.0
1638,Zircon,1.0,837,32.64508384034771,1202.168458781362,1201.36798088411,1184,1186,1221,1218,35.75696835546303,30.584961464430865,0.9078091106290672,0.0,1.0,0.0,0.0,0.0,0.0,0.0,0.0,0.0,0.0,0.0,0.0,0.0,0.0,0.0,0.0,0.0
1640,Quartz,1.0,618,28.05106127486678,1203.457928802589,503.86245954692555,1184,490,1222,517,37.10682021309994,26.27971548636617,0.7862595419847328,0.0,0.0,0.0,0.0,0.0,0.0,1.0,0.0,0.0,0.0,0.0,0.0,0.0,0.0,0.0,0.0,0.0
1641,Rutile,1.0,275,18.712051592547777,1207.0218181818182,1834.2363636363636,1195,1825,1219,1844,22.753247225838063,18.116970041643548,0.8136094674556213,0.0,0.0,1.0,0.0,0.0,0.0,0.0,0.0,0.0,0.0,0.0,0.0,0.0,0.0,0.0,0.0,0.0
1642,Quartz,1.0,165,14.494292838262302,1204.648484848485,1985.1818181818182,1195,1980,1214,1993,18.025469641088655,12.328612816883444,0.9065934065934066,0.0,0.0,0.0,0.0,0.0,0.0,1.0,0.0,0.0,0.0,0.0,0.0,0.0,0.0,0.0,0.0,0.0
1643,Rutile,1.0,809,32.09440436728413,1206.7564894932016,1568.1804697156983,1190,1551,1223,1589,35.899653070413684,29.812925979172782,0.8569915254237288,0.0,0.0,1.0,0.0,0.0,0.0,0.0,0.0,0.0,0.0,0.0,0.0,0.0,0.0,0.0,0.0,0.0
1644,Illite,1.0,382,22.05396803500069,1208.65445026178,2566.7670157068064,1197,2551,1216,2589,38.20327511350261,15.625623479862135,0.8059071729957806,0.0,0.0,0.0,0.0,0.0,0.0,0.0,0.0,0.0,0.0,0.0,0.0,1.0,0.0,0.0,0.0,0.0
1645,Orthoclase,1.0,232,17.186959427966244,1209.8922413793102,2910.0344827586205,1202,2896,1222,2921,21.423382104841835,16.156756482848486,0.7656765676567657,0.0,0.0,0.0,0.0,0.0,0.0,0.0,0.0,1.0,0.0,0.0,0.0,0.0,0.0,0.0,0.0,0.0
1647,Zircon,1.0,673,29.2726871606753,1213.8068350668648,2212.739970282318,1200,2196,1227,2230,34.04143162161838,26.79671149625153,0.9219178082191781,0.0,1.0,0.0,0.0,0.0,0.0,0.0,0.0,0.0,0.0,0.0,0.0,0.0,0.0,0.0,0.0,0.0
1648,Quartz,0.8226164079822617,451,23.96311821686732,1215.3281596452327,2850.0532150776053,1202,2836,1229,2865,33.07518333046948,17.73911877606588,0.874031007751938,0.0,0.0,0.0,0.0,0.0,0.0,0.8226164079822617,0.0,0.17738359201773837,0.0,0.0,0.0,0.0,0.0,0.0,0.0,0.0
1649,Orthoclase,1.0,330,20.49802550887777,1215.2424242424242,631.9484848484849,1204,621,1228,643,26.53536000813923,18.35692633685945,0.7932692307692307,0.0,0.0,0.0,0.0,0.0,0.0,0.0,0.0,1.0,0.0,0.0,0.0,0.0,0.0,0.0,0.0,0.0
1650,Rutile,1.0,296,19.413369239820483,1219.7331081081081,1221.7702702702702,1207,1213,1234,1231,27.156767078354026,14.694600871291577,0.8705882352941177,0.0,0.0,1.0,0.0,0.0,0.0,0.0,0.0,0.0,0.0,0.0,0.0,0.0,0.0,0.0,0.0,0.0
1651,Zircon,1.0,673,29.2726871606753,1214.9361069836552,1781.4769687964338,1202,1765,1230,1802,36.08484738197093,24.915611513594133,0.9257221458046767,0.0,1.0,0.0,0.0,0.0,0.0,0.0,0.0,0.0,0.0,0.0,0.0,0.0,0.0,0.0,0.0,0.0
1652,Zircon,1.0,191,15.594510349620345,1217.6125654450261,2495.026178010471,1208,2488,1230,2502,22.725663234463646,11.302627059181763,0.8967136150234741,0.0,1.0,0.0,0.0,0.0,0.0,0.0,0.0,0.0,0.0,0.0,0.0,0.0,0.0,0.0,0.0,0.0
1653,Rutile,0.6327433628318584,226,16.96325844612841,1220.8274336283187,2088.836283185841,1211,2076,1231,2101,24.410832715117667,17.484827792255892,0.6890243902439024,0.0,0.0,0.6327433628318584,0.0,0.0,0.0,0.3672566371681416,0.0,0.0,0.0,0.0,0.0,0.0,0.0,0.0,0.0,0.0
1654,Rutile,1.0,1831,48.283554202337704,1211.2337520480612,1248.5079191698526,1181,1224,1241,1275,57.11683792834235,43.07384705443459,0.897109260166585,0.0,0.0,1.0,0.0,0.0,0.0,0.0,0.0,0.0,0.0,0.0,0.0,0.0,0.0,0.0,0.0,0.0
1655,Zircon,0.9865003068112088,4889,78.89783352038388,1221.1212926978933,1635.67396195541,1187,1585,1257,1688,107.61398993644364,58.78547363870713,0.9326592903471957,0.0,0.9865003068112088,0.0,0.0,0.0,0.0,0.0,0.0,0.0,0.0,0.0,0.0,0.0,0.0,0.0,0.0,0.013499693188791163
1656,Rutile,1.0,759,31.086794856562303,1221.8761528326745,2380.422924901186,1206,2363,1242,2399,32.54786049650722,31.042342313680795,0.863481228668942,0.0,0.0,1.0,0.0,0.0,0.0,0.0,0.0,0.0,0.0,0.0,0.0,0.0,0.0,0.0,0.0,0.0
1657,Zircon,1.0,190,15.553633450087505,1221.0947368421052,2764.3105263157895,1215,2754,1229,2778,22.758800319782225,11.687737719098171,0.8225108225108225,0.0,1.0,0.0,0.0,0.0,0.0,0.0,0.0,0.0,0.0,0.0,0.0,0.0,0.0,0.0,0.0,0.0
1658,Ilmenite,1.0,406,22.736210219877808,1221.7733990147783,299.0689655172414,1213,280,1232,317,35.75959803691682,15.72794514798769,0.8845315904139434,0.0,0.0,0.0,1.0,0.0,0.0,0.0,0.0,0.0,0.0,0.0,0.0,0.0,0.0,0.0,0.0,0.0
1659,Illite,1.0,314,19.994929783493642,1222.0095541401274,456.6592356687898,1214,442,1231,475,34.655141220433485,12.07260487536386,0.8509485094850948,0.0,0.0,0.0,0.0,0.0,0.0,0.0,0.0,0.0,0.0,0.0,0.0,1.0,0.0,0.0,0.0,0.0
1660,Zircon,1.0,3853,70.04135896643199,1221.437581105632,1371.1082273553075,1193,1320,1252,1416,95.98816128267,52.19856471042588,0.9478474784747848,0.0,1.0,0.0,0.0,0.0,0.0,0.0,0.0,0.0,0.0,0.0,0.0,0.0,0.0,0.0,0.0,0.0
1661,Zircon,1.0,103,11.451797811161432,1227.1456310679612,133.1359223300971,1221,125,1233,142,18.62934452645678,7.486036685054932,0.8879310344827587,0.0,1.0,0.0,0.0,0.0,0.0,0.0,0.0,0.0,0.0,0.0,0.0,0.0,0.0,0.0,0.0,0.0
1662,Rutile,1.0,104,11.507254783503184,1225.0288461538462,3104.576923076923,1220,3098,1230,3112,14.58620466822509,9.52224273737178,0.9043478260869565,0.0,0.0,1.0,0.0,0.0,0.0,0.0,0.0,0.0,0.0,0.0,0.0,0.0,0.0,0.0,0.0,0.0
1663,Rutile,1.0,230,17.112717355495807,1232.5478260869565,38.78260869565217,1219,35,1250,46,32.40364224497683,10.297864382844372,0.8712121212121212,0.0,0.0,1.0,0.0,0.0,0.0,0.0,0.0,0.0,0.0,0.0,0.0,0.0,0.0,0.0,0.0,0.0
1664,Zircon,1.0,2253,53.559394080668255,1231.051486906347,385.77541056369284,1204,342,1260,428,88.89507365779069,36.987584380975534,0.8685427910562837,0.0,1.0,0.0,0.0,0.0,0.0,0.0,0.0,0.0,0.0,0.0,0.0,0.0,0.0,0.0,0.0,0.0
1665,Zircon,1.0,506,25.38226171238474,1226.203557312253,1883.5731225296443,1211,1871,1242,1900,30.664949728708216,22.21817985934039,0.847571189279732,0.0,1.0,0.0,0.0,0.0,0.0,0.0,0.0,0.0,0.0,0.0,0.0,0.0,0.0,0.0,0.0,0.0
1666,Quartz,1.0,222,16.812470934731934,1228.8333333333333,1457.355855855856,1220,1447,1238,1465,18.706553877197642,16.749065654228122,0.8774703557312253,0.0,0.0,0.0,0.0,0.0,0.0,1.0,0.0,0.0,0.0,0.0,0.0,0.0,0.0,0.0,0.0,0.0
1667,Rutile,1.0,901,33.87017611123954,1229.5627081021087,1535.0144284128746,1216,1511,1243,1559,47.64137861308901,24.55517127778118,0.9203268641470889,0.0,0.0,1.0,0.0,0.0,0.0,0.0,0.0,0.0,0.0,0.0,0.0,0.0,0.0,0.0,0.0,0.0
1668,Quartz,1.0,311,19.899183360445615,1234.549839228296,1475.9453376205788,1222,1465,1246,1491,27.551013909857733,16.240715321684057,0.845108695652174,0.0,0.0,0.0,0.0,0.0,0.0,1.0,0.0,0.0,0.0,0.0,0.0,0.0,0.0,0.0,0.0,0.0
1669,Zircon,1.0,1263,40.1011414426137,1234.8044338875693,888.916864608076,1213,863,1255,911,43.68568655994418,38.49842654202484,0.941834451901566,0.0,1.0,0.0,0.0,0.0,0.0,0.0,0.0,0.0,0.0,0.0,0.0,0.0,0.0,0.0,0.0,0.0
1670,Zircon,1.0,559,26.678472698169138,1232.747763864043,1163.7531305903399,1220,1145,1245,1183,36.36138246230266,23.097364980557597,0.7533692722371967,0.0,1.0,0.0,0.0,0.0,0.0,0.0,0.0,0.0,0.0,0.0,0.0,0.0,0.0,0.0,0.0,0.0
1672,Zircon,1.0,594,27.500987065425246,1234.2794612794612,1102.7205387205388,1223,1085,1248,1119,34.52474477043544,22.512714283283838,0.9209302325581395,0.0,1.0,0.0,0.0,0.0,0.0,0.0,0.0,0.0,0.0,0.0,0.0,0.0,0.0,0.0,0.0,0.0
1673,Rutile,0.8174460431654677,1112,37.62768095093692,1230.8588129496402,2416.31654676259,1210,2395,1250,2438,39.51167789793149,37.34419088358984,0.895330112721417,0.0,0.0,0.8174460431654677,0.1366906474820144,0.0,0.0,0.0,0.0,0.0,0.0,0.0,0.0,0.0,0.0,0.0,0.0,0.045863309352517985
1674,Zircon,1.0,3570,67.42006507490579,1234.6022408963586,1931.881512605042,1195,1901,1277,1962,80.9751167814685,56.82877062760023,0.9479553903345725,0.0,1.0,0.0,0.0,0.0,0.0,0.0,0.0,0.0,0.0,0.0,0.0,0.0,0.0,0.0,0.0,0.0
1675,Zircon,1.0,207,16.23454913941803,1233.9661835748793,2516.0434782608695,1225,2508,1244,2527,18.421292352530823,15.871729374339054,0.8661087866108786,0.0,1.0,0.0,0.0,0.0,0.0,0.0,0.0,0.0,0.0,0.0,0.0,0.0,0.0,0.0,0.0,0.0
1676,Zircon,1.0,581,27.19838553096727,1229.4406196213424,210.69707401032701,1214,199,1242,228,32.163085675968524,24.55912644311585,0.9431818181818182,0.0,1.0,0.0,0.0,0.0,0.0,0.0,0.0,0.0,0.0,0.0,0.0,0.0,0.0,0.0,0.0,0.0
1677,Illite,1.0,142,13.446189622059965,1237.9225352112676,672.1549295774648,1233,662,1243,684,22.493084143396832,9.28140520181572,0.7802197802197802,0.0,0.0,0.0,0.0,0.0,0.0,0.0,0.0,0.0,0.0,0.0,0.0,1.0,0.0,0.0,0.0,0.0
1678,Rutile,0.9776119402985075,134,13.061933202803933,1238.2761194029852,1505.1940298507463,1233,1497,1245,1518,20.76829572019354,10.059026740424681,0.7613636363636364,0.0,0.0,0.9776119402985075,0.0,0.0,0.0,0.022388059701492536,0.0,0.0,0.0,0.0,0.0,0.0,0.0,0.0,0.0,0.0
1679,Zircon,1.0,231,17.14987856615383,1235.3463203463205,2771.917748917749,1228,2756,1246,2790,39.03972638621169,11.195343620810366,0.6416666666666667,0.0,1.0,0.0,0.0,0.0,0.0,0.0,0.0,0.0,0.0,0.0,0.0,0.0,0.0,0.0,0.0,0.0
1680,Zircon,1.0,587,27.33846397952051,1239.3066439522997,647.633730834753,1225,634,1254,661,30.1254993991744,25.76553848311742,0.9273301737756714,0.0,1.0,0.0,0.0,0.0,0.0,0.0,0.0,0.0,0.0,0.0,0.0,0.0,0.0,0.0,0.0,0.0
1681,Zircon,1.0,165,14.494292838262302,1241.0848484848484,2506.860606060606,1231,2501,1253,2515,21.447859650577286,10.986474929521265,0.8168316831683168,0.0,1.0,0.0,0.0,0.0,0.0,0.0,0.0,0.0,0.0,0.0,0.0,0.0,0.0,0.0,0.0,0.0
1682,Zircon,0.9888059701492538,268,18.47236308621676,1242.2611940298507,1326.134328358209,1234,1316,1253,1336,21.216146783175063,16.400380018471783,0.9115646258503401,0.0,0.9888059701492538,0.011194029850746268,0.0,0.0,0.0,0.0,0.0,0.0,0.0,0.0,0.0,0.0,0.0,0.0,0.0,0.0
1683,Rutile,1.0,255,18.01877032173579,1241.8823529411766,1743.1686274509805,1231,1736,1255,1750,23.568475673091875,14.690251150356943,0.940959409594096,0.0,0.0,1.0,0.0,0.0,0.0,0.0,0.0,0.0,0.0,0.0,0.0,0.0,0.0,0.0,0.0,0.0
1684,Rutile,1.0,390,22.283703068536735,1245.753846153846,1756.423076923077,1231,1748,1262,1771,29.307103673849145,19.791445806464434,0.8210526315789474,0.0,0.0,1.0,0.0,0.0,0.0,0.0,0.0,0.0,0.0,0.0,0.0,0.0,0.0,0.0,0.0,0.0
1686,Quartz,1.0,444,23.77642441290137,1243.623873873874,2850.975225225225,1230,2839,1258,2866,27.98635494833039,20.807235105150248,0.9024390243902439,0.0,0.0,0.0,0.0,0.0,0.0,1.0,0.0,0.0,0.0,0.0,0.0,0.0,0.0,0.0,0.0,0.0
1687,Zircon,1.0,279,18.847647942942654,1241.899641577061,2196.0250896057346,1230,2187,1253,2205,23.311299164943687,16.213956863113793,0.8829113924050633,0.0,1.0,0.0,0.0,0.0,0.0,0.0,0.0,0.0,0.0,0.0,0.0,0.0,0.0,0.0,0.0,0.0
1688,Zircon,1.0,164,14.450303987687134,1246.189024390244,2498.0914634146343,1237,2491,1257,2504,17.871188753738878,12.451386723034963,0.9265536723163842,0.0,1.0,0.0,0.0,0.0,0.0,0.0,0.0,0.0,0.0,0.0,0.0,0.0,0.0,0.0,0.0,0.0
1689,Zircon,1.0,1004,35.75377606511099,1238.867529880478,2670.2808764940237,1221,2646,1259,2690,42.68753940749678,34.74287831657709,0.8083735909822867,0.0,1.0,0.0,0.0,0.0,0.0,0.0,0.0,0.0,0.0,0.0,0.0,0.0,0.0,0.0,0.0,0.0
1690,Zircon,1.0,3199,63.82079052791328,1243.8043138480775,1831.7449202875898,1213,1787,1275,1871,81.26061800842844,52.93796392265137,0.8662334145681018,0.0,1.0,0.0,0.0,0.0,0.0,0.0,0.0,0.0,0.0,0.0,0.0,0.0,0.0,0.0,0.0,0.0
1691,Zircon,1.0,2069,51.325750048655415,1237.2431126147897,2151.8946350894153,1208,2125,1264,2183,60.009598896600025,45.991638302081775,0.8857020547945206,0.0,1.0,0.0,0.0,0.0,0.0,0.0,0.0,0.0,0.0,0.0,0.0,0.0,0.0,0.0,0.0,0.0
1692,Rutile,1.0,409,22.820056393372074,1248.398533007335,2053.3691931540343,1238,2038,1261,2069,29.663350029806796,19.381619367440102,0.8313008130081301,0.0,0.0,1.0,0.0,0.0,0.0,0.0,0.0,0.0,0.0,0.0,0.0,0.0,0.0,0.0,0.0,0.0
1693,Zircon,1.0,3504,66.79394706672163,1247.154394977169,2724.165525114155,1212,2690,1282,2761,71.06795994059854,65.48833205201663,0.900771208226221,0.0,1.0,0.0,0.0,0.0,0.0,0.0,0.0,0.0,0.0,0.0,0.0,0.0,0.0,0.0,0.0,0.0
1694,Zircon,1.0,343,20.897874625046462,1249.2886297376094,215.0612244897959,1239,200,1263,225,26.52091875015163,19.29591997639607,0.8979057591623036,0.0,1.0,0.0,0.0,0.0,0.0,0.0,0.0,0.0,0.0,0.0,0.0,0.0,0.0,0.0,0.0,0.0
1695,Zircon,1.0,512,25.532305945691693,1249.392578125,233.16015625,1234,224,1265,246,31.240062197093938,21.488973502320235,0.9446494464944649,0.0,1.0,0.0,0.0,0.0,0.0,0.0,0.0,0.0,0.0,0.0,0.0,0.0,0.0,0.0,0.0,0.0
1696,Iron Oxides,1.0,130,12.865501965161373,1249.5692307692307,1442.4692307692308,1241,1437,1257,1451,15.062890369147961,12.207272398349392,0.8387096774193549,0.0,0.0,0.0,0.0,1.0,0.0,0.0,0.0,0.0,0.0,0.0,0.0,0.0,0.0,0.0,0.0,0.0
1697,Zircon,1.0,1889,49.04232355837886,1257.9740603493913,1678.7845420857598,1233,1650,1283,1705,59.97122291874374,42.9726187695765,0.8721144967682364,0.0,1.0,0.0,0.0,0.0,0.0,0.0,0.0,0.0,0.0,0.0,0.0,0.0,0.0,0.0,0.0,0.0
1698,Rutile,1.0,2312,54.25615013459485,1247.208044982699,975.6803633217993,1218,949,1277,1005,64.79395135451291,46.46639651722017,0.8923195677344654,0.0,0.0,1.0,0.0,0.0,0.0,0.0,0.0,0.0,0.0,0.0,0.0,0.0,0.0,0.0,0.0,0.0
1699,Quartz,1.0,756,31.025297674958463,1250.494708994709,1199.9246031746031,1237,1184,1269,1220,33.96382256001592,31.287997425001674,0.8679678530424799,0.0,0.0,0.0,0.0,0.0,0.0,1.0,0.0,0.0,0.0,0.0,0.0,0.0,0.0,0.0,0.0,0.0
1700,Zircon,1.0,1297,40.63731892634535,1251.4610639938319,2472.9252120277565,1219,2460,1283,2488,69.1798187505098,26.174735941457964,0.8669786096256684,0.0,1.0,0.0,0.0,0.0,0.0,0.0,0.0,0.0,0.0,0.0,0.0,0.0,0.0,0.0,0.0,0.0
1701,Zircon,1.0,1051,36.581071082141044,1240.0513796384396,273.1569933396765,1218,256,1257,294,42.590818213829635,33.98564763746077,0.9383928571428571,0.0,1.0,0.0,0.0,0.0,0.0,0.0,0.0,0.0,0.0,0.0,0.0,0.0,0.0,0.0,0.0,0.0
1702,Zircon,1.0,938,34.558626896356614,1257.1897654584222,373.92430703624734,1244,352,1272,397,42.720015090945395,29.02281750935289,0.9250493096646942,0.0,1.0,0.0,0.0,0.0,0.0,0.0,0.0,0.0,0.0,0.0,0.0,0.0,0.0,0.0,0.0,0.0
1703,Rutile,1.0,234,17.26088217525478,1255.1837606837607,1508.076923076923,1245,1500,1267,1517,22.58131513312477,16.430522359096763,0.7748344370860927,0.0,0.0,1.0,0.0,0.0,0.0,0.0,0.0,0.0,0.0,0.0,0.0,0.0,0.0,0.0,0.0,0.0
1704,Quartz,1.0,101,11.340070282773887,1253.8712871287128,1519.3663366336634,1248,1510,1260,1526,14.855674605357105,10.238037486773305,0.753731343283582,0.0,0.0,0.0,0.0,0.0,0.0,1.0,0.0,0.0,0.0,0.0,0.0,0.0,0.0,0.0,0.0,0.0
1705,Zircon,1.0,318,20.12188299403865,1257.811320754717,523.5440251572327,1247,514,1268,536,23.460770214574534,17.84377921902363,0.9408284023668639,0.0,1.0,0.0,0.0,0.0,0.0,0.0,0.0,0.0,0.0,0.0,0.0,0.0,0.0,0.0,0.0,0.0
1706,Rutile,1.0,436,23.56124872549269,1255.954128440367,2105.961009174312,1244,2094,1272,2123,32.444669804991705,22.30935740540608,0.7771836007130125,0.0,0.0,1.0,0.0,0.0,0.0,0.0,0.0,0.0,0.0,0.0,0.0,0.0,0.0,0.0,0.0,0.0
1707,Zircon,1.0,641,28.568278705151968,1259.0280811232449,153.4383775351014,1245,141,1276,168,30.79357273214316,26.948511757402606,0.9482248520710059,0.0,1.0,0.0,0.0,0.0,0.0,0.0,0.0,0.0,0.0,0.0,0.0,0.0,0.0,0.0,0.0,0.0
1708,Zircon,1.0,1425,42.59537945889914,1277.0273684210526,269.52491228070176,1257,251,1302,294,52.51524172538988,36.458557561388524,0.9583053127101546,0.0,1.0,0.0,0.0,0.0,0.0,0.0,0.0,0.0,0.0,0.0,0.0,0.0,0.0,0.0,0.0,0.0
1709,Rutile,0.9155609167671894,2487,56.2720778695469,1267.5412143144351,2006.0550864495376,1234,1974,1309,2038,65.56603725921568,55.92929623294632,0.739738251041047,0.0,0.0,0.9155609167671894,0.08443908323281062,0.0,0.0,0.0,0.0,0.0,0.0,0.0,0.0,0.0,0.0,0.0,0.0,0.0
1710,Zircon,0.9967532467532467,308,19.802974013476614,1263.0324675324675,2257.1688311688313,1253,2244,1273,2270,29.507985786911092,13.904147785865865,0.8774928774928775,0.0,0.9967532467532467,0.003246753246753247,0.0,0.0,0.0,0.0,0.0,0.0,0.0,0.0,0.0,0.0,0.0,0.0,0.0,0.0
1711,Rutile,1.0,255,18.01877032173579,1269.4666666666667,325.7843137254902,1256,320,1287,334,34.81555431487683,11.507259954055389,0.7348703170028819,0.0,0.0,1.0,0.0,0.0,0.0,0.0,0.0,0.0,0.0,0.0,0.0,0.0,0.0,0.0,0.0,0.0
1712,Rutile,1.0,780,31.513915099419602,1260.0179487179487,1349.125641025641,1243,1334,1280,1374,37.80369170288925,32.99102580758463,0.7400379506641366,0.0,0.0,1.0,0.0,0.0,0.0,0.0,0.0,0.0,0.0,0.0,0.0,0.0,0.0,0.0,0.0,0.0
1713,Zircon,1.0,1419,42.505610382385946,1260.2818886539817,1031.2952783650458,1230,1013,1286,1058,57.897061734729796,33.32185898923486,0.8958333333333334,0.0,1.0,0.0,0.0,0.0,0.0,0.0,0.0,0.0,0.0,0.0,0.0,0.0,0.0,0.0,0.0,0.0
1716,Zircon,1.0,222,16.812470934731934,1264.963963963964,2783.675675675676,1257,2771,1276,2798,26.49496146603596,14.068933176436133,0.6472303206997084,0.0,1.0,0.0,0.0,0.0,0.0,0.0,0.0,0.0,0.0,0.0,0.0,0.0,0.0,0.0,0.0,0.0
1717,Zircon,1.0,3974,71.13265038487978,1274.4486663311525,1122.2974333165575,1242,1072,1309,1168,95.1978644173709,56.60610574184695,0.8976733679692794,0.0,1.0,0.0,0.0,0.0,0.0,0.0,0.0,0.0,0.0,0.0,0.0,0.0,0.0,0.0,0.0,0.0
1719,Orthoclase,1.0,209,16.312788383647018,1269.3062200956938,51.11483253588517,1259,43,1279,63,23.793826450530247,14.936834131977504,0.7333333333333333,0.0,0.0,0.0,0.0,0.0,0.0,0.0,0.0,1.0,0.0,0.0,0.0,0.0,0.0,0.0,0.0,0.0
1720,Rutile,1.0,313,19.963065333312567,1273.7667731629392,1595.3961661341853,1261,1583,1286,1606,24.677090474368395,18.96233822703351,0.7786069651741293,0.0,0.0,1.0,0.0,0.0,0.0,0.0,0.0,0.0,0.0,0.0,0.0,0.0,0.0,0.0,0.0,0.0
1721,Quartz,1.0,495,25.104851615652017,1273.3959595959595,2373.59595959596,1257,2360,1289,2388,35.4933197145846,18.693722165318533,0.8855098389982111,0.0,0.0,0.0,0.0,0.0,0.0,1.0,0.0,0.0,0.0,0.0,0.0,0.0,0.0,0.0,0.0,0.0
1722,Orthoclase,1.0,114,12.047792665040703,1272.5,39.09649122807018,1265,35,1282,44,16.066730334944424,9.545402883199571,0.9047619047619048,0.0,0.0,0.0,0.0,0.0,0.0,0.0,0.0,1.0,0.0,0.0,0.0,0.0,0.0,0.0,0.0,0.0
1723,Ilmenite,1.0,786,31.634890266315733,1270.086513994911,84.21119592875318,1255,67,1286,102,35.154584910251,29.456201409913646,0.8772321428571429,0.0,0.0,0.0,1.0,0.0,0.0,0.0,0.0,0.0,0.0,0.0,0.0,0.0,0.0,0.0,0.0,0.0
1724,Rutile,0.8962834917891098,1157,38.381481905452574,1278.305963699222,747.2955920484011,1255,724,1300,774,59.67766829184968,26.468060473742675,0.8240740740740741,0.0,0.0,0.8962834917891098,0.10371650821089023,0.0,0.0,0.0,0.0,0.0,0.0,0.0,0.0,0.0,0.0,0.0,0.0,0.0
1725,Zircon,1.0,443,23.74963406702674,1264.3069977426637,1461.2009029345372,1255,1447,1274,1478,30.638548084243087,18.965136638251362,0.9526881720430107,0.0,1.0,0.0,0.0,0.0,0.0,0.0,0.0,0.0,0.0,0.0,0.0,0.0,0.0,0.0,0.0,0.0
1726,Rutile,1.0,1026,36.14337799512211,1277.7680311890838,1768.0409356725147,1261,1742,1299,1795,53.246386209853746,28.7174324537796,0.7456395348837209,0.0,0.0,1.0,0.0,0.0,0.0,0.0,0.0,0.0,0.0,0.0,0.0,0.0,0.0,0.0,0.0,0.0
1727,Zircon,1.0,706,29.98177977677484,1280.4787535410765,1473.859773371105,1265,1452,1293,1493,40.52119222987701,23.98087251068505,0.8748451053283767,0.0,1.0,0.0,0.0,0.0,0.0,0.0,0.0,0.0,0.0,0.0,0.0,0.0,0.0,0.0,0.0,0.0
1728,Zircon,1.0,3280,64.62372402400943,1274.7899390243902,2539.5658536585365,1233,2509,1319,2573,90.02546042130632,47.151878175021935,0.9398280802292264,0.0,1.0,0.0,0.0,0.0,0.0,0.0,0.0,0.0,0.0,0.0,0.0,0.0,0.0,0.0,0.0,0.0
1729,Zircon,1.0,223,16.85029431422316,1276.9103139013453,1808.017937219731,1269,1798,1286,1820,21.99139916544359,14.030480489800832,0.867704280155642,0.0,1.0,0.0,0.0,0.0,0.0,0.0,0.0,0.0,0.0,0.0,0.0,0.0,0.0,0.0,0.0,0.0
1730,Zircon,1.0,346,20.98906578384008,1278.121387283237,528.5953757225434,1267,519,1291,539,25.164308233862833,17.704559672697222,0.9276139410187667,0.0,1.0,0.0,0.0,0.0,0.0,0.0,0.0,0.0,0.0,0.0,0.0,0.0,0.0,0.0,0.0,0.0
1731,Zircon,1.0,757,31.045810270703488,1279.2509907529723,823.8018494055482,1263,805,1297,843,40.07944158304896,24.772083059244522,0.9380421313506815,0.0,1.0,0.0,0.0,0.0,0.0,0.0,0.0,0.0,0.0,0.0,0.0,0.0,0.0,0.0,0.0,0.0
1732,Zircon,1.0,424,23.23474912642073,1272.1108490566037,2865.617924528302,1256,2855,1288,2879,32.25337048186785,20.19758655556983,0.7223168654173765,0.0,1.0,0.0,0.0,0.0,0.0,0.0,0.0,0.0,0.0,0.0,0.0,0.0,0.0,0.0,0.0,0.0
1733,Zircon,1.0,362,21.468877828012552,1276.7624309392265,407.4889502762431,1265,398,1292,416,26.448899525903357,18.441887690147233,0.9526315789473684,0.0,1.0,0.0,0.0,0.0,0.0,0.0,0.0,0.0,0.0,0.0,0.0,0.0,0.0,0.0,0.0,0.0
1734,Zircon,1.0,390,22.283703068536735,1279.9564102564102,422.93589743589746,1266,415,1293,434,26.514788584375864,19.780541930248507,0.9443099273607748,0.0,1.0,0.0,0.0,0.0,0.0,0.0,0.0,0.0,0.0,0.0,0.0,0.0,0.0,0.0,0.0,0.0
1735,Zircon,1.0,293,19.314740138231286,1280.5733788395905,2495.174061433447,1270,2487,1293,2506,23.560053572456766,16.449262057862974,0.8878787878787879,0.0,1.0,0.0,0.0,0.0,0.0,0.0,0.0,0.0,0.0,0.0,0.0,0.0,0.0,0.0,0.0,0.0
1736,Zircon,0.9850307404437316,3741,69.01586148744536,1270.6586474204757,469.30018711574445,1229,435,1310,507,76.4280876544472,66.85195677600994,0.8911386374464031,0.0,0.9850307404437316,0.0,0.0,0.0,0.0,0.0,0.0,0.0,0.0,0.0,0.0,0.0,0.0,0.0,0.0,0.014969259556268377
1737,Zircon,1.0,715,30.172276587716105,1279.8517482517482,864.4041958041958,1264,850,1294,885,37.121435277594124,25.690162448272137,0.9309895833333334,0.0,1.0,0.0,0.0,0.0,0.0,0.0,0.0,0.0,0.0,0.0,0.0,0.0,0.0,0.0,0.0,0.0
1738,Rutile,1.0,416,23.014509567006368,1280.4350961538462,1723.8701923076924,1271,1707,1292,1742,30.108987528333227,19.26825667861199,0.8286852589641435,0.0,0.0,1.0,0.0,0.0,0.0,0.0,0.0,0.0,0.0,0.0,0.0,0.0,0.0,0.0,0.0,0.0
1740,Zircon,0.9324925816023739,1348,41.42857596276994,1281.9688427299702,1395.2084569732938,1263,1366,1302,1427,54.55508725162416,34.836696913229474,0.8383084577114428,0.0,0.9324925816023739,0.06750741839762611,0.0,0.0,0.0,0.0,0.0,0.0,0.0,0.0,0.0,0.0,0.0,0.0,0.0,0.0
1741,Zircon,1.0,211,16.39065416446578,1280.2843601895734,1513.431279620853,1271,1507,1292,1520,20.605471448302303,13.628715916434087,0.9295154185022027,0.0,1.0,0.0,0.0,0.0,0.0,0.0,0.0,0.0,0.0,0.0,0.0,0.0,0.0,0.0,0.0,0.0
1742,Zircon,1.0,280,18.881394877652593,1285.2821428571428,1525.3892857142857,1273,1518,1298,1535,23.47065911235077,15.998252379531102,0.8945686900958466,0.0,1.0,0.0,0.0,0.0,0.0,0.0,0.0,0.0,0.0,0.0,0.0,0.0,0.0,0.0,0.0,0.0
1743,Rutile,1.0,382,22.05396803500069,1282.4424083769634,2137.9267015706805,1272,2124,1298,2154,29.358215060600553,21.435600597848666,0.6945454545454546,0.0,0.0,1.0,0.0,0.0,0.0,0.0,0.0,0.0,0.0,0.0,0.0,0.0,0.0,0.0,0.0,0.0
1744,Monazite & Xenotime,1.0,599,27.616489409343153,1287.5943238731218,1314.5475792988314,1272,1301,1306,1329,34.02557668207638,23.620781638332396,0.8757309941520468,1.0,0.0,0.0,0.0,0.0,0.0,0.0,0.0,0.0,0.0,0.0,0.0,0.0,0.0,0.0,0.0,0.0
1745,Rutile,0.8145363408521303,399,22.539356209735228,1281.2932330827068,2223.2756892230577,1263,2214,1296,2234,32.81429053509916,17.692696124907204,0.8159509202453987,0.0,0.0,0.8145363408521303,0.0,0.0,0.0,0.0,0.0,0.18546365914786966,0.0,0.0,0.0,0.0,0.0,0.0,0.0,0.0
1746,Rutile,1.0,524,25.829779740470595,1283.9904580152672,3088.9408396946565,1262,3078,1309,3106,41.6397154502369,20.527404884391768,0.6336154776299879,0.0,0.0,1.0,0.0,0.0,0.0,0.0,0.0,0.0,0.0,0.0,0.0,0.0,0.0,0.0,0.0,0.0
1747,Zircon,1.0,166,14.538148590038452,1288.4939759036145,3253.343373493976,1280,3244,1299,3261,20.29375135949903,17.60645997339288,0.6459143968871596,0.0,1.0,0.0,0.0,0.0,0.0,0.0,0.0,0.0,0.0,0.0,0.0,0.0,0.0,0.0,0.0,0.0
1748,Zircon,0.9695238095238096,3150,63.330123684671285,1286.664761904762,1242.0679365079366,1257,1193,1315,1288,95.8566864428298,43.747771080719886,0.9170305676855895,0.0,0.9695238095238096,0.0,0.0,0.0,0.0,0.0,0.0,0.0,0.0,0.0,0.0,0.0,0.0,0.0,0.0,0.030476190476190476
1749,Rutile,1.0,502,25.281737508665255,1284.3685258964144,3117.8266932270917,1266,3106,1305,3134,42.456843915409046,19.994170240960635,0.6596583442838371,0.0,0.0,1.0,0.0,0.0,0.0,0.0,0.0,0.0,0.0,0.0,0.0,0.0,0.0,0.0,0.0,0.0
1750,Zircon,1.0,917,34.16958680642984,1290.5332606324973,796.5398037077426,1274,777,1310,817,44.098118633125125,28.55673940330336,0.8634651600753296,0.0,1.0,0.0,0.0,0.0,0.0,0.0,0.0,0.0,0.0,0.0,0.0,0.0,0.0,0.0,0.0,0.0
1751,Ilmenite,1.0,535,26.099485750361293,1286.1121495327102,1179.8280373831776,1266,1167,1303,1193,35.01351423057474,22.499428936977026,0.8505564387917329,0.0,0.0,0.0,1.0,0.0,0.0,0.0,0.0,0.0,0.0,0.0,0.0,0.0,0.0,0.0,0.0,0.0
1752,Zircon,1.0,1182,38.79393176615336,1283.5981387478848,1633.4856175972927,1257,1616,1310,1653,57.468930836677764,27.288031453916126,0.8691176470588236,0.0,1.0,0.0,0.0,0.0,0.0,0.0,0.0,0.0,0.0,0.0,0.0,0.0,0.0,0.0,0.0,0.0
1753,Zircon,1.0,307,19.77080019204319,1286.7524429967427,587.3322475570033,1276,578,1299,598,21.744296273903377,18.69650593510477,0.9109792284866469,0.0,1.0,0.0,0.0,0.0,0.0,0.0,0.0,0.0,0.0,0.0,0.0,0.0,0.0,0.0,0.0,0.0
1754,Zircon,1.0,711,30.087760240780646,1288.957805907173,1937.3825597749649,1276,1920,1304,1956,35.324496210110865,25.870248664197778,0.9404761904761905,0.0,1.0,0.0,0.0,0.0,0.0,0.0,0.0,0.0,0.0,0.0,0.0,0.0,0.0,0.0,0.0,0.0
1755,Rutile,1.0,278,18.81384047546846,1289.269784172662,2202.5863309352517,1280,2193,1299,2212,19.652276040057163,18.386359585212144,0.9266666666666666,0.0,0.0,1.0,0.0,0.0,0.0,0.0,0.0,0.0,0.0,0.0,0.0,0.0,0.0,0.0,0.0,0.0
1756,Quartz,1.0,886,33.5870545989873,1291.1218961625282,1574.010158013544,1274,1556,1307,1594,37.8069377701697,30.217475754172938,0.9238790406673618,0.0,0.0,0.0,0.0,0.0,0.0,1.0,0.0,0.0,0.0,0.0,0.0,0.0,0.0,0.0,0.0,0.0
1757,Quartz,1.0,482,24.77299861870477,1291.9937759336099,1691.47510373444,1277,1680,1308,1703,30.472618483060263,20.62242722012598,0.8860294117647058,0.0,0.0,0.0,0.0,0.0,0.0,1.0,0.0,0.0,0.0,0.0,0.0,0.0,0.0,0.0,0.0,0.0
1758,Rutile,1.0,710,30.066594033278285,1294.8366197183097,341.6281690140845,1279,326,1315,359,36.510965967684896,26.546058847248723,0.8808933002481389,0.0,0.0,1.0,0.0,0.0,0.0,0.0,0.0,0.0,0.0,0.0,0.0,0.0,0.0,0.0,0.0,0.0
1759,Zircon,1.0,2875,60.502592432999045,1303.7266086956522,1864.3328695652174,1273,1823,1330,1908,85.69159393200624,50.68762057656201,0.8282915586286372,0.0,1.0,0.0,0.0,0.0,0.0,0.0,0.0,0.0,0.0,0.0,0.0,0.0,0.0,0.0,0.0,0.0
1760,Zircon,1.0,729,30.46623751157884,1297.9410150891633,2390.347050754458,1283,2376,1319,2408,36.700084523607536,27.881663128225732,0.8783132530120482,0.0,1.0,0.0,0.0,0.0,0.0,0.0,0.0,0.0,0.0,0.0,0.0,0.0,0.0,0.0,0.0,0.0
1761,Zircon,1.0,521,25.75573339679963,1294.7696737044146,2844.021113243762,1275,2828,1309,2862,34.945130006347476,25.654451061084217,0.7098092643051771,0.0,1.0,0.0,0.0,0.0,0.0,0.0,0.0,0.0,0.0,0.0,0.0,0.0,0.0,0.0,0.0,0.0
1762,Zircon,1.0,106,11.617374563210365,1294.698113207547,3176.2924528301887,1288,3171,1302,3184,13.126366690231382,11.31888474360291,0.828125,0.0,1.0,0.0,0.0,0.0,0.0,0.0,0.0,0.0,0.0,0.0,0.0,0.0,0.0,0.0,0.0,0.0
1763,Rutile,1.0,369,21.675455981530703,1296.8130081300812,2113.7750677506774,1288,2101,1309,2132,30.42260610801596,18.382598244420656,0.796976241900648,0.0,0.0,1.0,0.0,0.0,0.0,0.0,0.0,0.0,0.0,0.0,0.0,0.0,0.0,0.0,0.0,0.0
1764,Zircon,1.0,345,20.958712816717327,1299.4724637681159,2884.3594202898553,1288,2874,1315,2895,27.182498044341546,18.144851600354254,0.8233890214797136,0.0,1.0,0.0,0.0,0.0,0.0,0.0,0.0,0.0,0.0,0.0,0.0,0.0,0.0,0.0,0.0,0.0
1765,Zircon,1.0,792,31.755404570407364,1293.4305555555557,994.354797979798,1279,975,1310,1019,44.514770855840624,25.192600933169004,0.8497854077253219,0.0,1.0,0.0,0.0,0.0,0.0,0.0,0.0,0.0,0.0,0.0,0.0,0.0,0.0,0.0,0.0,0.0
1766,Zircon,1.0,1031,36.23133961947795,1294.7536372453928,2333.21435499515,1275,2319,1314,2352,41.89460270460566,31.987163964674966,0.9398359161349134,0.0,1.0,0.0,0.0,0.0,0.0,0.0,0.0,0.0,0.0,0.0,0.0,0.0,0.0,0.0,0.0,0.0
1767,Zircon,1.0,2196,52.877538144645285,1290.6357012750454,2067.1985428051003,1260,2036,1321,2099,77.31908552317066,37.01803046224009,0.9269734065006332,0.0,1.0,0.0,0.0,0.0,0.0,0.0,0.0,0.0,0.0,0.0,0.0,0.0,0.0,0.0,0.0,0.0
1768,Ilmenite,1.0,568,26.89237924411993,1303.1760563380283,2365.056338028169,1290,2351,1320,2378,32.262491065001946,23.248665473896995,0.9131832797427653,0.0,0.0,0.0,1.0,0.0,0.0,0.0,0.0,0.0,0.0,0.0,0.0,0.0,0.0,0.0,0.0,0.0
1769,Rutile,1.0,581,27.19838553096727,1299.5490533562822,368.61273666092944,1283,355,1315,383,33.15506145769722,23.24510302826458,0.875,0.0,0.0,1.0,0.0,0.0,0.0,0.0,0.0,0.0,0.0,0.0,0.0,0.0,0.0,0.0,0.0,0.0
1770,Rutile,1.0,215,16.545286401814263,1300.0837209302326,1740.6,1292,1730,1308,1753,23.661241152939862,13.456010466341777,0.8022388059701493,0.0,0.0,1.0,0.0,0.0,0.0,0.0,0.0,0.0,0.0,0.0,0.0,0.0,0.0,0.0,0.0,0.0
1771,Rutile,0.9808473592571096,3446,66.23883657762545,1306.266976204295,2586.1291352292515,1276,2539,1331,2631,88.00805817082593,54.28141669382918,0.9172211871173809,0.0,0.0,0.9808473592571096,0.0,0.0,0.0,0.0,0.0,0.0,0.0,0.0,0.0,0.0,0.0,0.0,0.0,0.019152640742890307
1772,Unknown,1.0,428,23.34408972623798,1300.5700934579438,3006.661214953271,1284,2997,1316,3019,31.150549192339938,18.209303608144673,0.8806584362139918,0.0,0.0,0.0,0.0,0.0,0.0,0.0,0.0,0.0,0.0,0.0,0.0,0.0,0.0,0.0,0.0,1.0
1774,Zircon,1.0,398,22.511093682995384,1303.7412060301508,3203.3442211055276,1293,3188,1315,3221,32.68925957628286,16.952866495392744,0.7758284600389863,0.0,1.0,0.0,0.0,0.0,0.0,0.0,0.0,0.0,0.0,0.0,0.0,0.0,0.0,0.0,0.0,0.0
1775,Zircon,0.9761904761904762,294,19.347672370394786,1307.639455782313,1783.6496598639455,1298,1774,1318,1796,22.617068428459255,17.312338005243046,0.8963414634146342,0.0,0.9761904761904762,0.023809523809523808,0.0,0.0,0.0,0.0,0.0,0.0,0.0,0.0,0.0,0.0,0.0,0.0,0.0,0.0
1776,Quartz,1.0,1222,39.44488209725527,1307.0302782324059,1976.6980360065465,1286,1953,1328,2004,47.07457400820135,37.699000807341825,0.8439226519337016,0.0,0.0,0.0,0.0,0.0,0.0,1.0,0.0,0.0,0.0,0.0,0.0,0.0,0.0,0.0,0.0,0.0
1777,Zircon,1.0,153,13.957279475043833,1305.9411764705883,2903.267973856209,1298,2896,1317,2912,19.059020795057187,13.723473209631843,0.7285714285714285,0.0,1.0,0.0,0.0,0.0,0.0,0.0,0.0,0.0,0.0,0.0,0.0,0.0,0.0,0.0,0.0,0.0
1778,Zircon,1.0,1903,49.223722468247104,1312.8696794534944,58.51287440882817,1288,35,1343,87,61.227488560379214,43.07093252488262,0.9197680038666022,0.0,1.0,0.0,0.0,0.0,0.0,0.0,0.0,0.0,0.0,0.0,0.0,0.0,0.0,0.0,0.0,0.0
1780,Zircon,1.0,732,30.52886088189566,1310.4617486338798,400.2472677595628,1295,384,1327,416,31.673012640925464,29.81498536231853,0.9360613810741688,0.0,1.0,0.0,0.0,0.0,0.0,0.0,0.0,0.0,0.0,0.0,0.0,0.0,0.0,0.0,0.0,0.0
1781,Quartz,0.8631578947368421,285,19.04923279949934,1308.8947368421052,2278.898245614035,1299,2268,1322,2289,21.291965422502578,19.532262025873635,0.8050847457627118,0.0,0.0,0.0,0.0,0.0,0.0,0.8631578947368421,0.0,0.1368421052631579,0.0,0.0,0.0,0.0,0.0,0.0,0.0,0.0
1782,Zircon,1.0,2277,53.84390813603676,1310.481774264383,709.0632411067194,1287,676,1340,745,65.27947470652607,46.116120239463164,0.9274949083503055,0.0,1.0,0.0,0.0,0.0,0.0,0.0,0.0,0.0,0.0,0.0,0.0,0.0,0.0,0.0,0.0,0.0
1783,Zircon,1.0,482,24.77299861870477,1309.8858921161825,2204.2676348547716,1298,2190,1322,2226,34.35514131116651,19.932993702453352,0.9111531190926276,0.0,1.0,0.0,0.0,0.0,0.0,0.0,0.0,0.0,0.0,0.0,0.0,0.0,0.0,0.0,0.0,0.0
1784,Quartz,0.6889952153110048,209,16.312788383647018,1311.8947368421052,2291.3014354066986,1302,2286,1324,2299,21.354296186478997,13.289895010748817,0.9166666666666666,0.0,0.0,0.0,0.0,0.0,0.0,0.6889952153110048,0.0,0.31100478468899523,0.0,0.0,0.0,0.0,0.0,0.0,0.0,0.0
1785,Quartz,1.0,311,19.899183360445615,1313.6012861736335,2146.2540192926044,1303,2136,1328,2158,23.039046486123546,18.566106639049092,0.852054794520548,0.0,0.0,0.0,0.0,0.0,0.0,1.0,0.0,0.0,0.0,0.0,0.0,0.0,0.0,0.0,0.0,0.0
1787,Zircon,1.0,146,13.63425735166143,1315.8424657534247,595.7739726027397,1308,589,1326,602,18.69360816684747,10.20436413902492,0.8795180722891566,0.0,1.0,0.0,0.0,0.0,0.0,0.0,0.0,0.0,0.0,0.0,0.0,0.0,0.0,0.0,0.0,0.0
1788,Zircon,1.0,547,26.390567083147985,1310.3235831809873,655.9945155393053,1297,642,1325,672,32.39902701409461,22.88206456694576,0.8981937602627258,0.0,1.0,0.0,0.0,0.0,0.0,0.0,0.0,0.0,0.0,0.0,0.0,0.0,0.0,0.0,0.0,0.0
1789,Rutile,0.817351598173516,219,16.698486766680407,1313.6118721461187,1764.4794520547946,1304,1758,1326,1773,21.270516178648556,13.835206340793325,0.8690476190476191,0.0,0.0,0.817351598173516,0.182648401826484,0.0,0.0,0.0,0.0,0.0,0.0,0.0,0.0,0.0,0.0,0.0,0.0,0.0
1790,Rutile,1.0,214,16.50676414605009,1319.9906542056074,1753.1915887850466,1309,1745,1329,1762,19.873046865415727,14.86847138825157,0.8916666666666667,0.0,0.0,1.0,0.0,0.0,0.0,0.0,0.0,0.0,0.0,0.0,0.0,0.0,0.0,0.0,0.0,0.0
1791,Rutile,1.0,244,17.625846048215095,1323.672131147541,2012.6803278688524,1310,2006,1343,2020,32.61253199139795,13.461013801252324,0.6721763085399449,0.0,0.0,1.0,0.0,0.0,0.0,0.0,0.0,0.0,0.0,0.0,0.0,0.0,0.0,0.0,0.0,0.0
1792,Rutile,1.0,165,14.494292838262302,1317.3939393939395,2164.339393939394,1308,2156,1327,2173,22.81622078072371,9.637841293780264,0.8776595744680851,0.0,0.0,1.0,0.0,0.0,0.0,0.0,0.0,0.0,0.0,0.0,0.0,0.0,0.0,0.0,0.0,0.0
1793,Zircon,1.0,1792,47.76657057153477,1320.2578125,439.19921875,1293,418,1352,462,56.31250449495332,42.87562737274298,0.8707482993197279,0.0,1.0,0.0,0.0,0.0,0.0,0.0,0.0,0.0,0.0,0.0,0.0,0.0,0.0,0.0,0.0,0.0
1794,Rutile,0.7076271186440678,236,17.334489682638438,1323.3813559322034,2172.6949152542375,1311,2164,1338,2180,26.870696736836976,13.953203394644307,0.7662337662337663,0.0,0.0,0.7076271186440678,0.2923728813559322,0.0,0.0,0.0,0.0,0.0,0.0,0.0,0.0,0.0,0.0,0.0,0.0,0.0
1796,Zircon,1.0,501,25.25654394235911,1319.179640718563,2037.8163672654691,1305,2025,1335,2052,26.652621564798,24.536726702977273,0.9399624765478424,0.0,1.0,0.0,0.0,0.0,0.0,0.0,0.0,0.0,0.0,0.0,0.0,0.0,0.0,0.0,0.0,0.0
1798,Orthoclase,0.750367107195301,681,29.44615645486938,1321.6578560939795,1330.863436123348,1307,1314,1341,1348,31.504069361230975,29.66520062839339,0.8345588235294118,0.0,0.0,0.0,0.0,0.24963289280469897,0.0,0.0,0.0,0.750367107195301,0.0,0.0,0.0,0.0,0.0,0.0,0.0,0.0
1800,Rutile,1.0,986,35.43182455235505,1319.7048681541582,1654.6602434077079,1298,1635,1341,1675,39.447817858172435,35.290683106020815,0.8042414355628059,0.0,0.0,1.0,0.0,0.0,0.0,0.0,0.0,0.0,0.0,0.0,0.0,0.0,0.0,0.0,0.0,0.0
1802,Zircon,1.0,1187,38.875896640471694,1332.2038753159225,2421.3555181128895,1309,2405,1359,2439,51.52670931233623,30.695985051383996,0.9074923547400612,0.0,1.0,0.0,0.0,0.0,0.0,0.0,0.0,0.0,0.0,0.0,0.0,0.0,0.0,0.0,0.0,0.0
1803,Zircon,1.0,770,31.311251163856024,1327.5558441558442,1266.7818181818182,1311,1248,1346,1285,43.3586866802615,22.79558539236173,0.9447852760736196,0.0,1.0,0.0,0.0,0.0,0.0,0.0,0.0,0.0,0.0,0.0,0.0,0.0,0.0,0.0,0.0,0.0
1805,Zircon,1.0,381,22.025082668269306,1326.5879265091864,3203.412073490814,1317,3188,1335,3221,34.696453166765345,16.774029359673673,0.7665995975855131,0.0,1.0,0.0,0.0,0.0,0.0,0.0,0.0,0.0,0.0,0.0,0.0,0.0,0.0,0.0,0.0,0.0
1806,Rutile,1.0,1122,37.796491493164446,1327.5953654188947,1104.826203208556,1308,1081,1345,1128,44.67931620946634,34.10270418131614,0.8577981651376146,0.0,0.0,1.0,0.0,0.0,0.0,0.0,0.0,0.0,0.0,0.0,0.0,0.0,0.0,0.0,0.0,0.0
1807,Zircon,1.0,277,18.77997214831907,1327.5306859205775,2300.895306859206,1317,2290,1340,2313,24.610231846971825,15.817375675715489,0.8575851393188855,0.0,1.0,0.0,0.0,0.0,0.0,0.0,0.0,0.0,0.0,0.0,0.0,0.0,0.0,0.0,0.0,0.0
1808,Quartz,1.0,1017,35.98450523483212,1329.31465093412,1400.299901671583,1313,1379,1352,1423,44.64545995792795,31.480288062094765,0.8517587939698492,0.0,0.0,0.0,0.0,0.0,0.0,1.0,0.0,0.0,0.0,0.0,0.0,0.0,0.0,0.0,0.0,0.0
1809,Zircon,1.0,328,20.435815879801165,1328.4115853658536,1547.7896341463415,1318,1538,1340,1560,21.99037913889713,19.196794512552955,0.923943661971831,0.0,1.0,0.0,0.0,0.0,0.0,0.0,0.0,0.0,0.0,0.0,0.0,0.0,0.0,0.0,0.0,0.0
1810,Zircon,1.0,170,14.712264360219255,1330.6411764705883,386.97058823529414,1322,381,1339,396,18.61316704034488,12.800491134399968,0.8717948717948718,0.0,1.0,0.0,0.0,0.0,0.0,0.0,0.0,0.0,0.0,0.0,0.0,0.0,0.0,0.0,0.0,0.0
1811,Zircon,1.0,494,25.079480359432697,1329.0060728744938,1153.6072874493927,1318,1139,1346,1169,27.473723898435047,26.232331989356275,0.8821428571428571,0.0,1.0,0.0,0.0,0.0,0.0,0.0,0.0,0.0,0.0,0.0,0.0,0.0,0.0,0.0,0.0,0.0
1812,Zircon,1.0,2096,51.65955948094119,1334.1297709923665,1509.930820610687,1310,1480,1358,1541,59.758844662683615,46.43036440322822,0.8938166311300639,0.0,1.0,0.0,0.0,0.0,0.0,0.0,0.0,0.0,0.0,0.0,0.0,0.0,0.0,0.0,0.0,0.0
1813,Zircon,1.0,290,19.21560480373171,1330.6758620689654,1681.6172413793104,1320,1673,1342,1692,21.214969207573255,18.588000475156168,0.8841463414634146,0.0,1.0,0.0,0.0,0.0,0.0,0.0,0.0,0.0,0.0,0.0,0.0,0.0,0.0,0.0,0.0,0.0
1814,Rutile,1.0,106,11.617374563210365,1331.311320754717,2949.632075471698,1326,2941,1338,2959,20.965060786749206,7.6278151090965896,0.7412587412587412,0.0,0.0,1.0,0.0,0.0,0.0,0.0,0.0,0.0,0.0,0.0,0.0,0.0,0.0,0.0,0.0,0.0
1815,Zircon,1.0,150,13.81976597885342,1331.2066666666667,375.7733333333333,1323,369,1339,382,15.380337541868728,13.27126450428247,0.9259259259259259,0.0,1.0,0.0,0.0,0.0,0.0,0.0,0.0,0.0,0.0,0.0,0.0,0.0,0.0,0.0,0.0,0.0
1816,Zircon,1.0,1154,38.33168969174693,1336.783362218371,1014.209705372617,1317,997,1364,1037,46.72800474959218,33.29229632683355,0.8987538940809969,0.0,1.0,0.0,0.0,0.0,0.0,0.0,0.0,0.0,0.0,0.0,0.0,0.0,0.0,0.0,0.0,0.0
1818,Quartz,1.0,779,31.493707392885515,1337.4749679075737,1811.0885750962773,1321,1790,1357,1832,49.822912405996156,22.714873210229456,0.7916666666666666,0.0,0.0,0.0,0.0,0.0,0.0,1.0,0.0,0.0,0.0,0.0,0.0,0.0,0.0,0.0,0.0,0.0
1819,Zircon,1.0,354,21.23032733700184,1332.5593220338983,1992.316384180791,1320,1984,1344,2004,25.562696666624444,19.051171812996678,0.910025706940874,0.0,1.0,0.0,0.0,0.0,0.0,0.0,0.0,0.0,0.0,0.0,0.0,0.0,0.0,0.0,0.0,0.0
1820,Zircon,1.0,772,31.35188875547286,1319.6839378238342,1220.658031088083,1301,1206,1338,1238,42.032643767175145,23.78802957206479,0.9507389162561576,0.0,1.0,0.0,0.0,0.0,0.0,0.0,0.0,0.0,0.0,0.0,0.0,0.0,0.0,0.0,0.0,0.0
1821,Rutile,1.0,767,31.25019569237719,1339.2099087353324,1446.1056062581486,1321,1427,1363,1461,37.4841700907945,33.8008409420469,0.7826530612244897,0.0,0.0,1.0,0.0,0.0,0.0,0.0,0.0,0.0,0.0,0.0,0.0,0.0,0.0,0.0,0.0,0.0
1822,Zircon,1.0,1237,39.686235861283144,1344.7105901374293,2499.4551333872273,1324,2478,1367,2525,53.27171096005926,31.44587438308827,0.9156180606957809,0.0,1.0,0.0,0.0,0.0,0.0,0.0,0.0,0.0,0.0,0.0,0.0,0.0,0.0,0.0,0.0,0.0
1823,Zircon,1.0,478,24.669991941291908,1339.673640167364,627.1025104602511,1329,611,1352,644,34.78422775951661,18.144960356044,0.8786764705882353,0.0,1.0,0.0,0.0,0.0,0.0,0.0,0.0,0.0,0.0,0.0,0.0,0.0,0.0,0.0,0.0,0.0
1824,Zircon,1.0,366,21.587164551489145,1342.0628415300546,1232.6584699453551,1330,1218,1354,1245,27.004717373450788,19.394282007169668,0.8169642857142857,0.0,1.0,0.0,0.0,0.0,0.0,0.0,0.0,0.0,0.0,0.0,0.0,0.0,0.0,0.0,0.0,0.0
1825,Rutile,1.0,352,21.17026971360491,1338.1136363636363,2875.190340909091,1324,2864,1354,2887,25.90767299996805,18.750922714912218,0.7839643652561247,0.0,0.0,1.0,0.0,0.0,0.0,0.0,0.0,0.0,0.0,0.0,0.0,0.0,0.0,0.0,0.0,0.0
1826,Zircon,1.0,519,25.70625067405882,1342.5606936416184,1626.9344894026974,1331,1610,1358,1649,40.90338260164631,18.168011177968342,0.7887537993920972,0.0,1.0,0.0,0.0,0.0,0.0,0.0,0.0,0.0,0.0,0.0,0.0,0.0,0.0,0.0,0.0,0.0
1827,Rutile,0.9038461538461539,312,19.931149940667517,1339.076923076923,1936.9423076923076,1329,1926,1349,1950,22.374815987544,19.33348864260057,0.859504132231405,0.0,0.0,0.9038461538461539,0.09615384615384616,0.0,0.0,0.0,0.0,0.0,0.0,0.0,0.0,0.0,0.0,0.0,0.0,0.0
1828,Rutile,1.0,202,16.03728119216293,1340.8465346534654,1889.9851485148515,1335,1880,1349,1901,23.290463182311395,12.487843973799091,0.8347107438016529,0.0,0.0,1.0,0.0,0.0,0.0,0.0,0.0,0.0,0.0,0.0,0.0,0.0,0.0,0.0,0.0,0.0
1829,Monazite & Xenotime,1.0,396,22.45446191105733,1344.4646464646464,265.5959595959596,1331,253,1362,276,31.647352369252864,18.62698652060806,0.7983870967741935,1.0,0.0,0.0,0.0,0.0,0.0,0.0,0.0,0.0,0.0,0.0,0.0,0.0,0.0,0.0,0.0,0.0
1830,Zircon,1.0,524,25.829779740470595,1342.8377862595419,361.72137404580155,1331,347,1355,380,30.466896558014202,22.281297710014293,0.9192982456140351,0.0,1.0,0.0,0.0,0.0,0.0,0.0,0.0,0.0,0.0,0.0,0.0,0.0,0.0,0.0,0.0,0.0
1831,Rutile,1.0,114,12.047792665040703,1343.0964912280701,2964.6403508771928,1338,2958,1351,2972,15.438157838694282,9.869633531706153,0.912,0.0,0.0,1.0,0.0,0.0,0.0,0.0,0.0,0.0,0.0,0.0,0.0,0.0,0.0,0.0,0.0,0.0
1834,Rutile,1.0,106,11.617374563210365,1347.0377358490566,3087.801886792453,1339,3081,1357,3094,17.333705336790583,11.64350201543325,0.6751592356687898,0.0,0.0,1.0,0.0,0.0,0.0,0.0,0.0,0.0,0.0,0.0,0.0,0.0,0.0,0.0,0.0,0.0
1835,Quartz,1.0,533,26.05065598682386,1355.0093808630395,1969.0262664165102,1340,1955,1373,1984,38.28605856543996,18.736350396781617,0.8824503311258278,0.0,0.0,0.0,0.0,0.0,0.0,1.0,0.0,0.0,0.0,0.0,0.0,0.0,0.0,0.0,0.0,0.0
1836,Rutile,1.0,762,31.14817062185505,1355.9724409448818,2346.8543307086616,1339,2326,1375,2368,45.74523017530299,23.13485955373051,0.8639455782312925,0.0,0.0,1.0,0.0,0.0,0.0,0.0,0.0,0.0,0.0,0.0,0.0,0.0,0.0,0.0,0.0,0.0
1838,Unknown,1.0,270,18.5411616971131,1349.5666666666666,127.77407407407408,1336,121,1362,136,25.652794871569245,13.913290664516603,0.8766233766233766,0.0,0.0,0.0,0.0,0.0,0.0,0.0,0.0,0.0,0.0,0.0,0.0,0.0,0.0,0.0,0.0,1.0
1840,Zircon,1.0,911,34.05761625912379,1355.4939626783755,1560.2294182217342,1337,1541,1373,1584,44.139362280947196,27.88856226297151,0.911,0.0,1.0,0.0,0.0,0.0,0.0,0.0,0.0,0.0,0.0,0.0,0.0,0.0,0.0,0.0,0.0,0.0
1841,Rutile,0.9741813602015114,3176,63.59094899495428,1348.3938916876575,1739.4480478589421,1319,1693,1379,1781,90.3741786075516,46.734604994156236,0.8732471817431949,0.0,0.0,0.9741813602015114,0.025818639798488665,0.0,0.0,0.0,0.0,0.0,0.0,0.0,0.0,0.0,0.0,0.0,0.0,0.0
1843,Quartz,1.0,229,17.075475271404667,1352.4366812227074,2287.6637554585154,1342,2282,1365,2295,22.423840497528094,13.490300927908143,0.9196787148594378,0.0,0.0,0.0,0.0,0.0,0.0,1.0,0.0,0.0,0.0,0.0,0.0,0.0,0.0,0.0,0.0,0.0
1844,Zircon,0.890295358649789,711,30.087760240780646,1356.5246132208158,670.576652601969,1334,653,1376,689,44.656421270955356,22.802673960175227,0.8566265060240964,0.0,0.890295358649789,0.10970464135021098,0.0,0.0,0.0,0.0,0.0,0.0,0.0,0.0,0.0,0.0,0.0,0.0,0.0,0.0
1845,Zircon,1.0,419,23.09734550211416,1357.618138424821,1991.1861575178998,1344,1983,1375,2004,31.314657606026643,19.1372039885638,0.8657024793388429,0.0,1.0,0.0,0.0,0.0,0.0,0.0,0.0,0.0,0.0,0.0,0.0,0.0,0.0,0.0,0.0,0.0
1846,Zircon,1.0,647,28.701672171559103,1357.0772797527047,2235.6074188562598,1342,2222,1371,2254,32.84637346726088,26.5949239416358,0.8948824343015215,0.0,1.0,0.0,0.0,0.0,0.0,0.0,0.0,0.0,0.0,0.0,0.0,0.0,0.0,0.0,0.0,0.0
1847,Zircon,0.875,1448,42.937755656025104,1356.4198895027625,1044.113950276243,1334,1023,1381,1068,49.221379123522595,37.78107314331697,0.9557755775577558,0.0,0.875,0.0,0.0,0.0,0.0,0.0,0.0,0.0,0.0,0.0,0.0,0.0,0.0,0.0,0.0,0.125
1848,Quartz,1.0,223,16.85029431422316,1359.017937219731,2273.9058295964123,1347,2265,1369,2281,20.863552764524364,14.666704275449392,0.9176954732510288,0.0,0.0,0.0,0.0,0.0,0.0,1.0,0.0,0.0,0.0,0.0,0.0,0.0,0.0,0.0,0.0,0.0
1849,Zircon,1.0,152,13.911592676604096,1357.8552631578948,2928.2565789473683,1352,2919,1365,2938,18.939892888796056,10.886851342476223,0.8685714285714285,0.0,1.0,0.0,0.0,0.0,0.0,0.0,0.0,0.0,0.0,0.0,0.0,0.0,0.0,0.0,0.0,0.0
1851,Zircon,1.0,772,31.35188875547286,1355.889896373057,421.61528497409324,1342,403,1368,444,39.504578265693574,26.529430763796064,0.9380315917375456,0.0,1.0,0.0,0.0,0.0,0.0,0.0,0.0,0.0,0.0,0.0,0.0,0.0,0.0,0.0,0.0,0.0
1853,Zircon,1.0,672,29.25093116572581,1363.8333333333333,365.7440476190476,1354,343,1378,390,49.83621581898651,18.471391279252483,0.8205128205128205,0.0,1.0,0.0,0.0,0.0,0.0,0.0,0.0,0.0,0.0,0.0,0.0,0.0,0.0,0.0,0.0,0.0
1854,Monazite & Xenotime,0.9602249899558055,2489,56.29469981131279,1363.5451988750501,574.5689031739654,1334,547,1396,603,59.39671926113532,54.5338535226677,0.9360661902971041,0.9602249899558055,0.0,0.0,0.0,0.0,0.0,0.0,0.0,0.0,0.0,0.0,0.0,0.0,0.0,0.0,0.0,0.03977501004419445
1855,Ilmenite,1.0,981,35.34187308823903,1364.7665647298675,45.13863404689093,1348,25,1382,63,39.57463757904941,32.00764391409555,0.9505813953488372,0.0,0.0,0.0,1.0,0.0,0.0,0.0,0.0,0.0,0.0,0.0,0.0,0.0,0.0,0.0,0.0,0.0
1856,Zircon,1.0,440,23.66908109081279,1365.8272727272727,640.0363636363636,1355,624,1380,654,30.858386257958077,20.090423627231115,0.8543689320388349,0.0,1.0,0.0,0.0,0.0,0.0,0.0,0.0,0.0,0.0,0.0,0.0,0.0,0.0,0.0,0.0,0.0
1857,Rutile,1.0,223,16.85029431422316,1361.1973094170403,3076.6905829596412,1346,3069,1375,3088,29.16801346422244,17.14997374139458,0.6335227272727273,0.0,0.0,1.0,0.0,0.0,0.0,0.0,0.0,0.0,0.0,0.0,0.0,0.0,0.0,0.0,0.0,0.0
1858,Rutile,1.0,935,34.503318308930474,1359.354010695187,2885.503743315508,1334,2854,1376,2911,62.2204036135844,30.81825166859358,0.6258366800535475,0.0,0.0,1.0,0.0,0.0,0.0,0.0,0.0,0.0,0.0,0.0,0.0,0.0,0.0,0.0,0.0,0.0
1859,Rutile,1.0,367,21.616635097022034,1368.3460490463215,1526.765667574932,1359,1513,1384,1541,26.05870503593623,21.316915494160263,0.7926565874730022,0.0,0.0,1.0,0.0,0.0,0.0,0.0,0.0,0.0,0.0,0.0,0.0,0.0,0.0,0.0,0.0,0.0
1860,Zircon,1.0,628,28.277100878514442,1369.4108280254777,3237.646496815287,1359,3217,1382,3255,36.60341549943877,22.567653495278844,0.9317507418397626,0.0,1.0,0.0,0.0,0.0,0.0,0.0,0.0,0.0,0.0,0.0,0.0,0.0,0.0,0.0,0.0,0.0
1861,Zircon,0.9470997679814385,2155,52.381592367016445,1368.090951276102,782.524361948956,1343,756,1397,806,57.37639533634825,49.856708662921456,0.9455901711276876,0.0,0.9470997679814385,0.0,0.0,0.0,0.0,0.0,0.0,0.0,0.0,0.0,0.0,0.0,0.0,0.0,0.0,0.052900232018561484
1862,Zircon,1.0,252,17.91246396432554,1371.8015873015872,807.5119047619048,1347,805,1398,811,57.889722312542055,5.78629715397897,0.9064748201438849,0.0,1.0,0.0,0.0,0.0,0.0,0.0,0.0,0.0,0.0,0.0,0.0,0.0,0.0,0.0,0.0,0.0
1863,Quartz,1.0,172,14.798554040663838,1373.296511627907,1436.7151162790697,1366,1429,1385,1448,22.2791664367229,11.342593488192918,0.8075117370892019,0.0,0.0,0.0,0.0,0.0,0.0,1.0,0.0,0.0,0.0,0.0,0.0,0.0,0.0,0.0,0.0,0.0
1864,Zircon,1.0,355,21.260292528114064,1376.5070422535211,1624.2704225352113,1365,1614,1390,1637,26.149622222439007,18.79873952563487,0.8275058275058275,0.0,1.0,0.0,0.0,0.0,0.0,0.0,0.0,0.0,0.0,0.0,0.0,0.0,0.0,0.0,0.0,0.0
1865,Zircon,1.0,998,35.64678198162763,1379.61623246493,420.94689378757516,1366,400,1396,445,44.45189165448137,29.911032209775623,0.8966756513926325,0.0,1.0,0.0,0.0,0.0,0.0,0.0,0.0,0.0,0.0,0.0,0.0,0.0,0.0,0.0,0.0,0.0
1866,Zircon,1.0,1367,41.719521301819455,1374.9773226042428,823.8266276517923,1348,810,1400,843,54.04200160796863,33.64685966623218,0.9647141848976711,0.0,1.0,0.0,0.0,0.0,0.0,0.0,0.0,0.0,0.0,0.0,0.0,0.0,0.0,0.0,0.0,0.0
1867,Rutile,1.0,247,17.733870630789692,1371.4048582995952,2471.4574898785427,1360,2464,1383,2481,23.07638163916432,14.647379696829221,0.8288590604026845,0.0,0.0,1.0,0.0,0.0,0.0,0.0,0.0,0.0,0.0,0.0,0.0,0.0,0.0,0.0,0.0,0.0
1868,Zircon,1.0,1410,42.37060016186435,1374.945390070922,1073.8751773049646,1355,1049,1399,1107,54.38006388134273,35.48638156073341,0.8941027266962587,0.0,1.0,0.0,0.0,0.0,0.0,0.0,0.0,0.0,0.0,0.0,0.0,0.0,0.0,0.0,0.0,0.0
1869,Rutile,1.0,746,30.81942083122964,1375.922252010724,1252.1206434316355,1359,1235,1394,1269,32.94798504852694,31.7827560681177,0.8448471121177803,0.0,0.0,1.0,0.0,0.0,0.0,0.0,0.0,0.0,0.0,0.0,0.0,0.0,0.0,0.0,0.0,0.0
1870,Rutile,1.0,376,21.880083839428522,1376.6329787234042,1353.5664893617022,1367,1340,1386,1366,26.66494678615244,18.7670299770422,0.9215686274509803,0.0,0.0,1.0,0.0,0.0,0.0,0.0,0.0,0.0,0.0,0.0,0.0,0.0,0.0,0.0,0.0,0.0
1871,Quartz,0.9638989169675091,4155,72.73451937267889,1371.574969915764,3024.035138387485,1333,2987,1411,3066,80.37173918974813,68.59712671772179,0.8806697753285291,0.0,0.0,0.0,0.0,0.0,0.0,0.9638989169675091,0.0,0.0,0.0,0.0,0.0,0.0,0.0,0.0,0.0,0.036101083032490974
1872,Zircon,1.0,2905,60.81743892548952,1379.057142857143,1306.9755593803786,1343,1279,1417,1341,73.36690465669561,52.93562200454839,0.9032960199004975,0.0,1.0,0.0,0.0,0.0,0.0,0.0,0.0,0.0,0.0,0.0,0.0,0.0,0.0,0.0,0.0,0.0
1874,Zircon,1.0,1599,45.12105973967727,1378.8492808005003,2645.4358974358975,1358,2623,1401,2671,47.187819786302896,43.393510803620536,0.9574850299401197,0.0,1.0,0.0,0.0,0.0,0.0,0.0,0.0,0.0,0.0,0.0,0.0,0.0,0.0,0.0,0.0,0.0
1875,Illite,1.0,157,14.138550439257221,1385.1082802547771,3104.643312101911,1376,3097,1395,3114,19.32199038865802,13.254174523029722,0.7072072072072072,0.0,0.0,0.0,0.0,0.0,0.0,0.0,0.0,0.0,0.0,0.0,0.0,1.0,0.0,0.0,0.0,0.0
1876,Quartz,1.0,135,13.110581167104948,1380.5703703703705,2296.125925925926,1375,2290,1389,2305,17.20771748911938,11.089135086945266,0.8544303797468354,0.0,0.0,0.0,0.0,0.0,0.0,1.0,0.0,0.0,0.0,0.0,0.0,0.0,0.0,0.0,0.0,0.0
1878,Ilmenite,1.0,134,13.061933202803933,1383.6716417910447,3254.1194029850744,1374,3244,1391,3261,21.563385805734814,10.92409402786904,0.6979166666666666,0.0,0.0,0.0,1.0,0.0,0.0,0.0,0.0,0.0,0.0,0.0,0.0,0.0,0.0,0.0,0.0,0.0
1879,Zircon,1.0,294,19.347672370394786,1385.9931972789116,283.21768707482994,1378,272,1395,295,23.52553564577343,16.132774715548425,0.9545454545454546,0.0,1.0,0.0,0.0,0.0,0.0,0.0,0.0,0.0,0.0,0.0,0.0,0.0,0.0,0.0,0.0,0.0
1880,Zircon,1.0,5013,79.89211373945098,1373.3127867544385,716.7853580690205,1316,677,1422,755,109.82049917061029,61.27330391365129,0.9218462670099301,0.0,1.0,0.0,0.0,0.0,0.0,0.0,0.0,0.0,0.0,0.0,0.0,0.0,0.0,0.0,0.0,0.0
1881,Zircon,1.0,699,29.83277462405867,1387.4062947067239,1218.211731044349,1371,1202,1409,1232,38.781195386294584,25.439024068426914,0.8052995391705069,0.0,1.0,0.0,0.0,0.0,0.0,0.0,0.0,0.0,0.0,0.0,0.0,0.0,0.0,0.0,0.0,0.0
1882,Zircon,1.0,3843,69.95040793603158,1382.056206088993,2046.9612282071298,1343,2013,1423,2090,88.31834500711872,57.66215971700261,0.9533614487720169,0.0,1.0,0.0,0.0,0.0,0.0,0.0,0.0,0.0,0.0,0.0,0.0,0.0,0.0,0.0,0.0,0.0
1883,Zircon,1.0,111,11.888212206450685,1394.7927927927929,25.16216216216216,1384,23,1407,30,22.972123828968133,6.556953889534591,0.888,0.0,1.0,0.0,0.0,0.0,0.0,0.0,0.0,0.0,0.0,0.0,0.0,0.0,0.0,0.0,0.0,0.0
1884,Rutile,1.0,631,28.34456125481373,1389.1442155309032,162.68621236133123,1372,150,1409,179,34.32437552244465,25.366262972879177,0.8368700265251989,0.0,0.0,1.0,0.0,0.0,0.0,0.0,0.0,0.0,0.0,0.0,0.0,0.0,0.0,0.0,0.0,0.0
1885,Monazite & Xenotime,1.0,597,27.570346537664197,1378.715242881072,617.3819095477387,1363,583,1396,634,37.18691824111334,25.536675839113105,0.5407608695652174,1.0,0.0,0.0,0.0,0.0,0.0,0.0,0.0,0.0,0.0,0.0,0.0,0.0,0.0,0.0,0.0,0.0
1886,Zircon,1.0,1272,40.2437659880773,1404.7169811320755,598.6415094339623,1388,569,1423,628,54.72714368570838,30.641229091260765,0.886411149825784,0.0,1.0,0.0,0.0,0.0,0.0,0.0,0.0,0.0,0.0,0.0,0.0,0.0,0.0,0.0,0.0,0.0
1887,Zircon,1.0,1027,36.16098743733379,1389.2453748782864,877.9347614410906,1372,859,1408,897,39.27503165957305,33.834414672586156,0.9370437956204379,0.0,1.0,0.0,0.0,0.0,0.0,0.0,0.0,0.0,0.0,0.0,0.0,0.0,0.0,0.0,0.0,0.0
1888,Monazite & Xenotime,1.0,328,20.435815879801165,1390.466463414634,997.1067073170732,1381,985,1401,1012,27.9461940945709,16.416241469734768,0.7980535279805353,1.0,0.0,0.0,0.0,0.0,0.0,0.0,0.0,0.0,0.0,0.0,0.0,0.0,0.0,0.0,0.0,0.0
1889,Zircon,1.0,840,32.703535245865034,1385.5869047619049,2366.170238095238,1363,2351,1408,2381,44.17153725488861,27.210734917049347,0.7962085308056872,0.0,1.0,0.0,0.0,0.0,0.0,0.0,0.0,0.0,0.0,0.0,0.0,0.0,0.0,0.0,0.0,0.0
1890,Rutile,1.0,305,19.706294962377495,1392.9540983606557,1840.4688524590165,1386,1825,1402,1855,31.862587892190025,12.57547820872938,0.8866279069767442,0.0,0.0,1.0,0.0,0.0,0.0,0.0,0.0,0.0,0.0,0.0,0.0,0.0,0.0,0.0,0.0,0.0
1892,Zircon,1.0,694,29.72588508432008,1386.3054755043227,970.5014409221902,1364,957,1407,985,44.831921279640596,21.859005724321253,0.8653366583541147,0.0,1.0,0.0,0.0,0.0,0.0,0.0,0.0,0.0,0.0,0.0,0.0,0.0,0.0,0.0,0.0,0.0
1893,Rutile,1.0,218,16.66031874701878,1390.6146788990825,2477.6146788990827,1383,2467,1400,2488,22.31842637190237,13.372539117552702,0.8482490272373541,0.0,0.0,1.0,0.0,0.0,0.0,0.0,0.0,0.0,0.0,0.0,0.0,0.0,0.0,0.0,0.0,0.0
1896,Zircon,1.0,630,28.32209231647889,1397.4555555555555,205.1984126984127,1384,189,1414,220,35.673218614173344,23.159172886184077,0.9210526315789473,0.0,1.0,0.0,0.0,0.0,0.0,0.0,0.0,0.0,0.0,0.0,0.0,0.0,0.0,0.0,0.0,0.0
1897,Quartz,1.0,982,35.35988168715967,1382.306517311609,1385.174134419552,1361,1366,1398,1405,41.146829859233684,33.52970659525045,0.8976234003656307,0.0,0.0,0.0,0.0,0.0,0.0,1.0,0.0,0.0,0.0,0.0,0.0,0.0,0.0,0.0,0.0,0.0
1898,Monazite & Xenotime,1.0,183,15.26443044094783,1393.1803278688524,1817.0874316939892,1382,1809,1402,1826,23.849625485782564,13.912913374565196,0.7204724409448819,1.0,0.0,0.0,0.0,0.0,0.0,0.0,0.0,0.0,0.0,0.0,0.0,0.0,0.0,0.0,0.0,0.0
1899,Zircon,1.0,558,26.654599339742866,1399.2060931899641,103.98924731182795,1383,90,1414,120,33.695900698861415,21.682413563592338,0.9331103678929766,0.0,1.0,0.0,0.0,0.0,0.0,0.0,0.0,0.0,0.0,0.0,0.0,0.0,0.0,0.0,0.0,0.0
1900,Zircon,1.0,1188,38.89226888657144,1397.327441077441,1142.9318181818182,1380,1124,1421,1165,41.827798769393866,37.022137342243454,0.9166666666666666,0.0,1.0,0.0,0.0,0.0,0.0,0.0,0.0,0.0,0.0,0.0,0.0,0.0,0.0,0.0,0.0,0.0
1901,Zircon,1.0,809,32.09440436728413,1394.31891223733,2587.5327564894933,1376,2568,1414,2606,46.16691389798022,22.650568445789418,0.9396051103368177,0.0,1.0,0.0,0.0,0.0,0.0,0.0,0.0,0.0,0.0,0.0,0.0,0.0,0.0,0.0,0.0,0.0
1903,Quartz,1.0,154,14.002817212590296,1399.025974025974,1385.3831168831168,1397,1366,1402,1406,44.09772757140298,4.642268025365747,0.88,0.0,0.0,0.0,0.0,0.0,0.0,1.0,0.0,0.0,0.0,0.0,0.0,0.0,0.0,0.0,0.0,0.0
1904,Zircon,1.0,1669,46.09812143854657,1397.5566207309766,1665.1384062312761,1380,1637,1418,1694,56.77491424105021,37.59950608310026,0.9625144175317186,0.0,1.0,0.0,0.0,0.0,0.0,0.0,0.0,0.0,0.0,0.0,0.0,0.0,0.0,0.0,0.0,0.0
1905,Rutile,0.9581673306772909,1004,35.75377606511099,1398.1085657370518,2131.394422310757,1381,2111,1415,2151,40.8146690321016,31.788065686362717,0.9236430542778289,0.0,0.0,0.9581673306772909,0.04183266932270916,0.0,0.0,0.0,0.0,0.0,0.0,0.0,0.0,0.0,0.0,0.0,0.0,0.0
1906,Rutile,1.0,2059,51.201564650015335,1401.770762506071,2898.622146673142,1368,2873,1443,2929,77.33089944016645,37.03533387154708,0.8680438448566611,0.0,0.0,1.0,0.0,0.0,0.0,0.0,0.0,0.0,0.0,0.0,0.0,0.0,0.0,0.0,0.0,0.0
1907,Zircon,1.0,1969,50.070037583204744,1398.4621635347892,1718.9588623666837,1370,1694,1426,1746,54.03654633572835,47.28577794636854,0.9367269267364415,0.0,1.0,0.0,0.0,0.0,0.0,0.0,0.0,0.0,0.0,0.0,0.0,0.0,0.0,0.0,0.0,0.0
1908,Unknown,1.0,108,11.726460285670077,1399.1759259259259,548.8703703703703,1391,543,1406,559,16.356379115027927,11.443953038530196,0.6708074534161491,0.0,0.0,0.0,0.0,0.0,0.0,0.0,0.0,0.0,0.0,0.0,0.0,0.0,0.0,0.0,0.0,1.0
1909,Quartz,1.0,265,18.36868202552426,1402.0566037735848,1257.4037735849056,1395,1246,1411,1270,24.123059946227244,14.432382236069484,0.8745874587458746,0.0,0.0,0.0,0.0,0.0,0.0,1.0,0.0,0.0,0.0,0.0,0.0,0.0,0.0,0.0,0.0,0.0
1910,Rutile,1.0,339,20.775663783985824,1407.1386430678467,1508.716814159292,1395,1500,1425,1519,32.43698330870607,15.6370375271711,0.8288508557457213,0.0,0.0,1.0,0.0,0.0,0.0,0.0,0.0,0.0,0.0,0.0,0.0,0.0,0.0,0.0,0.0,0.0
1911,Zircon,1.0,207,16.23454913941803,1400.3816425120774,2177.086956521739,1392,2169,1410,2187,21.67191888602234,12.330090107962983,0.92,0.0,1.0,0.0,0.0,0.0,0.0,0.0,0.0,0.0,0.0,0.0,0.0,0.0,0.0,0.0,0.0,0.0
1912,Rutile,0.7713178294573644,258,18.12445316531431,1394.5348837209303,1112.4767441860465,1380,1103,1410,1122,33.1907354011527,16.132868338919984,0.6128266033254157,0.0,0.0,0.7713178294573644,0.0,0.0,0.0,0.22868217054263565,0.0,0.0,0.0,0.0,0.0,0.0,0.0,0.0,0.0,0.0
1913,Quartz,1.0,793,31.775445850136926,1411.701134930643,1389.5762925598992,1401,1368,1427,1410,41.163702331351054,25.550822027655663,0.9418052256532067,0.0,0.0,0.0,0.0,0.0,0.0,1.0,0.0,0.0,0.0,0.0,0.0,0.0,0.0,0.0,0.0,0.0
1914,Zircon,1.0,121,12.412170838050638,1408.0247933884298,1198.6528925619834,1402,1192,1416,1206,16.00065658028579,10.273536326941299,0.8344827586206897,0.0,1.0,0.0,0.0,0.0,0.0,0.0,0.0,0.0,0.0,0.0,0.0,0.0,0.0,0.0,0.0,0.0
1915,Iron Oxides,1.0,332,20.56004690782767,1407.0210843373493,1864.1927710843374,1399,1853,1422,1881,29.683274016104445,18.22451330330263,0.7579908675799086,0.0,0.0,0.0,0.0,1.0,0.0,0.0,0.0,0.0,0.0,0.0,0.0,0.0,0.0,0.0,0.0,0.0
1916,Rutile,1.0,841,32.722995845769866,1413.0820451843044,942.9833531510106,1390,928,1442,954,51.90406483971063,22.86580886589748,0.8180933852140078,0.0,0.0,1.0,0.0,0.0,0.0,0.0,0.0,0.0,0.0,0.0,0.0,0.0,0.0,0.0,0.0,0.0
1917,Rutile,1.0,1202,39.1207608920336,1406.6048252911814,661.7279534109817,1383,646,1431,680,50.15962669951493,32.23947889618849,0.8963460104399702,0.0,0.0,1.0,0.0,0.0,0.0,0.0,0.0,0.0,0.0,0.0,0.0,0.0,0.0,0.0,0.0,0.0
1918,Rutile,1.0,102,11.396070970426017,1406.9411764705883,1172.137254901961,1403,1162,1415,1179,18.3857062847571,9.445467785996769,0.7786259541984732,0.0,0.0,1.0,0.0,0.0,0.0,0.0,0.0,0.0,0.0,0.0,0.0,0.0,0.0,0.0,0.0,0.0
1919,Quartz,1.0,150,13.81976597885342,1419.0066666666667,1173.3066666666666,1409,1165,1429,1179,20.66001291404109,11.59907083215863,0.7142857142857143,0.0,0.0,0.0,0.0,0.0,0.0,1.0,0.0,0.0,0.0,0.0,0.0,0.0,0.0,0.0,0.0,0.0
1921,Quartz,1.0,886,33.5870545989873,1407.6343115124153,1445.9627539503385,1386,1428,1429,1475,40.7005863842052,38.818792056194866,0.6252646436132675,0.0,0.0,0.0,0.0,0.0,0.0,1.0,0.0,0.0,0.0,0.0,0.0,0.0,0.0,0.0,0.0,0.0
1922,Zircon,0.9589209074187615,1631,45.57031596843553,1409.4138565297364,2442.587982832618,1386,2420,1434,2469,49.71032443346519,42.69376477716474,0.9378953421506613,0.0,0.9589209074187615,0.0,0.0,0.0,0.0,0.0,0.0,0.0,0.0,0.0,0.0,0.0,0.0,0.0,0.0,0.041079092581238506
1923,Rutile,0.9569060773480663,905,33.94527637220416,1412.3911602209944,1538.5049723756906,1399,1518,1428,1564,48.56525201913013,25.525847774415215,0.848968105065666,0.0,0.0,0.9569060773480663,0.0430939226519337,0.0,0.0,0.0,0.0,0.0,0.0,0.0,0.0,0.0,0.0,0.0,0.0,0.0
1924,Rutile,1.0,1495,43.62903986313552,1415.6140468227425,133.95117056856188,1394,110,1443,157,47.28763232356756,43.20464015857768,0.8936043036461446,0.0,0.0,1.0,0.0,0.0,0.0,0.0,0.0,0.0,0.0,0.0,0.0,0.0,0.0,0.0,0.0,0.0
1925,Quartz,1.0,207,16.23454913941803,1411.888888888889,1271.743961352657,1403,1259,1420,1281,20.20975665439435,15.503793782870636,0.7840909090909091,0.0,0.0,0.0,0.0,0.0,0.0,1.0,0.0,0.0,0.0,0.0,0.0,0.0,0.0,0.0,0.0,0.0
1926,Zircon,1.0,920,34.225434710991614,1416.1336956521739,2783.7195652173914,1399,2766,1435,2800,37.31537438655609,32.85146181337814,0.9172482552342971,0.0,1.0,0.0,0.0,0.0,0.0,0.0,0.0,0.0,0.0,0.0,0.0,0.0,0.0,0.0,0.0,0.0
1927,Rutile,1.0,329,20.466944330257718,1417.854103343465,1054.8480243161093,1408,1041,1429,1068,26.448511672128987,17.59723750416803,0.8590078328981723,0.0,0.0,1.0,0.0,0.0,0.0,0.0,0.0,0.0,0.0,0.0,0.0,0.0,0.0,0.0,0.0,0.0
1928,Zircon,1.0,165,14.494292838262302,1420.3575757575757,2410.266666666667,1413,2403,1429,2419,16.601006900184704,12.967511661729144,0.9116022099447514,0.0,1.0,0.0,0.0,0.0,0.0,0.0,0.0,0.0,0.0,0.0,0.0,0.0,0.0,0.0,0.0,0.0
1929,Ilmenite,1.0,1190,38.92499271977894,1423.989075630252,69.07899159663866,1408,43,1442,96,48.78424895021942,31.823917054481743,0.8994708994708994,0.0,0.0,0.0,1.0,0.0,0.0,0.0,0.0,0.0,0.0,0.0,0.0,0.0,0.0,0.0,0.0,0.0
1930,Rutile,1.0,1380,41.917425633434654,1408.0340579710146,383.03985507246375,1378,366,1441,405,62.587786930410815,30.25515209944846,0.7917383820998278,0.0,0.0,1.0,0.0,0.0,0.0,0.0,0.0,0.0,0.0,0.0,0.0,0.0,0.0,0.0,0.0,0.0
1931,Zircon,1.0,1621,45.430400636750925,1420.9537322640344,835.1492905613819,1405,807,1441,871,66.3030940726874,33.214683748141056,0.9050809603573423,0.0,1.0,0.0,0.0,0.0,0.0,0.0,0.0,0.0,0.0,0.0,0.0,0.0,0.0,0.0,0.0,0.0
1932,Monazite & Xenotime,1.0,109,11.780624362746345,1425.2752293577983,2385.3119266055046,1418,2379,1434,2392,14.961231119288527,10.999504678148568,0.7730496453900709,1.0,0.0,0.0,0.0,0.0,0.0,0.0,0.0,0.0,0.0,0.0,0.0,0.0,0.0,0.0,0.0,0.0
1933,Zircon,1.0,170,14.712264360219255,1425.8647058823528,1149.6117647058823,1419,1143,1437,1159,18.504896946305323,12.78945554312868,0.8947368421052632,0.0,1.0,0.0,0.0,0.0,0.0,0.0,0.0,0.0,0.0,0.0,0.0,0.0,0.0,0.0,0.0,0.0
1934,Zircon,1.0,597,27.570346537664197,1424.49581239531,1892.8006700167505,1406,1878,1440,1908,33.194071926940374,24.830885317260314,0.8950524737631185,0.0,1.0,0.0,0.0,0.0,0.0,0.0,0.0,0.0,0.0,0.0,0.0,0.0,0.0,0.0,0.0,0.0
1935,Rutile,0.8567073170731707,656,28.900607975374268,1426.2591463414635,402.3551829268293,1405,392,1446,416,37.937757299430395,22.91339842072923,0.8949522510231923,0.0,0.0,0.8567073170731707,0.0,0.0,0.0,0.14329268292682926,0.0,0.0,0.0,0.0,0.0,0.0,0.0,0.0,0.0,0.0
1936,Monazite & Xenotime,1.0,1405,42.295408265589586,1423.620640569395,3066.002846975089,1399,3034,1444,3098,57.18311951837745,36.81526715824572,0.7402528977871443,1.0,0.0,0.0,0.0,0.0,0.0,0.0,0.0,0.0,0.0,0.0,0.0,0.0,0.0,0.0,0.0,0.0
1937,Iron Oxides,1.0,514,25.582125126616702,1424.955252918288,1341.3754863813228,1409,1328,1439,1359,36.685365171319376,18.979540387319247,0.8831615120274914,0.0,0.0,0.0,0.0,1.0,0.0,0.0,0.0,0.0,0.0,0.0,0.0,0.0,0.0,0.0,0.0,0.0
1938,Illite,1.0,144,13.540550005146152,1426.736111111111,3123.125,1420,3116,1436,3132,16.85768805458083,12.055830324472366,0.8228571428571428,0.0,0.0,0.0,0.0,0.0,0.0,0.0,0.0,0.0,0.0,0.0,0.0,1.0,0.0,0.0,0.0,0.0
1939,Zircon,1.0,372,21.76338922689847,1428.6801075268818,1642.8817204301076,1412,1634,1444,1657,35.962100575558665,14.444761279224211,0.808695652173913,0.0,1.0,0.0,0.0,0.0,0.0,0.0,0.0,0.0,0.0,0.0,0.0,0.0,0.0,0.0,0.0,0.0
1940,Rutile,0.6231884057971014,207,16.23454913941803,1423.3671497584542,1843.7391304347825,1411,1837,1434,1851,25.23483710241855,12.186785994871505,0.8023255813953488,0.0,0.0,0.6231884057971014,0.37681159420289856,0.0,0.0,0.0,0.0,0.0,0.0,0.0,0.0,0.0,0.0,0.0,0.0,0.0
1941,Zircon,1.0,2148,52.296448656587856,1426.5530726256984,1974.6443202979515,1404,1944,1453,2005,61.30342920875666,46.278155440725776,0.9335071707953064,0.0,1.0,0.0,0.0,0.0,0.0,0.0,0.0,0.0,0.0,0.0,0.0,0.0,0.0,0.0,0.0,0.0
1944,Rutile,1.0,606,27.777385840094972,1434.0907590759075,217.56105610561056,1419,207,1452,235,33.72147354412072,24.874154988007604,0.8620199146514936,0.0,0.0,1.0,0.0,0.0,0.0,0.0,0.0,0.0,0.0,0.0,0.0,0.0,0.0,0.0,0.0,0.0
1945,Illite,1.0,6061,87.84705390984846,1429.5563438376505,486.19056261343013,1381,437,1473,541,111.20771797815796,77.03602540594699,0.8493553811659192,0.0,0.0,0.0,0.0,0.0,0.0,0.0,0.0,0.0,0.0,0.0,0.0,1.0,0.0,0.0,0.0,0.0
1946,Zircon,1.0,422,23.179885415554555,1433.052132701422,1009.4691943127962,1423,996,1445,1023,26.660034499740917,20.52923024308218,0.9356984478935698,0.0,1.0,0.0,0.0,0.0,0.0,0.0,0.0,0.0,0.0,0.0,0.0,0.0,0.0,0.0,0.0,0.0
1947,Quartz,0.7245762711864406,236,17.334489682638438,1431.8389830508474,1470.3771186440679,1417,1463,1444,1479,27.220002794320678,13.05171370733372,0.7173252279635258,0.0,0.0,0.2754237288135593,0.0,0.0,0.0,0.7245762711864406,0.0,0.0,0.0,0.0,0.0,0.0,0.0,0.0,0.0,0.0
1948,Rutile,1.0,949,34.76067214473376,1431.5532139093782,2817.721812434141,1411,2800,1450,2835,41.96179456689114,29.980009812933602,0.9258536585365854,0.0,0.0,1.0,0.0,0.0,0.0,0.0,0.0,0.0,0.0,0.0,0.0,0.0,0.0,0.0,0.0,0.0
1949,Zircon,1.0,776,31.433006326383836,1431.5979381443299,3199.813144329897,1420,3181,1445,3220,38.67769600274267,26.041283828614002,0.9556650246305419,0.0,1.0,0.0,0.0,0.0,0.0,0.0,0.0,0.0,0.0,0.0,0.0,0.0,0.0,0.0,0.0,0.0
1950,Zircon,1.0,268,18.47236308621676,1432.358208955224,907.8656716417911,1422,901,1446,918,23.708748586175105,15.116505553314559,0.9370629370629371,0.0,1.0,0.0,0.0,0.0,0.0,0.0,0.0,0.0,0.0,0.0,0.0,0.0,0.0,0.0,0.0,0.0
1951,Quartz,1.0,486,24.875578761936154,1436.6378600823045,2233.216049382716,1421,2222,1452,2248,27.723234217390328,23.447010624400193,0.8836363636363637,0.0,0.0,0.0,0.0,0.0,0.0,1.0,0.0,0.0,0.0,0.0,0.0,0.0,0.0,0.0,0.0,0.0
1952,Zircon,1.0,533,26.05065598682386,1432.8630393996248,1221.8367729831145,1421,1208,1448,1241,31.538649953926207,23.35101851464804,0.8582930756843801,0.0,1.0,0.0,0.0,0.0,0.0,0.0,0.0,0.0,0.0,0.0,0.0,0.0,0.0,0.0,0.0,0.0
1953,Zircon,1.0,337,20.71428798138497,1441.2700296735904,892.4243323442137,1427,882,1453,902,26.296132920497282,17.2869805709514,0.9059139784946236,0.0,1.0,0.0,0.0,0.0,0.0,0.0,0.0,0.0,0.0,0.0,0.0,0.0,0.0,0.0,0.0,0.0
1955,Zircon,1.0,745,30.798757455905527,1438.8604026845637,2333.7852348993288,1420,2319,1458,2353,37.12963862164323,28.384924006809467,0.8806146572104019,0.0,1.0,0.0,0.0,0.0,0.0,0.0,0.0,0.0,0.0,0.0,0.0,0.0,0.0,0.0,0.0,0.0
1957,Monazite & Xenotime,1.0,674,29.294426998176625,1441.3382789317507,645.7492581602373,1427,631,1458,661,34.24657763804078,25.15429615828123,0.9739884393063584,1.0,0.0,0.0,0.0,0.0,0.0,0.0,0.0,0.0,0.0,0.0,0.0,0.0,0.0,0.0,0.0,0.0
1958,Zircon,1.0,451,23.96311821686732,1450.121951219512,1231.4323725055433,1440,1217,1466,1243,27.021708776400214,22.932068417827022,0.9595744680851064,0.0,1.0,0.0,0.0,0.0,0.0,0.0,0.0,0.0,0.0,0.0,0.0,0.0,0.0,0.0,0.0,0.0
1959,Zircon,1.0,765,31.209425687160593,1438.7529411764706,2367.356862745098,1419,2354,1459,2384,37.597354652872454,26.658035216403665,0.9261501210653753,0.0,1.0,0.0,0.0,0.0,0.0,0.0,0.0,0.0,0.0,0.0,0.0,0.0,0.0,0.0,0.0,0.0
1960,Zircon,1.0,846,32.82012575914278,1442.0591016548462,186.18794326241135,1421,176,1466,201,45.23894166211405,25.078299890473208,0.9527027027027027,0.0,1.0,0.0,0.0,0.0,0.0,0.0,0.0,0.0,0.0,0.0,0.0,0.0,0.0,0.0,0.0,0.0
1961,Monazite & Xenotime,1.0,915,34.13230410377644,1442.7267759562842,1103.9060109289617,1423,1087,1461,1121,35.95682897593098,33.912329537427674,0.8874878758486906,1.0,0.0,0.0,0.0,0.0,0.0,0.0,0.0,0.0,0.0,0.0,0.0,0.0,0.0,0.0,0.0,0.0
1962,Rutile,1.0,775,31.412746571571088,1443.1019354838709,2167.206451612903,1423,2153,1469,2189,48.61402510395593,26.068469989702354,0.74447646493756,0.0,0.0,1.0,0.0,0.0,0.0,0.0,0.0,0.0,0.0,0.0,0.0,0.0,0.0,0.0,0.0,0.0
1963,Zircon,1.0,1276,40.306992682189374,1451.4584639498432,159.6771159874608,1422,134,1472,177,51.54523619706304,35.548737042840614,0.9107780157030693,0.0,1.0,0.0,0.0,0.0,0.0,0.0,0.0,0.0,0.0,0.0,0.0,0.0,0.0,0.0,0.0,0.0
1964,Quartz,0.5013850415512465,361,21.43920417481474,1444.8864265927978,1446.0166204986149,1433,1429,1457,1463,34.14022066672016,20.012645962364267,0.6322241681260946,0.0,0.0,0.4986149584487535,0.0,0.0,0.0,0.5013850415512465,0.0,0.0,0.0,0.0,0.0,0.0,0.0,0.0,0.0,0.0
1966,Rutile,1.0,1841,48.415224897313394,1440.9663226507332,1603.1678435632807,1417,1574,1470,1635,61.17428435658139,46.22120042596638,0.7523498161013485,0.0,0.0,1.0,0.0,0.0,0.0,0.0,0.0,0.0,0.0,0.0,0.0,0.0,0.0,0.0,0.0,0.0
1967,Zircon,1.0,267,18.437867513470433,1447.5580524344568,3254.2883895131085,1437,3246,1460,3261,23.406058934669428,15.63728226364375,0.9744525547445255,0.0,1.0,0.0,0.0,0.0,0.0,0.0,0.0,0.0,0.0,0.0,0.0,0.0,0.0,0.0,0.0,0.0
1968,Rutile,1.0,1155,38.34829427978659,1452.4476190476191,1335.0640692640693,1433,1310,1470,1364,58.844170900076,26.41153392821909,0.8816793893129771,0.0,0.0,1.0,0.0,0.0,0.0,0.0,0.0,0.0,0.0,0.0,0.0,0.0,0.0,0.0,0.0,0.0
1969,Rutile,1.0,712,30.10891156869401,1450.0814606741574,1884.3455056179776,1435,1867,1469,1903,35.65075419858142,26.979741323834308,0.8376470588235294,0.0,0.0,1.0,0.0,0.0,0.0,0.0,0.0,0.0,0.0,0.0,0.0,0.0,0.0,0.0,0.0,0.0
1970,Zircon,1.0,762,31.14817062185505,1454.3805774278214,285.38057742782155,1437,271,1475,302,40.30006276037057,24.911702519934476,0.901775147928994,0.0,1.0,0.0,0.0,0.0,0.0,0.0,0.0,0.0,0.0,0.0,0.0,0.0,0.0,0.0,0.0,0.0
1971,Rutile,1.0,389,22.255115881567058,1452.8740359897172,391.8508997429306,1444,376,1462,412,36.13369648211592,16.220472863630018,0.7627450980392156,0.0,0.0,1.0,0.0,0.0,0.0,0.0,0.0,0.0,0.0,0.0,0.0,0.0,0.0,0.0,0.0,0.0
1972,Ilmenite,1.0,800,31.915382432114615,1451.56375,2053.44375,1437,2036,1468,2070,34.62088034533901,29.62969784040531,0.9433962264150944,0.0,0.0,0.0,1.0,0.0,0.0,0.0,0.0,0.0,0.0,0.0,0.0,0.0,0.0,0.0,0.0,0.0
1973,Zircon,1.0,630,28.32209231647889,1445.6587301587301,770.6015873015873,1427,758,1464,787,38.497543744138724,26.12715110062939,0.813953488372093,0.0,1.0,0.0,0.0,0.0,0.0,0.0,0.0,0.0,0.0,0.0,0.0,0.0,0.0,0.0,0.0,0.0
1974,Rutile,0.8325358851674641,418,23.06976657227589,1456.822966507177,1778.6291866028707,1445,1765,1473,1793,32.7650235102522,18.624482722168572,0.761384335154827,0.0,0.0,0.8325358851674641,0.1674641148325359,0.0,0.0,0.0,0.0,0.0,0.0,0.0,0.0,0.0,0.0,0.0,0.0,0.0
1975,Rutile,1.0,160,14.27299292922217,1451.11875,2022.14375,1442,2014,1459,2032,18.55537050633604,13.488586856027379,0.7207207207207207,0.0,0.0,1.0,0.0,0.0,0.0,0.0,0.0,0.0,0.0,0.0,0.0,0.0,0.0,0.0,0.0,0.0
1976,Rutile,1.0,169,14.668929172241665,1451.6153846153845,2847.757396449704,1445,2839,1460,2857,18.741360478533675,11.905329203978827,0.8848167539267016,0.0,0.0,1.0,0.0,0.0,0.0,0.0,0.0,0.0,0.0,0.0,0.0,0.0,0.0,0.0,0.0,0.0
1977,Ilmenite,1.0,183,15.26443044094783,1451.4371584699454,1150.0983606557377,1441,1142,1463,1160,23.49948226489421,11.6456826776478,0.7625,0.0,0.0,0.0,1.0,0.0,0.0,0.0,0.0,0.0,0.0,0.0,0.0,0.0,0.0,0.0,0.0,0.0
1978,Zircon,1.0,1849,48.520304185107044,1462.3288263926447,1185.18442401298,1435,1163,1495,1208,58.29516643891328,43.25982345825707,0.8592007434944238,0.0,1.0,0.0,0.0,0.0,0.0,0.0,0.0,0.0,0.0,0.0,0.0,0.0,0.0,0.0,0.0,0.0
1979,Illite,1.0,751,30.922530590107066,1454.994673768309,2932.7882822902798,1439,2915,1475,2952,37.9408291664617,28.769890459154226,0.8145336225596529,0.0,0.0,0.0,0.0,0.0,0.0,0.0,0.0,0.0,0.0,0.0,0.0,1.0,0.0,0.0,0.0,0.0
1980,Monazite & Xenotime,1.0,984,35.39587139793849,1465.0497967479675,926.7408536585366,1447,908,1486,945,38.58829435517715,34.70163307136437,0.9052437902483901,1.0,0.0,0.0,0.0,0.0,0.0,0.0,0.0,0.0,0.0,0.0,0.0,0.0,0.0,0.0,0.0,0.0
1981,Illite,1.0,7624,98.52501351971935,1461.8789349422875,2676.572665267576,1393,2623,1534,2726,131.80124870070406,88.1260936746715,0.8260021668472373,0.0,0.0,0.0,0.0,0.0,0.0,0.0,0.0,0.0,0.0,0.0,0.0,1.0,0.0,0.0,0.0,0.0
1982,Zircon,0.9233766233766234,2310,54.23267786434878,1464.2419913419913,1539.9376623376622,1436,1505,1494,1574,64.8937100462773,48.360813709974046,0.8561897702001483,0.0,0.9233766233766234,0.0,0.0,0.0,0.0,0.0,0.0,0.0,0.0,0.0,0.0,0.0,0.0,0.0,0.0,0.07662337662337662
1983,Zircon,1.0,171,14.755472278097805,1459.7836257309941,1942.327485380117,1455,1927,1465,1955,29.711610452457432,8.54268076004212,0.7772727272727272,0.0,1.0,0.0,0.0,0.0,0.0,0.0,0.0,0.0,0.0,0.0,0.0,0.0,0.0,0.0,0.0,0.0
1984,Zircon,1.0,888,33.62494186946387,1457.8536036036037,2418.3423423423424,1444,2396,1477,2438,39.76141051702499,30.568509488858343,0.9317943336831059,0.0,1.0,0.0,0.0,0.0,0.0,0.0,0.0,0.0,0.0,0.0,0.0,0.0,0.0,0.0,0.0,0.0
1985,Rutile,1.0,302,19.60913925979463,1459.73178807947,1266.864238410596,1449,1257,1473,1281,24.896516886870817,18.957315133262867,0.7645569620253164,0.0,0.0,1.0,0.0,0.0,0.0,0.0,0.0,0.0,0.0,0.0,0.0,0.0,0.0,0.0,0.0,0.0
1986,Rutile,1.0,459,24.17471718621419,1459.3572984749455,2776.631808278867,1448,2760,1470,2795,35.48429765834282,17.608408000262575,0.8240574506283662,0.0,0.0,1.0,0.0,0.0,0.0,0.0,0.0,0.0,0.0,0.0,0.0,0.0,0.0,0.0,0.0,0.0
1987,Zircon,1.0,504,25.332049473868512,1464.1289682539682,116.59325396825396,1450,105,1478,129,29.000740550468635,23.07983461468822,0.9081081081081082,0.0,1.0,0.0,0.0,0.0,0.0,0.0,0.0,0.0,0.0,0.0,0.0,0.0,0.0,0.0,0.0,0.0
1989,Illite,1.0,701,29.87542335866304,1464.4636233951499,2902.114122681883,1446,2884,1485,2916,37.51128831893848,29.20956447959677,0.7832402234636872,0.0,0.0,0.0,0.0,0.0,0.0,0.0,0.0,0.0,0.0,0.0,0.0,1.0,0.0,0.0,0.0,0.0
1990,Zircon,0.9789293849658315,1756,47.28433821631583,1467.9720956719818,1078.4493166287016,1435,1054,1503,1105,80.20500305953794,28.936133547890424,0.8828557063851181,0.021070615034168565,0.9789293849658315,0.0,0.0,0.0,0.0,0.0,0.0,0.0,0.0,0.0,0.0,0.0,0.0,0.0,0.0,0.0
1991,Ilmenite,1.0,114,12.047792665040703,1467.078947368421,1448.421052631579,1461,1441,1473,1455,12.668562882584332,12.119695370554826,0.8636363636363636,0.0,0.0,0.0,1.0,0.0,0.0,0.0,0.0,0.0,0.0,0.0,0.0,0.0,0.0,0.0,0.0,0.0
1992,Quartz,1.0,1562,44.59596583634359,1466.2624839948783,2109.9660691421254,1438,2087,1495,2133,54.96648218596192,38.72352350291345,0.8212407991587802,0.0,0.0,0.0,0.0,0.0,0.0,1.0,0.0,0.0,0.0,0.0,0.0,0.0,0.0,0.0,0.0,0.0
1993,Zircon,1.0,260,18.19456736586892,1475.2730769230768,26.623076923076923,1459,23,1497,34,34.92198985281215,10.620910372756194,0.9187279151943463,0.0,1.0,0.0,0.0,0.0,0.0,0.0,0.0,0.0,0.0,0.0,0.0,0.0,0.0,0.0,0.0,0.0
1994,Zircon,1.0,431,23.42576026046658,1460.6728538283062,699.3619489559164,1448,686,1471,716,30.115932171301246,19.524672649794585,0.8795918367346939,0.0,1.0,0.0,0.0,0.0,0.0,0.0,0.0,0.0,0.0,0.0,0.0,0.0,0.0,0.0,0.0,0.0
1995,Zircon,1.0,1235,39.65414023463283,1470.5676113360323,1379.6186234817815,1450,1361,1495,1402,50.245250552495435,32.68578034011538,0.9087564385577631,0.0,1.0,0.0,0.0,0.0,0.0,0.0,0.0,0.0,0.0,0.0,0.0,0.0,0.0,0.0,0.0,0.0
1996,Zircon,1.0,831,32.52786592561707,1461.6630565583635,1854.3333333333333,1441,1840,1483,1869,43.645758919341546,24.96413365383483,0.8916309012875536,0.0,1.0,0.0,0.0,0.0,0.0,0.0,0.0,0.0,0.0,0.0,0.0,0.0,0.0,0.0,0.0,0.0
1997,Quartz,1.0,755,31.004771508189638,1468.7470198675496,2810.887417218543,1451,2796,1486,2829,35.72271548548827,27.589251119344183,0.9275184275184275,0.0,0.0,0.0,0.0,0.0,0.0,1.0,0.0,0.0,0.0,0.0,0.0,0.0,0.0,0.0,0.0,0.0
1998,Rutile,1.0,1168,38.563503319209346,1473.2542808219177,623.0710616438356,1447,601,1508,641,57.03023705206345,35.99312738618608,0.6659064994298746,0.0,0.0,1.0,0.0,0.0,0.0,0.0,0.0,0.0,0.0,0.0,0.0,0.0,0.0,0.0,0.0,0.0
1999,Zircon,1.0,1816,48.08537213372748,1469.1861233480176,64.29074889867842,1449,32,1496,93,56.95618895829973,43.77744356181442,0.9107321965897693,0.0,1.0,0.0,0.0,0.0,0.0,0.0,0.0,0.0,0.0,0.0,0.0,0.0,0.0,0.0,0.0,0.0
2000,Zircon,1.0,401,22.595775212167435,1477.4763092269327,702.3167082294265,1470,688,1488,717,28.82621024864683,18.203733316045483,0.9303944315545244,0.0,1.0,0.0,0.0,0.0,0.0,0.0,0.0,0.0,0.0,0.0,0.0,0.0,0.0,0.0,0.0,0.0
2001,Zircon,1.0,733,30.549706811864404,1473.7735334242839,1124.18826739427,1459,1105,1490,1142,36.76852131856934,26.85655902728075,0.8863361547762999,0.0,1.0,0.0,0.0,0.0,0.0,0.0,0.0,0.0,0.0,0.0,0.0,0.0,0.0,0.0,0.0,0.0
2002,Rutile,1.0,106,11.617374563210365,1472.6132075471698,1149.5283018867924,1467,1144,1480,1159,16.508169635105656,9.783419359239359,0.7910447761194029,0.0,0.0,1.0,0.0,0.0,0.0,0.0,0.0,0.0,0.0,0.0,0.0,0.0,0.0,0.0,0.0,0.0
2003,Illite,1.0,2571,57.21449877010287,1474.85764294049,3046.5449241540255,1450,3002,1501,3090,96.97679834112401,38.13056311428842,0.7896191646191646,0.0,0.0,0.0,0.0,0.0,0.0,0.0,0.0,0.0,0.0,0.0,0.0,1.0,0.0,0.0,0.0,0.0
2004,Rutile,1.0,221,16.774562271083887,1473.7782805429865,880.2533936651583,1466,870,1483,890,20.098706994680956,14.703773051367573,0.8735177865612648,0.0,0.0,1.0,0.0,0.0,0.0,0.0,0.0,0.0,0.0,0.0,0.0,0.0,0.0,0.0,0.0,0.0
2005,Rutile,0.8153846153846154,195,15.756957549709801,1472.1589743589743,2306.8871794871793,1462,2299,1481,2316,19.35490389172029,13.49036436549202,0.8590308370044053,0.0,0.0,0.8153846153846154,0.18461538461538463,0.0,0.0,0.0,0.0,0.0,0.0,0.0,0.0,0.0,0.0,0.0,0.0,0.0
2006,Iron Oxides,1.0,263,18.29923496393627,1471.7072243346008,2075.4980988593156,1459,2066,1484,2085,27.431828841745492,13.020955431754823,0.8483870967741935,0.0,0.0,0.0,0.0,1.0,0.0,0.0,0.0,0.0,0.0,0.0,0.0,0.0,0.0,0.0,0.0,0.0
2007,Quartz,1.0,1626,45.500412083182,1466.3548585485855,1819.30196801968,1437,1794,1495,1843,66.1746688519573,34.51498909739586,0.8508634222919937,0.0,0.0,0.0,0.0,0.0,0.0,1.0,0.0,0.0,0.0,0.0,0.0,0.0,0.0,0.0,0.0,0.0
2008,Rutile,1.0,1843,48.44151608844324,1485.9023331524688,2337.842105263158,1456,2317,1520,2359,63.90019319175901,38.51726947432347,0.8672941176470588,0.0,0.0,1.0,0.0,0.0,0.0,0.0,0.0,0.0,0.0,0.0,0.0,0.0,0.0,0.0,0.0,0.0
2009,Rutile,1.0,176,14.96964127403822,1479.965909090909,1773.221590909091,1474,1760,1492,1783,21.637187291016,16.847731966484016,0.7302904564315352,0.0,0.0,1.0,0.0,0.0,0.0,0.0,0.0,0.0,0.0,0.0,0.0,0.0,0.0,0.0,0.0,0.0
2010,Quartz,1.0,158,14.183506197980657,1477.4746835443038,2167.1392405063293,1470,2160,1486,2176,16.496357619152914,13.070610661977998,0.8540540540540541,0.0,0.0,0.0,0.0,0.0,0.0,1.0,0.0,0.0,0.0,0.0,0.0,0.0,0.0,0.0,0.0,0.0
2011,Zircon,1.0,3194,63.7708954452116,1486.7661239824672,312.33030682529744,1448,281,1526,344,80.05841840128676,52.34145663075276,0.926871735345328,0.0,1.0,0.0,0.0,0.0,0.0,0.0,0.0,0.0,0.0,0.0,0.0,0.0,0.0,0.0,0.0,0.0
2012,Zircon,1.0,1580,44.85218479273398,1479.8487341772152,2018.6050632911392,1461,1995,1500,2048,52.283050057076416,40.31641576507212,0.9101382488479263,0.0,1.0,0.0,0.0,0.0,0.0,0.0,0.0,0.0,0.0,0.0,0.0,0.0,0.0,0.0,0.0,0.0
2013,Zircon,1.0,1389,42.0538907550436,1491.7645788336933,739.4730021598272,1466,715,1521,762,54.97614434004288,36.6534094127142,0.8675827607745159,0.0,1.0,0.0,0.0,0.0,0.0,0.0,0.0,0.0,0.0,0.0,0.0,0.0,0.0,0.0,0.0,0.0
2014,Rutile,0.9269005847953217,1026,36.14337799512211,1478.6939571150097,1292.882066276803,1455,1276,1499,1314,43.69867717911693,33.818498455768705,0.8104265402843602,0.0,0.0,0.9269005847953217,0.07309941520467836,0.0,0.0,0.0,0.0,0.0,0.0,0.0,0.0,0.0,0.0,0.0,0.0,0.0
2015,Zircon,0.9926996641845525,6849,93.38317643928767,1487.3552343407796,3171.895459191123,1442,3128,1540,3226,104.58361087283976,86.67451163726562,0.9312032630863358,0.0,0.9926996641845525,0.0,0.0,0.0,0.0,0.0,0.0,0.0,0.0,0.0,0.0,0.0,0.0,0.0,0.0,0.0073003358154475105
2016,Quartz,1.0,179,15.09668435477122,1486.877094972067,1659.0949720670392,1476,1652,1499,1668,26.425567373160185,8.94093144389384,0.8905472636815921,0.0,0.0,0.0,0.0,0.0,0.0,1.0,0.0,0.0,0.0,0.0,0.0,0.0,0.0,0.0,0.0,0.0
2017,Monazite & Xenotime,1.0,683,29.489364337912,1489.8989751098097,1234.7715959004393,1477,1217,1504,1251,34.88405437328074,25.954616051665102,0.9082446808510638,1.0,0.0,0.0,0.0,0.0,0.0,0.0,0.0,0.0,0.0,0.0,0.0,0.0,0.0,0.0,0.0,0.0
2018,Zircon,1.0,1536,44.223251132330944,1492.0651041666667,545.275390625,1469,524,1519,570,47.853051480471535,42.83692477165375,0.9078014184397163,0.0,1.0,0.0,0.0,0.0,0.0,0.0,0.0,0.0,0.0,0.0,0.0,0.0,0.0,0.0,0.0,0.0
2021,Rutile,1.0,304,19.67396303746374,1492.4769736842106,1497.078947368421,1481,1486,1504,1507,20.747491103442925,19.816572974056395,0.8539325842696629,0.0,0.0,1.0,0.0,0.0,0.0,0.0,0.0,0.0,0.0,0.0,0.0,0.0,0.0,0.0,0.0,0.0
2022,Ilmenite,1.0,145,13.58748446131949,1489.5172413793102,2283.9241379310347,1484,2276,1495,2294,17.930981653042398,10.653652014162805,0.90625,0.0,0.0,0.0,1.0,0.0,0.0,0.0,0.0,0.0,0.0,0.0,0.0,0.0,0.0,0.0,0.0,0.0
2023,Ilmenite,1.0,250,17.841241161527712,1502.028,2288.052,1494,2278,1513,2299,19.880928273988946,17.260964137744647,0.8680555555555556,0.0,0.0,0.0,1.0,0.0,0.0,0.0,0.0,0.0,0.0,0.0,0.0,0.0,0.0,0.0,0.0,0.0
2025,Rutile,1.0,500,25.2313252202016,1497.434,2518.592,1481,2505,1511,2531,33.214865850048696,19.62344430937823,0.945179584120983,0.0,0.0,1.0,0.0,0.0,0.0,0.0,0.0,0.0,0.0,0.0,0.0,0.0,0.0,0.0,0.0,0.0
2026,Rutile,1.0,1489,43.54140193092842,1497.6084620550705,439.3848220282068,1474,412,1517,467,55.572511479357374,38.60035268722166,0.8323085522638345,0.0,0.0,1.0,0.0,0.0,0.0,0.0,0.0,0.0,0.0,0.0,0.0,0.0,0.0,0.0,0.0,0.0
2028,Quartz,1.0,1924,49.49457428921329,1499.2697505197505,1042.1278586278586,1471,1014,1523,1069,51.14940815739794,49.77003633860657,0.9254449254449254,0.0,0.0,0.0,0.0,0.0,0.0,1.0,0.0,0.0,0.0,0.0,0.0,0.0,0.0,0.0,0.0,0.0
2029,Illite,1.0,589,27.384997568906428,1503.4567062818337,2909.3005093378606,1488,2896,1520,2928,33.066977148247986,27.580288162805736,0.7991858887381276,0.0,0.0,0.0,0.0,0.0,0.0,0.0,0.0,0.0,0.0,0.0,0.0,1.0,0.0,0.0,0.0,0.0
2030,Zircon,1.0,2672,58.32748977568257,1508.3469311377246,2988.4004491017963,1472,2952,1547,3025,85.46600475249448,41.3238831047932,0.9375438596491228,0.0,1.0,0.0,0.0,0.0,0.0,0.0,0.0,0.0,0.0,0.0,0.0,0.0,0.0,0.0,0.0,0.0
2031,Zircon,1.0,1689,46.37350095752627,1499.7495559502665,1570.1847246891653,1479,1538,1521,1610,69.73731646078957,32.67378687680434,0.8894154818325435,0.0,1.0,0.0,0.0,0.0,0.0,0.0,0.0,0.0,0.0,0.0,0.0,0.0,0.0,0.0,0.0,0.0
2033,Rutile,0.8511363636363637,880,33.47313548753602,1515.7818181818182,2104.5738636363635,1494,2086,1542,2120,47.01528687348717,26.8305327991516,0.8118081180811808,0.0,0.0,0.8511363636363637,0.14886363636363636,0.0,0.0,0.0,0.0,0.0,0.0,0.0,0.0,0.0,0.0,0.0,0.0,0.0
2034,Zircon,1.0,1173,38.64595691627193,1509.7161125319692,493.78942881500427,1491,474,1533,514,43.39340524659477,35.60988293142422,0.9294770206022187,0.0,1.0,0.0,0.0,0.0,0.0,0.0,0.0,0.0,0.0,0.0,0.0,0.0,0.0,0.0,0.0,0.0
2035,Illite,1.0,1236,39.67019129387532,1507.8729773462783,3090.0671521035597,1489,3060,1532,3116,54.982940872008555,34.274387066400585,0.7228070175438597,0.0,0.0,0.0,0.0,0.0,0.0,0.0,0.0,0.0,0.0,0.0,0.0,1.0,0.0,0.0,0.0,0.0
2036,Zircon,1.0,703,29.918011296689148,1507.3456614509246,1170.877667140825,1499,1142,1519,1200,56.219139173789145,18.049396298047192,0.8500604594921403,0.0,1.0,0.0,0.0,0.0,0.0,0.0,0.0,0.0,0.0,0.0,0.0,0.0,0.0,0.0,0.0,0.0
2037,Zircon,1.0,733,30.549706811864404,1510.8349249658936,1256.362892223738,1495,1238,1535,1274,43.53325498129284,23.375783617905153,0.829185520361991,0.0,1.0,0.0,0.0,0.0,0.0,0.0,0.0,0.0,0.0,0.0,0.0,0.0,0.0,0.0,0.0,0.0
2038,Zircon,1.0,346,20.98906578384008,1503.5982658959538,681.7687861271677,1494,669,1513,694,24.12921657646944,19.009184238865945,0.9202127659574468,0.0,1.0,0.0,0.0,0.0,0.0,0.0,0.0,0.0,0.0,0.0,0.0,0.0,0.0,0.0,0.0,0.0
2039,Zircon,1.0,799,31.895429080722444,1531.6908635794744,674.3541927409261,1512,662,1557,690,49.07135963403031,21.87505300993054,0.9121004566210046,0.0,1.0,0.0,0.0,0.0,0.0,0.0,0.0,0.0,0.0,0.0,0.0,0.0,0.0,0.0,0.0,0.0
2040,Zircon,0.9957894736842106,475,24.592453796829673,1513.3326315789473,2811.423157894737,1499,2801,1527,2826,27.39681341763171,23.227124501763385,0.9187620889748549,0.004210526315789474,0.9957894736842106,0.0,0.0,0.0,0.0,0.0,0.0,0.0,0.0,0.0,0.0,0.0,0.0,0.0,0.0,0.0
2041,Zircon,0.969415619879847,1831,48.283554202337704,1512.807755324959,1427.8274167121792,1492,1395,1537,1452,57.48387098399028,42.85079263817607,0.9214896829391042,0.0,0.969415619879847,0.0,0.0,0.030584380120152924,0.0,0.0,0.0,0.0,0.0,0.0,0.0,0.0,0.0,0.0,0.0,0.0
2044,Zircon,1.0,560,26.702324712498182,1514.0535714285713,1372.3910714285714,1495,1363,1531,1388,34.85048561184142,22.21728802785596,0.8536585365853658,0.0,1.0,0.0,0.0,0.0,0.0,0.0,0.0,0.0,0.0,0.0,0.0,0.0,0.0,0.0,0.0,0.0
2045,Rutile,1.0,1229,39.55769710788932,1525.4816924328723,2046.0439381611066,1502,2032,1557,2064,55.98041896738193,29.347976331917817,0.9123979213066072,0.0,0.0,1.0,0.0,0.0,0.0,0.0,0.0,0.0,0.0,0.0,0.0,0.0,0.0,0.0,0.0,0.0
2046,Zircon,1.0,1018,36.00219238519226,1526.599214145383,1354.3074656188605,1502,1334,1546,1377,45.30704934805315,34.670127277891936,0.77947932618683,0.0,1.0,0.0,0.0,0.0,0.0,0.0,0.0,0.0,0.0,0.0,0.0,0.0,0.0,0.0,0.0,0.0
2047,Zircon,1.0,298,19.47884453275087,1517.1644295302012,1455.275167785235,1498,1452,1539,1460,45.69259812110247,8.678763180685545,0.9551282051282052,0.0,1.0,0.0,0.0,0.0,0.0,0.0,0.0,0.0,0.0,0.0,0.0,0.0,0.0,0.0,0.0,0.0
2048,Rutile,1.0,222,16.812470934731934,1515.6891891891892,2018.5225225225224,1506,2010,1527,2029,25.14777759608324,14.437795067327482,0.7161290322580646,0.0,0.0,1.0,0.0,0.0,0.0,0.0,0.0,0.0,0.0,0.0,0.0,0.0,0.0,0.0,0.0,0.0
2049,Zircon,1.0,1081,37.09948716436268,1519.0148011100832,1473.5060129509714,1499,1459,1540,1493,40.96303582665779,35.33083611219156,0.9574844995571302,0.0,1.0,0.0,0.0,0.0,0.0,0.0,0.0,0.0,0.0,0.0,0.0,0.0,0.0,0.0,0.0,0.0
2050,Rutile,1.0,521,25.75573339679963,1522.7888675623801,2464.735124760077,1507,2452,1539,2480,35.681097184419706,19.98201012485224,0.843042071197411,0.0,0.0,1.0,0.0,0.0,0.0,0.0,0.0,0.0,0.0,0.0,0.0,0.0,0.0,0.0,0.0,0.0
2051,Rutile,1.0,505,25.357168021907675,1522.4158415841584,1790.3861386138615,1509,1777,1536,1804,31.94642241381618,20.557391181511026,0.923217550274223,0.0,0.0,1.0,0.0,0.0,0.0,0.0,0.0,0.0,0.0,0.0,0.0,0.0,0.0,0.0,0.0,0.0
2052,Rutile,1.0,105,11.562445770562215,1520.6285714285714,2302.304761904762,1514,2294,1527,2310,17.41539670418077,8.321003847391237,0.8333333333333334,0.0,0.0,1.0,0.0,0.0,0.0,0.0,0.0,0.0,0.0,0.0,0.0,0.0,0.0,0.0,0.0,0.0
2053,Zircon,1.0,749,30.881327999401787,1523.8558077436583,2764.0293724966623,1511,2746,1538,2782,36.11225069067413,26.942791686000835,0.9493029150823827,0.0,1.0,0.0,0.0,0.0,0.0,0.0,0.0,0.0,0.0,0.0,0.0,0.0,0.0,0.0,0.0,0.0
2054,Zircon,1.0,498,25.180812005932435,1525.8353413654618,707.5180722891566,1513,694,1538,724,32.008631582851024,20.61203213112505,0.9291044776119403,0.0,1.0,0.0,0.0,0.0,0.0,0.0,0.0,0.0,0.0,0.0,0.0,0.0,0.0,0.0,0.0,0.0
2055,Rutile,1.0,240,17.480774889473267,1524.575,1153.1708333333333,1517,1141,1535,1165,24.74188184385961,14.334655153858636,0.8080808080808081,0.0,0.0,1.0,0.0,0.0,0.0,0.0,0.0,0.0,0.0,0.0,0.0,0.0,0.0,0.0,0.0,0.0
2056,Zircon,1.0,560,26.702324712498182,1522.619642857143,1763.5607142857143,1502,1751,1539,1775,38.334705405390736,20.011198503926234,0.9076175040518638,0.0,1.0,0.0,0.0,0.0,0.0,0.0,0.0,0.0,0.0,0.0,0.0,0.0,0.0,0.0,0.0,0.0
2057,Monazite & Xenotime,1.0,505,25.357168021907675,1528.5623762376238,211.34653465346534,1514,199,1543,224,29.9072067473364,21.8305604920464,0.926605504587156,1.0,0.0,0.0,0.0,0.0,0.0,0.0,0.0,0.0,0.0,0.0,0.0,0.0,0.0,0.0,0.0,0.0
2058,Zircon,0.9622641509433962,3180,63.630981072570435,1533.4701257861636,1632.2764150943397,1499,1595,1566,1676,82.5172641392329,50.31352221947477,0.9584086799276673,0.0,0.9622641509433962,0.0,0.0,0.0,0.0,0.0,0.0,0.0,0.0,0.0,0.0,0.0,0.0,0.0,0.0,0.03773584905660377
2059,Rutile,1.0,887,33.60600357347016,1528.8331454340473,2884.7576099210823,1515,2865,1551,2912,46.019750228052835,28.115942568378152,0.8479923518164436,0.0,0.0,1.0,0.0,0.0,0.0,0.0,0.0,0.0,0.0,0.0,0.0,0.0,0.0,0.0,0.0,0.0
2060,Quartz,1.0,388,22.22649192646566,1529.6340206185566,270.0103092783505,1517,259,1542,282,25.00217264567601,20.23888799700877,0.9023255813953488,0.0,0.0,0.0,0.0,0.0,0.0,1.0,0.0,0.0,0.0,0.0,0.0,0.0,0.0,0.0,0.0,0.0
2061,Rutile,1.0,1111,37.61075822422045,1527.847884788479,643.040504050405,1507,623,1551,662,42.8717387263706,34.54533139173272,0.8859649122807017,0.0,0.0,1.0,0.0,0.0,0.0,0.0,0.0,0.0,0.0,0.0,0.0,0.0,0.0,0.0,0.0,0.0
2062,Zircon,1.0,446,23.829914749152643,1529.7780269058296,1723.5896860986547,1518,1714,1544,1736,25.529934843781025,23.24263699895805,0.9291666666666667,0.0,1.0,0.0,0.0,0.0,0.0,0.0,0.0,0.0,0.0,0.0,0.0,0.0,0.0,0.0,0.0,0.0
2063,Zircon,1.0,445,23.803184606416586,1531.9685393258426,1826.3775280898876,1519,1815,1544,1846,31.749589729951683,21.421082649459194,0.8240740740740741,0.0,1.0,0.0,0.0,0.0,0.0,0.0,0.0,0.0,0.0,0.0,0.0,0.0,0.0,0.0,0.0,0.0
2064,Zircon,0.995575221238938,452,23.98967015655475,1533.2610619469026,1704.7433628318583,1520,1693,1548,1715,27.939853786593613,21.114499394401886,0.9338842975206612,0.0,0.995575221238938,0.004424778761061947,0.0,0.0,0.0,0.0,0.0,0.0,0.0,0.0,0.0,0.0,0.0,0.0,0.0,0.0
2065,Quartz,0.7013888888888888,288,19.149229459268767,1539.9479166666667,33.666666666666664,1532,23,1550,46,25.724661367524245,16.231949128992675,0.8622754491017964,0.0,0.0,0.2986111111111111,0.0,0.0,0.0,0.7013888888888888,0.0,0.0,0.0,0.0,0.0,0.0,0.0,0.0,0.0,0.0
2066,Quartz,1.0,522,25.780439141949365,1532.2586206896551,1307.6896551724137,1518,1299,1550,1321,31.661146005653617,21.970088629081204,0.9238938053097345,0.0,0.0,0.0,0.0,0.0,0.0,1.0,0.0,0.0,0.0,0.0,0.0,0.0,0.0,0.0,0.0,0.0
2067,Quartz,1.0,697,29.790064831759068,1532.0043041606887,1287.5437589670014,1515,1273,1552,1301,39.81563854131824,23.229586571610973,0.9051948051948052,0.0,0.0,0.0,0.0,0.0,0.0,1.0,0.0,0.0,0.0,0.0,0.0,0.0,0.0,0.0,0.0,0.0
2068,Unknown,1.0,165,14.494292838262302,1536.0787878787878,2164.890909090909,1528,2157,1544,2174,19.21012144443192,11.578048080709943,0.9269662921348315,0.0,0.0,0.0,0.0,0.0,0.0,0.0,0.0,0.0,0.0,0.0,0.0,0.0,0.0,0.0,0.0,1.0
2069,Zircon,0.9508009153318078,2622,57.77918384933796,1533.310831426392,2255.806254767353,1510,2219,1560,2295,71.77993260831033,48.46271152746423,0.9132706374085684,0.0,0.9508009153318078,0.0,0.0,0.0,0.0,0.0,0.0,0.0,0.0,0.0,0.0,0.0,0.0,0.0,0.0,0.04919908466819222
2070,Zircon,1.0,2914,60.9115755284516,1538.655456417296,2499.7258064516127,1511,2454,1568,2542,86.99946901390598,45.0853046022809,0.8657159833630422,0.0,1.0,0.0,0.0,0.0,0.0,0.0,0.0,0.0,0.0,0.0,0.0,0.0,0.0,0.0,0.0,0.0
2071,Rutile,1.0,274,18.677998695187732,1540.7481751824816,246.51459854014598,1531,234,1554,260,32.467690711519126,11.935913649989486,0.845679012345679,0.0,0.0,1.0,0.0,0.0,0.0,0.0,0.0,0.0,0.0,0.0,0.0,0.0,0.0,0.0,0.0,0.0
2072,Zircon,1.0,1099,37.40708836121763,1535.462238398544,752.8971792538672,1520,730,1554,778,47.818004023476306,29.731310080718462,0.9297800338409475,0.0,1.0,0.0,0.0,0.0,0.0,0.0,0.0,0.0,0.0,0.0,0.0,0.0,0.0,0.0,0.0,0.0
2073,Illite,1.0,1265,40.13287958881073,1535.5296442687747,2388.387351778656,1517,2358,1553,2418,54.05131456407308,33.925603897643285,0.7901311680199875,0.0,0.0,0.0,0.0,0.0,0.0,0.0,0.0,0.0,0.0,0.0,0.0,1.0,0.0,0.0,0.0,0.0
2074,Zircon,1.0,845,32.80072278626208,1527.0710059171597,978.9846153846154,1510,958,1541,999,40.23213921720444,28.347432125563486,0.9056806002143623,0.0,1.0,0.0,0.0,0.0,0.0,0.0,0.0,0.0,0.0,0.0,0.0,0.0,0.0,0.0,0.0,0.0
2075,Zircon,1.0,716,30.19336870954244,1538.7667597765362,1197.9301675977654,1524,1181,1555,1215,32.80423076982827,28.62912398188474,0.927461139896373,0.0,1.0,0.0,0.0,0.0,0.0,0.0,0.0,0.0,0.0,0.0,0.0,0.0,0.0,0.0,0.0,0.0
2076,Quartz,1.0,1335,41.228325120254915,1540.1685393258426,1540.8269662921348,1518,1520,1565,1562,47.90803507295939,36.38068240816575,0.9100204498977505,0.0,0.0,0.0,0.0,0.0,0.0,1.0,0.0,0.0,0.0,0.0,0.0,0.0,0.0,0.0,0.0,0.0
2077,Rutile,0.8946236559139785,465,24.33220886606579,1540.810752688172,2000.1978494623656,1530,1985,1555,2017,32.32758528860386,21.368828017992616,0.7762938230383973,0.0,0.0,0.8946236559139785,0.1053763440860215,0.0,0.0,0.0,0.0,0.0,0.0,0.0,0.0,0.0,0.0,0.0,0.0,0.0
2078,Zircon,1.0,636,28.456639830653998,1550.3396226415093,973.5015723270441,1540,957,1563,992,33.610865514068905,25.946462190497087,0.9204052098408104,0.0,1.0,0.0,0.0,0.0,0.0,0.0,0.0,0.0,0.0,0.0,0.0,0.0,0.0,0.0,0.0,0.0
2079,Rutile,1.0,331,20.529059630371258,1539.8489425981873,1255.4803625377644,1527,1244,1552,1268,22.514571386664397,22.102702511308998,0.7626728110599078,0.0,0.0,1.0,0.0,0.0,0.0,0.0,0.0,0.0,0.0,0.0,0.0,0.0,0.0,0.0,0.0,0.0
2080,Iron Oxides,1.0,274,18.677998695187732,1542.1751824817518,3130.700729927007,1533,3119,1551,3146,27.203425994774552,14.032494587898784,0.8228228228228228,0.0,0.0,0.0,0.0,1.0,0.0,0.0,0.0,0.0,0.0,0.0,0.0,0.0,0.0,0.0,0.0,0.0
2081,Zircon,1.0,275,18.712051592547777,1540.08,535.8981818181818,1529,524,1550,546,21.3912751372772,18.79050980535408,0.7994186046511628,0.0,1.0,0.0,0.0,0.0,0.0,0.0,0.0,0.0,0.0,0.0,0.0,0.0,0.0,0.0,0.0,0.0
2082,Zircon,0.9323394495412844,872,33.32063749403756,1542.75,296.78784403669727,1527,275,1558,327,51.0113364352291,24.196339437793327,0.8582677165354331,0.0,0.9323394495412844,0.0,0.0,0.0,0.0,0.0,0.0,0.0,0.0,0.0,0.0,0.0,0.0,0.0,0.0,0.0676605504587156
2083,Zircon,1.0,1018,36.00219238519226,1545.8084479371316,371.84872298624754,1526,351,1566,392,39.24524655342804,35.18612907034128,0.8708297690333618,0.0,1.0,0.0,0.0,0.0,0.0,0.0,0.0,0.0,0.0,0.0,0.0,0.0,0.0,0.0,0.0,0.0
2084,Zircon,1.0,103,11.451797811161432,1546.4077669902913,908.1359223300971,1537,903,1553,915,14.528141103732652,10.852785842432754,0.8373983739837398,0.0,1.0,0.0,0.0,0.0,0.0,0.0,0.0,0.0,0.0,0.0,0.0,0.0,0.0,0.0,0.0,0.0
2085,Zircon,1.0,1046,36.493952427669164,1550.2877629063098,2905.831739961759,1531,2887,1568,2928,39.82901999981037,33.76288566505669,0.9631675874769797,0.0,1.0,0.0,0.0,0.0,0.0,0.0,0.0,0.0,0.0,0.0,0.0,0.0,0.0,0.0,0.0,0.0
2086,Zircon,1.0,1776,47.55284882580274,1550.6041666666667,845.5974099099099,1529,819,1573,875,57.8580602200736,39.27877467682961,0.9605191995673337,0.0,1.0,0.0,0.0,0.0,0.0,0.0,0.0,0.0,0.0,0.0,0.0,0.0,0.0,0.0,0.0,0.0
2087,Zircon,1.0,814,32.19343084255579,1558.9938574938576,2079.502457002457,1541,2065,1581,2093,40.56671058142493,26.3522213945106,0.9125560538116592,0.0,1.0,0.0,0.0,0.0,0.0,0.0,0.0,0.0,0.0,0.0,0.0,0.0,0.0,0.0,0.0,0.0
2088,Rutile,1.0,929,34.39243429969688,1553.3379978471476,1495.7222820236814,1539,1471,1566,1524,53.755202398063446,23.21483974924566,0.8755890669180019,0.0,0.0,1.0,0.0,0.0,0.0,0.0,0.0,0.0,0.0,0.0,0.0,0.0,0.0,0.0,0.0,0.0
2089,Zircon,1.0,328,20.435815879801165,1557.533536585366,779.859756097561,1543,769,1572,790,31.2093050210184,13.961192066306277,0.9035812672176309,0.0,1.0,0.0,0.0,0.0,0.0,0.0,0.0,0.0,0.0,0.0,0.0,0.0,0.0,0.0,0.0,0.0
2090,Zircon,1.0,357,21.320096563347295,1552.4761904761904,2761.106442577031,1540,2746,1565,2776,28.301313423830894,18.588253790619625,0.7880794701986755,0.0,1.0,0.0,0.0,0.0,0.0,0.0,0.0,0.0,0.0,0.0,0.0,0.0,0.0,0.0,0.0,0.0
2091,Monazite & Xenotime,0.6783369803063457,457,24.121991458915023,1545.8730853391685,1393.304157549234,1528,1380,1564,1410,42.4298341647718,18.519896967920058,0.7052469135802469,0.6783369803063457,0.0,0.0,0.0,0.32166301969365424,0.0,0.0,0.0,0.0,0.0,0.0,0.0,0.0,0.0,0.0,0.0,0.0
2092,Rutile,0.7749326145552561,742,30.736683981742253,1555.876010781671,1803.832884097035,1541,1785,1570,1826,41.14336503383534,25.901060377481375,0.8082788671023965,0.0,0.0,0.7749326145552561,0.0,0.0,0.0,0.22506738544474394,0.0,0.0,0.0,0.0,0.0,0.0,0.0,0.0,0.0,0.0
2093,Zircon,1.0,417,23.04215463350949,1557.779376498801,114.81774580335731,1546,105,1572,128,24.93903040237737,21.678393087711964,0.9328859060402684,0.0,1.0,0.0,0.0,0.0,0.0,0.0,0.0,0.0,0.0,0.0,0.0,0.0,0.0,0.0,0.0,0.0
2094,Ilmenite,1.0,351,21.14017691983778,1558.4900284900284,1360.6752136752136,1548,1350,1573,1373,24.466500590047623,19.809566582605456,0.841726618705036,0.0,0.0,0.0,1.0,0.0,0.0,0.0,0.0,0.0,0.0,0.0,0.0,0.0,0.0,0.0,0.0,0.0
2095,Zircon,1.0,388,22.22649192646566,1556.9072164948454,2948.1778350515465,1549,2934,1566,2963,30.38081100956153,17.203203362080213,0.9129411764705883,0.0,1.0,0.0,0.0,0.0,0.0,0.0,0.0,0.0,0.0,0.0,0.0,0.0,0.0,0.0,0.0,0.0
2096,Ilmenite,1.0,225,16.925687506432688,1558.3333333333333,1712.351111111111,1546,1707,1572,1720,25.30260983463802,12.783710303989468,0.8426966292134831,0.0,0.0,0.0,1.0,0.0,0.0,0.0,0.0,0.0,0.0,0.0,0.0,0.0,0.0,0.0,0.0,0.0
2097,Rutile,1.0,228,17.03815178355966,1586.0570175438597,1763.1929824561403,1578,1754,1594,1774,19.24360805428249,15.498178994031017,0.9047619047619048,0.0,0.0,1.0,0.0,0.0,0.0,0.0,0.0,0.0,0.0,0.0,0.0,0.0,0.0,0.0,0.0,0.0
2098,Quartz,1.0,1298,40.65298179797198,1560.3882896764253,1757.006933744222,1544,1729,1584,1786,60.65364761224838,28.409794317097422,0.9026425591098748,0.0,0.0,0.0,0.0,0.0,0.0,1.0,0.0,0.0,0.0,0.0,0.0,0.0,0.0,0.0,0.0,0.0
2099,Zircon,0.8646362098138748,591,27.431452220735256,1561.5989847715737,1114.6818950930626,1542,1104,1591,1124,47.99197854355579,17.1787437034086,0.8794642857142857,0.0,0.8646362098138748,0.1353637901861252,0.0,0.0,0.0,0.0,0.0,0.0,0.0,0.0,0.0,0.0,0.0,0.0,0.0,0.0
2100,Iron Oxides,1.0,252,17.91246396432554,1561.2261904761904,3147.285714285714,1550,3137,1574,3156,21.086771473651353,17.599184321230688,0.805111821086262,0.0,0.0,0.0,0.0,1.0,0.0,0.0,0.0,0.0,0.0,0.0,0.0,0.0,0.0,0.0,0.0,0.0
2101,Zircon,1.0,287,19.115955360352558,1565.5261324041812,655.9790940766551,1555,647,1579,667,25.392616545825938,17.208049460091566,0.7863013698630137,0.0,1.0,0.0,0.0,0.0,0.0,0.0,0.0,0.0,0.0,0.0,0.0,0.0,0.0,0.0,0.0,0.0
2102,Zircon,1.0,2059,51.201564650015335,1579.2302088392423,2718.2064108790673,1543,2700,1617,2737,80.58778724000935,33.36281561514876,0.9423340961098399,0.0,1.0,0.0,0.0,0.0,0.0,0.0,0.0,0.0,0.0,0.0,0.0,0.0,0.0,0.0,0.0,0.0
2103,Quartz,1.0,462,24.253590861306396,1565.5562770562772,1139.060606060606,1549,1125,1581,1155,36.79254480148973,20.160826968747692,0.77,0.0,0.0,0.0,0.0,0.0,0.0,1.0,0.0,0.0,0.0,0.0,0.0,0.0,0.0,0.0,0.0,0.0
2104,Rutile,0.8931475029036005,861,33.109805919349256,1559.8037166085946,1428.0627177700349,1539,1413,1579,1446,38.8656986306072,30.66021386917255,0.8432908912830558,0.0,0.0,0.8931475029036005,0.10685249709639953,0.0,0.0,0.0,0.0,0.0,0.0,0.0,0.0,0.0,0.0,0.0,0.0,0.0
2105,Quartz,1.0,112,11.941642642883693,1562.1517857142858,1917.1875,1554,1911,1570,1926,18.309505364756866,9.030236794417169,0.7943262411347518,0.0,0.0,0.0,0.0,0.0,0.0,1.0,0.0,0.0,0.0,0.0,0.0,0.0,0.0,0.0,0.0,0.0
2106,Zircon,1.0,951,34.79728160421644,1569.8969505783386,75.267087276551,1551,56,1591,98,50.72222263208742,24.54296339487146,0.9091778202676865,0.0,1.0,0.0,0.0,0.0,0.0,0.0,0.0,0.0,0.0,0.0,0.0,0.0,0.0,0.0,0.0,0.0
2107,Zircon,1.0,465,24.33220886606579,1567.2043010752689,1026.8860215053764,1557,1013,1583,1042,33.49385465199838,20.20720617541293,0.7989690721649485,0.0,1.0,0.0,0.0,0.0,0.0,0.0,0.0,0.0,0.0,0.0,0.0,0.0,0.0,0.0,0.0,0.0
2108,Zircon,1.0,162,14.361922094451577,1565.2592592592594,1046.3641975308642,1557,1042,1575,1053,18.476733656543797,11.547231531024217,0.9418604651162791,0.0,1.0,0.0,0.0,0.0,0.0,0.0,0.0,0.0,0.0,0.0,0.0,0.0,0.0,0.0,0.0,0.0
2109,Zircon,1.0,524,25.829779740470595,1565.9198473282443,140.63167938931298,1553,128,1580,156,31.179776571246435,21.859861026773697,0.9225352112676056,0.0,1.0,0.0,0.0,0.0,0.0,0.0,0.0,0.0,0.0,0.0,0.0,0.0,0.0,0.0,0.0,0.0
2110,Zircon,1.0,508,25.43237481489809,1554.765748031496,612.8937007874016,1539,601,1568,631,36.61380168008923,19.381191731501637,0.8912280701754386,0.0,1.0,0.0,0.0,0.0,0.0,0.0,0.0,0.0,0.0,0.0,0.0,0.0,0.0,0.0,0.0,0.0
2111,Zircon,1.0,1239,39.71830555206083,1569.1630347054077,495.50524616626313,1550,471,1593,518,47.46526592289157,34.56616464811849,0.9393479909021987,0.0,1.0,0.0,0.0,0.0,0.0,0.0,0.0,0.0,0.0,0.0,0.0,0.0,0.0,0.0,0.0,0.0
2112,Rutile,1.0,148,13.727325035155395,1568.4797297297298,41.16216216216216,1558,33,1577,48,16.929088803730185,13.73121264243919,0.7789473684210526,0.0,0.0,1.0,0.0,0.0,0.0,0.0,0.0,0.0,0.0,0.0,0.0,0.0,0.0,0.0,0.0,0.0
2113,Zircon,1.0,1060,36.73736405104852,1565.4877358490567,1167.0471698113208,1542,1147,1587,1191,49.06251413106098,29.985178772428338,0.8473221422861711,0.0,1.0,0.0,0.0,0.0,0.0,0.0,0.0,0.0,0.0,0.0,0.0,0.0,0.0,0.0,0.0,0.0
2114,Rutile,1.0,224,16.88803298257901,1569.924107142857,581.4151785714286,1561,575,1581,593,20.29166653124201,16.1412824452306,0.8549618320610687,0.0,0.0,1.0,0.0,0.0,0.0,0.0,0.0,0.0,0.0,0.0,0.0,0.0,0.0,0.0,0.0,0.0
2115,Zircon,1.0,398,22.511093682995384,1575.9597989949748,624.4522613065327,1567,609,1588,637,27.663139845408317,19.156455289797595,0.9498806682577565,0.0,1.0,0.0,0.0,0.0,0.0,0.0,0.0,0.0,0.0,0.0,0.0,0.0,0.0,0.0,0.0,0.0
2116,Rutile,1.0,217,16.622063085174787,1570.3640552995391,568.3502304147465,1562,559,1580,576,18.095121812228367,16.85460990275725,0.875,0.0,0.0,1.0,0.0,0.0,0.0,0.0,0.0,0.0,0.0,0.0,0.0,0.0,0.0,0.0,0.0,0.0
2117,Zircon,1.0,596,27.547246117573295,1574.3590604026845,2885.011744966443,1560,2868,1593,2902,37.153725274477644,22.568139844829187,0.8855869242199108,0.0,1.0,0.0,0.0,0.0,0.0,0.0,0.0,0.0,0.0,0.0,0.0,0.0,0.0,0.0,0.0,0.0
2118,Rutile,1.0,496,25.13019725725687,1564.9737903225807,2014.5262096774193,1547,2000,1583,2028,40.35691516252876,16.9279496918703,0.8225538971807629,0.0,0.0,1.0,0.0,0.0,0.0,0.0,0.0,0.0,0.0,0.0,0.0,0.0,0.0,0.0,0.0,0.0
2119,Rutile,0.5870967741935483,310,19.867165345562018,1575.6645161290323,383.458064516129,1565,369,1585,396,27.400072410777284,17.76115752386638,0.7948717948717948,0.0,0.0,0.5870967741935483,0.4129032258064516,0.0,0.0,0.0,0.0,0.0,0.0,0.0,0.0,0.0,0.0,0.0,0.0,0.0
2120,Zircon,1.0,937,34.54020054106298,1575.392742796158,2263.6883671291357,1559,2242,1598,2282,45.936760573592714,27.312088673504512,0.9186274509803921,0.0,1.0,0.0,0.0,0.0,0.0,0.0,0.0,0.0,0.0,0.0,0.0,0.0,0.0,0.0,0.0,0.0
2121,Illite,1.0,114,12.047792665040703,1579.0701754385964,257.3333333333333,1572,251,1590,266,20.049975400807902,9.119180831300252,0.7080745341614907,0.0,0.0,0.0,0.0,0.0,0.0,0.0,0.0,0.0,0.0,0.0,0.0,1.0,0.0,0.0,0.0,0.0
2122,Rutile,1.0,1737,47.02783313320929,1577.641911341393,1075.966033390904,1554,1053,1605,1099,51.17147375805766,45.364940419961854,0.8990683229813664,0.0,0.0,1.0,0.0,0.0,0.0,0.0,0.0,0.0,0.0,0.0,0.0,0.0,0.0,0.0,0.0,0.0
2123,Zircon,1.0,959,34.943335894001606,1577.4108446298228,2109.81543274244,1558,2093,1603,2126,42.0405924478986,30.65968804250074,0.9047169811320754,0.0,1.0,0.0,0.0,0.0,0.0,0.0,0.0,0.0,0.0,0.0,0.0,0.0,0.0,0.0,0.0,0.0
2125,Rutile,0.9483960948396095,717,30.2144461073691,1577.8270571827056,969.3612273361227,1565,950,1594,989,41.314083482205056,29.31238951000641,0.7975528364849833,0.0,0.0,0.9483960948396095,0.05160390516039052,0.0,0.0,0.0,0.0,0.0,0.0,0.0,0.0,0.0,0.0,0.0,0.0,0.0
2126,Orthoclase,1.0,466,24.35835848013133,1579.5557939914163,412.4098712446352,1572,395,1589,433,37.98940993212545,16.582427016183498,0.8876190476190476,0.0,0.0,0.0,0.0,0.0,0.0,0.0,0.0,1.0,0.0,0.0,0.0,0.0,0.0,0.0,0.0,0.0
2127,Zircon,1.0,140,13.351162356249091,1581.0285714285715,1380.8285714285714,1576,1372,1587,1392,20.748914067356544,8.897793450668528,0.8588957055214724,0.0,1.0,0.0,0.0,0.0,0.0,0.0,0.0,0.0,0.0,0.0,0.0,0.0,0.0,0.0,0.0,0.0
2128,Zircon,1.0,3686,68.50664903419091,1584.2474226804125,1235.1204557786218,1545,1202,1624,1269,83.03407998272407,57.4181313087094,0.9601458713206564,0.0,1.0,0.0,0.0,0.0,0.0,0.0,0.0,0.0,0.0,0.0,0.0,0.0,0.0,0.0,0.0,0.0
2129,Quartz,1.0,4457,75.331458573989,1585.3989230424052,2611.0933363248823,1543,2574,1626,2647,83.33047659208366,69.36164481622257,0.9199174406604748,0.0,0.0,0.0,0.0,0.0,0.0,1.0,0.0,0.0,0.0,0.0,0.0,0.0,0.0,0.0,0.0,0.0
2130,Zircon,1.0,309,19.83509564693766,1589.812297734628,1471.2297734627832,1577,1463,1604,1482,27.225329777976476,15.13352094402744,0.8904899135446686,0.0,1.0,0.0,0.0,0.0,0.0,0.0,0.0,0.0,0.0,0.0,0.0,0.0,0.0,0.0,0.0,0.0
2131,Zircon,1.0,526,25.879026267050612,1587.2984790874525,712.2528517110267,1574,701,1602,726,27.434811665227468,24.57951770918291,0.9494584837545126,0.0,1.0,0.0,0.0,0.0,0.0,0.0,0.0,0.0,0.0,0.0,0.0,0.0,0.0,0.0,0.0,0.0
2132,Zircon,1.0,1937,49.661504187368415,1583.8766133195663,1320.5585957666494,1562,1292,1611,1350,59.72824502696873,42.62575271157718,0.9371069182389937,0.0,1.0,0.0,0.0,0.0,0.0,0.0,0.0,0.0,0.0,0.0,0.0,0.0,0.0,0.0,0.0,0.0
2133,Zircon,1.0,2316,54.303064237726375,1587.5837651122624,1875.834628670121,1571,1833,1606,1919,89.46581601580507,33.59725616711287,0.9433808553971487,0.0,1.0,0.0,0.0,0.0,0.0,0.0,0.0,0.0,0.0,0.0,0.0,0.0,0.0,0.0,0.0,0.0
2135,Zircon,1.0,799,31.895429080722444,1586.4806007509387,206.81727158948686,1569,190,1605,223,37.851078645763025,27.434338856719254,0.9355971896955504,0.0,1.0,0.0,0.0,0.0,0.0,0.0,0.0,0.0,0.0,0.0,0.0,0.0,0.0,0.0,0.0,0.0
2136,Zircon,1.0,716,30.19336870954244,1578.7150837988827,795.4888268156425,1552,783,1601,810,50.49384437066656,23.590036917669032,0.7210473313192346,0.0,1.0,0.0,0.0,0.0,0.0,0.0,0.0,0.0,0.0,0.0,0.0,0.0,0.0,0.0,0.0,0.0
2137,Zircon,1.0,1951,49.84064959225855,1603.7088672475654,1733.972834443875,1574,1702,1635,1767,81.50451155650265,31.199516892799227,0.9470873786407767,0.0,1.0,0.0,0.0,0.0,0.0,0.0,0.0,0.0,0.0,0.0,0.0,0.0,0.0,0.0,0.0,0.0
2138,Quartz,1.0,1094,37.32189788770486,1597.1133455210238,2325.9762340036564,1571,2308,1625,2344,51.350678979468206,29.029348044717757,0.8376722817764165,0.0,0.0,0.0,0.0,0.0,0.0,1.0,0.0,0.0,0.0,0.0,0.0,0.0,0.0,0.0,0.0,0.0
2139,Zircon,1.0,842,32.74244487919323,1582.4928741092638,2760.524940617577,1568,2737,1594,2784,43.71959800086922,25.652839431766008,0.9152173913043479,0.0,1.0,0.0,0.0,0.0,0.0,0.0,0.0,0.0,0.0,0.0,0.0,0.0,0.0,0.0,0.0,0.0
2140,Iron Oxides,1.0,774,31.39247374172695,1602.4922480620155,331.2674418604651,1580,318,1630,354,52.39688015462212,23.344524108237128,0.7308781869688386,0.0,0.0,0.0,0.0,1.0,0.0,0.0,0.0,0.0,0.0,0.0,0.0,0.0,0.0,0.0,0.0,0.0
2141,Zircon,0.9760956175298805,3765,69.2368896321021,1592.791235059761,3227.64807436919,1539,3198,1645,3249,97.61982441622249,53.18037249516978,0.9466934875534322,0.0,0.9760956175298805,0.0,0.0,0.0,0.0,0.0,0.0,0.0,0.0,0.0,0.0,0.0,0.0,0.0,0.0,0.02390438247011952
2142,Rutile,1.0,110,11.834540545406394,1594.7545454545455,2027.3727272727272,1588,2022,1603,2033,16.044742503422203,9.513502712810121,0.8461538461538461,0.0,0.0,1.0,0.0,0.0,0.0,0.0,0.0,0.0,0.0,0.0,0.0,0.0,0.0,0.0,0.0,0.0
2143,Ilmenite,1.0,674,29.294426998176625,1595.8976261127596,1003.9287833827893,1578,993,1616,1017,38.15284738504355,22.606263548975207,0.9426573426573427,0.0,0.0,0.0,1.0,0.0,0.0,0.0,0.0,0.0,0.0,0.0,0.0,0.0,0.0,0.0,0.0,0.0
2144,Zircon,1.0,1010,35.86045091995518,1608.9871287128713,2757.679207920792,1594,2740,1633,2777,40.17958994834538,35.197194050689546,0.9421641791044776,0.0,1.0,0.0,0.0,0.0,0.0,0.0,0.0,0.0,0.0,0.0,0.0,0.0,0.0,0.0,0.0,0.0
2145,Zircon,1.0,168,14.625465582862905,1596.5238095238096,270.5059523809524,1587,264,1606,277,18.793005686104603,12.061507648735219,0.8888888888888888,0.0,1.0,0.0,0.0,0.0,0.0,0.0,0.0,0.0,0.0,0.0,0.0,0.0,0.0,0.0,0.0,0.0
2146,Zircon,1.0,1975,50.14626706796774,1592.440506329114,1966.947341772152,1564,1941,1622,1997,62.98848179273562,43.10603689087412,0.8643326039387309,0.0,1.0,0.0,0.0,0.0,0.0,0.0,0.0,0.0,0.0,0.0,0.0,0.0,0.0,0.0,0.0,0.0
2147,Rutile,0.9257759784075573,741,30.71596494738128,1607.3549257759785,1999.06342780027,1586,1982,1637,2020,58.776352175600664,18.337811850307155,0.754582484725051,0.0,0.0,0.9257759784075573,0.07422402159244265,0.0,0.0,0.0,0.0,0.0,0.0,0.0,0.0,0.0,0.0,0.0,0.0,0.0
2148,Zircon,1.0,525,25.854414729132053,1602.5352380952381,583.6304761904762,1591,569,1614,603,32.28777909025614,21.20474840640438,0.9210526315789473,0.0,1.0,0.0,0.0,0.0,0.0,0.0,0.0,0.0,0.0,0.0,0.0,0.0,0.0,0.0,0.0,0.0
2149,Rutile,1.0,291,19.248706645328987,1600.5567010309278,1770.5360824742268,1591,1760,1612,1782,22.508458582423206,16.992967325909817,0.8953846153846153,0.0,0.0,1.0,0.0,0.0,0.0,0.0,0.0,0.0,0.0,0.0,0.0,0.0,0.0,0.0,0.0,0.0
2150,Zircon,1.0,204,16.11647812414279,1603.9558823529412,1038.4950980392157,1596,1032,1614,1047,19.164153424586786,14.150374869507166,0.8908296943231441,0.0,1.0,0.0,0.0,0.0,0.0,0.0,0.0,0.0,0.0,0.0,0.0,0.0,0.0,0.0,0.0,0.0
2151,Zircon,1.0,160,14.27299292922217,1604.18125,1026.825,1596,1021,1612,1033,17.340154176793625,12.288345215081918,0.9248554913294798,0.0,1.0,0.0,0.0,0.0,0.0,0.0,0.0,0.0,0.0,0.0,0.0,0.0,0.0,0.0,0.0,0.0
2153,Zircon,1.0,544,26.318098569918163,1607.9319852941176,1286.1966911764705,1595,1274,1625,1301,28.5421682352663,26.142232567365514,0.8788368336025848,0.0,1.0,0.0,0.0,0.0,0.0,0.0,0.0,0.0,0.0,0.0,0.0,0.0,0.0,0.0,0.0,0.0
2154,Rutile,1.0,259,18.159544104586082,1610.3166023166023,1781.4092664092664,1600,1770,1620,1792,20.95602723892751,17.183692640098243,0.8779661016949153,0.0,0.0,1.0,0.0,0.0,0.0,0.0,0.0,0.0,0.0,0.0,0.0,0.0,0.0,0.0,0.0,0.0
2155,Quartz,1.0,345,20.958712816717327,1617.3739130434783,1622.9913043478261,1602,1617,1636,1631,34.9162771023265,13.138097691709516,0.9031413612565445,0.0,0.0,0.0,0.0,0.0,0.0,1.0,0.0,0.0,0.0,0.0,0.0,0.0,0.0,0.0,0.0,0.0
2156,Rutile,1.0,246,17.697935698969246,1614.6504065040651,193.90650406504065,1604,187,1630,205,23.17569518530328,15.705986689910176,0.7859424920127795,0.0,0.0,1.0,0.0,0.0,0.0,0.0,0.0,0.0,0.0,0.0,0.0,0.0,0.0,0.0,0.0,0.0
2157,Rutile,1.0,778,31.473486711896992,1612.7390745501286,360.6542416452442,1595,348,1632,373,38.586761979712726,26.862078720009837,0.9317365269461078,0.0,0.0,1.0,0.0,0.0,0.0,0.0,0.0,0.0,0.0,0.0,0.0,0.0,0.0,0.0,0.0,0.0
2159,Illite,0.9775078722447144,11115,118.96242070389847,1619.64318488529,2471.9581646423753,1554,2392,1679,2561,180.12543783593316,86.22847014309495,0.8243714306904991,0.0,0.0,0.0,0.0,0.0,0.0,0.0,0.0,0.0,0.0,0.0,0.0,0.9775078722447144,0.0,0.0,0.0,0.02249212775528565
2160,Zircon,1.0,293,19.314740138231286,1612.4641638225255,2668.6552901023892,1602,2658,1624,2678,24.269936110991658,15.849892848549997,0.8905775075987842,0.0,1.0,0.0,0.0,0.0,0.0,0.0,0.0,0.0,0.0,0.0,0.0,0.0,0.0,0.0,0.0,0.0
2162,Zircon,1.0,368,21.646065519224038,1609.8423913043478,2352.1902173913045,1596,2343,1627,2360,30.111900469771093,16.15257797505947,0.934010152284264,0.0,1.0,0.0,0.0,0.0,0.0,0.0,0.0,0.0,0.0,0.0,0.0,0.0,0.0,0.0,0.0,0.0
2163,Rutile,1.0,829,32.48869930584249,1611.1338962605548,828.065138721351,1591,808,1628,849,47.02418639777042,26.84575263432755,0.7529518619436876,0.0,0.0,1.0,0.0,0.0,0.0,0.0,0.0,0.0,0.0,0.0,0.0,0.0,0.0,0.0,0.0,0.0
2165,Zircon,1.0,331,20.529059630371258,1616.0090634441087,2367.7009063444107,1602,2361,1630,2378,26.491273203254533,17.027622803642483,0.9168975069252078,0.0,1.0,0.0,0.0,0.0,0.0,0.0,0.0,0.0,0.0,0.0,0.0,0.0,0.0,0.0,0.0,0.0
2166,Zircon,1.0,1223,39.46101827387509,1613.9877350776778,89.56827473426002,1586,68,1639,109,47.82257926138253,34.922246980828554,0.9161048689138577,0.0,1.0,0.0,0.0,0.0,0.0,0.0,0.0,0.0,0.0,0.0,0.0,0.0,0.0,0.0,0.0,0.0
2167,Rutile,1.0,880,33.47313548753602,1617.475,501.94204545454545,1604,479,1637,529,55.899563802065735,26.86045639929543,0.701195219123506,0.0,0.0,1.0,0.0,0.0,0.0,0.0,0.0,0.0,0.0,0.0,0.0,0.0,0.0,0.0,0.0,0.0
2168,Zircon,1.0,283,18.982275710779543,1622.155477031802,31.996466431095406,1612,23,1637,41,24.756373764774875,15.26561087700476,0.909967845659164,0.0,1.0,0.0,0.0,0.0,0.0,0.0,0.0,0.0,0.0,0.0,0.0,0.0,0.0,0.0,0.0,0.0
2169,Zircon,1.0,1036,36.319088209172165,1620.3638996138995,1123.2287644787646,1602,1104,1640,1145,39.748271352419145,33.617067742904354,0.935862691960253,0.0,1.0,0.0,0.0,0.0,0.0,0.0,0.0,0.0,0.0,0.0,0.0,0.0,0.0,0.0,0.0,0.0
2170,Zircon,0.9536231884057971,3105,62.87613845015198,1605.1420289855073,2054.0022544283415,1560,2032,1649,2078,91.45063609271054,44.0422103465571,0.9613003095975232,0.0,0.9536231884057971,0.0,0.0,0.0,0.0,0.0,0.0,0.0,0.0,0.0,0.0,0.0,0.0,0.0,0.0,0.0463768115942029
2171,Rutile,1.0,172,14.798554040663838,1619.5232558139535,740.3895348837209,1614,730,1626,754,24.586206099622398,9.526617243032884,0.8309178743961353,0.0,0.0,1.0,0.0,0.0,0.0,0.0,0.0,0.0,0.0,0.0,0.0,0.0,0.0,0.0,0.0,0.0
2172,Zircon,1.0,445,23.803184606416586,1623.152808988764,1088.5056179775281,1609,1078,1637,1100,28.162567268078842,20.30058294777582,0.9427966101694916,0.0,1.0,0.0,0.0,0.0,0.0,0.0,0.0,0.0,0.0,0.0,0.0,0.0,0.0,0.0,0.0,0.0
2173,Zircon,1.0,1080,37.0823233942262,1624.6296296296296,792.6685185185186,1606,771,1644,815,40.728261532216266,34.33447022486845,0.9668755595344674,0.0,1.0,0.0,0.0,0.0,0.0,0.0,0.0,0.0,0.0,0.0,0.0,0.0,0.0,0.0,0.0,0.0
2174,Zircon,1.0,2674,58.34931484277965,1613.364248317128,150.83732236350036,1581,111,1650,188,92.16799130520289,37.91632248918077,0.9110732538330494,0.0,1.0,0.0,0.0,0.0,0.0,0.0,0.0,0.0,0.0,0.0,0.0,0.0,0.0,0.0,0.0,0.0
2175,Quartz,1.0,1228,39.54160038408638,1621.891693811075,2810.271986970684,1600,2783,1641,2834,52.13917607063273,32.94954421042035,0.851004851004851,0.0,0.0,0.0,0.0,0.0,0.0,1.0,0.0,0.0,0.0,0.0,0.0,0.0,0.0,0.0,0.0,0.0
2176,Rutile,1.0,222,16.812470934731934,1625.373873873874,730.2522522522522,1616,718,1634,745,32.16199758967646,9.840619470888162,0.7762237762237763,0.0,0.0,1.0,0.0,0.0,0.0,0.0,0.0,0.0,0.0,0.0,0.0,0.0,0.0,0.0,0.0,0.0
2177,Zircon,1.0,713,30.130048048354833,1630.2664796633942,1226.391304347826,1613,1209,1649,1244,44.51419307144269,21.00531141843418,0.9235751295336787,0.0,1.0,0.0,0.0,0.0,0.0,0.0,0.0,0.0,0.0,0.0,0.0,0.0,0.0,0.0,0.0,0.0
2179,Rutile,1.0,257,18.089294154193436,1632.9105058365758,884.3579766536965,1621,872,1648,897,29.259620645073323,13.447100079109994,0.8801369863013698,0.0,0.0,1.0,0.0,0.0,0.0,0.0,0.0,0.0,0.0,0.0,0.0,0.0,0.0,0.0,0.0,0.0
2180,Rutile,1.0,1134,37.99807421080277,1620.5176366843034,1668.4964726631392,1586,1653,1648,1690,63.403432275813465,25.60408687365201,0.7997179125528914,0.0,0.0,1.0,0.0,0.0,0.0,0.0,0.0,0.0,0.0,0.0,0.0,0.0,0.0,0.0,0.0,0.0
2182,Zircon,1.0,616,28.00563442518059,1638.4123376623377,1775.3863636363637,1624,1754,1659,1789,35.01535486331066,28.205839523635774,0.7958656330749354,0.0,1.0,0.0,0.0,0.0,0.0,0.0,0.0,0.0,0.0,0.0,0.0,0.0,0.0,0.0,0.0,0.0
2183,Zircon,0.9716446124763705,4232,73.40537959386361,1633.6294896030245,1412.0335538752363,1601,1360,1663,1473,109.49870087101637,51.74564819366177,0.906986712387484,0.0,0.9716446124763705,0.0,0.0,0.0,0.0,0.0,0.0,0.0,0.0,0.0,0.0,0.0,0.0,0.0,0.0,0.02835538752362949
2185,Rutile,1.0,370,21.70480664627101,1670.0,1395.7594594594595,1659,1384,1680,1410,24.796204980679658,20.614499694752624,0.8767772511848341,0.0,0.0,1.0,0.0,0.0,0.0,0.0,0.0,0.0,0.0,0.0,0.0,0.0,0.0,0.0,0.0,0.0
2186,Zircon,1.0,1877,48.886303045616984,1636.0895045285029,2974.3361747469366,1615,2946,1657,3008,62.09154246015609,40.492856949256335,0.8980861244019138,0.0,1.0,0.0,0.0,0.0,0.0,0.0,0.0,0.0,0.0,0.0,0.0,0.0,0.0,0.0,0.0,0.0
2189,Rutile,1.0,1039,36.371635747926355,1616.60635226179,2239.4427333974977,1594,2219,1639,2260,44.68294438524138,32.838946648165624,0.7955589586523737,0.0,0.0,1.0,0.0,0.0,0.0,0.0,0.0,0.0,0.0,0.0,0.0,0.0,0.0,0.0,0.0,0.0
2190,Quartz,0.946824224519941,677,29.35954992478095,1642.221565731167,2233.497784342688,1628,2219,1661,2257,42.46510520427514,24.79458104607619,0.7853828306264501,0.053175775480059084,0.0,0.0,0.0,0.0,0.0,0.946824224519941,0.0,0.0,0.0,0.0,0.0,0.0,0.0,0.0,0.0,0.0
2191,Zircon,1.0,460,24.201036973199617,1632.6,401.89565217391305,1622,386,1642,417,32.96202653180026,18.2243549448281,0.9484536082474226,0.0,1.0,0.0,0.0,0.0,0.0,0.0,0.0,0.0,0.0,0.0,0.0,0.0,0.0,0.0,0.0,0.0
2192,Zircon,1.0,993,35.55737431141417,1639.9778449144007,1152.662638469285,1622,1133,1659,1170,37.076714512596666,35.344199680105525,0.9194444444444444,0.0,1.0,0.0,0.0,0.0,0.0,0.0,0.0,0.0,0.0,0.0,0.0,0.0,0.0,0.0,0.0,0.0
2193,Rutile,0.9389438943894389,606,27.777385840094972,1635.4719471947194,2207.437293729373,1617,2193,1651,2220,35.75886823726021,23.031907474252126,0.8846715328467153,0.0,0.0,0.9389438943894389,0.0,0.0,0.0,0.06105610561056106,0.0,0.0,0.0,0.0,0.0,0.0,0.0,0.0,0.0,0.0
2194,Quartz,0.8381742738589212,241,17.517155313611116,1653.2489626556016,2210.5435684647305,1639,2197,1662,2220,24.021499928982934,15.688467864515323,0.7088235294117647,0.0,0.0,0.16182572614107885,0.0,0.0,0.0,0.8381742738589212,0.0,0.0,0.0,0.0,0.0,0.0,0.0,0.0,0.0,0.0
2195,Rutile,0.9632936507936508,1008,35.82492792865108,1635.6815476190477,1337.9156746031747,1614,1313,1655,1358,46.04026717580611,33.77166992147266,0.7619047619047619,0.0,0.0,0.9632936507936508,0.03670634920634921,0.0,0.0,0.0,0.0,0.0,0.0,0.0,0.0,0.0,0.0,0.0,0.0,0.0
2196,Rutile,1.0,274,18.677998695187732,1642.8941605839416,2172.978102189781,1629,2163,1659,2181,28.089807833409424,14.598340945742592,0.7248677248677249,0.0,0.0,1.0,0.0,0.0,0.0,0.0,0.0,0.0,0.0,0.0,0.0,0.0,0.0,0.0,0.0,0.0
2197,Rutile,1.0,1016,35.96680938658481,1640.976377952756,2700.1820866141734,1625,2681,1662,2734,49.27616293986911,30.800818626861126,0.7900466562986003,0.0,0.0,1.0,0.0,0.0,0.0,0.0,0.0,0.0,0.0,0.0,0.0,0.0,0.0,0.0,0.0,0.0
2198,Zircon,1.0,620,28.096414677602564,1640.2112903225807,618.6370967741935,1627,604,1657,637,35.610477878032725,23.30252929494219,0.8869814020028612,0.0,1.0,0.0,0.0,0.0,0.0,0.0,0.0,0.0,0.0,0.0,0.0,0.0,0.0,0.0,0.0,0.0
2199,Quartz,1.0,207,16.23454913941803,1642.0096618357488,2127.31884057971,1634,2116,1651,2138,22.707032703318994,12.365579270102744,0.8247011952191236,0.0,0.0,0.0,0.0,0.0,0.0,1.0,0.0,0.0,0.0,0.0,0.0,0.0,0.0,0.0,0.0,0.0
2200,Zircon,1.0,782,31.554291688816235,1647.2953964194373,413.1918158567775,1637,387,1657,438,53.1334779925767,19.453257855479407,0.9167643610785463,0.0,1.0,0.0,0.0,0.0,0.0,0.0,0.0,0.0,0.0,0.0,0.0,0.0,0.0,0.0,0.0,0.0
2201,Rutile,0.8666666666666667,240,17.480774889473267,1644.0875,987.3833333333333,1635,980,1660,996,24.243335943152562,15.226743509463951,0.7717041800643086,0.0,0.0,0.8666666666666667,0.0,0.0,0.0,0.13333333333333333,0.0,0.0,0.0,0.0,0.0,0.0,0.0,0.0,0.0,0.0
2202,Rutile,1.0,224,16.88803298257901,1642.794642857143,2739.6473214285716,1634,2728,1658,2751,22.169315515296574,18.40611749712373,0.6511627906976745,0.0,0.0,1.0,0.0,0.0,0.0,0.0,0.0,0.0,0.0,0.0,0.0,0.0,0.0,0.0,0.0,0.0
2204,Zircon,1.0,1200,39.08820095223359,1647.0116666666668,107.97,1630,81,1662,139,55.186814281408715,29.041561339309204,0.9273570324574961,0.0,1.0,0.0,0.0,0.0,0.0,0.0,0.0,0.0,0.0,0.0,0.0,0.0,0.0,0.0,0.0,0.0
2205,Zircon,0.9451303155006858,2187,52.76907128551535,1650.870141746685,1722.6543209876543,1625,1689,1681,1752,62.605211187083995,47.06054396445595,0.8748,0.0,0.9451303155006858,0.0,0.0,0.0,0.0,0.0,0.0,0.0,0.0,0.0,0.0,0.0,0.0,0.0,0.0,0.05486968449931413
2206,Zircon,1.0,1637,45.654059345598846,1648.6163714111178,2300.895540623091,1624,2279,1676,2327,50.895488685251486,42.08319487390776,0.9440599769319492,0.0,1.0,0.0,0.0,0.0,0.0,0.0,0.0,0.0,0.0,0.0,0.0,0.0,0.0,0.0,0.0,0.0
2207,Quartz,0.9463869463869464,858,33.05207299675423,1646.0501165501166,229.74941724941726,1633,207,1660,254,47.792685810198314,24.513130828010528,0.8453201970443349,0.0,0.0,0.053613053613053616,0.0,0.0,0.0,0.9463869463869464,0.0,0.0,0.0,0.0,0.0,0.0,0.0,0.0,0.0,0.0
2208,Rutile,1.0,4096,72.2162666941128,1648.588623046875,3124.808837890625,1617,3077,1676,3183,104.57290833723273,51.857109167391435,0.948367677703172,0.0,0.0,1.0,0.0,0.0,0.0,0.0,0.0,0.0,0.0,0.0,0.0,0.0,0.0,0.0,0.0,0.0
2209,Zircon,1.0,1413,42.41565131777166,1650.9136588818117,825.1111111111111,1628,803,1679,848,48.60455467658609,38.69715912805352,0.9080976863753213,0.0,1.0,0.0,0.0,0.0,0.0,0.0,0.0,0.0,0.0,0.0,0.0,0.0,0.0,0.0,0.0,0.0
2210,Zircon,1.0,458,24.148368712786887,1623.5742358078603,2655.8689956331878,1609,2644,1634,2674,31.062797184777384,21.721483165314,0.8790786948176583,0.0,1.0,0.0,0.0,0.0,0.0,0.0,0.0,0.0,0.0,0.0,0.0,0.0,0.0,0.0,0.0,0.0
2211,Iron Oxides,1.0,1413,42.41565131777166,1655.3297947629158,2657.4458598726114,1633,2631,1682,2681,48.996291481889166,42.14076180043116,0.8130034522439585,0.0,0.0,0.0,0.0,1.0,0.0,0.0,0.0,0.0,0.0,0.0,0.0,0.0,0.0,0.0,0.0,0.0
2212,Rutile,1.0,393,22.36924542940416,1656.5826972010177,469.8269720101781,1642,453,1672,483,30.724141836684225,22.86854771991431,0.6593959731543624,0.0,0.0,1.0,0.0,0.0,0.0,0.0,0.0,0.0,0.0,0.0,0.0,0.0,0.0,0.0,0.0,0.0
2214,Zircon,1.0,434,23.507147049675353,1648.4608294930877,2922.138248847926,1634,2911,1659,2936,27.426771988351945,21.512709356275764,0.9559471365638766,0.0,1.0,0.0,0.0,0.0,0.0,0.0,0.0,0.0,0.0,0.0,0.0,0.0,0.0,0.0,0.0,0.0
2216,Rutile,1.0,111,11.888212206450685,1655.963963963964,1105.900900900901,1648,1098,1664,1113,19.916398711659237,9.205690647987076,0.6981132075471698,0.0,0.0,1.0,0.0,0.0,0.0,0.0,0.0,0.0,0.0,0.0,0.0,0.0,0.0,0.0,0.0,0.0
2217,Iron Oxides,1.0,633,28.38944578214513,1652.8467614533965,1255.7693522906793,1640,1242,1671,1276,36.61150195010945,26.108924443259394,0.8063694267515924,0.0,0.0,0.0,0.0,1.0,0.0,0.0,0.0,0.0,0.0,0.0,0.0,0.0,0.0,0.0,0.0,0.0
2218,Illite,1.0,171,14.755472278097805,1657.093567251462,1993.4327485380118,1649,1988,1669,2001,20.208422435787824,12.181530173263402,0.8860103626943006,0.0,0.0,0.0,0.0,0.0,0.0,0.0,0.0,0.0,0.0,0.0,0.0,1.0,0.0,0.0,0.0,0.0
2219,Rutile,0.8812785388127854,657,28.92262748940701,1651.4185692541857,56.37899543378995,1634,43,1672,71,38.33709088720041,22.78167506428777,0.8736702127659575,0.0,0.0,0.8812785388127854,0.1187214611872146,0.0,0.0,0.0,0.0,0.0,0.0,0.0,0.0,0.0,0.0,0.0,0.0,0.0
2220,Rutile,0.8798076923076923,416,23.014509567006368,1657.4759615384614,1005.3942307692307,1644,993,1669,1018,25.32101848325273,22.488546115805846,0.8524590163934426,0.0,0.0,0.8798076923076923,0.1201923076923077,0.0,0.0,0.0,0.0,0.0,0.0,0.0,0.0,0.0,0.0,0.0,0.0,0.0
2221,Rutile,1.0,1098,37.390065794529015,1658.764116575592,733.3661202185792,1634,714,1681,755,44.08121611823244,40.97710215324788,0.7530864197530864,0.0,0.0,1.0,0.0,0.0,0.0,0.0,0.0,0.0,0.0,0.0,0.0,0.0,0.0,0.0,0.0,0.0
2222,Zircon,1.0,440,23.66908109081279,1667.5704545454546,2921.765909090909,1658,2908,1684,2935,28.102535949346194,22.225709976500333,0.9090909090909091,0.0,1.0,0.0,0.0,0.0,0.0,0.0,0.0,0.0,0.0,0.0,0.0,0.0,0.0,0.0,0.0,0.0
2223,Zircon,1.0,476,24.61832697999475,1664.2268907563025,2267.1050420168067,1652,2252,1678,2283,29.73286216361466,21.395013710592302,0.870201096892139,0.0,1.0,0.0,0.0,0.0,0.0,0.0,0.0,0.0,0.0,0.0,0.0,0.0,0.0,0.0,0.0,0.0
2224,Zircon,1.0,1548,44.39566212199151,1664.9276485788114,2871.794573643411,1646,2845,1687,2898,52.11255781226196,38.20856521552253,0.9573283858998145,0.0,1.0,0.0,0.0,0.0,0.0,0.0,0.0,0.0,0.0,0.0,0.0,0.0,0.0,0.0,0.0,0.0
2225,Quartz,1.0,795,31.815490536285218,1665.422641509434,775.9786163522012,1650,755,1683,799,40.503155236540216,27.71935099391436,0.9003397508493771,0.0,0.0,0.0,0.0,0.0,0.0,1.0,0.0,0.0,0.0,0.0,0.0,0.0,0.0,0.0,0.0,0.0
2226,Zircon,1.0,1645,45.76547881416016,1672.5920972644376,1909.219452887538,1646,1891,1703,1929,57.30724501789543,37.214691766329345,0.9330686330119116,0.0,1.0,0.0,0.0,0.0,0.0,0.0,0.0,0.0,0.0,0.0,0.0,0.0,0.0,0.0,0.0,0.0
2227,Illite,1.0,334,20.62188177498708,1671.5149700598802,562.7964071856287,1661,549,1688,574,28.16452513519005,22.11638880759717,0.7106382978723405,0.0,0.0,0.0,0.0,0.0,0.0,0.0,0.0,0.0,0.0,0.0,0.0,1.0,0.0,0.0,0.0,0.0
2228,Monazite & Xenotime,1.0,1079,37.06515167605875,1662.0231696014828,1066.5987025023169,1637,1051,1688,1082,52.20256904561814,26.54450123878112,0.9565602836879432,1.0,0.0,0.0,0.0,0.0,0.0,0.0,0.0,0.0,0.0,0.0,0.0,0.0,0.0,0.0,0.0,0.0
2229,Zircon,1.0,1352,41.489997161749,1668.5051775147929,1448.5835798816568,1656,1417,1684,1484,66.86823779997216,26.543811187394436,0.9001331557922769,0.0,1.0,0.0,0.0,0.0,0.0,0.0,0.0,0.0,0.0,0.0,0.0,0.0,0.0,0.0,0.0,0.0
2230,Rutile,0.9545454545454546,814,32.19343084255579,1670.1228501228502,161.37223587223588,1651,143,1686,178,38.00389034822518,28.53452057100021,0.8550420168067226,0.0,0.0,0.9545454545454546,0.045454545454545456,0.0,0.0,0.0,0.0,0.0,0.0,0.0,0.0,0.0,0.0,0.0,0.0,0.0
2231,Illite,1.0,212,16.42944866646031,1669.8254716981132,206.52358490566039,1661,198,1681,217,22.29865166486627,12.700107867200693,0.8153846153846154,0.0,0.0,0.0,0.0,0.0,0.0,0.0,0.0,0.0,0.0,0.0,0.0,1.0,0.0,0.0,0.0,0.0
2232,Zircon,0.9359504132231405,968,35.10692067532608,1674.5661157024792,429.5330578512397,1657,413,1697,447,38.23509749278437,32.92877075722329,0.9343629343629344,0.0,0.9359504132231405,0.0,0.0,0.0,0.0,0.0,0.0,0.0,0.0,0.0,0.0,0.0,0.0,0.0,0.0,0.0640495867768595
2233,Rutile,1.0,726,30.403485153477522,1668.6101928374655,1821.564738292011,1649,1807,1686,1837,36.162255431187084,28.630392374032937,0.7731629392971247,0.0,0.0,1.0,0.0,0.0,0.0,0.0,0.0,0.0,0.0,0.0,0.0,0.0,0.0,0.0,0.0,0.0
2234,Ilmenite,1.0,131,12.914889870235298,1672.557251908397,1838.9618320610687,1663,1834,1681,1846,17.89953576978042,10.622798273729483,0.7528735632183908,0.0,0.0,0.0,1.0,0.0,0.0,0.0,0.0,0.0,0.0,0.0,0.0,0.0,0.0,0.0,0.0,0.0
2235,Ilmenite,1.0,373,21.792621462004423,1673.1260053619303,1809.4155495978553,1655,1797,1693,1830,48.00481170552097,23.00800506327887,0.4819121447028424,0.0,0.0,0.0,1.0,0.0,0.0,0.0,0.0,0.0,0.0,0.0,0.0,0.0,0.0,0.0,0.0,0.0
2236,Rutile,1.0,346,20.98906578384008,1678.2312138728323,1784.8063583815028,1667,1772,1693,1797,25.9465906080408,21.051026447934444,0.7604395604395604,0.0,0.0,1.0,0.0,0.0,0.0,0.0,0.0,0.0,0.0,0.0,0.0,0.0,0.0,0.0,0.0,0.0
2237,Rutile,1.0,203,16.07692842495848,1674.3694581280788,1525.152709359606,1662,1517,1688,1532,22.459263552935525,13.562471216809328,0.7631578947368421,0.0,0.0,1.0,0.0,0.0,0.0,0.0,0.0,0.0,0.0,0.0,0.0,0.0,0.0,0.0,0.0,0.0
2238,Rutile,0.963382737576286,1147,38.2152555638613,1677.64952048823,1498.406277244987,1659,1477,1699,1519,43.893295967524814,35.24740966210359,0.8919129082426127,0.0,0.0,0.963382737576286,0.036617262423714034,0.0,0.0,0.0,0.0,0.0,0.0,0.0,0.0,0.0,0.0,0.0,0.0,0.0
2239,Zircon,1.0,1077,37.03078435139837,1678.7892293407613,295.933147632312,1663,272,1697,317,46.381662340274936,30.20985028285767,0.9463971880492091,0.0,1.0,0.0,0.0,0.0,0.0,0.0,0.0,0.0,0.0,0.0,0.0,0.0,0.0,0.0,0.0,0.0
2240,Rutile,1.0,167,14.581872443920643,1684.251497005988,2289.982035928144,1677,2279,1695,2303,24.746340019730024,12.499208891465914,0.6349809885931559,0.0,0.0,1.0,0.0,0.0,0.0,0.0,0.0,0.0,0.0,0.0,0.0,0.0,0.0,0.0,0.0,0.0
2242,Quartz,0.8140350877192982,285,19.04923279949934,1686.6877192982456,1556.059649122807,1675,1546,1701,1570,30.79369646628774,14.18961088110662,0.7640750670241286,0.0,0.0,0.18596491228070175,0.0,0.0,0.0,0.8140350877192982,0.0,0.0,0.0,0.0,0.0,0.0,0.0,0.0,0.0,0.0
2243,Monazite & Xenotime,1.0,895,33.757212452126,1677.9620111731845,1666.0368715083798,1658,1644,1695,1684,41.773744782073685,34.283079150924095,0.7775847089487402,1.0,0.0,0.0,0.0,0.0,0.0,0.0,0.0,0.0,0.0,0.0,0.0,0.0,0.0,0.0,0.0,0.0
2244,Zircon,1.0,235,17.297725082009,1682.0978723404255,2000.276595744681,1673,1989,1690,2013,22.872634247805678,14.17674676952344,0.8362989323843416,0.0,1.0,0.0,0.0,0.0,0.0,0.0,0.0,0.0,0.0,0.0,0.0,0.0,0.0,0.0,0.0,0.0
2245,Zircon,1.0,850,32.897623212397704,1686.295294117647,1296.0117647058823,1669,1274,1708,1317,50.58294157624061,23.2054084654475,0.8517034068136272,0.0,1.0,0.0,0.0,0.0,0.0,0.0,0.0,0.0,0.0,0.0,0.0,0.0,0.0,0.0,0.0,0.0
2246,Illite,1.0,104,11.507254783503184,1684.1826923076924,590.1442307692307,1679,583,1691,598,14.158937242372422,10.431274055218756,0.8188976377952756,0.0,0.0,0.0,0.0,0.0,0.0,0.0,0.0,0.0,0.0,0.0,0.0,1.0,0.0,0.0,0.0,0.0
2247,Zircon,1.0,770,31.311251163856024,1687.8987012987013,1191.1454545454546,1672,1174,1704,1213,38.20040314601134,27.475004183888796,0.8840413318025259,0.0,1.0,0.0,0.0,0.0,0.0,0.0,0.0,0.0,0.0,0.0,0.0,0.0,0.0,0.0,0.0,0.0
2248,Zircon,1.0,1053,36.61586050615398,1684.5251661918328,1093.2773029439695,1668,1072,1703,1117,42.98644612552805,31.884644711473314,0.9244951712028094,0.0,1.0,0.0,0.0,0.0,0.0,0.0,0.0,0.0,0.0,0.0,0.0,0.0,0.0,0.0,0.0,0.0
2249,Zircon,1.0,106,11.617374563210365,1687.6792452830189,1947.9716981132076,1681,1942,1697,1955,18.700507051906452,7.973423283874091,0.848,0.0,1.0,0.0,0.0,0.0,0.0,0.0,0.0,0.0,0.0,0.0,0.0,0.0,0.0,0.0,0.0,0.0
2250,Zircon,1.0,901,33.87017611123954,1678.1021087680356,124.15538290788014,1660,104,1698,143,44.86929907819306,28.1696104464806,0.8688524590163934,0.0,1.0,0.0,0.0,0.0,0.0,0.0,0.0,0.0,0.0,0.0,0.0,0.0,0.0,0.0,0.0,0.0
2251,Rutile,1.0,252,17.91246396432554,1688.25,1392.9325396825398,1680,1382,1698,1404,20.286298086296185,16.352164861052074,0.9097472924187726,0.0,0.0,1.0,0.0,0.0,0.0,0.0,0.0,0.0,0.0,0.0,0.0,0.0,0.0,0.0,0.0,0.0
2252,Ilmenite,0.9632299927901946,1387,42.023603469332215,1687.7101658255226,1255.5147801009373,1669,1229,1706,1281,52.6034045795683,35.2301530771974,0.9240506329113924,0.0,0.0,0.0,0.9632299927901946,0.0,0.0,0.0,0.0,0.0,0.0,0.0,0.0,0.0,0.0,0.0,0.0,0.03677000720980533
2254,Quartz,0.7203389830508474,118,12.257335203001883,1686.550847457627,1860.6440677966102,1678,1856,1696,1866,20.450501949165186,8.77477831416259,0.7662337662337663,0.0,0.0,0.2796610169491525,0.0,0.0,0.0,0.7203389830508474,0.0,0.0,0.0,0.0,0.0,0.0,0.0,0.0,0.0,0.0
2255,Zircon,1.0,813,32.173649930800316,1691.8339483394834,2200.3665436654364,1674,2184,1710,2216,35.83048421819955,29.563804329228052,0.9431554524361949,0.0,1.0,0.0,0.0,0.0,0.0,0.0,0.0,0.0,0.0,0.0,0.0,0.0,0.0,0.0,0.0,0.0
2256,Quartz,0.7391304347826086,161,14.317526556719258,1689.9503105590063,1852.0745341614906,1679,1846,1701,1860,23.05113981679339,10.388469076158943,0.7318181818181818,0.0,0.0,0.2608695652173913,0.0,0.0,0.0,0.7391304347826086,0.0,0.0,0.0,0.0,0.0,0.0,0.0,0.0,0.0,0.0
2257,Zircon,1.0,1154,38.33168969174693,1692.7729636048527,511.29722703639516,1676,488,1713,529,40.90963335490334,37.40773597961742,0.9405052974735126,0.0,1.0,0.0,0.0,0.0,0.0,0.0,0.0,0.0,0.0,0.0,0.0,0.0,0.0,0.0,0.0,0.0
2258,Zircon,1.0,206,16.195287778099022,1692.6699029126214,531.5194174757281,1676,529,1711,535,39.650706075486,6.844614579155761,0.9903846153846154,0.0,1.0,0.0,0.0,0.0,0.0,0.0,0.0,0.0,0.0,0.0,0.0,0.0,0.0,0.0,0.0,0.0
2259,Zircon,1.0,707,30.003005818213616,1693.3649222065064,545.035360678925,1676,535,1713,560,37.20756135159417,25.25734039242288,0.9528301886792453,0.0,1.0,0.0,0.0,0.0,0.0,0.0,0.0,0.0,0.0,0.0,0.0,0.0,0.0,0.0,0.0,0.0
2260,Rutile,1.0,139,13.303394180365686,1694.2158273381294,1768.136690647482,1688,1761,1701,1778,15.533876819656365,12.43630221683508,0.8128654970760234,0.0,0.0,1.0,0.0,0.0,0.0,0.0,0.0,0.0,0.0,0.0,0.0,0.0,0.0,0.0,0.0,0.0
2261,Zircon,1.0,596,27.547246117573295,1693.3187919463087,2164.0956375838928,1680,2148,1710,2183,36.18713199128546,22.272133702587666,0.873900293255132,0.0,1.0,0.0,0.0,0.0,0.0,0.0,0.0,0.0,0.0,0.0,0.0,0.0,0.0,0.0,0.0,0.0
2262,Illite,1.0,1133,37.98131651463571,1693.2347749338041,225.6451897616946,1678,200,1709,255,59.62882756049387,29.28514546607441,0.7754962354551677,0.0,0.0,0.0,0.0,0.0,0.0,0.0,0.0,0.0,0.0,0.0,0.0,1.0,0.0,0.0,0.0,0.0
2263,Rutile,1.0,234,17.26088217525478,1695.1495726495727,2113.1324786324785,1685,2103,1705,2123,21.569457526055505,14.958635185861567,0.8357142857142857,0.0,0.0,1.0,0.0,0.0,0.0,0.0,0.0,0.0,0.0,0.0,0.0,0.0,0.0,0.0,0.0,0.0
2264,Zircon,1.0,409,22.820056393372074,1697.0513447432763,2850.1882640586796,1684,2842,1710,2860,27.54280226409864,19.276458057438617,0.9533799533799534,0.0,1.0,0.0,0.0,0.0,0.0,0.0,0.0,0.0,0.0,0.0,0.0,0.0,0.0,0.0,0.0,0.0
2266,Ilmenite,1.0,260,18.19456736586892,1699.7153846153847,2240.769230769231,1692,2230,1709,2256,25.774492691242685,15.215012047245802,0.7761194029850746,0.0,0.0,0.0,1.0,0.0,0.0,0.0,0.0,0.0,0.0,0.0,0.0,0.0,0.0,0.0,0.0,0.0
2267,Monazite & Xenotime,1.0,401,22.595775212167435,1702.6109725685785,96.56608478802993,1694,79,1712,119,41.292453985412685,12.653171107558704,0.9113636363636364,1.0,0.0,0.0,0.0,0.0,0.0,0.0,0.0,0.0,0.0,0.0,0.0,0.0,0.0,0.0,0.0,0.0
2268,Zircon,0.9525533290239172,7735,99.23964872230495,1706.481447963801,362.462443438914,1653,316,1761,422,106.75396659555781,96.1839894494357,0.91,0.0,0.9525533290239172,0.0,0.0,0.0,0.0,0.0,0.0,0.0,0.0,0.0,0.0,0.0,0.0,0.0,0.0,0.04744667097608274
2269,Zircon,1.0,1035,36.301555459799424,1698.9429951690822,1713.8985507246377,1672,1689,1718,1736,41.898953763751564,35.872804613701064,0.8504519309778144,0.0,1.0,0.0,0.0,0.0,0.0,0.0,0.0,0.0,0.0,0.0,0.0,0.0,0.0,0.0,0.0,0.0
2270,Zircon,1.0,435,23.534213434057992,1698.5425287356322,928.0229885057471,1689,910,1708,945,33.760028568961566,17.471489960628855,0.9100418410041841,0.0,1.0,0.0,0.0,0.0,0.0,0.0,0.0,0.0,0.0,0.0,0.0,0.0,0.0,0.0,0.0,0.0
2271,Zircon,1.0,1282,40.4016471984804,1706.0748829953197,1883.8127925117005,1684,1864,1729,1904,45.709146948869936,36.17510309711062,0.9503335804299481,0.0,1.0,0.0,0.0,0.0,0.0,0.0,0.0,0.0,0.0,0.0,0.0,0.0,0.0,0.0,0.0,0.0
2272,Zircon,0.9904640813731723,6292,89.50543679282083,1701.3521932612841,2346.60076287349,1651,2309,1746,2387,103.33598246496128,79.7904318465555,0.963110362773611,0.0,0.9904640813731723,0.0,0.0,0.0,0.0,0.0,0.0,0.0,0.0,0.0,0.0,0.0,0.0,0.0,0.0,0.009535918626827717
2273,Zircon,1.0,401,22.595775212167435,1709.8004987531172,1785.8778054862844,1700,1774,1722,1800,29.17419557172493,18.35479031394862,0.9031531531531531,0.0,1.0,0.0,0.0,0.0,0.0,0.0,0.0,0.0,0.0,0.0,0.0,0.0,0.0,0.0,0.0,0.0
2274,Zircon,1.0,554,26.558891313141824,1708.3736462093864,436.3014440433213,1696,421,1722,450,29.088168288556364,24.492749064142952,0.9736379613356766,0.0,1.0,0.0,0.0,0.0,0.0,0.0,0.0,0.0,0.0,0.0,0.0,0.0,0.0,0.0,0.0,0.0
2275,Quartz,1.0,739,30.67448489476694,1707.0703653585927,650.106901217862,1691,632,1725,669,36.37395616123854,28.04205061334685,0.8871548619447779,0.0,0.0,0.0,0.0,0.0,0.0,1.0,0.0,0.0,0.0,0.0,0.0,0.0,0.0,0.0,0.0,0.0
2276,Zircon,1.0,474,24.566553364370574,1716.3396624472573,916.6666666666666,1707,904,1729,936,32.824691271300836,19.38104219788689,0.9614604462474645,0.0,1.0,0.0,0.0,0.0,0.0,0.0,0.0,0.0,0.0,0.0,0.0,0.0,0.0,0.0,0.0,0.0
2277,Rutile,1.0,161,14.317526556719258,1703.4534161490683,2297.8757763975154,1695,2291,1711,2306,18.49721995942486,13.539215607638717,0.7970297029702971,0.0,0.0,1.0,0.0,0.0,0.0,0.0,0.0,0.0,0.0,0.0,0.0,0.0,0.0,0.0,0.0,0.0
2278,Zircon,1.0,503,25.30690599424961,1711.5467196819086,1973.4671968190855,1700,1958,1724,1991,31.544443045097182,21.240957574929375,0.895017793594306,0.0,1.0,0.0,0.0,0.0,0.0,0.0,0.0,0.0,0.0,0.0,0.0,0.0,0.0,0.0,0.0,0.0
2279,Rutile,1.0,141,13.398760233979036,1716.4184397163122,2296.503546099291,1711,2289,1724,2306,18.12473770250321,10.666312739824193,0.9096774193548387,0.0,0.0,1.0,0.0,0.0,0.0,0.0,0.0,0.0,0.0,0.0,0.0,0.0,0.0,0.0,0.0,0.0
2280,Rutile,1.0,1311,40.85605271129112,1712.1235697940504,470.12280701754383,1687,448,1731,503,50.40075260908241,39.607014409765014,0.8127712337259765,0.0,0.0,1.0,0.0,0.0,0.0,0.0,0.0,0.0,0.0,0.0,0.0,0.0,0.0,0.0,0.0,0.0
2282,Zircon,1.0,314,19.994929783493642,1718.78025477707,1861.343949044586,1706,1852,1732,1872,25.728307497312024,15.929789626451315,0.9101449275362319,0.0,1.0,0.0,0.0,0.0,0.0,0.0,0.0,0.0,0.0,0.0,0.0,0.0,0.0,0.0,0.0,0.0
2283,Zircon,1.0,521,25.75573339679963,1707.7946257197698,2882.7773512476006,1697,2867,1719,2898,32.32877118886529,20.725067183189786,0.9577205882352942,0.0,1.0,0.0,0.0,0.0,0.0,0.0,0.0,0.0,0.0,0.0,0.0,0.0,0.0,0.0,0.0,0.0
2284,Rutile,0.8018867924528302,424,23.23474912642073,1714.2617924528302,2067.740566037736,1701,2055,1727,2089,30.275102502291528,21.951906924081676,0.7386759581881533,0.0,0.0,0.8018867924528302,0.0,0.0,0.0,0.19811320754716982,0.0,0.0,0.0,0.0,0.0,0.0,0.0,0.0,0.0,0.0
2285,Zircon,0.9859602649006622,3775,69.3287767191607,1711.995761589404,2989.4455629139075,1675,2956,1751,3026,86.26853441916408,55.93647368751526,0.9704370179948586,0.0,0.9859602649006622,0.0,0.0,0.0,0.0,0.0,0.0,0.0,0.0,0.0,0.0,0.0,0.0,0.0,0.0,0.01403973509933775
2288,Zircon,1.0,804,31.99507140118726,1714.415422885572,994.3855721393035,1695,980,1734,1010,41.957094209598814,25.339774343040204,0.9425556858147714,0.0,1.0,0.0,0.0,0.0,0.0,0.0,0.0,0.0,0.0,0.0,0.0,0.0,0.0,0.0,0.0,0.0
2289,Zircon,1.0,518,25.68147355921802,1709.1525096525097,1314.011583011583,1695,1299,1721,1327,28.759888960676097,24.16961250994731,0.9401088929219601,0.0,1.0,0.0,0.0,0.0,0.0,0.0,0.0,0.0,0.0,0.0,0.0,0.0,0.0,0.0,0.0,0.0
2290,Zircon,1.0,1638,45.66800164531175,1739.2142857142858,2867.9310134310135,1708,2846,1769,2897,65.05570928916913,34.43184437793612,0.8806451612903226,0.0,1.0,0.0,0.0,0.0,0.0,0.0,0.0,0.0,0.0,0.0,0.0,0.0,0.0,0.0,0.0,0.0
2291,Rutile,0.8306878306878307,1134,37.99807421080277,1722.3624338624338,1094.0820105820105,1702,1070,1753,1117,52.6326323484091,33.51146347429253,0.7168141592920354,0.0,0.0,0.8306878306878307,0.1164021164021164,0.0,0.0,0.0,0.0,0.0,0.0,0.0,0.0,0.0,0.0,0.0,0.0,0.05291005291005291
2292,Zircon,1.0,688,29.597108081327676,1721.2616279069769,2455.142441860465,1704,2435,1739,2474,46.528322145041436,19.544167585485454,0.91005291005291,0.0,1.0,0.0,0.0,0.0,0.0,0.0,0.0,0.0,0.0,0.0,0.0,0.0,0.0,0.0,0.0,0.0
2293,Zircon,1.0,789,31.695204697178458,1735.5437262357414,1305.9809885931559,1720,1290,1755,1324,39.64469173625249,26.50620491963593,0.926056338028169,0.0,1.0,0.0,0.0,0.0,0.0,0.0,0.0,0.0,0.0,0.0,0.0,0.0,0.0,0.0,0.0,0.0
2294,Rutile,1.0,105,11.562445770562215,1723.304761904762,1475.1714285714286,1719,1465,1727,1486,21.494267731125248,6.953052238285816,0.8333333333333334,0.0,0.0,1.0,0.0,0.0,0.0,0.0,0.0,0.0,0.0,0.0,0.0,0.0,0.0,0.0,0.0,0.0
2295,Rutile,1.0,706,29.98177977677484,1722.757790368272,1929.1614730878186,1708,1907,1735,1958,50.65159378718377,21.106384940428622,0.6955665024630542,0.0,0.0,1.0,0.0,0.0,0.0,0.0,0.0,0.0,0.0,0.0,0.0,0.0,0.0,0.0,0.0,0.0
2296,Monazite & Xenotime,1.0,1570,44.710022201226934,1723.6012738853503,1032.163694267516,1706,1003,1748,1065,63.474898680267565,34.61387291677958,0.8654906284454245,1.0,0.0,0.0,0.0,0.0,0.0,0.0,0.0,0.0,0.0,0.0,0.0,0.0,0.0,0.0,0.0,0.0
2297,Monazite & Xenotime,1.0,504,25.332049473868512,1720.251984126984,1166.8174603174602,1708,1150,1733,1183,34.14399395367867,19.630811696057172,0.8936170212765957,1.0,0.0,0.0,0.0,0.0,0.0,0.0,0.0,0.0,0.0,0.0,0.0,0.0,0.0,0.0,0.0,0.0
2299,Illite,1.0,240,17.480774889473267,1729.2208333333333,192.59583333333333,1720,185,1744,204,23.815307102317842,15.598202633639138,0.7947019867549668,0.0,0.0,0.0,0.0,0.0,0.0,0.0,0.0,0.0,0.0,0.0,0.0,1.0,0.0,0.0,0.0,0.0
2300,Zircon,1.0,307,19.77080019204319,1726.2605863192182,1365.244299674267,1717,1356,1737,1377,20.938257423938325,19.053604167102993,0.9246987951807228,0.0,1.0,0.0,0.0,0.0,0.0,0.0,0.0,0.0,0.0,0.0,0.0,0.0,0.0,0.0,0.0,0.0
2301,Iron Oxides,1.0,173,14.841510746523857,1727.670520231214,1665.8728323699422,1721,1657,1742,1675,19.76811730277354,15.495305567615187,0.7330508474576272,0.0,0.0,0.0,0.0,1.0,0.0,0.0,0.0,0.0,0.0,0.0,0.0,0.0,0.0,0.0,0.0,0.0
2302,Zircon,0.9573396926338102,3774,69.31959349152666,1710.0299417064123,3225.748277689454,1663,3191,1751,3249,93.69320272751852,55.22929225978876,0.9126964933494559,0.0,0.9573396926338102,0.0,0.0,0.0,0.0,0.0,0.0,0.0,0.0,0.0,0.0,0.0,0.0,0.0,0.0,0.04266030736618972
2303,Rutile,1.0,1126,37.86380497746883,1728.7770870337479,1824.3596802841919,1708,1803,1747,1852,55.544996637580596,28.005618627654577,0.849811320754717,0.0,0.0,1.0,0.0,0.0,0.0,0.0,0.0,0.0,0.0,0.0,0.0,0.0,0.0,0.0,0.0,0.0
2304,Quartz,1.0,182,15.222667215103916,1729.434065934066,2085.5714285714284,1722,2078,1736,2095,18.389609757376935,13.749751957258411,0.8272727272727273,0.0,0.0,0.0,0.0,0.0,0.0,1.0,0.0,0.0,0.0,0.0,0.0,0.0,0.0,0.0,0.0,0.0
2305,Zircon,0.9738660258335836,3329,65.10464226476755,1719.980474617002,2694.4589966957046,1678,2658,1757,2725,89.35597509440503,53.14099877203878,0.8568854568854569,0.0,0.9738660258335836,0.0,0.0,0.0,0.0,0.0,0.0,0.0,0.0,0.0,0.0,0.0,0.0,0.0,0.0,0.02613397416641634
2306,Rutile,1.0,108,11.726460285670077,1730.1944444444443,2256.6018518518517,1724,2246,1736,2269,25.46421522602518,5.759617541627412,0.8,0.0,0.0,1.0,0.0,0.0,0.0,0.0,0.0,0.0,0.0,0.0,0.0,0.0,0.0,0.0,0.0,0.0
2307,Zircon,1.0,812,32.15385684991696,1728.7007389162561,87.55418719211822,1710,73,1752,99,42.81692484221358,25.287889538402005,0.9344073647871116,0.0,1.0,0.0,0.0,0.0,0.0,0.0,0.0,0.0,0.0,0.0,0.0,0.0,0.0,0.0,0.0,0.0
2308,Illite,1.0,164,14.450303987687134,1733.3048780487804,221.8231707317073,1725,212,1744,232,23.456421303408437,11.774466463226249,0.6693877551020408,0.0,0.0,0.0,0.0,0.0,0.0,0.0,0.0,0.0,0.0,0.0,0.0,1.0,0.0,0.0,0.0,0.0
2309,Zircon,1.0,845,32.80072278626208,1726.9147928994082,2008.021301775148,1709,1992,1750,2025,40.23020666290858,30.142559803625513,0.8711340206185567,0.0,1.0,0.0,0.0,0.0,0.0,0.0,0.0,0.0,0.0,0.0,0.0,0.0,0.0,0.0,0.0,0.0
2310,Zircon,1.0,982,35.35988168715967,1734.7118126272912,110.77291242362526,1712,98,1756,128,42.06976570723539,31.113569409950415,0.9352380952380952,0.0,1.0,0.0,0.0,0.0,0.0,0.0,0.0,0.0,0.0,0.0,0.0,0.0,0.0,0.0,0.0,0.0
2311,Zircon,1.0,779,31.493707392885515,1734.06161745828,1702.3812580231065,1719,1687,1752,1720,34.475376750235874,29.941904417047173,0.9218934911242603,0.0,1.0,0.0,0.0,0.0,0.0,0.0,0.0,0.0,0.0,0.0,0.0,0.0,0.0,0.0,0.0,0.0
2312,Zircon,1.0,2346,54.653636401878074,1733.6406649616367,1574.5848252344415,1703,1547,1762,1602,59.75404602422461,51.40311843192028,0.9474959612277868,0.0,1.0,0.0,0.0,0.0,0.0,0.0,0.0,0.0,0.0,0.0,0.0,0.0,0.0,0.0,0.0,0.0
2314,Zircon,1.0,1083,37.13379090462191,1731.798707294552,1743.1191135734073,1707,1721,1754,1766,51.79922043291542,29.422364256315785,0.8421461897356143,0.0,1.0,0.0,0.0,0.0,0.0,0.0,0.0,0.0,0.0,0.0,0.0,0.0,0.0,0.0,0.0,0.0
2315,Zircon,1.0,567,26.86869594648831,1734.4179894179895,1988.358024691358,1718,1973,1753,1998,34.75949949686443,21.96155809839623,0.9159935379644588,0.0,1.0,0.0,0.0,0.0,0.0,0.0,0.0,0.0,0.0,0.0,0.0,0.0,0.0,0.0,0.0,0.0
2316,Zircon,1.0,2063,51.251274918665594,1738.7396994667959,711.5874939408628,1711,685,1768,739,59.13758475406334,44.97099812246198,0.9445970695970696,0.0,1.0,0.0,0.0,0.0,0.0,0.0,0.0,0.0,0.0,0.0,0.0,0.0,0.0,0.0,0.0,0.0
2317,Rutile,0.8311688311688312,924,34.29975713230766,1742.073593073593,617.2088744588744,1722,600,1766,633,44.84214009027619,27.791733382894883,0.8415300546448088,0.0,0.0,0.8311688311688312,0.0,0.0,0.0,0.10714285714285714,0.0,0.0,0.0,0.0,0.0,0.0,0.0,0.0,0.0,0.06168831168831169
2318,Zircon,1.0,618,28.05106127486678,1727.3559870550162,1337.2087378640776,1714,1322,1742,1353,31.19087553715422,27.0388066932,0.8741159830268741,0.0,1.0,0.0,0.0,0.0,0.0,0.0,0.0,0.0,0.0,0.0,0.0,0.0,0.0,0.0,0.0,0.0
2319,Rutile,1.0,498,25.180812005932435,1743.0461847389558,1462.2228915662652,1730,1447,1759,1475,31.081665792649446,24.187533475721352,0.7968,0.0,0.0,1.0,0.0,0.0,0.0,0.0,0.0,0.0,0.0,0.0,0.0,0.0,0.0,0.0,0.0,0.0
2320,Zircon,1.0,1177,38.71179334716084,1741.194562446899,2205.5242141036533,1716,2184,1762,2226,42.78986514772168,37.82265753852323,0.8803290949887809,0.0,1.0,0.0,0.0,0.0,0.0,0.0,0.0,0.0,0.0,0.0,0.0,0.0,0.0,0.0,0.0,0.0
2321,Zircon,1.0,102,11.396070970426017,1741.0196078431372,1333.6274509803923,1739,1321,1744,1347,29.099893634734446,4.609106683370533,0.8947368421052632,0.0,1.0,0.0,0.0,0.0,0.0,0.0,0.0,0.0,0.0,0.0,0.0,0.0,0.0,0.0,0.0,0.0
2322,Zircon,0.9674170616113744,1688,46.35977083110911,1737.922393364929,2619.441943127962,1707,2600,1771,2638,59.59927058520523,38.01838377086657,0.9036402569593148,0.0,0.9674170616113744,0.0,0.0,0.0,0.0,0.0,0.0,0.0,0.0,0.0,0.0,0.0,0.0,0.0,0.0,0.032582938388625596
2323,Zircon,1.0,1481,43.424276226009525,1739.307900067522,32.586090479405804,1712,12,1761,58,55.38569305775229,36.1526451731134,0.9262038774233896,0.0,1.0,0.0,0.0,0.0,0.0,0.0,0.0,0.0,0.0,0.0,0.0,0.0,0.0,0.0,0.0,0.0
2324,Quartz,1.0,2124,52.00346904791531,1734.8639359698682,1262.4599811676082,1706,1230,1766,1292,57.84430899659944,55.81099013852865,0.7895910780669145,0.0,0.0,0.0,0.0,0.0,0.0,1.0,0.0,0.0,0.0,0.0,0.0,0.0,0.0,0.0,0.0,0.0
2325,Zircon,0.8681592039800995,1206,39.1857996084118,1746.4071310116087,300.1086235489221,1725,281,1771,319,44.409106755854644,35.2416248099954,0.93343653250774,0.0,0.8681592039800995,0.0,0.0,0.0,0.0,0.0,0.0,0.0,0.0,0.0,0.0,0.0,0.0,0.0,0.0,0.1318407960199005
2327,Zircon,1.0,361,21.43920417481474,1750.1385041551246,1332.4958448753462,1743,1319,1761,1347,27.98161421843011,17.21371786613857,0.9401041666666666,0.0,1.0,0.0,0.0,0.0,0.0,0.0,0.0,0.0,0.0,0.0,0.0,0.0,0.0,0.0,0.0,0.0
2329,Rutile,1.0,201,15.99753570059363,1746.6119402985075,580.0,1733,572,1759,588,27.6678071704461,10.75477059822713,0.7472118959107806,0.0,0.0,1.0,0.0,0.0,0.0,0.0,0.0,0.0,0.0,0.0,0.0,0.0,0.0,0.0,0.0,0.0
2330,Zircon,0.9694619486185168,2063,51.251274918665594,1755.4425593795443,448.34222006786234,1730,413,1778,499,73.74412225360992,40.698124453255424,0.7556776556776557,0.0,0.9694619486185168,0.030538051381483276,0.0,0.0,0.0,0.0,0.0,0.0,0.0,0.0,0.0,0.0,0.0,0.0,0.0,0.0
2331,Quartz,1.0,266,18.403307281560924,1753.0902255639098,671.375939849624,1741,663,1766,681,26.730230004606536,12.832270684044085,0.9333333333333333,0.0,0.0,0.0,0.0,0.0,0.0,1.0,0.0,0.0,0.0,0.0,0.0,0.0,0.0,0.0,0.0,0.0
2332,Zircon,1.0,6240,89.13481227414694,1788.0514423076922,2354.028044871795,1742,2314,1837,2395,100.07304956373136,82.28397719315932,0.9324566646742379,0.0,1.0,0.0,0.0,0.0,0.0,0.0,0.0,0.0,0.0,0.0,0.0,0.0,0.0,0.0,0.0,0.0
2333,Zircon,1.0,1004,35.75377606511099,1753.7320717131474,1965.6314741035856,1736,1941,1777,1987,51.42498684440877,28.61208083367368,0.8522920203735145,0.0,1.0,0.0,0.0,0.0,0.0,0.0,0.0,0.0,0.0,0.0,0.0,0.0,0.0,0.0,0.0,0.0
2334,Rutile,1.0,762,31.14817062185505,1755.0918635170603,1647.1679790026246,1738,1625,1773,1666,39.508012293436686,27.452087082359554,0.8392070484581498,0.0,0.0,1.0,0.0,0.0,0.0,0.0,0.0,0.0,0.0,0.0,0.0,0.0,0.0,0.0,0.0,0.0
2335,Rutile,1.0,721,30.29860907292697,1758.9403606102635,1504.8529819694868,1745,1486,1775,1525,37.626380299970926,25.112392158982466,0.8868388683886839,0.0,0.0,1.0,0.0,0.0,0.0,0.0,0.0,0.0,0.0,0.0,0.0,0.0,0.0,0.0,0.0,0.0
2336,Zircon,1.0,739,30.67448489476694,1760.0554803788905,1914.893098782138,1745,1899,1775,1932,34.110686810389154,28.674393300618426,0.9214463840399002,0.0,1.0,0.0,0.0,0.0,0.0,0.0,0.0,0.0,0.0,0.0,0.0,0.0,0.0,0.0,0.0,0.0
2337,Zircon,1.0,1021,36.05520177692258,1763.688540646425,2813.4554358472087,1745,2793,1784,2838,40.31716711773383,33.123902002819285,0.9315693430656934,0.0,1.0,0.0,0.0,0.0,0.0,0.0,0.0,0.0,0.0,0.0,0.0,0.0,0.0,0.0,0.0,0.0
2338,Zircon,1.0,3829,69.82287745997681,1763.3029511621833,2096.0835727343956,1736,2051,1791,2144,91.36683384722618,54.346495392848844,0.9475377381836179,0.0,1.0,0.0,0.0,0.0,0.0,0.0,0.0,0.0,0.0,0.0,0.0,0.0,0.0,0.0,0.0,0.0
2339,Zircon,1.0,872,33.32063749403756,1764.7465596330276,519.4139908256881,1749,499,1783,538,37.83782856574559,31.858868753484277,0.8799192734611504,0.0,1.0,0.0,0.0,0.0,0.0,0.0,0.0,0.0,0.0,0.0,0.0,0.0,0.0,0.0,0.0,0.0
2341,Zircon,1.0,293,19.314740138231286,1770.6894197952217,386.9795221843003,1758,380,1784,396,27.00022415971446,15.445299569044051,0.8347578347578347,0.0,1.0,0.0,0.0,0.0,0.0,0.0,0.0,0.0,0.0,0.0,0.0,0.0,0.0,0.0,0.0,0.0
2342,Quartz,1.0,406,22.736210219877808,1765.115763546798,1049.2364532019703,1755,1033,1777,1066,31.633791932453267,18.17070506317593,0.8475991649269311,0.0,0.0,0.0,0.0,0.0,0.0,1.0,0.0,0.0,0.0,0.0,0.0,0.0,0.0,0.0,0.0,0.0
2343,Rutile,0.9515989628349178,1157,38.381481905452574,1768.1538461538462,850.629213483146,1749,828,1786,873,44.235781657891884,34.4841990438057,0.9081632653061225,0.0,0.0,0.9515989628349178,0.04840103716508211,0.0,0.0,0.0,0.0,0.0,0.0,0.0,0.0,0.0,0.0,0.0,0.0,0.0
2344,Rutile,1.0,611,27.891743614073043,1759.4582651391163,1690.378068739771,1748,1671,1770,1711,36.74794020620745,21.655555422136096,0.9078751857355126,0.0,0.0,1.0,0.0,0.0,0.0,0.0,0.0,0.0,0.0,0.0,0.0,0.0,0.0,0.0,0.0,0.0
2345,Zircon,0.9532210638866613,3741,69.01586148744536,1766.8559208767708,1793.1120021384656,1722,1753,1806,1834,93.07266010315743,52.391875291652475,0.9506988564167725,0.0,0.9532210638866613,0.0,0.0,0.0,0.0,0.0,0.0,0.0,0.0,0.0,0.0,0.0,0.0,0.0,0.0,0.04677893611333868
2346,Zircon,1.0,1248,39.86229988133503,1774.323717948718,1570.1690705128206,1755,1547,1797,1593,51.98878560645798,31.35518307079536,0.9176470588235294,0.0,1.0,0.0,0.0,0.0,0.0,0.0,0.0,0.0,0.0,0.0,0.0,0.0,0.0,0.0,0.0,0.0
2347,Rutile,1.0,488,24.926710529686012,1775.97131147541,1634.40368852459,1766,1620,1790,1648,29.649547541535025,22.507305774974583,0.8683274021352313,0.0,0.0,1.0,0.0,0.0,0.0,0.0,0.0,0.0,0.0,0.0,0.0,0.0,0.0,0.0,0.0,0.0
2348,Rutile,1.0,884,33.549124542167775,1781.9106334841629,1688.0859728506787,1763,1666,1804,1706,44.7736622739814,28.721407993660442,0.8132474701011959,0.0,0.0,1.0,0.0,0.0,0.0,0.0,0.0,0.0,0.0,0.0,0.0,0.0,0.0,0.0,0.0,0.0
2349,Rutile,1.0,235,17.297725082009,1773.6765957446808,209.0255319148936,1765,200,1786,224,21.39031929689865,18.087380795558623,0.6994047619047619,0.0,0.0,1.0,0.0,0.0,0.0,0.0,0.0,0.0,0.0,0.0,0.0,0.0,0.0,0.0,0.0,0.0
2351,Rutile,1.0,359,21.37973331358283,1772.8022284122562,2023.0139275766016,1761,2010,1785,2033,26.356211195590582,19.868853752450164,0.8527315914489311,0.0,0.0,1.0,0.0,0.0,0.0,0.0,0.0,0.0,0.0,0.0,0.0,0.0,0.0,0.0,0.0,0.0
2352,Rutile,1.0,277,18.77997214831907,1772.2418772563176,321.5884476534296,1763,310,1782,334,23.744086453511102,17.731910638224868,0.7527173913043478,0.0,0.0,1.0,0.0,0.0,0.0,0.0,0.0,0.0,0.0,0.0,0.0,0.0,0.0,0.0,0.0,0.0
2353,Rutile,1.0,345,20.958712816717327,1774.895652173913,2039.8492753623188,1762,2032,1786,2052,24.957949734560856,19.013515390937147,0.9274193548387096,0.0,0.0,1.0,0.0,0.0,0.0,0.0,0.0,0.0,0.0,0.0,0.0,0.0,0.0,0.0,0.0,0.0
2354,Zircon,1.0,426,23.28948359361322,1775.0070422535211,361.0774647887324,1764,349,1787,377,28.18959134814934,20.37745675406365,0.891213389121339,0.0,1.0,0.0,0.0,0.0,0.0,0.0,0.0,0.0,0.0,0.0,0.0,0.0,0.0,0.0,0.0,0.0
2355,Zircon,1.0,614,27.96013377055607,1773.4299674267102,638.586319218241,1758,624,1788,653,30.66247231378658,27.02525278649349,0.8783977110157367,0.0,1.0,0.0,0.0,0.0,0.0,0.0,0.0,0.0,0.0,0.0,0.0,0.0,0.0,0.0,0.0,0.0
2356,Rutile,1.0,372,21.76338922689847,1775.6451612903227,3184.467741935484,1764,3172,1786,3199,26.335574394941066,19.91643462878996,0.8631090487238979,0.0,0.0,1.0,0.0,0.0,0.0,0.0,0.0,0.0,0.0,0.0,0.0,0.0,0.0,0.0,0.0,0.0
2357,Zircon,1.0,388,22.22649192646566,1776.5,979.7474226804123,1763,969,1789,991,28.274078532688275,18.120134200499013,0.8960739030023095,0.0,1.0,0.0,0.0,0.0,0.0,0.0,0.0,0.0,0.0,0.0,0.0,0.0,0.0,0.0,0.0,0.0
2358,Zircon,1.0,1364,41.6737176049697,1770.6935483870968,1881.6906158357772,1749,1853,1794,1913,61.85475205832891,29.801289228677156,0.8783000643915003,0.0,1.0,0.0,0.0,0.0,0.0,0.0,0.0,0.0,0.0,0.0,0.0,0.0,0.0,0.0,0.0,0.0
2360,Zircon,1.0,389,22.255115881567058,1777.0899742930592,2847.6709511568124,1766,2838,1788,2862,22.8747373793981,22.15359261668945,0.9350961538461539,0.0,1.0,0.0,0.0,0.0,0.0,0.0,0.0,0.0,0.0,0.0,0.0,0.0,0.0,0.0,0.0,0.0
2361,Zircon,1.0,947,34.72402408800281,1777.5776135163674,2589.9482576557552,1756,2569,1800,2610,43.498637609847066,29.66763539583837,0.8744228993536473,0.0,1.0,0.0,0.0,0.0,0.0,0.0,0.0,0.0,0.0,0.0,0.0,0.0,0.0,0.0,0.0,0.0
2362,Zircon,1.0,810,32.11423409074988,1779.5456790123458,1529.4716049382716,1766,1511,1795,1549,37.60144395942704,27.628419625149057,0.9473684210526315,0.0,1.0,0.0,0.0,0.0,0.0,0.0,0.0,0.0,0.0,0.0,0.0,0.0,0.0,0.0,0.0,0.0
2363,Zircon,1.0,4265,73.69102155822966,1782.586635404455,1099.905978898007,1753,1049,1815,1151,107.77532062452171,51.10399690083111,0.9503119429590018,0.0,1.0,0.0,0.0,0.0,0.0,0.0,0.0,0.0,0.0,0.0,0.0,0.0,0.0,0.0,0.0,0.0
2364,Ilmenite,0.6579925650557621,269,18.5067943613625,1750.0669144981412,1090.992565055762,1740,1078,1760,1104,27.91929778464364,13.507871438157443,0.856687898089172,0.0,0.0,0.3420074349442379,0.6579925650557621,0.0,0.0,0.0,0.0,0.0,0.0,0.0,0.0,0.0,0.0,0.0,0.0,0.0
2365,Rutile,1.0,182,15.222667215103916,1779.3846153846155,2221.3846153846152,1772,2212,1786,2233,18.723204068296475,13.074771885124173,0.896551724137931,0.0,0.0,1.0,0.0,0.0,0.0,0.0,0.0,0.0,0.0,0.0,0.0,0.0,0.0,0.0,0.0,0.0
2366,Zircon,1.0,4469,75.43280138919303,1789.760125307675,2457.172969344372,1751,2393,1830,2509,121.86001045898834,54.514846835099824,0.7935014204545454,0.0,1.0,0.0,0.0,0.0,0.0,0.0,0.0,0.0,0.0,0.0,0.0,0.0,0.0,0.0,0.0,0.0
2367,Zircon,1.0,1674,46.167120311826494,1784.2556750298686,1370.020908004779,1755,1345,1806,1392,54.90812240833377,41.94514564856816,0.9336307863915226,0.0,1.0,0.0,0.0,0.0,0.0,0.0,0.0,0.0,0.0,0.0,0.0,0.0,0.0,0.0,0.0,0.0
2368,Rutile,1.0,208,16.273715780512877,1790.4326923076924,2225.5048076923076,1785,2215,1798,2236,21.97769782885797,12.611970078765324,0.9285714285714286,0.0,0.0,1.0,0.0,0.0,0.0,0.0,0.0,0.0,0.0,0.0,0.0,0.0,0.0,0.0,0.0,0.0
2369,Unknown,1.0,378,21.938198374294355,1786.915343915344,21.814814814814813,1777,12,1797,35,24.705762026782033,20.733865445679193,0.9021479713603818,0.0,0.0,0.0,0.0,0.0,0.0,0.0,0.0,0.0,0.0,0.0,0.0,0.0,0.0,0.0,0.0,1.0
2370,Zircon,1.0,3695,68.59023339948936,1788.5071718538566,2903.7215155615695,1738,2870,1833,2943,92.65336958350703,57.452838136342244,0.8551261282110623,0.0,1.0,0.0,0.0,0.0,0.0,0.0,0.0,0.0,0.0,0.0,0.0,0.0,0.0,0.0,0.0,0.0
2371,Zircon,0.9886363636363636,2728,58.935536631454575,1779.2041788856304,257.1851173020528,1748,227,1817,283,71.66855785719211,49.52274429481336,0.9551820728291317,0.0,0.9886363636363636,0.0,0.0,0.0,0.0,0.0,0.0,0.0,0.0,0.0,0.0,0.011363636363636364,0.0,0.0,0.0,0.0
2373,Quartz,1.0,129,12.815923738491737,1794.015503875969,885.3255813953489,1787,880,1802,892,14.584332761836352,11.408570444373511,0.9416058394160584,0.0,0.0,0.0,0.0,0.0,0.0,1.0,0.0,0.0,0.0,0.0,0.0,0.0,0.0,0.0,0.0,0.0
2374,Rutile,0.8061104582843713,851,32.91696906717907,1797.8319623971797,1978.6357226792009,1782,1952,1812,2014,73.05915127404322,27.359241896973,0.5905621096460791,0.0,0.0,0.8061104582843713,0.19388954171562867,0.0,0.0,0.0,0.0,0.0,0.0,0.0,0.0,0.0,0.0,0.0,0.0,0.0
2375,Ilmenite,0.9490538573508006,687,29.575590733458846,1787.0407569141194,1986.2328966521106,1775,1960,1802,2014,48.73649571224569,23.97984092836021,0.6755162241887905,0.0,0.0,0.050946142649199416,0.9490538573508006,0.0,0.0,0.0,0.0,0.0,0.0,0.0,0.0,0.0,0.0,0.0,0.0,0.0
2376,Zircon,1.0,1685,46.318556031883695,1800.3234421364984,294.03560830860533,1765,268,1827,317,61.417053380515995,39.47526483300072,0.823960880195599,0.0,1.0,0.0,0.0,0.0,0.0,0.0,0.0,0.0,0.0,0.0,0.0,0.0,0.0,0.0,0.0,0.0
2377,Zircon,1.0,350,21.11004122822376,1796.1771428571428,980.7457142857143,1787,968,1806,993,25.472645458538505,18.096462803450258,0.9043927648578811,0.0,1.0,0.0,0.0,0.0,0.0,0.0,0.0,0.0,0.0,0.0,0.0,0.0,0.0,0.0,0.0,0.0
2378,Zircon,1.0,1066,36.84119100528216,1796.6538461538462,351.3358348968105,1787,320,1810,380,62.41504929061484,22.18737649879864,0.9560538116591928,0.0,1.0,0.0,0.0,0.0,0.0,0.0,0.0,0.0,0.0,0.0,0.0,0.0,0.0,0.0,0.0,0.0
2379,Zircon,1.0,1112,37.62768095093692,1790.7760791366907,1230.6079136690648,1765,1208,1811,1253,56.76023684253321,30.4561111889842,0.7403462050599201,0.0,1.0,0.0,0.0,0.0,0.0,0.0,0.0,0.0,0.0,0.0,0.0,0.0,0.0,0.0,0.0,0.0
2380,Rutile,1.0,931,34.42943531556155,1792.3308270676691,3080.8517722878623,1773,3058,1818,3101,45.27254841638647,33.727367929472194,0.7593800978792822,0.0,0.0,1.0,0.0,0.0,0.0,0.0,0.0,0.0,0.0,0.0,0.0,0.0,0.0,0.0,0.0,0.0
2381,Ilmenite,1.0,163,14.406180819073164,1805.1901840490798,3067.705521472393,1795,3057,1814,3080,29.667077975052308,12.014668990042514,0.5927272727272728,0.0,0.0,0.0,1.0,0.0,0.0,0.0,0.0,0.0,0.0,0.0,0.0,0.0,0.0,0.0,0.0,0.0
2382,Zircon,1.0,190,15.553633450087505,1799.121052631579,735.4105263157895,1789,728,1808,745,17.58579195963493,15.343728499127335,0.8837209302325582,0.0,1.0,0.0,0.0,0.0,0.0,0.0,0.0,0.0,0.0,0.0,0.0,0.0,0.0,0.0,0.0,0.0
2383,Rutile,1.0,4854,78.6149142983981,1800.019365471776,1453.3965801400907,1754,1419,1849,1489,96.5319358350818,65.00862920524801,0.9419755482243354,0.0,0.0,1.0,0.0,0.0,0.0,0.0,0.0,0.0,0.0,0.0,0.0,0.0,0.0,0.0,0.0,0.0
2384,Quartz,1.0,803,31.975167777860612,1804.1780821917807,2801.6575342465753,1786,2787,1826,2822,41.91239587751629,26.24097091446502,0.8443743427970557,0.0,0.0,0.0,0.0,0.0,0.0,1.0,0.0,0.0,0.0,0.0,0.0,0.0,0.0,0.0,0.0,0.0
2385,Rutile,1.0,312,19.931149940667517,1797.3846153846155,716.5224358974359,1786,704,1810,729,29.360178475782984,14.218618238670262,0.8939828080229226,0.0,0.0,1.0,0.0,0.0,0.0,0.0,0.0,0.0,0.0,0.0,0.0,0.0,0.0,0.0,0.0,0.0
2386,Zircon,1.0,1015,35.949104827605794,1803.4354679802955,2755.0689655172414,1788,2733,1822,2777,46.85983199816916,28.465892067109134,0.934622467771639,0.0,1.0,0.0,0.0,0.0,0.0,0.0,0.0,0.0,0.0,0.0,0.0,0.0,0.0,0.0,0.0,0.0
2387,Ilmenite,1.0,142,13.446189622059965,1803.4366197183099,609.9647887323944,1799,599,1809,622,22.614999579738846,8.37662369680685,0.8554216867469879,0.0,0.0,0.0,1.0,0.0,0.0,0.0,0.0,0.0,0.0,0.0,0.0,0.0,0.0,0.0,0.0,0.0
2388,Zircon,1.0,3941,70.83669279265709,1802.8353209845218,438.0832276072063,1777,390,1830,488,101.64543910022702,50.27383011791616,0.9480394515275439,0.0,1.0,0.0,0.0,0.0,0.0,0.0,0.0,0.0,0.0,0.0,0.0,0.0,0.0,0.0,0.0,0.0
2390,Quartz,1.0,1422,42.55051859394197,1804.0555555555557,1927.6385372714487,1782,1900,1830,1951,55.421469116044406,35.77327722194431,0.8038439796495195,0.0,0.0,0.0,0.0,0.0,0.0,1.0,0.0,0.0,0.0,0.0,0.0,0.0,0.0,0.0,0.0,0.0
2391,Rutile,1.0,217,16.622063085174787,1810.4700460829492,1719.36866359447,1800,1711,1822,1727,20.660787657390156,14.458363480566044,0.8543307086614174,0.0,0.0,1.0,0.0,0.0,0.0,0.0,0.0,0.0,0.0,0.0,0.0,0.0,0.0,0.0,0.0,0.0
2393,Rutile,1.0,459,24.17471718621419,1813.0566448801742,1739.8736383442265,1799,1729,1829,1753,28.291523649904637,21.637881312148583,0.8595505617977528,0.0,0.0,1.0,0.0,0.0,0.0,0.0,0.0,0.0,0.0,0.0,0.0,0.0,0.0,0.0,0.0,0.0
2396,Ilmenite,1.0,1011,35.878199226372125,1816.5103857566767,1766.8239366963403,1794,1748,1842,1786,47.77712223686958,28.375924760255423,0.8589634664401019,0.0,0.0,0.0,1.0,0.0,0.0,0.0,0.0,0.0,0.0,0.0,0.0,0.0,0.0,0.0,0.0,0.0
2397,Zircon,1.0,187,15.430353037616328,1814.3475935828876,826.6951871657755,1805,821,1824,835,19.789904306625065,12.81955703013858,0.8862559241706162,0.0,1.0,0.0,0.0,0.0,0.0,0.0,0.0,0.0,0.0,0.0,0.0,0.0,0.0,0.0,0.0,0.0
2398,Zircon,1.0,1176,38.69534474078957,1812.9013605442176,1668.2083333333333,1783,1645,1841,1689,66.47433063799114,27.27337631160846,0.7736842105263158,0.0,1.0,0.0,0.0,0.0,0.0,0.0,0.0,0.0,0.0,0.0,0.0,0.0,0.0,0.0,0.0,0.0
2399,Rutile,1.0,195,15.756957549709801,1818.6923076923076,2153.630769230769,1813,2142,1825,2169,27.405408500833573,9.652224559438707,0.8091286307053942,0.0,0.0,1.0,0.0,0.0,0.0,0.0,0.0,0.0,0.0,0.0,0.0,0.0,0.0,0.0,0.0,0.0
2400,Zircon,1.0,1249,39.87826715611172,1818.9007205764613,2245.8678943154523,1798,2228,1842,2269,43.46231183298848,38.97764295060883,0.9279346210995543,0.0,1.0,0.0,0.0,0.0,0.0,0.0,0.0,0.0,0.0,0.0,0.0,0.0,0.0,0.0,0.0,0.0
2401,Zircon,1.0,1727,46.89226688653073,1825.384481760278,40.28951939779965,1799,12,1852,69,67.85233386498716,33.159683606242396,0.928494623655914,0.0,1.0,0.0,0.0,0.0,0.0,0.0,0.0,0.0,0.0,0.0,0.0,0.0,0.0,0.0,0.0,0.0
2402,Zircon,1.0,1414,42.430657740076576,1822.2425742574258,2212.1492220650634,1799,2186,1844,2231,45.82676565128141,42.48113196617453,0.9439252336448598,0.0,1.0,0.0,0.0,0.0,0.0,0.0,0.0,0.0,0.0,0.0,0.0,0.0,0.0,0.0,0.0,0.0
2403,Zircon,1.0,725,30.38253889873249,1813.1820689655171,501.99172413793104,1795,482,1834,524,52.46929993928104,18.67994627018585,0.8841463414634146,0.0,1.0,0.0,0.0,0.0,0.0,0.0,0.0,0.0,0.0,0.0,0.0,0.0,0.0,0.0,0.0,0.0
2404,Illite,0.9271084337349398,1660,45.97366250648702,1824.9253012048193,2064.0801204819277,1797,2045,1856,2087,57.233318017868875,38.991888510717786,0.8552292632663575,0.0,0.0,0.0,0.0,0.0,0.0,0.0,0.0,0.0,0.0,0.0,0.0,0.9271084337349398,0.0,0.0,0.0,0.07289156626506024
2405,Rutile,0.9603705609881626,1943,49.7383597982525,1817.371590324241,1877.1626351003604,1788,1845,1850,1907,76.8669187577288,34.33191901914691,0.8624056813138038,0.0,0.0,0.9603705609881626,0.03962943901183737,0.0,0.0,0.0,0.0,0.0,0.0,0.0,0.0,0.0,0.0,0.0,0.0,0.0
2406,Rutile,1.0,194,15.716503163191918,1823.5360824742268,2129.407216494845,1809,2120,1838,2139,32.64782178782006,9.17764687528637,0.6879432624113475,0.0,0.0,1.0,0.0,0.0,0.0,0.0,0.0,0.0,0.0,0.0,0.0,0.0,0.0,0.0,0.0,0.0
2407,Zircon,1.0,727,30.424416987387996,1826.0962861072903,2289.7276478679505,1807,2274,1843,2306,35.98318877650407,26.901754856149463,0.8727490996398559,0.0,1.0,0.0,0.0,0.0,0.0,0.0,0.0,0.0,0.0,0.0,0.0,0.0,0.0,0.0,0.0,0.0
2408,Zircon,1.0,1292,40.55891383898033,1830.6524767801857,1949.2120743034056,1811,1925,1852,1977,57.99458122172679,28.69431266723354,0.930835734870317,0.0,1.0,0.0,0.0,0.0,0.0,0.0,0.0,0.0,0.0,0.0,0.0,0.0,0.0,0.0,0.0,0.0
2409,Zircon,1.0,2452,55.87471130744766,1835.1125611745513,1589.3438009787928,1807,1554,1867,1630,89.24297065010936,35.919062263023875,0.9291398256915498,0.0,1.0,0.0,0.0,0.0,0.0,0.0,0.0,0.0,0.0,0.0,0.0,0.0,0.0,0.0,0.0,0.0
2410,Quartz,1.0,2165,52.50298671839181,1831.3321016166283,3170.138106235566,1795,3143,1863,3196,68.9015832794311,42.4130834998707,0.9181509754028838,0.0,0.0,0.0,0.0,0.0,0.0,1.0,0.0,0.0,0.0,0.0,0.0,0.0,0.0,0.0,0.0,0.0
2411,Zircon,1.0,3323,65.04594535522523,1833.2467649714113,158.85404754739693,1803,124,1867,193,74.97883593232717,57.47655344661003,0.9559838895281934,0.0,1.0,0.0,0.0,0.0,0.0,0.0,0.0,0.0,0.0,0.0,0.0,0.0,0.0,0.0,0.0,0.0
2412,Illite,1.0,603,27.70854462932514,1835.1077943615257,1514.1194029850747,1822,1497,1853,1534,33.55853707343054,28.79407556902315,0.7701149425287356,0.0,0.0,0.0,0.0,0.0,0.0,0.0,0.0,0.0,0.0,0.0,0.0,1.0,0.0,0.0,0.0,0.0
2413,Rutile,1.0,700,29.854106607209232,1833.39,1369.5842857142857,1821,1346,1850,1395,47.19154192666015,21.67683996786526,0.8130081300813008,0.0,0.0,1.0,0.0,0.0,0.0,0.0,0.0,0.0,0.0,0.0,0.0,0.0,0.0,0.0,0.0,0.0
2414,Rutile,0.9500640204865557,781,31.534109856442154,1833.7836107554417,1715.2701664532651,1815,1699,1850,1738,41.58364422709667,28.1025654332362,0.8002049180327869,0.0,0.0,0.9500640204865557,0.0499359795134443,0.0,0.0,0.0,0.0,0.0,0.0,0.0,0.0,0.0,0.0,0.0,0.0,0.0
2415,Rutile,1.0,767,31.25019569237719,1837.4041720990874,319.5058670143416,1823,298,1851,347,51.998347782837534,23.766647933889992,0.7639442231075697,0.0,0.0,1.0,0.0,0.0,0.0,0.0,0.0,0.0,0.0,0.0,0.0,0.0,0.0,0.0,0.0,0.0
2416,Rutile,1.0,272,18.609705966725112,1842.2132352941176,2328.547794117647,1832,2317,1857,2338,27.349337142227608,16.43390489807912,0.7157894736842105,0.0,0.0,1.0,0.0,0.0,0.0,0.0,0.0,0.0,0.0,0.0,0.0,0.0,0.0,0.0,0.0,0.0
2417,Quartz,0.9033078880407125,393,22.36924542940416,1839.2798982188294,214.11195928753182,1829,201,1850,229,27.319723824053177,18.79812446901607,0.9076212471131639,0.0,0.0,0.0,0.0,0.0,0.0,0.9033078880407125,0.0,0.09669211195928754,0.0,0.0,0.0,0.0,0.0,0.0,0.0,0.0
2418,Monazite & Xenotime,1.0,154,14.002817212590296,1838.5194805194806,1842.3376623376623,1833,1831,1845,1852,20.82857123236277,10.40117545010701,0.8651685393258427,1.0,0.0,0.0,0.0,0.0,0.0,0.0,0.0,0.0,0.0,0.0,0.0,0.0,0.0,0.0,0.0,0.0
2419,Zircon,1.0,1966,50.03187928660416,1838.8911495422176,1223.8275686673448,1811,1197,1862,1253,55.12781058177283,47.77829859972946,0.9139934913993492,0.0,1.0,0.0,0.0,0.0,0.0,0.0,0.0,0.0,0.0,0.0,0.0,0.0,0.0,0.0,0.0,0.0
2420,Zircon,1.0,1673,46.153328789394244,1840.311416616856,379.9886431560072,1819,351,1858,412,60.80131722163687,37.0280090133218,0.9192307692307692,0.0,1.0,0.0,0.0,0.0,0.0,0.0,0.0,0.0,0.0,0.0,0.0,0.0,0.0,0.0,0.0,0.0
2421,Rutile,1.0,1288,40.49608047229867,1849.1017080745341,2019.4619565217392,1827,2000,1875,2041,47.86955639071122,35.72157873403953,0.8809849521203831,0.0,0.0,1.0,0.0,0.0,0.0,0.0,0.0,0.0,0.0,0.0,0.0,0.0,0.0,0.0,0.0,0.0
2422,Zircon,1.0,7263,96.16412435732718,1841.7728211482859,944.9142227729589,1787,896,1893,996,112.78347335205193,82.89269624971423,0.949535887044058,0.0,1.0,0.0,0.0,0.0,0.0,0.0,0.0,0.0,0.0,0.0,0.0,0.0,0.0,0.0,0.0,0.0
2424,Zircon,0.949587136027814,6903,93.75058707713157,1857.574098218166,608.9394466174127,1811,551,1906,658,108.6282834607223,84.23143936480886,0.9332161687170475,0.0,0.949587136027814,0.0,0.0,0.0,0.0,0.0,0.0,0.0,0.0,0.0,0.0,0.0,0.0,0.0,0.0,0.05041286397218601
2425,Unknown,1.0,157,14.138550439257221,1850.0828025477706,1969.2675159235669,1843,1963,1858,1977,15.376386241606927,13.440831770877901,0.8920454545454546,0.0,0.0,0.0,0.0,0.0,0.0,0.0,0.0,0.0,0.0,0.0,0.0,0.0,0.0,0.0,0.0,1.0
2426,Zircon,1.0,266,18.403307281560924,1846.9924812030076,2148.3308270676694,1838,2138,1856,2158,21.139592145293204,16.58961177046152,0.953405017921147,0.0,1.0,0.0,0.0,0.0,0.0,0.0,0.0,0.0,0.0,0.0,0.0,0.0,0.0,0.0,0.0,0.0
2427,Rutile,1.0,3118,63.007625732797116,1852.1061577934574,519.0971776779987,1813,490,1894,551,83.07597990486656,49.217847688382086,0.91303074670571,0.0,0.0,1.0,0.0,0.0,0.0,0.0,0.0,0.0,0.0,0.0,0.0,0.0,0.0,0.0,0.0,0.0
2428,Zircon,0.9986684420772304,751,30.922530590107066,1855.965379494008,1427.260985352863,1841,1405,1870,1447,42.450639672358385,23.785058490367184,0.8652073732718893,0.0,0.9986684420772304,0.0013315579227696406,0.0,0.0,0.0,0.0,0.0,0.0,0.0,0.0,0.0,0.0,0.0,0.0,0.0,0.0
2429,Rutile,1.0,149,13.773623058786647,1853.1073825503356,1993.9060402684563,1846,1987,1862,2002,16.06956275695223,12.793419778446413,0.8816568047337278,0.0,0.0,1.0,0.0,0.0,0.0,0.0,0.0,0.0,0.0,0.0,0.0,0.0,0.0,0.0,0.0,0.0
2430,Zircon,1.0,727,30.424416987387996,1856.3094910591471,1831.665749656121,1843,1816,1872,1848,33.035714806295836,28.667055980911194,0.9441558441558442,0.0,1.0,0.0,0.0,0.0,0.0,0.0,0.0,0.0,0.0,0.0,0.0,0.0,0.0,0.0,0.0,0.0
2432,Zircon,1.0,197,15.837556323903858,1860.8832487309644,2143.9289340101523,1855,2135,1870,2154,17.915161853466977,15.019677613658661,0.9162790697674419,0.0,1.0,0.0,0.0,0.0,0.0,0.0,0.0,0.0,0.0,0.0,0.0,0.0,0.0,0.0,0.0,0.0
2433,Quartz,1.0,353,21.200319792199185,1855.9093484419263,1733.5467422096317,1843,1723,1868,1744,26.120171659276597,18.06772573153865,0.8781094527363185,0.0,0.0,0.0,0.0,0.0,0.0,1.0,0.0,0.0,0.0,0.0,0.0,0.0,0.0,0.0,0.0,0.0
2434,Zircon,1.0,2067,51.30093701841694,1858.7910014513789,2789.1799709724237,1831,2763,1883,2819,59.91792826509104,45.71917056215713,0.9512195121951219,0.0,1.0,0.0,0.0,0.0,0.0,0.0,0.0,0.0,0.0,0.0,0.0,0.0,0.0,0.0,0.0,0.0
2435,Zircon,0.9969230769230769,650,28.76813695875796,1860.706153846154,1017.0492307692308,1842,1001,1879,1030,40.44531197336406,21.63414966401373,0.927246790299572,0.0,0.9969230769230769,0.003076923076923077,0.0,0.0,0.0,0.0,0.0,0.0,0.0,0.0,0.0,0.0,0.0,0.0,0.0,0.0
2437,Zircon,1.0,119,12.309163489997376,1857.1176470588234,2442.546218487395,1851,2438,1866,2449,14.086179673699144,11.514530591279666,0.9153846153846154,0.0,1.0,0.0,0.0,0.0,0.0,0.0,0.0,0.0,0.0,0.0,0.0,0.0,0.0,0.0,0.0,0.0
2438,Rutile,1.0,563,26.77375326109316,1858.3712255772646,859.1136767317939,1841,845,1876,869,32.59488076386124,23.868208186100077,0.9383333333333334,0.0,0.0,1.0,0.0,0.0,0.0,0.0,0.0,0.0,0.0,0.0,0.0,0.0,0.0,0.0,0.0,0.0
2439,Rutile,1.0,520,25.731003930322746,1857.2846153846153,879.3134615384615,1841,870,1875,893,33.58916643484241,21.58078873885645,0.9106830122591943,0.0,0.0,1.0,0.0,0.0,0.0,0.0,0.0,0.0,0.0,0.0,0.0,0.0,0.0,0.0,0.0,0.0
2440,Zircon,1.0,539,26.196872229566885,1860.6808905380333,1036.634508348794,1842,1025,1876,1050,36.74651646233898,20.87912880546939,0.8501577287066246,0.0,1.0,0.0,0.0,0.0,0.0,0.0,0.0,0.0,0.0,0.0,0.0,0.0,0.0,0.0,0.0,0.0
2442,Zircon,1.0,845,32.80072278626208,1855.1692307692308,1784.5680473372781,1841,1762,1871,1809,51.75620058315049,21.175431335900395,0.9420289855072463,0.0,1.0,0.0,0.0,0.0,0.0,0.0,0.0,0.0,0.0,0.0,0.0,0.0,0.0,0.0,0.0,0.0
2443,Rutile,1.0,113,11.994835078277376,1869.3716814159293,1784.070796460177,1865,1774,1876,1793,17.438259228849837,9.490876916231304,0.8014184397163121,0.0,0.0,1.0,0.0,0.0,0.0,0.0,0.0,0.0,0.0,0.0,0.0,0.0,0.0,0.0,0.0,0.0
2444,Zircon,1.0,155,14.048207338801282,1860.7806451612903,2432.032258064516,1852,2425,1868,2439,17.270838029828354,12.17411430266721,0.9281437125748503,0.0,1.0,0.0,0.0,0.0,0.0,0.0,0.0,0.0,0.0,0.0,0.0,0.0,0.0,0.0,0.0,0.0
2446,Zircon,1.0,790,31.71528401797434,1862.546835443038,1078.8240506329114,1844,1055,1879,1101,44.50304550102929,25.44752171466856,0.8289611752360966,0.0,1.0,0.0,0.0,0.0,0.0,0.0,0.0,0.0,0.0,0.0,0.0,0.0,0.0,0.0,0.0,0.0
2447,Rutile,1.0,144,13.540550005146152,1863.5347222222222,1983.3333333333333,1859,1975,1870,1993,17.942281037027488,10.298313505854583,0.935064935064935,0.0,0.0,1.0,0.0,0.0,0.0,0.0,0.0,0.0,0.0,0.0,0.0,0.0,0.0,0.0,0.0,0.0
2448,Rutile,1.0,924,34.29975713230766,1864.491341991342,261.6904761904762,1846,246,1889,281,42.202472955948295,30.583600035728786,0.865979381443299,0.0,0.0,1.0,0.0,0.0,0.0,0.0,0.0,0.0,0.0,0.0,0.0,0.0,0.0,0.0,0.0,0.0
2449,Zircon,1.0,495,25.104851615652017,1857.7757575757576,294.95353535353536,1844,280,1873,312,38.37027293878555,17.413747790393597,0.8761061946902655,0.0,1.0,0.0,0.0,0.0,0.0,0.0,0.0,0.0,0.0,0.0,0.0,0.0,0.0,0.0,0.0,0.0
2450,Zircon,0.9300970873786408,1030,36.21376438700094,1855.2155339805824,1632.3330097087378,1833,1615,1884,1649,49.72006627298532,28.609851757668885,0.8273092369477911,0.0,0.9300970873786408,0.0,0.0,0.0,0.0,0.0,0.0,0.0,0.0,0.0,0.0,0.0,0.0,0.0,0.0,0.06990291262135923
2451,Zircon,1.0,462,24.253590861306396,1866.4935064935064,1876.7987012987012,1853,1860,1887,1890,29.792314402639057,27.003177342908458,0.714064914992272,0.0,1.0,0.0,0.0,0.0,0.0,0.0,0.0,0.0,0.0,0.0,0.0,0.0,0.0,0.0,0.0,0.0
2452,Rutile,1.0,634,28.41186145542198,1861.1119873817036,1376.2917981072555,1841,1359,1878,1395,38.78429780387987,27.170813418162677,0.6913849509269356,0.0,0.0,1.0,0.0,0.0,0.0,0.0,0.0,0.0,0.0,0.0,0.0,0.0,0.0,0.0,0.0,0.0
2453,Zircon,1.0,700,29.854106607209232,1868.32,1612.9571428571428,1849,1599,1885,1626,33.480698565901235,27.807155426742472,0.9198423127463863,0.0,1.0,0.0,0.0,0.0,0.0,0.0,0.0,0.0,0.0,0.0,0.0,0.0,0.0,0.0,0.0,0.0
2454,Quartz,1.0,471,24.488687706168772,1864.0254777070063,97.8683651804671,1850,85,1879,112,33.38383639856318,18.60713488044121,0.8722222222222222,0.0,0.0,0.0,0.0,0.0,0.0,1.0,0.0,0.0,0.0,0.0,0.0,0.0,0.0,0.0,0.0,0.0
2455,Rutile,1.0,401,22.595775212167435,1868.2743142144639,41.53865336658354,1857,27,1881,55,29.63701972634142,18.352878830321878,0.8755458515283843,0.0,0.0,1.0,0.0,0.0,0.0,0.0,0.0,0.0,0.0,0.0,0.0,0.0,0.0,0.0,0.0,0.0
2456,Zircon,1.0,4152,72.708256682033,1866.509633911368,2888.328034682081,1827,2854,1906,2930,77.91403870354249,68.78709156234441,0.9622247972190034,0.0,1.0,0.0,0.0,0.0,0.0,0.0,0.0,0.0,0.0,0.0,0.0,0.0,0.0,0.0,0.0,0.0
2457,Zircon,1.0,761,31.127725479762553,1867.658344283837,1283.275952693824,1850,1267,1886,1299,39.75880014696097,24.64922068705538,0.9168674698795181,0.0,1.0,0.0,0.0,0.0,0.0,0.0,0.0,0.0,0.0,0.0,0.0,0.0,0.0,0.0,0.0,0.0
2458,Quartz,1.0,1315,40.91833331560242,1873.8532319391636,1503.254752851711,1852,1483,1897,1529,49.200113741304115,35.40669725971615,0.9267089499647639,0.0,0.0,0.0,0.0,0.0,0.0,1.0,0.0,0.0,0.0,0.0,0.0,0.0,0.0,0.0,0.0,0.0
2459,Zircon,1.0,2217,53.12976633374041,1870.404600811908,2232.4460983310782,1848,2205,1900,2263,55.562267570490796,53.51038506431053,0.9153592072667217,0.0,1.0,0.0,0.0,0.0,0.0,0.0,0.0,0.0,0.0,0.0,0.0,0.0,0.0,0.0,0.0,0.0
2460,Zircon,1.0,104,11.507254783503184,1869.048076923077,481.5576923076923,1862,477,1876,488,14.815670374867814,9.795107768439058,0.8524590163934426,0.0,1.0,0.0,0.0,0.0,0.0,0.0,0.0,0.0,0.0,0.0,0.0,0.0,0.0,0.0,0.0,0.0
2461,Orthoclase,1.0,195,15.756957549709801,1872.7384615384615,1661.0974358974358,1865,1652,1883,1675,18.668785084774452,16.910454129214493,0.7677165354330708,0.0,0.0,0.0,0.0,0.0,0.0,0.0,0.0,1.0,0.0,0.0,0.0,0.0,0.0,0.0,0.0,0.0
2462,Zircon,1.0,1375,41.84141935942002,1867.4523636363635,2109.079272727273,1840,2083,1896,2136,58.84448508927241,41.24682128137957,0.6881881881881882,0.0,1.0,0.0,0.0,0.0,0.0,0.0,0.0,0.0,0.0,0.0,0.0,0.0,0.0,0.0,0.0,0.0
2463,Zircon,1.0,116,12.153015559492998,1875.4137931034484,1914.1120689655172,1868,1908,1885,1922,17.849699927908723,9.003796708660868,0.8405797101449275,0.0,1.0,0.0,0.0,0.0,0.0,0.0,0.0,0.0,0.0,0.0,0.0,0.0,0.0,0.0,0.0,0.0
2464,Rutile,1.0,448,23.883285285767386,1871.2388392857142,3045.9285714285716,1858,3029,1887,3058,28.331695636496608,24.276663624212528,0.7985739750445633,0.0,0.0,1.0,0.0,0.0,0.0,0.0,0.0,0.0,0.0,0.0,0.0,0.0,0.0,0.0,0.0,0.0
2465,Rutile,1.0,972,35.17938085701024,1872.866255144033,2175.2191358024693,1854,2157,1894,2196,38.58982032915024,33.29222220018404,0.8764652840396754,0.0,0.0,1.0,0.0,0.0,0.0,0.0,0.0,0.0,0.0,0.0,0.0,0.0,0.0,0.0,0.0,0.0
2466,Monazite & Xenotime,1.0,155,14.048207338801282,1854.3096774193548,459.71612903225804,1848,448,1862,470,22.57818794367351,11.405506339559764,0.7175925925925926,1.0,0.0,0.0,0.0,0.0,0.0,0.0,0.0,0.0,0.0,0.0,0.0,0.0,0.0,0.0,0.0,0.0
2467,Zircon,1.0,3498,66.73673596665932,1885.107204116638,438.03544882790163,1846,407,1937,463,93.00967040947859,50.348472003461495,0.9665653495440729,0.0,1.0,0.0,0.0,0.0,0.0,0.0,0.0,0.0,0.0,0.0,0.0,0.0,0.0,0.0,0.0,0.0
2468,Zircon,1.0,426,23.28948359361322,1875.955399061033,1708.2276995305165,1866,1694,1886,1724,28.019746725106398,19.76349646756142,0.9102564102564102,0.0,1.0,0.0,0.0,0.0,0.0,0.0,0.0,0.0,0.0,0.0,0.0,0.0,0.0,0.0,0.0,0.0
2469,Zircon,1.0,1997,50.42478924929801,1876.056584877316,687.6444667000501,1849,665,1904,714,54.12915031984529,48.09720847767908,0.9428706326723324,0.0,1.0,0.0,0.0,0.0,0.0,0.0,0.0,0.0,0.0,0.0,0.0,0.0,0.0,0.0,0.0,0.0
2470,Rutile,1.0,923,34.28119163317628,1883.213434452871,1581.2914409534128,1865,1563,1905,1600,44.957118262675124,27.446597047715347,0.8807251908396947,0.0,0.0,1.0,0.0,0.0,0.0,0.0,0.0,0.0,0.0,0.0,0.0,0.0,0.0,0.0,0.0,0.0
2471,Rutile,1.0,418,23.06976657227589,1883.2942583732058,2030.7918660287082,1871,2017,1898,2046,32.69583432821989,17.83670128911273,0.8244575936883629,0.0,0.0,1.0,0.0,0.0,0.0,0.0,0.0,0.0,0.0,0.0,0.0,0.0,0.0,0.0,0.0,0.0
2472,Rutile,0.6270627062706271,303,19.64157789116634,1882.8151815181518,29.65016501650165,1873,18,1893,42,25.69449318023942,16.196643056833345,0.8632478632478633,0.0,0.0,0.6270627062706271,0.37293729372937295,0.0,0.0,0.0,0.0,0.0,0.0,0.0,0.0,0.0,0.0,0.0,0.0,0.0
2473,Rutile,1.0,409,22.820056393372074,1884.1833740831296,2058.9339853300735,1874,2046,1894,2081,32.12845115867799,18.788642127555214,0.797270955165692,0.0,0.0,1.0,0.0,0.0,0.0,0.0,0.0,0.0,0.0,0.0,0.0,0.0,0.0,0.0,0.0,0.0
2474,Ilmenite,1.0,704,29.93928254807644,1882.262784090909,3010.596590909091,1870,2991,1895,3031,37.11582914455675,24.524610434073438,0.9436997319034852,0.0,0.0,0.0,1.0,0.0,0.0,0.0,0.0,0.0,0.0,0.0,0.0,0.0,0.0,0.0,0.0,0.0
2475,Zircon,1.0,2351,54.71184670318091,1885.6027222458529,215.8864313058273,1860,190,1919,249,69.00885293716337,44.99699173410326,0.9381484437350359,0.0,1.0,0.0,0.0,0.0,0.0,0.0,0.0,0.0,0.0,0.0,0.0,0.0,0.0,0.0,0.0,0.0
2476,Ilmenite,1.0,810,32.11423409074988,1882.7666666666667,1317.3876543209876,1868,1299,1899,1337,35.82385166516645,29.15219032720916,0.9299655568312285,0.0,0.0,0.0,1.0,0.0,0.0,0.0,0.0,0.0,0.0,0.0,0.0,0.0,0.0,0.0,0.0,0.0
2477,Rutile,1.0,689,29.618609797263055,1882.410740203193,1946.1291727140783,1869,1925,1900,1962,33.34052711662295,28.388508293525827,0.9041994750656168,0.0,0.0,1.0,0.0,0.0,0.0,0.0,0.0,0.0,0.0,0.0,0.0,0.0,0.0,0.0,0.0,0.0
2478,Zircon,1.0,1637,45.654059345598846,1880.2803909590714,2325.532681734881,1857,2303,1902,2351,48.10853473786302,44.152959946962085,0.9424294761082326,0.0,1.0,0.0,0.0,0.0,0.0,0.0,0.0,0.0,0.0,0.0,0.0,0.0,0.0,0.0,0.0,0.0
2479,Quartz,1.0,935,34.503318308930474,1886.9262032085562,548.9304812834224,1868,530,1904,573,40.06413395385589,31.83065423464577,0.8738317757009346,0.0,0.0,0.0,0.0,0.0,0.0,1.0,0.0,0.0,0.0,0.0,0.0,0.0,0.0,0.0,0.0,0.0
2480,Zircon,1.0,455,24.069150231250354,1885.5912087912088,1822.0461538461539,1871,1812,1902,1835,34.85438573067781,18.31141459589298,0.8198198198198198,0.0,1.0,0.0,0.0,0.0,0.0,0.0,0.0,0.0,0.0,0.0,0.0,0.0,0.0,0.0,0.0,0.0
2481,Monazite & Xenotime,1.0,503,25.30690599424961,1885.4254473161034,1739.2743538767395,1875,1718,1895,1760,42.75587731880827,16.230250408325546,0.8510998307952623,1.0,0.0,0.0,0.0,0.0,0.0,0.0,0.0,0.0,0.0,0.0,0.0,0.0,0.0,0.0,0.0,0.0
2482,Zircon,1.0,757,31.045810270703488,1889.3698811096433,1844.2985468956406,1874,1829,1906,1862,36.89809727769153,27.25463161442732,0.8979833926453143,0.0,1.0,0.0,0.0,0.0,0.0,0.0,0.0,0.0,0.0,0.0,0.0,0.0,0.0,0.0,0.0,0.0
2483,Rutile,1.0,628,28.277100878514442,1884.2961783439491,1977.6162420382166,1864,1963,1902,1996,38.70778276275816,23.156871089747657,0.8351063829787234,0.0,0.0,1.0,0.0,0.0,0.0,0.0,0.0,0.0,0.0,0.0,0.0,0.0,0.0,0.0,0.0,0.0
2484,Rutile,1.0,1129,37.91421166272614,1891.3640389725422,1786.969884853853,1874,1764,1915,1810,46.440168872540056,33.446273753610285,0.8024164889836531,0.0,0.0,1.0,0.0,0.0,0.0,0.0,0.0,0.0,0.0,0.0,0.0,0.0,0.0,0.0,0.0,0.0
2486,Zircon,1.0,677,29.35954992478095,1894.9985228951255,1462.4017725258493,1881,1447,1912,1480,36.42586285570105,24.80941901755158,0.9261285909712722,0.0,1.0,0.0,0.0,0.0,0.0,0.0,0.0,0.0,0.0,0.0,0.0,0.0,0.0,0.0,0.0,0.0
2487,Illite,1.0,204,16.11647812414279,1895.362745098039,2359.524509803922,1889,2349,1904,2370,20.325816669136138,13.350521226711068,0.8755364806866953,0.0,0.0,0.0,0.0,0.0,0.0,0.0,0.0,0.0,0.0,0.0,0.0,1.0,0.0,0.0,0.0,0.0
2490,Zircon,1.0,841,32.722995845769866,1897.7384066587397,1110.4673008323425,1888,1080,1909,1138,63.48727853815813,17.73665058378499,0.8994652406417112,0.0,1.0,0.0,0.0,0.0,0.0,0.0,0.0,0.0,0.0,0.0,0.0,0.0,0.0,0.0,0.0,0.0
2491,Monazite & Xenotime,1.0,658,28.944630252185586,1892.3343465045593,2764.7963525835867,1873,2754,1910,2779,41.486396074227656,21.46832059491776,0.9026063100137174,1.0,0.0,0.0,0.0,0.0,0.0,0.0,0.0,0.0,0.0,0.0,0.0,0.0,0.0,0.0,0.0,0.0
2492,Rutile,0.9375,160,14.27299292922217,1897.78125,2002.41875,1891,1993,1907,2010,16.380677939140124,15.2545776819343,0.7174887892376681,0.0,0.0,0.9375,0.0625,0.0,0.0,0.0,0.0,0.0,0.0,0.0,0.0,0.0,0.0,0.0,0.0,0.0
2493,Unknown,1.0,128,12.766152972845846,1903.3515625,14.8125,1892,12,1917,22,23.625476189334336,9.296334533820115,0.7710843373493976,0.0,0.0,0.0,0.0,0.0,0.0,0.0,0.0,0.0,0.0,0.0,0.0,0.0,0.0,0.0,0.0,1.0
2494,Iron Oxides,1.0,329,20.466944330257718,1897.2553191489362,101.42857142857143,1885,91,1908,111,23.809307955094173,18.514550190188228,0.8726790450928382,0.0,0.0,0.0,0.0,1.0,0.0,0.0,0.0,0.0,0.0,0.0,0.0,0.0,0.0,0.0,0.0,0.0
2495,Rutile,0.9622186495176849,1244,39.79836672089123,1903.0064308681672,1652.6784565916398,1883,1634,1924,1677,44.10657613036701,41.30931929837213,0.8337801608579088,0.0,0.0,0.9622186495176849,0.03778135048231511,0.0,0.0,0.0,0.0,0.0,0.0,0.0,0.0,0.0,0.0,0.0,0.0,0.0
2496,Zircon,1.0,170,14.712264360219255,1901.6764705882354,1693.1764705882354,1892,1686,1913,1701,21.40425141974579,10.950812978831054,0.8374384236453202,0.0,1.0,0.0,0.0,0.0,0.0,0.0,0.0,0.0,0.0,0.0,0.0,0.0,0.0,0.0,0.0,0.0
2497,Zircon,1.0,715,30.172276587716105,1901.876923076923,797.137062937063,1886,784,1919,813,32.93843745404013,28.0117662525157,0.9482758620689655,0.0,1.0,0.0,0.0,0.0,0.0,0.0,0.0,0.0,0.0,0.0,0.0,0.0,0.0,0.0,0.0,0.0
2498,Zircon,1.0,1340,41.30545956583848,1900.6940298507463,1426.6828358208954,1877,1403,1921,1448,51.514468411845336,34.00368624322684,0.9344490934449093,0.0,1.0,0.0,0.0,0.0,0.0,0.0,0.0,0.0,0.0,0.0,0.0,0.0,0.0,0.0,0.0,0.0
2499,Rutile,1.0,502,25.281737508665255,1901.699203187251,1728.3446215139443,1893,1706,1911,1753,48.084883413980535,14.967763770936088,0.7652439024390244,0.0,0.0,1.0,0.0,0.0,0.0,0.0,0.0,0.0,0.0,0.0,0.0,0.0,0.0,0.0,0.0,0.0
2500,Rutile,1.0,896,33.77606596515802,1910.9765625,1883.1216517857142,1888,1871,1938,1899,49.79978640665186,24.222627815286117,0.8665377176015474,0.0,0.0,1.0,0.0,0.0,0.0,0.0,0.0,0.0,0.0,0.0,0.0,0.0,0.0,0.0,0.0,0.0
2501,Rutile,1.0,151,13.86575534383214,1901.6556291390727,3140.4966887417218,1893,3135,1911,3147,18.92037704436616,10.694547772559993,0.888235294117647,0.0,0.0,1.0,0.0,0.0,0.0,0.0,0.0,0.0,0.0,0.0,0.0,0.0,0.0,0.0,0.0,0.0
2503,Zircon,1.0,963,35.01613458935697,1901.3136033229491,1051.3395638629283,1879,1032,1921,1075,53.663961853802306,23.448151823110983,0.9506416584402764,0.0,1.0,0.0,0.0,0.0,0.0,0.0,0.0,0.0,0.0,0.0,0.0,0.0,0.0,0.0,0.0,0.0
2504,Quartz,1.0,242,17.55346033766304,1907.8057851239669,2021.7479338842975,1899,2011,1917,2032,22.731165432686605,14.874281767184316,0.8402777777777778,0.0,0.0,0.0,0.0,0.0,0.0,1.0,0.0,0.0,0.0,0.0,0.0,0.0,0.0,0.0,0.0,0.0
2505,Monazite & Xenotime,1.0,105,11.562445770562215,1905.2666666666667,590.6761904761905,1898,585,1913,597,16.56269923109483,9.635482710280236,0.8267716535433071,1.0,0.0,0.0,0.0,0.0,0.0,0.0,0.0,0.0,0.0,0.0,0.0,0.0,0.0,0.0,0.0,0.0
2506,Rutile,1.0,529,25.95272084319679,1903.3308128544425,272.3383742911153,1889,258,1920,289,37.674763743150216,18.576183586221866,0.9152249134948097,0.0,0.0,1.0,0.0,0.0,0.0,0.0,0.0,0.0,0.0,0.0,0.0,0.0,0.0,0.0,0.0,0.0
2507,Rutile,1.0,504,25.332049473868512,1900.251984126984,1020.8611111111111,1881,1000,1919,1040,49.73690104886137,15.063734466473859,0.6904109589041096,0.0,0.0,1.0,0.0,0.0,0.0,0.0,0.0,0.0,0.0,0.0,0.0,0.0,0.0,0.0,0.0,0.0
2508,Zircon,1.0,1231,39.58987092134787,1907.0731112916328,2192.464662875711,1888,2170,1930,2216,49.87854672899241,32.25350017099728,0.906480117820324,0.0,1.0,0.0,0.0,0.0,0.0,0.0,0.0,0.0,0.0,0.0,0.0,0.0,0.0,0.0,0.0,0.0
2509,Quartz,1.0,1503,43.74561733176193,1908.7784431137725,2414.315369261477,1883,2392,1936,2435,47.45067969007939,42.315818109853424,0.8893491124260355,0.0,0.0,0.0,0.0,0.0,0.0,1.0,0.0,0.0,0.0,0.0,0.0,0.0,0.0,0.0,0.0,0.0
2510,Zircon,1.0,1129,37.91421166272614,1910.895482728078,1299.7227635075287,1891,1282,1932,1321,41.469926329240394,35.8727590123014,0.9238952536824877,0.0,1.0,0.0,0.0,0.0,0.0,0.0,0.0,0.0,0.0,0.0,0.0,0.0,0.0,0.0,0.0,0.0
2511,Monazite & Xenotime,1.0,211,16.39065416446578,1913.170616113744,613.5402843601896,1905,605,1924,625,21.968485318794336,13.05559007323935,0.9094827586206896,1.0,0.0,0.0,0.0,0.0,0.0,0.0,0.0,0.0,0.0,0.0,0.0,0.0,0.0,0.0,0.0,0.0
2512,Zircon,1.0,2016,50.664098947737024,1915.6180555555557,2119.9637896825398,1893,2092,1945,2147,57.98830827782867,46.25731417172729,0.9222323879231473,0.0,1.0,0.0,0.0,0.0,0.0,0.0,0.0,0.0,0.0,0.0,0.0,0.0,0.0,0.0,0.0,0.0
2513,Quartz,0.9996562392574768,2909,60.85929539219616,1913.9642488827776,2467.713647301478,1882,2437,1948,2500,65.67664356589181,57.009165699202185,0.9264331210191082,0.0,0.00034376074252320387,0.0,0.0,0.0,0.0,0.9996562392574768,0.0,0.0,0.0,0.0,0.0,0.0,0.0,0.0,0.0,0.0
2514,Zircon,0.9922015596880623,1667,46.07049295453128,1917.5962807438511,2621.7276544691063,1901,2592,1939,2656,65.43525568315684,34.890791701271944,0.8843501326259947,0.0,0.9922015596880623,0.0,0.0,0.0,0.0,0.007798440311937612,0.0,0.0,0.0,0.0,0.0,0.0,0.0,0.0,0.0,0.0
2515,Zircon,1.0,1783,47.64647005039088,1925.149747616377,867.6719012899607,1903,839,1951,897,64.69222896829942,36.978261569464024,0.9078411405295316,0.0,1.0,0.0,0.0,0.0,0.0,0.0,0.0,0.0,0.0,0.0,0.0,0.0,0.0,0.0,0.0,0.0
2516,Rutile,1.0,3477,66.5361097227976,1923.6686798964624,1934.9640494679322,1885,1899,1965,1972,75.88134176551063,65.1229575357778,0.8251067869008069,0.0,0.0,1.0,0.0,0.0,0.0,0.0,0.0,0.0,0.0,0.0,0.0,0.0,0.0,0.0,0.0,0.0
2517,Rutile,1.0,118,12.257335203001883,1923.6440677966102,285.3813559322034,1917,279,1931,293,15.01511660631986,10.337810121748507,0.8939393939393939,0.0,0.0,1.0,0.0,0.0,0.0,0.0,0.0,0.0,0.0,0.0,0.0,0.0,0.0,0.0,0.0,0.0
2518,Rutile,1.0,694,29.72588508432008,1923.821325648415,60.82708933717579,1908,43,1939,83,44.74445051109944,26.566642337320864,0.7206645898234684,0.0,0.0,1.0,0.0,0.0,0.0,0.0,0.0,0.0,0.0,0.0,0.0,0.0,0.0,0.0,0.0,0.0
2519,Rutile,0.6573033707865169,178,15.054455784347004,1930.3820224719102,2387.325842696629,1923,2380,1940,2396,16.940803009941025,14.005940543300673,0.8768472906403941,0.0,0.0,0.6573033707865169,0.34269662921348315,0.0,0.0,0.0,0.0,0.0,0.0,0.0,0.0,0.0,0.0,0.0,0.0,0.0
2520,Zircon,1.0,2308,54.20919543074547,1922.5914211438476,2547.0693240901214,1892,2520,1959,2574,72.17500383039938,41.52575537640252,0.9104536489151874,0.0,1.0,0.0,0.0,0.0,0.0,0.0,0.0,0.0,0.0,0.0,0.0,0.0,0.0,0.0,0.0,0.0
2521,Rutile,1.0,993,35.55737431141417,1933.5065458207453,1804.3796576032225,1909,1784,1957,1820,43.45109252974104,31.668533860858748,0.8842386464826358,0.0,0.0,1.0,0.0,0.0,0.0,0.0,0.0,0.0,0.0,0.0,0.0,0.0,0.0,0.0,0.0,0.0
2522,Zircon,1.0,869,33.26327050028088,1933.2278481012659,227.12082853855006,1916,206,1948,248,39.147051681119954,29.359325738472865,0.9254526091586794,0.0,1.0,0.0,0.0,0.0,0.0,0.0,0.0,0.0,0.0,0.0,0.0,0.0,0.0,0.0,0.0,0.0
2523,Rutile,1.0,1106,37.526030118800065,1934.1943942133817,2278.3996383363474,1918,2259,1954,2300,40.81603380428671,35.416992489383375,0.9404761904761905,0.0,0.0,1.0,0.0,0.0,0.0,0.0,0.0,0.0,0.0,0.0,0.0,0.0,0.0,0.0,0.0,0.0
2524,Zircon,1.0,767,31.25019569237719,1943.8461538461538,1758.599739243807,1921,1742,1969,1775,56.363833681862644,19.82147037078764,0.7778904665314401,0.0,1.0,0.0,0.0,0.0,0.0,0.0,0.0,0.0,0.0,0.0,0.0,0.0,0.0,0.0,0.0,0.0
2526,Zircon,0.8736141906873615,451,23.96311821686732,1936.4279379157429,2326.9356984478936,1925,2313,1949,2342,27.99045893280268,21.24931823263864,0.8966202783300199,0.0,0.8736141906873615,0.0,0.12638580931263857,0.0,0.0,0.0,0.0,0.0,0.0,0.0,0.0,0.0,0.0,0.0,0.0,0.0
2527,Zircon,1.0,1691,46.40094902205299,1936.7545830869308,714.9911295091662,1910,694,1962,742,58.2058662975778,38.16499651114875,0.9306549257017062,0.0,1.0,0.0,0.0,0.0,0.0,0.0,0.0,0.0,0.0,0.0,0.0,0.0,0.0,0.0,0.0,0.0
2528,Unknown,1.0,142,13.446189622059965,1937.4084507042253,15.985915492957746,1929,12,1946,23,18.13479623272378,10.967573382254956,0.8606060606060606,0.0,0.0,0.0,0.0,0.0,0.0,0.0,0.0,0.0,0.0,0.0,0.0,0.0,0.0,0.0,0.0,1.0
2529,Ilmenite,0.8906752411575563,933,34.46639660942099,1942.4994640943194,394.84780278670956,1924,373,1957,417,43.08471147933574,31.20353658338468,0.8744142455482662,0.0,0.0,0.10932475884244373,0.8906752411575563,0.0,0.0,0.0,0.0,0.0,0.0,0.0,0.0,0.0,0.0,0.0,0.0,0.0
2530,Quartz,0.9715157680569685,1966,50.03187928660416,1932.8753814852491,2033.9908443540182,1905,2003,1962,2065,62.434783467407506,46.60703429556156,0.7807783955520254,0.0,0.0,0.0,0.0,0.0,0.0,0.9715157680569685,0.0,0.0,0.0,0.0,0.0,0.028484231943031537,0.0,0.0,0.0,0.0
2531,Zircon,1.0,1113,37.64459607022283,1941.1931716082659,932.1338724168913,1920,914,1967,951,46.48619732212987,31.26981064305667,0.9275,0.0,1.0,0.0,0.0,0.0,0.0,0.0,0.0,0.0,0.0,0.0,0.0,0.0,0.0,0.0,0.0,0.0
2532,Zircon,1.0,402,22.623931952327283,1935.584577114428,1850.7810945273632,1918,1835,1949,1863,30.81307051174173,25.446889124151042,0.7015706806282722,0.0,1.0,0.0,0.0,0.0,0.0,0.0,0.0,0.0,0.0,0.0,0.0,0.0,0.0,0.0,0.0,0.0
2533,Zircon,1.0,555,26.582850624566497,1942.5333333333333,2506.416216216216,1927,2489,1955,2522,35.06401082200001,22.528608587554615,0.8578052550231839,0.0,1.0,0.0,0.0,0.0,0.0,0.0,0.0,0.0,0.0,0.0,0.0,0.0,0.0,0.0,0.0,0.0
2534,Zircon,1.0,719,30.256556854086718,1941.3421418636997,436.0681502086231,1926,421,1958,451,33.58165910256148,27.542951448738254,0.9625167336010709,0.0,1.0,0.0,0.0,0.0,0.0,0.0,0.0,0.0,0.0,0.0,0.0,0.0,0.0,0.0,0.0,0.0
2535,Zircon,1.0,277,18.77997214831907,1943.4151624548736,663.3285198555957,1935,654,1954,676,23.000382729308235,16.292885581218776,0.9141914191419142,0.0,1.0,0.0,0.0,0.0,0.0,0.0,0.0,0.0,0.0,0.0,0.0,0.0,0.0,0.0,0.0,0.0
2536,Zircon,1.0,1570,44.710022201226934,1939.5980891719746,1709.8331210191084,1915,1684,1965,1736,56.325827673972995,36.34854745636127,0.9208211143695014,0.0,1.0,0.0,0.0,0.0,0.0,0.0,0.0,0.0,0.0,0.0,0.0,0.0,0.0,0.0,0.0,0.0
2537,Zircon,1.0,404,22.680140565547774,1944.7029702970297,499.269801980198,1935,484,1959,511,30.13277726412811,18.991759872520316,0.9038031319910514,0.0,1.0,0.0,0.0,0.0,0.0,0.0,0.0,0.0,0.0,0.0,0.0,0.0,0.0,0.0,0.0,0.0
2538,Monazite & Xenotime,1.0,433,23.480049464818542,1950.7228637413396,1646.0715935334872,1938,1632,1965,1659,31.680839614310724,19.621879064746565,0.8216318785578748,1.0,0.0,0.0,0.0,0.0,0.0,0.0,0.0,0.0,0.0,0.0,0.0,0.0,0.0,0.0,0.0,0.0
2539,Zircon,1.0,311,19.899183360445615,1942.5627009646303,2642.5112540192927,1936,2628,1953,2657,27.822441678105648,15.205173210485617,0.8497267759562842,0.0,1.0,0.0,0.0,0.0,0.0,0.0,0.0,0.0,0.0,0.0,0.0,0.0,0.0,0.0,0.0,0.0
2540,Zircon,0.9832654907281773,4422,75.0350935684023,1945.0952057892357,993.5922659430122,1901,963,1990,1026,91.57071718137738,62.684240584086616,0.9458823529411765,0.0,0.9832654907281773,0.0,0.0,0.0,0.0,0.0,0.0,0.0,0.0,0.0,0.0,0.0,0.0,0.0,0.0,0.016734509271822705
2541,Quartz,1.0,501,25.25654394235911,1947.506986027944,36.40319361277445,1933,22,1961,51,28.395830295074685,26.411021665548752,0.835,0.0,0.0,0.0,0.0,0.0,0.0,1.0,0.0,0.0,0.0,0.0,0.0,0.0,0.0,0.0,0.0,0.0
2543,Rutile,1.0,388,22.22649192646566,1947.0876288659795,2594.2680412371133,1936,2574,1960,2610,33.241600572275594,18.689869488365314,0.7279549718574109,0.0,0.0,1.0,0.0,0.0,0.0,0.0,0.0,0.0,0.0,0.0,0.0,0.0,0.0,0.0,0.0,0.0
2545,Zircon,1.0,1418,42.490630431125176,1954.0754583921016,1412.5472496473908,1933,1388,1979,1440,57.19583285587496,32.366673575967766,0.9341238471673254,0.0,1.0,0.0,0.0,0.0,0.0,0.0,0.0,0.0,0.0,0.0,0.0,0.0,0.0,0.0,0.0,0.0
2546,Zircon,0.8675496688741722,302,19.60913925979463,1955.6490066225165,2636.5596026490066,1948,2625,1966,2649,23.948800479786552,17.266986669801927,0.8579545454545454,0.0,0.8675496688741722,0.13245033112582782,0.0,0.0,0.0,0.0,0.0,0.0,0.0,0.0,0.0,0.0,0.0,0.0,0.0,0.0
2547,Zircon,1.0,1215,39.33174350131485,1954.6567901234569,186.3283950617284,1930,162,1976,208,56.95431194559817,28.368479956201607,0.90739357729649,0.0,1.0,0.0,0.0,0.0,0.0,0.0,0.0,0.0,0.0,0.0,0.0,0.0,0.0,0.0,0.0,0.0
2548,Zircon,1.0,2974,61.535472745745395,1953.8278412911902,1322.3190988567585,1919,1274,1981,1363,96.84115451791413,50.40603892694532,0.755589430894309,0.0,1.0,0.0,0.0,0.0,0.0,0.0,0.0,0.0,0.0,0.0,0.0,0.0,0.0,0.0,0.0,0.0
2549,Zircon,1.0,1539,44.266416834293416,1951.3788174139052,604.414554905783,1922,587,1980,626,53.43844376544441,37.43902717303011,0.9332929047907823,0.0,1.0,0.0,0.0,0.0,0.0,0.0,0.0,0.0,0.0,0.0,0.0,0.0,0.0,0.0,0.0,0.0
2550,Quartz,0.6084142394822006,309,19.83509564693766,1954.7119741100323,2321.035598705502,1944,2312,1965,2333,21.355983402431534,19.211602767023624,0.9169139465875371,0.0,0.0,0.0,0.0,0.0,0.0,0.6084142394822006,0.0,0.39158576051779936,0.0,0.0,0.0,0.0,0.0,0.0,0.0,0.0
2551,Rutile,0.85099052540913,1161,38.44777121547521,1961.0146425495263,2676.0628768303186,1940,2659,1992,2694,50.90833827120402,32.706227531576914,0.8474452554744526,0.0,0.0,0.85099052540913,0.0,0.0,0.0,0.0,0.0,0.0,0.0,0.0,0.0,0.0,0.0,0.0,0.0,0.14900947459086994
2552,Zircon,1.0,160,14.27299292922217,1952.10625,1829.9375,1944,1823,1962,1837,22.054061788405566,10.755242146655256,0.8205128205128205,0.0,1.0,0.0,0.0,0.0,0.0,0.0,0.0,0.0,0.0,0.0,0.0,0.0,0.0,0.0,0.0,0.0
2553,Ilmenite,1.0,362,21.468877828012552,1956.146408839779,137.49171270718233,1944,130,1971,147,26.78142887893922,17.863879250637577,0.9305912596401028,0.0,0.0,0.0,1.0,0.0,0.0,0.0,0.0,0.0,0.0,0.0,0.0,0.0,0.0,0.0,0.0,0.0
2554,Ilmenite,1.0,360,21.409489393833255,1960.0416666666667,123.79444444444445,1947,114,1975,134,31.355609608799522,15.693938214413969,0.8530805687203792,0.0,0.0,0.0,1.0,0.0,0.0,0.0,0.0,0.0,0.0,0.0,0.0,0.0,0.0,0.0,0.0,0.0
2555,Zircon,1.0,912,34.07630356711932,1953.5493421052631,1043.0493421052631,1928,1026,1974,1060,50.86785946417245,25.484370511836072,0.8121104185218165,0.0,1.0,0.0,0.0,0.0,0.0,0.0,0.0,0.0,0.0,0.0,0.0,0.0,0.0,0.0,0.0,0.0
2556,Zircon,1.0,382,22.05396803500069,1963.1230366492146,1737.4685863874345,1954,1723,1978,1751,29.417634324663414,19.872875505604863,0.75049115913556,0.0,1.0,0.0,0.0,0.0,0.0,0.0,0.0,0.0,0.0,0.0,0.0,0.0,0.0,0.0,0.0,0.0
2557,Ilmenite,1.0,110,11.834540545406394,1960.590909090909,2927.0272727272727,1957,2918,1965,2937,21.001344589531158,7.228688584723431,0.8208955223880597,0.0,0.0,0.0,1.0,0.0,0.0,0.0,0.0,0.0,0.0,0.0,0.0,0.0,0.0,0.0,0.0,0.0
2559,Rutile,1.0,611,27.891743614073043,1966.227495908347,1882.8657937806875,1954,1866,1980,1904,36.764066757653254,23.530752422728202,0.8666666666666667,0.0,0.0,1.0,0.0,0.0,0.0,0.0,0.0,0.0,0.0,0.0,0.0,0.0,0.0,0.0,0.0,0.0
2560,Zircon,1.0,2493,56.33991644495722,1963.8014440433212,2369.252306458083,1941,2338,1989,2403,65.9301901057846,49.25468100045562,0.9566385264773599,0.0,1.0,0.0,0.0,0.0,0.0,0.0,0.0,0.0,0.0,0.0,0.0,0.0,0.0,0.0,0.0,0.0
2561,Zircon,1.0,1191,38.94134432424719,1968.4668345927792,453.816120906801,1949,431,1993,474,42.972297244531816,37.21515151845997,0.9189814814814815,0.0,1.0,0.0,0.0,0.0,0.0,0.0,0.0,0.0,0.0,0.0,0.0,0.0,0.0,0.0,0.0,0.0
2562,Quartz,1.0,381,22.025082668269306,1968.4540682414697,2519.5905511811025,1955,2506,1986,2529,27.861316259196872,22.069371854141167,0.8246753246753247,0.0,0.0,0.0,0.0,0.0,0.0,1.0,0.0,0.0,0.0,0.0,0.0,0.0,0.0,0.0,0.0,0.0
2563,Rutile,1.0,720,30.277590264241923,1968.8361111111112,69.2125,1955,49,1985,87,34.72603380536693,27.38927792557365,0.8899876390605687,0.0,0.0,1.0,0.0,0.0,0.0,0.0,0.0,0.0,0.0,0.0,0.0,0.0,0.0,0.0,0.0,0.0
2564,Zircon,1.0,882,33.511151553720346,1974.2721088435374,1813.640589569161,1957,1797,1994,1832,42.236457036017185,29.688408854764656,0.8563106796116505,0.0,1.0,0.0,0.0,0.0,0.0,0.0,0.0,0.0,0.0,0.0,0.0,0.0,0.0,0.0,0.0,0.0
2565,Zircon,1.0,718,30.23550881198871,1964.993036211699,829.3398328690807,1946,817,1988,840,41.370330054578574,22.81195727602169,0.9598930481283422,0.0,1.0,0.0,0.0,0.0,0.0,0.0,0.0,0.0,0.0,0.0,0.0,0.0,0.0,0.0,0.0,0.0
2566,Illite,1.0,291,19.248706645328987,1968.2027491408935,2018.4226804123712,1956,2003,1982,2030,30.277618608232707,16.12825751012348,0.7185185185185186,0.0,0.0,0.0,0.0,0.0,0.0,0.0,0.0,0.0,0.0,0.0,0.0,1.0,0.0,0.0,0.0,0.0
2567,Zircon,1.0,672,29.25093116572581,1971.8407738095239,848.516369047619,1952,839,1994,865,39.4778703176067,24.164460550823506,0.9180327868852459,0.0,1.0,0.0,0.0,0.0,0.0,0.0,0.0,0.0,0.0,0.0,0.0,0.0,0.0,0.0,0.0,0.0
2570,Zircon,1.0,876,33.396973533360814,1970.4817351598174,287.7431506849315,1944,272,1991,307,46.924320539676444,27.791243138120862,0.8148837209302325,0.0,1.0,0.0,0.0,0.0,0.0,0.0,0.0,0.0,0.0,0.0,0.0,0.0,0.0,0.0,0.0,0.0
2571,Quartz,1.0,436,23.56124872549269,1978.0183486238532,524.5229357798165,1965,512,1993,538,30.004783951781402,20.01632495977717,0.8515625,0.0,0.0,0.0,0.0,0.0,0.0,1.0,0.0,0.0,0.0,0.0,0.0,0.0,0.0,0.0,0.0,0.0
2572,Zircon,1.0,2955,61.3385918871016,1980.8351945854483,662.9258883248731,1950,626,2013,700,82.87122142455458,47.18440584557715,0.9532258064516129,0.0,1.0,0.0,0.0,0.0,0.0,0.0,0.0,0.0,0.0,0.0,0.0,0.0,0.0,0.0,0.0,0.0
2573,Zircon,1.0,1039,36.371635747926355,1983.181905678537,426.65062560153996,1960,412,2011,442,50.94118300944168,27.03086076107922,0.8887938408896493,0.0,1.0,0.0,0.0,0.0,0.0,0.0,0.0,0.0,0.0,0.0,0.0,0.0,0.0,0.0,0.0,0.0
2574,Zircon,1.0,533,26.05065598682386,1973.9437148217637,749.626641651032,1958,740,1990,761,33.79994565502801,20.87727240881451,0.9301919720767888,0.0,1.0,0.0,0.0,0.0,0.0,0.0,0.0,0.0,0.0,0.0,0.0,0.0,0.0,0.0,0.0,0.0
2575,Quartz,0.9489084997677659,2153,52.35727972130337,1978.196470041802,902.6075243845796,1954,874,2007,932,54.40736131276294,51.957937285680885,0.9232418524871355,0.0,0.0,0.0,0.0,0.0,0.0,0.9489084997677659,0.0,0.0,0.0,0.0,0.0,0.0,0.0,0.0,0.0,0.05109150023223409
2576,Zircon,1.0,2962,61.41120037505823,1981.736326806212,2177.858541525996,1935,2153,2030,2199,96.80771315637969,39.88143589935717,0.8841791044776119,0.0,1.0,0.0,0.0,0.0,0.0,0.0,0.0,0.0,0.0,0.0,0.0,0.0,0.0,0.0,0.0,0.0
2577,Illite,1.0,107,11.67204486311899,1980.96261682243,2009.785046728972,1975,2004,1989,2016,15.738593158104923,9.623884817584395,0.84251968503937,0.0,0.0,0.0,0.0,0.0,0.0,0.0,0.0,0.0,0.0,0.0,0.0,1.0,0.0,0.0,0.0,0.0
2578,Zircon,1.0,1287,40.48035689163516,1973.7583527583527,235.0909090909091,1946,216,2004,254,58.74917521382399,30.997696099055453,0.868421052631579,0.0,1.0,0.0,0.0,0.0,0.0,0.0,0.0,0.0,0.0,0.0,0.0,0.0,0.0,0.0,0.0,0.0
2579,Rutile,1.0,1175,38.678889139475245,1977.9370212765957,784.5651063829787,1951,764,2001,801,51.51124868298858,32.80527296022421,0.8697261287934863,0.0,0.0,1.0,0.0,0.0,0.0,0.0,0.0,0.0,0.0,0.0,0.0,0.0,0.0,0.0,0.0,0.0
2580,Zircon,1.0,1596,45.078712419470456,1982.357769423559,3125.936090225564,1961,3103,2009,3160,60.98164288126656,35.790508284356676,0.9130434782608695,0.0,1.0,0.0,0.0,0.0,0.0,0.0,0.0,0.0,0.0,0.0,0.0,0.0,0.0,0.0,0.0,0.0
2581,Ilmenite,1.0,791,31.735350634355903,1982.02402022756,1386.0834386852086,1963,1369,2000,1406,42.73561770630649,24.99646415436138,0.876940133037694,0.0,0.0,0.0,1.0,0.0,0.0,0.0,0.0,0.0,0.0,0.0,0.0,0.0,0.0,0.0,0.0,0.0
2582,Ilmenite,1.0,592,27.45465007031079,1982.7972972972973,2291.616554054054,1971,2275,1994,2309,34.19023136645351,22.843576406790234,0.9396825396825397,0.0,0.0,0.0,1.0,0.0,0.0,0.0,0.0,0.0,0.0,0.0,0.0,0.0,0.0,0.0,0.0,0.0
2584,Zircon,1.0,1018,36.00219238519226,1987.4626719056973,2976.907662082515,1969,2962,2013,2997,43.479495507384065,32.70910517091952,0.8852173913043478,0.0,1.0,0.0,0.0,0.0,0.0,0.0,0.0,0.0,0.0,0.0,0.0,0.0,0.0,0.0,0.0,0.0
2585,Zircon,1.0,2682,58.43653359825261,1990.2688292319165,1595.2125279642057,1956,1559,2022,1630,86.28139177779566,40.173324213403546,0.9493805309734513,0.0,1.0,0.0,0.0,0.0,0.0,0.0,0.0,0.0,0.0,0.0,0.0,0.0,0.0,0.0,0.0,0.0
2586,Unknown,1.0,114,12.047792665040703,1984.9035087719299,1917.298245614035,1980,1911,1991,1925,14.219228310122151,10.89161765408293,0.8636363636363636,0.0,0.0,0.0,0.0,0.0,0.0,0.0,0.0,0.0,0.0,0.0,0.0,0.0,0.0,0.0,0.0,1.0
2587,Zircon,1.0,1148,38.231910720705116,1986.598432055749,2138.504355400697,1969,2117,2007,2160,40.61787145837375,36.64556322753762,0.9417555373256767,0.0,1.0,0.0,0.0,0.0,0.0,0.0,0.0,0.0,0.0,0.0,0.0,0.0,0.0,0.0,0.0,0.0
2588,Rutile,1.0,207,16.23454913941803,1982.8743961352657,2322.5942028985505,1977,2311,1989,2335,24.6909503952093,11.501365175061578,0.8734177215189873,0.0,0.0,1.0,0.0,0.0,0.0,0.0,0.0,0.0,0.0,0.0,0.0,0.0,0.0,0.0,0.0,0.0
2590,Zircon,0.9087591240875912,548,26.414679072721462,1985.6149635036497,345.61861313868616,1975,331,1999,361,30.615470799305033,23.47123159448345,0.9513888888888888,0.0,0.9087591240875912,0.0,0.0,0.0,0.0,0.0,0.0,0.0,0.0,0.0,0.0,0.0,0.0,0.0,0.0,0.09124087591240876
2591,Zircon,1.0,1221,39.42873931692001,1991.1629811629812,1959.152334152334,1964,1939,2015,1981,48.69392565785401,34.051324417113484,0.9044444444444445,0.0,1.0,0.0,0.0,0.0,0.0,0.0,0.0,0.0,0.0,0.0,0.0,0.0,0.0,0.0,0.0,0.0
2592,Rutile,1.0,916,34.15095054280933,1992.8100436681223,2764.8842794759826,1976,2738,2011,2791,54.76831758176358,23.437132579438693,0.7951388888888888,0.0,0.0,1.0,0.0,0.0,0.0,0.0,0.0,0.0,0.0,0.0,0.0,0.0,0.0,0.0,0.0,0.0
2593,Rutile,1.0,473,24.54062559633988,1985.7167019027484,2653.399577167019,1965,2642,2002,2665,37.499519615895714,18.244584417213055,0.8016949152542373,0.0,0.0,1.0,0.0,0.0,0.0,0.0,0.0,0.0,0.0,0.0,0.0,0.0,0.0,0.0,0.0,0.0
2597,Zircon,1.0,1306,40.77806819142028,1999.7986217457888,138.5321592649311,1978,116,2024,161,51.59733525518925,32.95217626357322,0.9355300859598854,0.0,1.0,0.0,0.0,0.0,0.0,0.0,0.0,0.0,0.0,0.0,0.0,0.0,0.0,0.0,0.0,0.0
2598,Quartz,0.8851894374282434,871,33.30152614317138,1991.1285878300803,1665.2307692307693,1976,1644,2011,1691,47.34217505440566,26.090525009825395,0.8232514177693762,0.0,0.0,0.0,0.0,0.0,0.0,0.8851894374282434,0.0,0.1148105625717566,0.0,0.0,0.0,0.0,0.0,0.0,0.0,0.0
2599,Iron Oxides,1.0,150,13.81976597885342,1994.1466666666668,212.06666666666666,1987,206,2003,219,16.765682759789478,12.745323039290753,0.847457627118644,0.0,0.0,0.0,0.0,1.0,0.0,0.0,0.0,0.0,0.0,0.0,0.0,0.0,0.0,0.0,0.0,0.0
2600,Zircon,0.9289473684210526,760,31.10726690017501,1995.3776315789473,1840.121052631579,1974,1827,2020,1854,44.51569974470495,22.636358976377352,0.8816705336426914,0.0,0.9289473684210526,0.0,0.0,0.0,0.0,0.0,0.0,0.0,0.0,0.0,0.0,0.0,0.0,0.0,0.0,0.07105263157894737
2601,Zircon,1.0,109,11.780624362746345,1996.2752293577983,1203.6788990825687,1991,1193,2001,1212,20.907224513085463,8.426074308155142,0.7785714285714286,0.0,1.0,0.0,0.0,0.0,0.0,0.0,0.0,0.0,0.0,0.0,0.0,0.0,0.0,0.0,0.0,0.0
2602,Zircon,1.0,484,24.824341676101277,1994.185950413223,1897.5103305785124,1980,1887,2009,1911,30.479624698054824,20.93021484528063,0.8962962962962963,0.0,1.0,0.0,0.0,0.0,0.0,0.0,0.0,0.0,0.0,0.0,0.0,0.0,0.0,0.0,0.0,0.0
2603,Iron Oxides,1.0,1827,48.23078527487545,2003.1581828133553,3025.6349206349205,1975,2998,2029,3060,53.21034766566245,50.36110570573388,0.8274456521739131,0.0,0.0,0.0,0.0,1.0,0.0,0.0,0.0,0.0,0.0,0.0,0.0,0.0,0.0,0.0,0.0,0.0
2604,Monazite & Xenotime,1.0,411,22.875783109789968,1998.294403892944,88.52068126520682,1983,78,2014,100,28.899573624878197,19.500454809007223,0.8782051282051282,1.0,0.0,0.0,0.0,0.0,0.0,0.0,0.0,0.0,0.0,0.0,0.0,0.0,0.0,0.0,0.0,0.0
2605,Rutile,1.0,135,13.110581167104948,2000.0444444444445,1046.5777777777778,1992,1041,2009,1055,16.812826229763207,11.529692642884775,0.8132530120481928,0.0,0.0,1.0,0.0,0.0,0.0,0.0,0.0,0.0,0.0,0.0,0.0,0.0,0.0,0.0,0.0,0.0
2606,Zircon,1.0,347,21.019374919894773,2012.164265129683,14.440922190201729,1997,0,2027,24,36.29936829436204,15.969377810527869,0.6898608349900597,0.0,1.0,0.0,0.0,0.0,0.0,0.0,0.0,0.0,0.0,0.0,0.0,0.0,0.0,0.0,0.0,0.0
2607,Zircon,1.0,2255,53.58316128577887,2003.6057649667405,1124.9534368070954,1971,1103,2036,1153,65.78599967978658,46.10460601847796,0.8706563706563707,0.0,1.0,0.0,0.0,0.0,0.0,0.0,0.0,0.0,0.0,0.0,0.0,0.0,0.0,0.0,0.0,0.0
2608,Rutile,1.0,785,31.614759885488656,1997.783439490446,1753.7847133757962,1976,1735,2017,1771,40.98435787226047,27.75494474964806,0.8076131687242798,0.0,0.0,1.0,0.0,0.0,0.0,0.0,0.0,0.0,0.0,0.0,0.0,0.0,0.0,0.0,0.0,0.0
2610,Zircon,1.0,2126,52.02794702952401,1994.0112888052681,494.4840075258702,1961,475,2032,516,74.40831932049583,37.94051175543799,0.9279790484504583,0.0,1.0,0.0,0.0,0.0,0.0,0.0,0.0,0.0,0.0,0.0,0.0,0.0,0.0,0.0,0.0,0.0
2611,Rutile,1.0,445,23.803184606416586,2009.752808988764,2237.5213483146067,1998,2220,2023,2255,37.02168148282668,16.891891443399665,0.761986301369863,0.0,0.0,1.0,0.0,0.0,0.0,0.0,0.0,0.0,0.0,0.0,0.0,0.0,0.0,0.0,0.0,0.0
2612,Zircon,0.9343148357870895,883,33.53014342350997,2001.2151755379389,262.91732729331824,1979,250,2022,279,42.932255177530784,28.643840559537676,0.9010204081632653,0.0,0.9343148357870895,0.0,0.0,0.0,0.0,0.0,0.0,0.0,0.0,0.0,0.0,0.0,0.0,0.0,0.0,0.06568516421291053
2613,Quartz,1.0,1704,46.57896718722644,2007.4360328638497,1523.9724178403756,1983,1500,2032,1550,49.46928147936783,44.53335369190161,0.9352360043907794,0.0,0.0,0.0,0.0,0.0,0.0,1.0,0.0,0.0,0.0,0.0,0.0,0.0,0.0,0.0,0.0,0.0
2615,Rutile,1.0,167,14.581872443920643,2006.311377245509,2663.5928143712576,1998,2657,2017,2672,19.142610462413533,11.554223576456492,0.907608695652174,0.0,0.0,1.0,0.0,0.0,0.0,0.0,0.0,0.0,0.0,0.0,0.0,0.0,0.0,0.0,0.0,0.0
2616,Rutile,1.0,1148,38.231910720705116,2006.3144599303137,1870.3057491289198,1987,1849,2026,1891,42.453534189565694,36.05840267881903,0.9010989010989011,0.0,0.0,1.0,0.0,0.0,0.0,0.0,0.0,0.0,0.0,0.0,0.0,0.0,0.0,0.0,0.0,0.0
2617,Zircon,1.0,1351,41.47465038957176,2016.9637305699482,964.1176905995559,1991,948,2049,984,58.855374366367386,32.87151524229907,0.8349814585908529,0.0,1.0,0.0,0.0,0.0,0.0,0.0,0.0,0.0,0.0,0.0,0.0,0.0,0.0,0.0,0.0,0.0
2618,Zircon,1.0,832,32.54743156102575,2008.748798076923,2854.2271634615386,1991,2836,2025,2873,37.48871515704102,28.87824879136371,0.9142857142857143,0.0,1.0,0.0,0.0,0.0,0.0,0.0,0.0,0.0,0.0,0.0,0.0,0.0,0.0,0.0,0.0,0.0
2619,Iron Oxides,1.0,692,29.683021493047715,1999.7875722543354,189.41040462427745,1980,171,2023,207,43.1623869502975,24.689905481971447,0.7200832466181062,0.0,0.0,0.0,0.0,1.0,0.0,0.0,0.0,0.0,0.0,0.0,0.0,0.0,0.0,0.0,0.0,0.0
2620,Monazite & Xenotime,1.0,324,20.310825007719227,2012.3302469135801,857.7561728395061,2005,843,2021,874,30.83872228982057,13.722305329621864,0.8925619834710744,1.0,0.0,0.0,0.0,0.0,0.0,0.0,0.0,0.0,0.0,0.0,0.0,0.0,0.0,0.0,0.0,0.0
2621,Iron Oxides,1.0,469,24.436639426909572,2017.7889125799575,181.31130063965884,2004,167,2034,196,34.711340277630086,18.27409521662999,0.8496376811594203,0.0,0.0,0.0,0.0,1.0,0.0,0.0,0.0,0.0,0.0,0.0,0.0,0.0,0.0,0.0,0.0,0.0
2622,Orthoclase,1.0,255,18.01877032173579,2013.2509803921569,360.53333333333336,2005,347,2027,375,25.32558007980776,20.694347633935642,0.6,0.0,0.0,0.0,0.0,0.0,0.0,0.0,0.0,1.0,0.0,0.0,0.0,0.0,0.0,0.0,0.0,0.0
2623,Zircon,1.0,178,15.054455784347004,2013.5168539325844,2072.994382022472,2006,2063,2023,2081,17.476905866839886,13.782903968005261,0.8682926829268293,0.0,1.0,0.0,0.0,0.0,0.0,0.0,0.0,0.0,0.0,0.0,0.0,0.0,0.0,0.0,0.0,0.0
2624,Rutile,1.0,293,19.314740138231286,2012.60409556314,41.01365187713311,2003,24,2024,58,41.015717645270065,9.56415790522867,0.846820809248555,0.0,0.0,1.0,0.0,0.0,0.0,0.0,0.0,0.0,0.0,0.0,0.0,0.0,0.0,0.0,0.0,0.0
2625,Rutile,1.0,438,23.615226456547084,2015.123287671233,323.2716894977169,2003,310,2028,342,29.01985248802929,20.657772284238536,0.8295454545454546,0.0,0.0,1.0,0.0,0.0,0.0,0.0,0.0,0.0,0.0,0.0,0.0,0.0,0.0,0.0,0.0,0.0
2626,Rutile,0.9604743083003953,253,17.94796937867892,2011.391304347826,1639.494071146245,2003,1628,2020,1652,23.13168259989242,17.027543651031063,0.790625,0.0,0.0,0.9604743083003953,0.0,0.0,0.0,0.039525691699604744,0.0,0.0,0.0,0.0,0.0,0.0,0.0,0.0,0.0,0.0
2627,Zircon,1.0,1260,40.05348706874727,2013.9063492063492,2010.4015873015874,1993,1987,2039,2032,50.70268443843426,32.09276673728777,0.9319526627218935,0.0,1.0,0.0,0.0,0.0,0.0,0.0,0.0,0.0,0.0,0.0,0.0,0.0,0.0,0.0,0.0,0.0
2628,Zircon,1.0,2132,52.10131197364772,2015.5196998123827,1426.857879924953,1992,1397,2043,1459,67.33412998067321,40.96233807181561,0.9189655172413793,0.0,1.0,0.0,0.0,0.0,0.0,0.0,0.0,0.0,0.0,0.0,0.0,0.0,0.0,0.0,0.0,0.0
2629,Zircon,1.0,160,14.27299292922217,2013.5625,2894.9875,2004,2889,2022,2903,17.79327693828075,11.91361808174353,0.8839779005524862,0.0,1.0,0.0,0.0,0.0,0.0,0.0,0.0,0.0,0.0,0.0,0.0,0.0,0.0,0.0,0.0,0.0
2630,Rutile,1.0,1896,49.13310672874115,2025.100210970464,1792.1566455696202,1995,1767,2057,1820,58.17435952376166,48.52152400899716,0.7673006879805747,0.0,0.0,1.0,0.0,0.0,0.0,0.0,0.0,0.0,0.0,0.0,0.0,0.0,0.0,0.0,0.0,0.0
2631,Zircon,1.0,677,29.35954992478095,2020.522895125554,611.6499261447563,2006,596,2037,627,30.851623895934647,28.52842983443062,0.9325068870523416,0.0,1.0,0.0,0.0,0.0,0.0,0.0,0.0,0.0,0.0,0.0,0.0,0.0,0.0,0.0,0.0,0.0
2632,Zircon,1.0,698,29.811427376513585,2023.1103151862465,704.5859598853868,2005,691,2044,721,39.22862362098937,23.286428225898195,0.9172141918528253,0.0,1.0,0.0,0.0,0.0,0.0,0.0,0.0,0.0,0.0,0.0,0.0,0.0,0.0,0.0,0.0,0.0
2633,Rutile,0.5050167224080268,299,19.511499785403828,2022.9665551839464,1647.5685618729096,2013,1636,2033,1659,24.82556047270624,16.51308725459705,0.8398876404494382,0.0,0.0,0.5050167224080268,0.0,0.0,0.0,0.49498327759197325,0.0,0.0,0.0,0.0,0.0,0.0,0.0,0.0,0.0,0.0
2634,Rutile,1.0,260,18.19456736586892,2023.3153846153846,1981.5961538461538,2012,1973,2035,1991,21.89332803716349,16.417289500942072,0.8333333333333334,0.0,0.0,1.0,0.0,0.0,0.0,0.0,0.0,0.0,0.0,0.0,0.0,0.0,0.0,0.0,0.0,0.0
2635,Quartz,1.0,557,26.63070457981699,2019.543985637343,2386.4739676840213,2003,2371,2037,2399,31.712808671397546,25.29369936980768,0.8529862174578867,0.0,0.0,0.0,0.0,0.0,0.0,1.0,0.0,0.0,0.0,0.0,0.0,0.0,0.0,0.0,0.0,0.0
2636,Orthoclase,1.0,236,17.334489682638438,2018.1864406779662,2750.9025423728813,2007,2743,2028,2761,21.433821632782912,14.646748040534892,0.9182879377431906,0.0,0.0,0.0,0.0,0.0,0.0,0.0,0.0,1.0,0.0,0.0,0.0,0.0,0.0,0.0,0.0,0.0
2639,Zircon,1.0,1789,47.72657064498984,2021.897708216881,1687.9882615986585,1987,1661,2059,1716,86.61741033794439,26.760103189082677,0.9536247334754797,0.0,1.0,0.0,0.0,0.0,0.0,0.0,0.0,0.0,0.0,0.0,0.0,0.0,0.0,0.0,0.0,0.0
2640,Zircon,1.0,578,27.128075067297424,2020.9290657439446,2641.278546712803,2002,2627,2037,2656,33.10581754869142,24.592130668007467,0.82689556509299,0.0,1.0,0.0,0.0,0.0,0.0,0.0,0.0,0.0,0.0,0.0,0.0,0.0,0.0,0.0,0.0,0.0
2641,Rutile,1.0,524,25.829779740470595,2022.5839694656488,3081.0286259541986,2008,3063,2035,3104,41.632213723197005,19.955848989169052,0.7090663058186739,0.0,0.0,1.0,0.0,0.0,0.0,0.0,0.0,0.0,0.0,0.0,0.0,0.0,0.0,0.0,0.0,0.0
2643,Quartz,1.0,438,23.615226456547084,2026.0159817351598,77.84703196347031,2015,63,2037,93,34.08976738770672,17.104371183578028,0.8920570264765784,0.0,0.0,0.0,0.0,0.0,0.0,1.0,0.0,0.0,0.0,0.0,0.0,0.0,0.0,0.0,0.0,0.0
2644,Zircon,1.0,374,21.821814538001895,2025.2433155080214,2833.248663101604,2014,2823,2038,2846,23.673779101065684,21.121765543278155,0.8841607565011821,0.0,1.0,0.0,0.0,0.0,0.0,0.0,0.0,0.0,0.0,0.0,0.0,0.0,0.0,0.0,0.0,0.0
2645,Zircon,1.0,147,13.680870333281758,2028.7414965986395,930.047619047619,2022,925,2038,937,17.22508522604735,11.260089391110967,0.9245283018867925,0.0,1.0,0.0,0.0,0.0,0.0,0.0,0.0,0.0,0.0,0.0,0.0,0.0,0.0,0.0,0.0,0.0
2646,Rutile,1.0,302,19.60913925979463,2022.76821192053,2279.9834437086092,2009,2270,2037,2291,27.96082925739785,14.510223054519065,0.7844155844155845,0.0,0.0,1.0,0.0,0.0,0.0,0.0,0.0,0.0,0.0,0.0,0.0,0.0,0.0,0.0,0.0,0.0
2647,Quartz,0.6691449814126395,269,18.5067943613625,2025.6133828996283,2416.3382899628255,2015,2405,2039,2433,31.007137956888887,15.988385469455237,0.6155606407322655,0.0,0.0,0.3308550185873606,0.0,0.0,0.0,0.6691449814126395,0.0,0.0,0.0,0.0,0.0,0.0,0.0,0.0,0.0,0.0
2648,Zircon,1.0,1065,36.823906842470535,2030.1586854460095,1276.6647887323943,2011,1257,2050,1296,39.5472431332003,34.82048881220293,0.9543010752688172,0.0,1.0,0.0,0.0,0.0,0.0,0.0,0.0,0.0,0.0,0.0,0.0,0.0,0.0,0.0,0.0,0.0
2649,Zircon,1.0,878,33.43507619667515,2030.9863325740318,1717.006833712984,2011,1700,2051,1730,38.60957724828292,31.61144003857233,0.9471413160733549,0.0,1.0,0.0,0.0,0.0,0.0,0.0,0.0,0.0,0.0,0.0,0.0,0.0,0.0,0.0,0.0,0.0
2650,Zircon,1.0,1072,36.94472617243352,2034.1828358208954,1743.295708955224,2012,1730,2059,1761,46.17991485202231,32.01171906347351,0.8933333333333333,0.0,1.0,0.0,0.0,0.0,0.0,0.0,0.0,0.0,0.0,0.0,0.0,0.0,0.0,0.0,0.0,0.0
2651,Orthoclase,1.0,237,17.371176474327626,2032.2616033755273,2746.2194092827003,2023,2738,2043,2756,19.5834170967873,16.415750587091807,0.8404255319148937,0.0,0.0,0.0,0.0,0.0,0.0,0.0,0.0,1.0,0.0,0.0,0.0,0.0,0.0,0.0,0.0,0.0
2652,Zircon,1.0,1034,36.2840142384516,2031.3597678916828,2941.792069632495,2014,2923,2052,2961,40.30489132047546,33.03363639040031,0.9357466063348416,0.0,1.0,0.0,0.0,0.0,0.0,0.0,0.0,0.0,0.0,0.0,0.0,0.0,0.0,0.0,0.0,0.0
2653,Zircon,0.9978925184404637,949,34.76067214473376,2027.0916754478399,275.22128556375134,2002,253,2045,298,54.514881154603856,25.086532783468677,0.7702922077922078,0.002107481559536354,0.9978925184404637,0.0,0.0,0.0,0.0,0.0,0.0,0.0,0.0,0.0,0.0,0.0,0.0,0.0,0.0,0.0
2654,Zircon,1.0,1479,43.394945404543435,2036.9317106152805,2049.629479377958,2009,2029,2063,2071,55.22970464575977,36.648663898430634,0.91692498450093,0.0,1.0,0.0,0.0,0.0,0.0,0.0,0.0,0.0,0.0,0.0,0.0,0.0,0.0,0.0,0.0,0.0
2655,Iron Oxides,1.0,842,32.74244487919323,2025.2945368171022,887.6425178147268,2005,873,2050,902,48.11697150917169,24.55676158152009,0.8254901960784313,0.0,0.0,0.0,0.0,1.0,0.0,0.0,0.0,0.0,0.0,0.0,0.0,0.0,0.0,0.0,0.0,0.0
2657,Zircon,1.0,353,21.200319792199185,2033.0651558073655,1558.8356940509916,2021,1547,2045,1572,26.391160715767384,17.96639838805494,0.9097938144329897,0.0,1.0,0.0,0.0,0.0,0.0,0.0,0.0,0.0,0.0,0.0,0.0,0.0,0.0,0.0,0.0,0.0
2658,Quartz,1.0,872,33.32063749403756,2033.625,2507.821100917431,2012,2490,2051,2531,49.144765314434714,23.582621903095315,0.9159663865546218,0.0,0.0,0.0,0.0,0.0,0.0,1.0,0.0,0.0,0.0,0.0,0.0,0.0,0.0,0.0,0.0,0.0
2659,Rutile,1.0,139,13.303394180365686,2036.294964028777,299.3021582733813,2028,292,2045,307,15.51635112739711,12.43174431306788,0.8373493975903614,0.0,0.0,1.0,0.0,0.0,0.0,0.0,0.0,0.0,0.0,0.0,0.0,0.0,0.0,0.0,0.0,0.0
2660,Rutile,1.0,523,25.805121233904135,2037.9445506692161,1854.8355640535374,2025,1839,2052,1871,38.11818279939889,17.89063722714162,0.8909710391822828,0.0,0.0,1.0,0.0,0.0,0.0,0.0,0.0,0.0,0.0,0.0,0.0,0.0,0.0,0.0,0.0,0.0
2661,Rutile,0.977859778597786,1897,49.146062063634396,2038.0985767000527,2310.577754348972,2013,2282,2064,2340,62.40349716813389,42.25081918262748,0.8514362657091562,0.0,0.0,0.977859778597786,0.0,0.0,0.0,0.02214022140221402,0.0,0.0,0.0,0.0,0.0,0.0,0.0,0.0,0.0,0.0
2662,Zircon,1.0,398,22.511093682995384,2035.8015075376884,805.5376884422111,2025,792,2047,818,25.9361095788754,20.357897719671268,0.9191685912240185,0.0,1.0,0.0,0.0,0.0,0.0,0.0,0.0,0.0,0.0,0.0,0.0,0.0,0.0,0.0,0.0,0.0
2663,Zircon,0.8144329896907216,291,19.248706645328987,2035.8831615120275,43.94845360824742,2023,34,2047,54,23.893550556809483,17.5987793517252,0.8105849582172702,0.0,0.8144329896907216,0.0,0.0,0.0,0.0,0.18556701030927836,0.0,0.0,0.0,0.0,0.0,0.0,0.0,0.0,0.0,0.0
2664,Monazite & Xenotime,0.9561107359891965,1481,43.424276226009525,2032.4591492234977,222.5827143821742,2006,201,2055,251,56.997318694068504,35.32346928394051,0.8737463126843658,0.9561107359891965,0.0,0.0,0.0,0.0,0.0,0.0,0.0,0.0,0.0,0.0,0.0,0.0,0.0,0.0,0.0,0.04388926401080351
2665,Zircon,1.0,1513,43.89090374080148,2039.186384666226,2869.6325181758098,2019,2843,2059,2898,54.866602232172674,36.07401677912342,0.9426791277258567,0.0,1.0,0.0,0.0,0.0,0.0,0.0,0.0,0.0,0.0,0.0,0.0,0.0,0.0,0.0,0.0,0.0
2666,Monazite & Xenotime,1.0,185,15.347615963921077,2041.6324324324323,3135.4486486486485,2033,3123,2051,3146,18.670816514274225,16.070351088310236,0.7061068702290076,1.0,0.0,0.0,0.0,0.0,0.0,0.0,0.0,0.0,0.0,0.0,0.0,0.0,0.0,0.0,0.0,0.0
2667,Rutile,1.0,112,11.941642642883693,2037.875,827.9732142857143,2032,819,2045,836,18.88892260913791,10.781133398668073,0.6588235294117647,0.0,0.0,1.0,0.0,0.0,0.0,0.0,0.0,0.0,0.0,0.0,0.0,0.0,0.0,0.0,0.0,0.0
2668,Quartz,1.0,1746,47.149509489575756,2036.2617411225658,1056.561282932417,2013,1033,2060,1083,53.11981763399218,42.943867022112904,0.891726251276813,0.0,0.0,0.0,0.0,0.0,0.0,1.0,0.0,0.0,0.0,0.0,0.0,0.0,0.0,0.0,0.0,0.0
2669,Zircon,1.0,235,17.297725082009,2042.4382978723404,3050.7872340425533,2027,3042,2058,3058,33.26260685164814,10.824565033196745,0.7484076433121019,0.0,1.0,0.0,0.0,0.0,0.0,0.0,0.0,0.0,0.0,0.0,0.0,0.0,0.0,0.0,0.0,0.0
2672,Rutile,1.0,1308,40.809279882320794,2045.1230886850153,335.7025993883792,2023,313,2073,357,50.17798816587779,36.00507113537566,0.8622280817402769,0.0,0.0,1.0,0.0,0.0,0.0,0.0,0.0,0.0,0.0,0.0,0.0,0.0,0.0,0.0,0.0,0.0
2673,Zircon,1.0,1586,44.937266471715525,2044.2559899117275,2988.017654476671,2022,2964,2068,3013,47.668665809780784,42.76988106543754,0.9384615384615385,0.0,1.0,0.0,0.0,0.0,0.0,0.0,0.0,0.0,0.0,0.0,0.0,0.0,0.0,0.0,0.0,0.0
2674,Rutile,0.9599749843652282,1599,45.12105973967727,2052.285803627267,1332.1244527829895,2025,1309,2080,1354,55.163885875165214,39.03801095617773,0.857372654155496,0.0,0.0,0.9599749843652282,0.0,0.0,0.0,0.0,0.0,0.0,0.0,0.0,0.0,0.0,0.0,0.0,0.0,0.04002501563477173
2676,Zircon,1.0,277,18.77997214831907,2047.7653429602888,1645.3718411552347,2040,1635,2056,1657,23.086593635045936,15.55527111657993,0.920265780730897,0.0,1.0,0.0,0.0,0.0,0.0,0.0,0.0,0.0,0.0,0.0,0.0,0.0,0.0,0.0,0.0,0.0
2677,Rutile,1.0,227,17.000746355818674,2046.352422907489,2185.1762114537446,2038,2175,2056,2200,25.330229935969296,14.037749423293556,0.7566666666666667,0.0,0.0,1.0,0.0,0.0,0.0,0.0,0.0,0.0,0.0,0.0,0.0,0.0,0.0,0.0,0.0,0.0
2678,Zircon,0.99921875,1280,40.370120352322566,2047.8625,159.40390625,2031,135,2067,187,54.56683149625931,30.773538248277834,0.9268645908761767,0.0,0.99921875,0.0,0.0,0.00078125,0.0,0.0,0.0,0.0,0.0,0.0,0.0,0.0,0.0,0.0,0.0,0.0
2679,Rutile,0.9051987767584098,654,28.856518540128786,2055.071865443425,870.0626911314985,2033,853,2078,885,41.91375521226687,25.547638265691294,0.6700819672131147,0.0,0.0,0.9051987767584098,0.09480122324159021,0.0,0.0,0.0,0.0,0.0,0.0,0.0,0.0,0.0,0.0,0.0,0.0,0.0
2680,Zircon,1.0,1234,39.63808267566925,2052.5194489465152,1377.6580226904375,2032,1359,2076,1403,43.753920586305384,36.619766778490714,0.9161098737936154,0.0,1.0,0.0,0.0,0.0,0.0,0.0,0.0,0.0,0.0,0.0,0.0,0.0,0.0,0.0,0.0,0.0
2681,Orthoclase,1.0,160,14.27299292922217,2051.18125,2759.34375,2046,2749,2061,2770,19.593670728513075,14.403882024739369,0.7547169811320755,0.0,0.0,0.0,0.0,0.0,0.0,0.0,0.0,1.0,0.0,0.0,0.0,0.0,0.0,0.0,0.0,0.0
2682,Zircon,1.0,779,31.493707392885515,2052.2618741976894,2919.431322207959,2036,2903,2073,2937,32.458650236374986,32.06035942862207,0.8974654377880185,0.0,1.0,0.0,0.0,0.0,0.0,0.0,0.0,0.0,0.0,0.0,0.0,0.0,0.0,0.0,0.0,0.0
2683,Zircon,1.0,171,14.755472278097805,2052.6959064327484,696.1812865497076,2046,686,2062,709,20.54244829178311,14.035963193192542,0.7370689655172413,0.0,1.0,0.0,0.0,0.0,0.0,0.0,0.0,0.0,0.0,0.0,0.0,0.0,0.0,0.0,0.0,0.0
2684,Zircon,0.9533088235294118,2720,58.84905744087702,2055.2694852941177,1156.3985294117647,2023,1125,2088,1189,71.83878438320421,48.69325362834596,0.9497206703910615,0.0,0.9533088235294118,0.0,0.0,0.0,0.0,0.0,0.0,0.0,0.0,0.0,0.0,0.0,0.0,0.0,0.0,0.046691176470588236
2685,Quartz,1.0,345,20.958712816717327,2048.8463768115944,987.9391304347826,2033,980,2063,998,30.680446203458985,16.22739690192656,0.8476658476658476,0.0,0.0,0.0,0.0,0.0,0.0,1.0,0.0,0.0,0.0,0.0,0.0,0.0,0.0,0.0,0.0,0.0
2686,Zircon,1.0,166,14.538148590038452,2053.277108433735,2637.2831325301204,2046,2631,2064,2644,17.828417376702756,12.676613309058038,0.9325842696629213,0.0,1.0,0.0,0.0,0.0,0.0,0.0,0.0,0.0,0.0,0.0,0.0,0.0,0.0,0.0,0.0,0.0
2687,Zircon,1.0,508,25.43237481489809,2054.332677165354,2731.734251968504,2035,2718,2074,2747,41.25031427573997,19.36184167612587,0.7900466562986003,0.0,1.0,0.0,0.0,0.0,0.0,0.0,0.0,0.0,0.0,0.0,0.0,0.0,0.0,0.0,0.0,0.0
2688,Rutile,1.0,433,23.480049464818542,2051.785219399538,2683.2309468822173,2035,2672,2070,2695,39.82025003910262,14.472354776267402,0.815442561205273,0.0,0.0,1.0,0.0,0.0,0.0,0.0,0.0,0.0,0.0,0.0,0.0,0.0,0.0,0.0,0.0,0.0
2689,Iron Oxides,1.0,279,18.847647942942654,2054.9426523297493,537.9354838709677,2045,529,2066,547,20.870129205248208,17.339624436496166,0.9087947882736156,0.0,0.0,0.0,0.0,1.0,0.0,0.0,0.0,0.0,0.0,0.0,0.0,0.0,0.0,0.0,0.0,0.0
2690,Rutile,1.0,487,24.901157769991823,2059.868583162218,826.8459958932239,2045,815,2080,841,34.9220992777863,22.99532603521116,0.741248097412481,0.0,0.0,1.0,0.0,0.0,0.0,0.0,0.0,0.0,0.0,0.0,0.0,0.0,0.0,0.0,0.0,0.0
2691,Zircon,1.0,989,35.485685983831225,2055.4479271991913,1460.6926188068755,2035,1443,2077,1477,40.92124609888367,31.37950036703331,0.9106813996316758,0.0,1.0,0.0,0.0,0.0,0.0,0.0,0.0,0.0,0.0,0.0,0.0,0.0,0.0,0.0,0.0,0.0
2692,Zircon,1.0,1055,36.6506169074355,2056.8104265402844,60.04549763033175,2032,39,2076,80,43.03098508493116,33.25266098625345,0.890295358649789,0.0,1.0,0.0,0.0,0.0,0.0,0.0,0.0,0.0,0.0,0.0,0.0,0.0,0.0,0.0,0.0,0.0
2693,Rutile,1.0,1630,45.55634377250127,2057.765644171779,1968.6871165644172,2033,1944,2086,1991,55.301065853024106,39.24939635845716,0.906058921623124,0.0,0.0,1.0,0.0,0.0,0.0,0.0,0.0,0.0,0.0,0.0,0.0,0.0,0.0,0.0,0.0,0.0
2694,Rutile,1.0,303,19.64157789116634,2064.06600660066,1899.7128712871288,2050,1890,2075,1913,30.244100260002647,14.28509779452417,0.8731988472622478,0.0,0.0,1.0,0.0,0.0,0.0,0.0,0.0,0.0,0.0,0.0,0.0,0.0,0.0,0.0,0.0,0.0
2695,Monazite & Xenotime,1.0,460,24.201036973199617,2060.628260869565,3121.1934782608696,2048,3109,2073,3135,25.588940334779462,23.32521632620113,0.9126984126984127,1.0,0.0,0.0,0.0,0.0,0.0,0.0,0.0,0.0,0.0,0.0,0.0,0.0,0.0,0.0,0.0,0.0
2696,Monazite & Xenotime,1.0,813,32.173649930800316,2061.906519065191,297.0836408364084,2046,280,2080,313,35.907706018627216,29.89293978374085,0.8934065934065935,1.0,0.0,0.0,0.0,0.0,0.0,0.0,0.0,0.0,0.0,0.0,0.0,0.0,0.0,0.0,0.0,0.0
2697,Zircon,1.0,447,23.85661494212072,2061.1118568232664,1699.957494407159,2050,1681,2070,1722,41.47629258127137,17.4839754405372,0.7186495176848875,0.0,1.0,0.0,0.0,0.0,0.0,0.0,0.0,0.0,0.0,0.0,0.0,0.0,0.0,0.0,0.0,0.0
2698,Zircon,1.0,5407,82.97232200187617,2050.9182541150362,579.469761420381,1998,539,2100,622,104.60127793638289,67.93580604670177,0.9392044467604655,0.0,1.0,0.0,0.0,0.0,0.0,0.0,0.0,0.0,0.0,0.0,0.0,0.0,0.0,0.0,0.0,0.0
2699,Zircon,1.0,1323,41.04261099984527,2057.7551020408164,1496.7384731670445,2034,1471,2079,1522,55.11897300453845,33.165686907417914,0.8263585259212992,0.0,1.0,0.0,0.0,0.0,0.0,0.0,0.0,0.0,0.0,0.0,0.0,0.0,0.0,0.0,0.0,0.0
2700,Zircon,1.0,1194,38.990357992890814,2072.454773869347,1561.8484087102177,2043,1546,2103,1587,65.04870525095886,31.66751812465692,0.6925754060324826,0.0,1.0,0.0,0.0,0.0,0.0,0.0,0.0,0.0,0.0,0.0,0.0,0.0,0.0,0.0,0.0,0.0
2701,Zircon,1.0,1868,48.76896010338219,2059.3929336188435,2257.503211991435,2034,2232,2086,2285,58.96961677874418,41.11635801146683,0.9335332333833083,0.0,1.0,0.0,0.0,0.0,0.0,0.0,0.0,0.0,0.0,0.0,0.0,0.0,0.0,0.0,0.0,0.0
2702,Zircon,1.0,540,26.221162334209897,2070.661111111111,429.48148148148147,2054,419,2089,443,39.3229840118698,17.99446168437182,0.9246575342465754,0.0,1.0,0.0,0.0,0.0,0.0,0.0,0.0,0.0,0.0,0.0,0.0,0.0,0.0,0.0,0.0,0.0
2703,Zircon,1.0,1082,37.116642997494345,2060.8974121996303,2014.7338262476894,2040,1991,2086,2040,59.554830549326965,24.800006906128054,0.8492935635792779,0.0,1.0,0.0,0.0,0.0,0.0,0.0,0.0,0.0,0.0,0.0,0.0,0.0,0.0,0.0,0.0,0.0
2704,Zircon,1.0,1920,49.443097858968265,2066.352083333333,380.8354166666667,2036,361,2098,403,60.953421500230036,40.97007365374234,0.9221902017291066,0.0,1.0,0.0,0.0,0.0,0.0,0.0,0.0,0.0,0.0,0.0,0.0,0.0,0.0,0.0,0.0,0.0
2705,Rutile,1.0,345,20.958712816717327,2072.292753623188,1803.727536231884,2058,1795,2089,1814,34.33262080612865,16.016628216214553,0.7098765432098766,0.0,0.0,1.0,0.0,0.0,0.0,0.0,0.0,0.0,0.0,0.0,0.0,0.0,0.0,0.0,0.0,0.0
2706,Zircon,1.0,1302,40.715573031030544,2066.9039938556066,2447.4923195084484,2049,2421,2084,2480,57.753870592532486,29.506817936271972,0.9353448275862069,0.0,1.0,0.0,0.0,0.0,0.0,0.0,0.0,0.0,0.0,0.0,0.0,0.0,0.0,0.0,0.0,0.0
2707,Rutile,1.0,259,18.159544104586082,2067.5637065637065,846.6293436293437,2055,837,2082,859,28.644783746546903,19.696366164987737,0.591324200913242,0.0,0.0,1.0,0.0,0.0,0.0,0.0,0.0,0.0,0.0,0.0,0.0,0.0,0.0,0.0,0.0,0.0
2708,Zircon,1.0,569,26.916041702938184,2068.731107205624,2185.5641476274163,2055,2173,2089,2202,32.981743036896226,24.34725061652232,0.8306569343065694,0.0,1.0,0.0,0.0,0.0,0.0,0.0,0.0,0.0,0.0,0.0,0.0,0.0,0.0,0.0,0.0,0.0
2709,Quartz,1.0,367,21.616635097022034,2069.2452316076296,267.09809264305176,2054,257,2083,279,28.058341246841266,18.824739263421286,0.7943722943722944,0.0,0.0,0.0,0.0,0.0,0.0,1.0,0.0,0.0,0.0,0.0,0.0,0.0,0.0,0.0,0.0,0.0
2710,Zircon,1.0,389,22.255115881567058,2072.1311053984577,1033.956298200514,2057,1026,2088,1042,32.20740072748192,15.825279127805826,0.9152941176470588,0.0,1.0,0.0,0.0,0.0,0.0,0.0,0.0,0.0,0.0,0.0,0.0,0.0,0.0,0.0,0.0,0.0
2711,Zircon,1.0,374,21.821814538001895,2069.438502673797,3147.3930481283423,2056,3135,2082,3160,30.021276304590273,16.71907794712355,0.8758782201405152,0.0,1.0,0.0,0.0,0.0,0.0,0.0,0.0,0.0,0.0,0.0,0.0,0.0,0.0,0.0,0.0,0.0
2712,Zircon,1.0,458,24.148368712786887,2075.7489082969432,84.87336244541484,2064,74,2089,99,26.49046760507801,22.86495952617391,0.899803536345776,0.0,1.0,0.0,0.0,0.0,0.0,0.0,0.0,0.0,0.0,0.0,0.0,0.0,0.0,0.0,0.0,0.0
2713,Zircon,1.0,1254,39.958007821935944,2073.713716108453,696.0861244019138,2056,657,2088,725,71.2014412102882,26.987734874590103,0.7808219178082192,0.0,1.0,0.0,0.0,0.0,0.0,0.0,0.0,0.0,0.0,0.0,0.0,0.0,0.0,0.0,0.0,0.0
2714,Illite,1.0,985,35.413852537730705,2070.2527918781725,2590.508629441624,2047,2575,2091,2610,48.37998250481016,28.780604315520325,0.8426005132591959,0.0,0.0,0.0,0.0,0.0,0.0,0.0,0.0,0.0,0.0,0.0,0.0,1.0,0.0,0.0,0.0,0.0
2715,Zircon,1.0,1430,42.67004275802032,2079.2475524475526,936.7657342657343,2059,910,2094,970,65.6817186285807,30.46993390184738,0.8843537414965986,0.0,1.0,0.0,0.0,0.0,0.0,0.0,0.0,0.0,0.0,0.0,0.0,0.0,0.0,0.0,0.0,0.0
2716,Zircon,0.9891525423728813,2950,61.28667601500941,2090.9538983050847,1622.4142372881356,2060,1587,2126,1665,87.48772843479435,45.49749766465014,0.869180907483795,0.0,0.9891525423728813,0.010847457627118645,0.0,0.0,0.0,0.0,0.0,0.0,0.0,0.0,0.0,0.0,0.0,0.0,0.0,0.0
2717,Monazite & Xenotime,1.0,150,13.81976597885342,2080.733333333333,990.2666666666667,2074,984,2089,999,14.776530608128727,13.62223382188641,0.8771929824561403,1.0,0.0,0.0,0.0,0.0,0.0,0.0,0.0,0.0,0.0,0.0,0.0,0.0,0.0,0.0,0.0,0.0
2718,Zircon,1.0,888,33.62494186946387,2078.435810810811,2978.2060810810813,2067,2952,2094,3002,46.619327829819944,25.779401132622272,0.9164086687306502,0.0,1.0,0.0,0.0,0.0,0.0,0.0,0.0,0.0,0.0,0.0,0.0,0.0,0.0,0.0,0.0,0.0
2719,Zircon,1.0,1202,39.1207608920336,2083.2828618968388,3065.98003327787,2065,3041,2102,3089,47.9526907204057,33.45374518196217,0.900374531835206,0.0,1.0,0.0,0.0,0.0,0.0,0.0,0.0,0.0,0.0,0.0,0.0,0.0,0.0,0.0,0.0,0.0
2720,Zircon,1.0,655,28.878571671769564,2076.3297709923663,1404.0625954198474,2064,1382,2090,1425,42.9801408990812,20.252854051565187,0.8698539176626826,0.0,1.0,0.0,0.0,0.0,0.0,0.0,0.0,0.0,0.0,0.0,0.0,0.0,0.0,0.0,0.0,0.0
2721,Zircon,1.0,373,21.792621462004423,2082.8364611260054,3021.112600536193,2071,3010,2095,3033,26.628484775931618,18.228170708591943,0.9075425790754258,0.0,1.0,0.0,0.0,0.0,0.0,0.0,0.0,0.0,0.0,0.0,0.0,0.0,0.0,0.0,0.0,0.0
2723,Zircon,0.9251101321585903,1135,38.014824519842385,2093.7348017621143,1423.4590308370043,2076,1396,2117,1450,49.716662473970906,33.560518226992535,0.7726344452008169,0.0,0.9251101321585903,0.07488986784140969,0.0,0.0,0.0,0.0,0.0,0.0,0.0,0.0,0.0,0.0,0.0,0.0,0.0,0.0
2724,Ilmenite,1.0,753,30.96367835360614,2086.422310756972,2208.0371845949535,2071,2188,2100,2226,37.63871697743544,27.788803274698708,0.8879716981132075,0.0,0.0,0.0,1.0,0.0,0.0,0.0,0.0,0.0,0.0,0.0,0.0,0.0,0.0,0.0,0.0,0.0
2725,Quartz,1.0,469,24.436639426909572,2087.3710021321963,1895.9637526652452,2075,1883,2102,1910,26.188137483262782,24.281766973861117,0.8300884955752212,0.0,0.0,0.0,0.0,0.0,0.0,1.0,0.0,0.0,0.0,0.0,0.0,0.0,0.0,0.0,0.0,0.0
2726,Zircon,0.981721502160186,3009,61.89650870693843,2066.937188434696,2793.905948820206,2023,2770,2110,2818,91.80982597626807,43.09195636104725,0.8984771573604061,0.0,0.981721502160186,0.0,0.0,0.0,0.0,0.0,0.0,0.0,0.0,0.0,0.0,0.0,0.0,0.0,0.0,0.018278497839813893
2727,Zircon,1.0,324,20.310825007719227,2088.7283950617284,751.8117283950618,2078,741,2101,766,24.892690809550928,18.03943768634158,0.8617021276595744,0.0,1.0,0.0,0.0,0.0,0.0,0.0,0.0,0.0,0.0,0.0,0.0,0.0,0.0,0.0,0.0,0.0
2728,Zircon,1.0,1942,49.725558778918575,2091.940782698249,2083.2826982492275,2062,2058,2122,2111,63.93244530590725,40.320545139545274,0.9186376537369915,0.0,1.0,0.0,0.0,0.0,0.0,0.0,0.0,0.0,0.0,0.0,0.0,0.0,0.0,0.0,0.0,0.0
2729,Zircon,1.0,942,34.63223427878316,2086.0148619957536,157.1900212314225,2067,142,2105,173,39.14747466242993,31.13517740840875,0.9382470119521913,0.0,1.0,0.0,0.0,0.0,0.0,0.0,0.0,0.0,0.0,0.0,0.0,0.0,0.0,0.0,0.0,0.0
2730,Zircon,1.0,820,32.31186201200472,2089.326829268293,2632.660975609756,2072,2614,2108,2649,37.74951604814248,28.820582221848785,0.922384701912261,0.0,1.0,0.0,0.0,0.0,0.0,0.0,0.0,0.0,0.0,0.0,0.0,0.0,0.0,0.0,0.0,0.0
2731,Monazite & Xenotime,1.0,480,24.721548929484133,2091.4708333333333,2903.9708333333333,2078,2892,2104,2919,25.89938785083717,25.528960418767923,0.8556149732620321,1.0,0.0,0.0,0.0,0.0,0.0,0.0,0.0,0.0,0.0,0.0,0.0,0.0,0.0,0.0,0.0,0.0
2732,Rutile,1.0,225,16.925687506432688,2087.6844444444446,2235.72,2080,2226,2095,2249,21.402013377524472,14.386861158902851,0.8823529411764706,0.0,0.0,1.0,0.0,0.0,0.0,0.0,0.0,0.0,0.0,0.0,0.0,0.0,0.0,0.0,0.0,0.0
2733,Unknown,1.0,146,13.63425735166143,2091.6849315068494,243.07534246575344,2083,234,2099,253,18.797031224224167,11.398421369843453,0.8390804597701149,0.0,0.0,0.0,0.0,0.0,0.0,0.0,0.0,0.0,0.0,0.0,0.0,0.0,0.0,0.0,0.0,1.0
2734,Rutile,1.0,227,17.000746355818674,2091.0176211453745,1965.5814977973569,2081,1955,2100,1975,18.138916404274166,17.187633020679378,0.8798449612403101,0.0,0.0,1.0,0.0,0.0,0.0,0.0,0.0,0.0,0.0,0.0,0.0,0.0,0.0,0.0,0.0,0.0
2735,Rutile,1.0,1289,40.511797950271536,2097.0263770364622,1684.6206361520558,2074,1662,2122,1712,51.23037615666742,35.6398098175552,0.7826350941105039,0.0,0.0,1.0,0.0,0.0,0.0,0.0,0.0,0.0,0.0,0.0,0.0,0.0,0.0,0.0,0.0,0.0
2737,Zircon,1.0,925,34.318312587888485,2091.623783783784,1107.4313513513514,2074,1091,2113,1127,43.01999161429893,28.79015932616104,0.9024390243902439,0.0,1.0,0.0,0.0,0.0,0.0,0.0,0.0,0.0,0.0,0.0,0.0,0.0,0.0,0.0,0.0,0.0
2738,Rutile,1.0,215,16.545286401814263,2098.9488372093024,2240.539534883721,2092,2230,2110,2250,19.041506370885408,15.646552656508224,0.849802371541502,0.0,0.0,1.0,0.0,0.0,0.0,0.0,0.0,0.0,0.0,0.0,0.0,0.0,0.0,0.0,0.0,0.0
2739,Zircon,1.0,546,26.366433043273013,2094.727106227106,649.1794871794872,2081,635,2108,665,27.942383430015415,26.05192958102454,0.8820678513731826,0.0,1.0,0.0,0.0,0.0,0.0,0.0,0.0,0.0,0.0,0.0,0.0,0.0,0.0,0.0,0.0,0.0
2740,Quartz,1.0,897,33.79490896018868,2094.4983277591973,2001.0278706800445,2077,1982,2109,2023,40.318018961916415,30.0185199587536,0.8943170488534397,0.0,0.0,0.0,0.0,0.0,0.0,1.0,0.0,0.0,0.0,0.0,0.0,0.0,0.0,0.0,0.0,0.0
2741,Rutile,1.0,2004,50.51308788471822,2094.5558882235528,3178.0558882235528,2073,3146,2117,3211,64.41991592458652,41.01431556511196,0.9027027027027027,0.0,0.0,1.0,0.0,0.0,0.0,0.0,0.0,0.0,0.0,0.0,0.0,0.0,0.0,0.0,0.0,0.0
2742,Zircon,1.0,271,18.575465448360347,2095.952029520295,3232.2656826568264,2079,3226,2117,3237,36.84490893418726,11.245111037023158,0.8856209150326797,0.0,1.0,0.0,0.0,0.0,0.0,0.0,0.0,0.0,0.0,0.0,0.0,0.0,0.0,0.0,0.0,0.0
2743,Monazite & Xenotime,1.0,494,25.079480359432697,2098.678137651822,1002.9230769230769,2085,985,2111,1021,37.09372466887795,22.15924490215626,0.7730829420970265,1.0,0.0,0.0,0.0,0.0,0.0,0.0,0.0,0.0,0.0,0.0,0.0,0.0,0.0,0.0,0.0,0.0
2744,Zircon,1.0,131,12.914889870235298,2098.1908396946565,2140.2137404580153,2092,2132,2107,2148,17.134545003416356,11.229484616601928,0.8343949044585988,0.0,1.0,0.0,0.0,0.0,0.0,0.0,0.0,0.0,0.0,0.0,0.0,0.0,0.0,0.0,0.0,0.0
2745,Rutile,0.8431372549019608,969,35.1250497344612,2097.8173374613,1181.952528379773,2078,1164,2119,1200,38.90076607046505,33.184749088549395,0.8529929577464789,0.0,0.0,0.8431372549019608,0.1568627450980392,0.0,0.0,0.0,0.0,0.0,0.0,0.0,0.0,0.0,0.0,0.0,0.0,0.0
2746,Ilmenite,1.0,128,12.766152972845846,2078.203125,1188.03125,2071,1175,2087,1196,17.8706200741254,13.61855928196027,0.5565217391304348,0.0,0.0,0.0,1.0,0.0,0.0,0.0,0.0,0.0,0.0,0.0,0.0,0.0,0.0,0.0,0.0,0.0
2747,Zircon,1.0,365,21.557653718072718,2097.972602739726,1526.1479452054793,2092,1513,2108,1544,32.77552277248987,15.004296720877656,0.9034653465346535,0.0,1.0,0.0,0.0,0.0,0.0,0.0,0.0,0.0,0.0,0.0,0.0,0.0,0.0,0.0,0.0,0.0
2748,Zircon,1.0,2229,53.27336055867583,2093.140421713773,1833.4293405114402,2056,1807,2130,1858,79.65982448024596,36.36251949656562,0.938921651221567,0.0,1.0,0.0,0.0,0.0,0.0,0.0,0.0,0.0,0.0,0.0,0.0,0.0,0.0,0.0,0.0,0.0
2749,Zircon,1.0,893,33.71947380147709,2098.6483762597986,55.12094064949608,2085,30,2116,77,44.53415411181073,28.24056192825385,0.8772102161100196,0.0,1.0,0.0,0.0,0.0,0.0,0.0,0.0,0.0,0.0,0.0,0.0,0.0,0.0,0.0,0.0,0.0
2750,Zircon,1.0,395,22.42609239636699,2094.4379746835443,284.05822784810124,2085,270,2103,298,28.174093255245985,18.749200393380868,0.9404761904761905,0.0,1.0,0.0,0.0,0.0,0.0,0.0,0.0,0.0,0.0,0.0,0.0,0.0,0.0,0.0,0.0,0.0
2751,Zircon,1.0,1555,44.495926690689096,2081.273311897106,1766.6610932475885,2056,1740,2103,1792,57.06398216126597,37.39446744423361,0.8916284403669725,0.0,1.0,0.0,0.0,0.0,0.0,0.0,0.0,0.0,0.0,0.0,0.0,0.0,0.0,0.0,0.0,0.0
2752,Zircon,1.0,1507,43.803789720934994,2112.810882548109,2649.495686794957,2085,2622,2142,2676,71.63328108870643,27.514603082115173,0.8746372605919908,0.0,1.0,0.0,0.0,0.0,0.0,0.0,0.0,0.0,0.0,0.0,0.0,0.0,0.0,0.0,0.0,0.0
2753,Zircon,1.0,397,22.48279562821002,2108.3702770780856,279.30478589420653,2100,262,2117,297,33.73074383229501,15.786923475307086,0.8668122270742358,0.0,1.0,0.0,0.0,0.0,0.0,0.0,0.0,0.0,0.0,0.0,0.0,0.0,0.0,0.0,0.0,0.0
2754,Zircon,1.0,548,26.414679072721462,2105.625912408759,358.70620437956205,2089,345,2123,374,33.05392616691814,22.294486404580944,0.8881685575364667,0.0,1.0,0.0,0.0,0.0,0.0,0.0,0.0,0.0,0.0,0.0,0.0,0.0,0.0,0.0,0.0,0.0
2755,Zircon,1.0,1202,39.1207608920336,2116.6988352745425,1755.9792013311148,2102,1735,2136,1782,46.11906440917424,34.68574963643671,0.9397967161845192,0.0,1.0,0.0,0.0,0.0,0.0,0.0,0.0,0.0,0.0,0.0,0.0,0.0,0.0,0.0,0.0,0.0
2756,Rutile,0.9451038575667656,674,29.294426998176625,2101.79821958457,1933.3857566765578,2083,1916,2122,1949,39.0894979002354,27.141449893789417,0.8120481927710843,0.0,0.05489614243323442,0.9451038575667656,0.0,0.0,0.0,0.0,0.0,0.0,0.0,0.0,0.0,0.0,0.0,0.0,0.0,0.0
2757,Monazite & Xenotime,1.0,1322,41.02709687681892,2100.1686838124056,2287.1187594553708,2077,2264,2121,2311,46.45241360096604,37.82103006033016,0.8908355795148248,1.0,0.0,0.0,0.0,0.0,0.0,0.0,0.0,0.0,0.0,0.0,0.0,0.0,0.0,0.0,0.0,0.0
2758,Zircon,1.0,1194,38.990357992890814,2104.034338358459,98.69681742043551,2084,77,2127,124,54.007838545091055,29.20273057932646,0.8950524737631185,0.0,1.0,0.0,0.0,0.0,0.0,0.0,0.0,0.0,0.0,0.0,0.0,0.0,0.0,0.0,0.0,0.0
2759,Zircon,1.0,674,29.294426998176625,2107.6112759643916,2760.8353115727004,2091,2745,2126,2777,37.30060806988862,24.593488678609162,0.8290282902829028,0.0,1.0,0.0,0.0,0.0,0.0,0.0,0.0,0.0,0.0,0.0,0.0,0.0,0.0,0.0,0.0,0.0
2760,Zircon,1.0,1054,36.63324282875953,2110.07779886148,2319.3918406072107,2088,2304,2134,2336,46.315347599509494,29.259702246628645,0.9360568383658969,0.0,1.0,0.0,0.0,0.0,0.0,0.0,0.0,0.0,0.0,0.0,0.0,0.0,0.0,0.0,0.0,0.0
2761,Zircon,1.0,843,32.7618823667344,2108.502965599051,1488.3962040332146,2091,1472,2125,1506,39.51335265225631,27.89138440465532,0.945067264573991,0.0,1.0,0.0,0.0,0.0,0.0,0.0,0.0,0.0,0.0,0.0,0.0,0.0,0.0,0.0,0.0,0.0
2762,Zircon,1.0,904,33.92651689225682,2114.8340707964603,2055.912610619469,2096,2037,2133,2077,43.520909360830736,28.08088103191573,0.8915187376725838,0.0,1.0,0.0,0.0,0.0,0.0,0.0,0.0,0.0,0.0,0.0,0.0,0.0,0.0,0.0,0.0,0.0
2763,Quartz,1.0,1302,40.715573031030544,2110.2311827956987,1139.4907834101382,2091,1118,2130,1163,43.19691404117298,39.06514616667332,0.9366906474820144,0.0,0.0,0.0,0.0,0.0,0.0,1.0,0.0,0.0,0.0,0.0,0.0,0.0,0.0,0.0,0.0,0.0
2764,Zircon,1.0,3463,66.40202213350034,2109.5451920300316,2709.693040716142,2074,2673,2143,2745,72.39092852031055,62.63333737695411,0.9331716518458637,0.0,1.0,0.0,0.0,0.0,0.0,0.0,0.0,0.0,0.0,0.0,0.0,0.0,0.0,0.0,0.0,0.0
2765,Ilmenite,0.9668141592920354,1808,47.9793403131095,2107.4358407079644,1362.0221238938052,2075,1341,2140,1382,67.65015001681208,34.511808479549714,0.9224489795918367,0.0,0.0,0.033185840707964605,0.9668141592920354,0.0,0.0,0.0,0.0,0.0,0.0,0.0,0.0,0.0,0.0,0.0,0.0,0.0
2766,Zircon,1.0,317,20.090219901261573,2111.0788643533124,1902.044164037855,2100,1890,2124,1916,30.933814031942696,14.144476676776856,0.8298429319371727,0.0,1.0,0.0,0.0,0.0,0.0,0.0,0.0,0.0,0.0,0.0,0.0,0.0,0.0,0.0,0.0,0.0
2767,Monazite & Xenotime,1.0,1005,35.77157729900708,2114.401990049751,1310.6507462686568,2098,1289,2132,1331,42.17143548704084,30.77102090979748,0.958969465648855,1.0,0.0,0.0,0.0,0.0,0.0,0.0,0.0,0.0,0.0,0.0,0.0,0.0,0.0,0.0,0.0,0.0
2768,Zircon,1.0,322,20.248040236149336,2116.888198757764,1854.3602484472049,2105,1844,2130,1864,25.396033697712575,17.264325718278712,0.8518518518518519,0.0,1.0,0.0,0.0,0.0,0.0,0.0,0.0,0.0,0.0,0.0,0.0,0.0,0.0,0.0,0.0,0.0
2769,Zircon,1.0,1094,37.32189788770486,2121.213893967093,809.9478976234004,2099,793,2144,826,45.77569245993408,31.01548716072275,0.9414802065404475,0.0,1.0,0.0,0.0,0.0,0.0,0.0,0.0,0.0,0.0,0.0,0.0,0.0,0.0,0.0,0.0,0.0
2770,Zircon,0.9234184239733629,901,33.87017611123954,2119.995560488346,1715.6337402885683,2103,1699,2138,1734,38.3131585695792,30.754364241978198,0.952431289640592,0.0,0.9234184239733629,0.0,0.0,0.0,0.0,0.0,0.0,0.0,0.0,0.0,0.0,0.0,0.0,0.0,0.0,0.07658157602663707
2771,Monazite & Xenotime,1.0,110,11.834540545406394,2119.7090909090907,2178.7181818181816,2114,2173,2130,2186,13.648954807571094,12.44147620588261,0.7586206896551724,1.0,0.0,0.0,0.0,0.0,0.0,0.0,0.0,0.0,0.0,0.0,0.0,0.0,0.0,0.0,0.0,0.0
2772,Zircon,1.0,986,35.43182455235505,2121.5223123732253,186.91075050709938,2101,168,2142,206,39.76846439985466,32.969670011321085,0.8996350364963503,0.0,1.0,0.0,0.0,0.0,0.0,0.0,0.0,0.0,0.0,0.0,0.0,0.0,0.0,0.0,0.0,0.0
2773,Quartz,1.0,169,14.668929172241665,2117.431952662722,120.0,2111,112,2124,130,17.957627999849617,12.212363295838953,0.9337016574585635,0.0,0.0,0.0,0.0,0.0,0.0,1.0,0.0,0.0,0.0,0.0,0.0,0.0,0.0,0.0,0.0,0.0
2774,Rutile,0.8994152046783626,855,32.99423905394037,2123.5988304093567,665.8023391812866,2102,651,2144,683,44.26114844271882,25.27983242313607,0.8962264150943396,0.0,0.0,0.8994152046783626,0.10058479532163743,0.0,0.0,0.0,0.0,0.0,0.0,0.0,0.0,0.0,0.0,0.0,0.0,0.0
2775,Ilmenite,1.0,960,34.961549778946534,2122.827083333333,2134.171875,2106,2115,2141,2153,37.94342752510269,32.967588860669935,0.9022556390977443,0.0,0.0,0.0,1.0,0.0,0.0,0.0,0.0,0.0,0.0,0.0,0.0,0.0,0.0,0.0,0.0,0.0
2776,Quartz,1.0,304,19.67396303746374,2129.4868421052633,109.41118421052632,2121,94,2140,127,31.48701030124256,13.576963472628572,0.781491002570694,0.0,0.0,0.0,0.0,0.0,0.0,1.0,0.0,0.0,0.0,0.0,0.0,0.0,0.0,0.0,0.0,0.0
2777,Zircon,1.0,670,29.20737055903114,2124.14776119403,2350.4268656716417,2112,2329,2137,2370,38.641423505016625,23.045822942797255,0.9241379310344827,0.0,1.0,0.0,0.0,0.0,0.0,0.0,0.0,0.0,0.0,0.0,0.0,0.0,0.0,0.0,0.0,0.0
2778,Zircon,1.0,827,32.44948541188257,2128.5501813784763,243.01692865779927,2111,225,2149,262,39.48539272700217,28.132917760746224,0.8668763102725366,0.0,1.0,0.0,0.0,0.0,0.0,0.0,0.0,0.0,0.0,0.0,0.0,0.0,0.0,0.0,0.0,0.0
2779,Ilmenite,1.0,158,14.183506197980657,2127.1518987341774,2607.9430379746836,2117,2599,2138,2617,22.807878374872512,11.187124276211117,0.7053571428571429,0.0,0.0,0.0,1.0,0.0,0.0,0.0,0.0,0.0,0.0,0.0,0.0,0.0,0.0,0.0,0.0,0.0
2781,Zircon,0.9126365054602185,641,28.568278705151968,2119.2932917316693,1999.95007800312,2108,1982,2130,2022,39.56568286139612,21.30101799196847,0.9385065885797951,0.0,0.9126365054602185,0.0,0.0,0.0,0.0,0.0,0.0,0.0,0.0,0.0,0.0,0.0,0.0,0.0,0.0,0.0873634945397816
2782,Unknown,1.0,339,20.775663783985824,2128.2300884955753,570.9852507374632,2120,559,2137,585,27.250571550644036,16.23322118299294,0.9211956521739131,0.0,0.0,0.0,0.0,0.0,0.0,0.0,0.0,0.0,0.0,0.0,0.0,0.0,0.0,0.0,0.0,1.0
2783,Rutile,1.0,1064,36.80661456312185,2130.2998120300754,1453.2904135338347,2107,1435,2153,1476,41.51841898004617,35.28558270395305,0.856682769726248,0.0,0.0,1.0,0.0,0.0,0.0,0.0,0.0,0.0,0.0,0.0,0.0,0.0,0.0,0.0,0.0,0.0
2784,Zircon,0.9950980392156863,204,16.11647812414279,2129.2156862745096,2085.8333333333335,2123,2077,2137,2096,18.736072722754347,14.145123925551925,0.9272727272727272,0.0,0.9950980392156863,0.004901960784313725,0.0,0.0,0.0,0.0,0.0,0.0,0.0,0.0,0.0,0.0,0.0,0.0,0.0,0.0
2785,Rutile,0.883551673944687,687,29.575590733458846,2125.0029112081515,2953.8515283842794,2106,2938,2144,2972,35.52199156367891,28.62630879421546,0.7541163556531284,0.0,0.0,0.883551673944687,0.004366812227074236,0.0,0.0,0.0,0.0,0.11208151382823872,0.0,0.0,0.0,0.0,0.0,0.0,0.0,0.0
2786,Ilmenite,0.706959706959707,273,18.643883600599406,2121.714285714286,2935.007326007326,2107,2927,2138,2944,30.49904665424308,14.453261791125048,0.7036082474226805,0.0,0.0,0.0,0.706959706959707,0.0,0.0,0.29304029304029305,0.0,0.0,0.0,0.0,0.0,0.0,0.0,0.0,0.0,0.0
2787,Ilmenite,0.9613034623217923,491,25.003212122944625,2134.164969450102,2970.419551934827,2113,2954,2151,2984,39.0490087336097,22.05428595005118,0.6707650273224044,0.0,0.0,0.0,0.9613034623217923,0.0,0.0,0.038696537678207736,0.0,0.0,0.0,0.0,0.0,0.0,0.0,0.0,0.0,0.0
2789,Quartz,1.0,129,12.815923738491737,2144.68992248062,2943.3410852713178,2140,2933,2152,2955,22.97756302960921,8.963968527808358,0.6789473684210526,0.0,0.0,0.0,0.0,0.0,0.0,1.0,0.0,0.0,0.0,0.0,0.0,0.0,0.0,0.0,0.0,0.0
2790,Zircon,1.0,435,23.534213434057992,2136.32183908046,2006.8574712643679,2129,1989,2146,2022,32.43682436418596,18.225502966848165,0.9375,0.0,1.0,0.0,0.0,0.0,0.0,0.0,0.0,0.0,0.0,0.0,0.0,0.0,0.0,0.0,0.0,0.0
2791,Zircon,1.0,3182,63.650987669849144,2125.056568196103,468.45254556882463,2086,439,2162,500,78.76361742829006,53.08872532080073,0.9130559540889527,0.0,1.0,0.0,0.0,0.0,0.0,0.0,0.0,0.0,0.0,0.0,0.0,0.0,0.0,0.0,0.0,0.0
2792,Zircon,1.0,371,21.73411767467788,2129.3288409703505,1685.946091644205,2119,1674,2142,1699,26.592527148284343,19.73350511862351,0.875,0.0,1.0,0.0,0.0,0.0,0.0,0.0,0.0,0.0,0.0,0.0,0.0,0.0,0.0,0.0,0.0,0.0
2793,Monazite & Xenotime,1.0,566,26.844991754889815,2132.786219081272,1798.7703180212013,2117,1788,2152,1812,33.27004974770037,22.662882226669474,0.9203252032520325,1.0,0.0,0.0,0.0,0.0,0.0,0.0,0.0,0.0,0.0,0.0,0.0,0.0,0.0,0.0,0.0,0.0
2794,Rutile,1.0,1478,43.380272556988054,2136.5879566982408,2237.8274695534506,2115,2209,2159,2266,57.89561209378241,36.66667800735838,0.8465063001145475,0.0,0.0,1.0,0.0,0.0,0.0,0.0,0.0,0.0,0.0,0.0,0.0,0.0,0.0,0.0,0.0,0.0
2795,Zircon,1.0,511,25.507359866510456,2134.4598825831704,1392.1350293542075,2120,1379,2151,1405,31.615820863263956,21.41101565679625,0.9012345679012346,0.0,1.0,0.0,0.0,0.0,0.0,0.0,0.0,0.0,0.0,0.0,0.0,0.0,0.0,0.0,0.0,0.0
2796,Illite,0.7261904761904762,168,14.625465582862905,2137.6726190476193,2110.1190476190477,2129,2103,2151,2118,22.9785078185389,10.683716888389558,0.7567567567567568,0.0,0.0,0.27380952380952384,0.0,0.0,0.0,0.0,0.0,0.0,0.0,0.0,0.0,0.7261904761904762,0.0,0.0,0.0,0.0
2797,Rutile,1.0,209,16.312788383647018,2133.2918660287082,1192.4641148325359,2128,1178,2141,1208,29.45857665092285,11.148200282059209,0.7385159010600707,0.0,0.0,1.0,0.0,0.0,0.0,0.0,0.0,0.0,0.0,0.0,0.0,0.0,0.0,0.0,0.0,0.0
2798,Zircon,1.0,670,29.20737055903114,2137.5850746268657,67.63432835820896,2116,57,2159,81,41.77647512908709,20.993086402217603,0.8993288590604027,0.0,1.0,0.0,0.0,0.0,0.0,0.0,0.0,0.0,0.0,0.0,0.0,0.0,0.0,0.0,0.0,0.0
2799,Rutile,1.0,594,27.500987065425246,2136.710437710438,878.4494949494949,2121,866,2152,894,30.488065864034255,25.882755560744467,0.911042944785276,0.0,0.0,1.0,0.0,0.0,0.0,0.0,0.0,0.0,0.0,0.0,0.0,0.0,0.0,0.0,0.0,0.0
2800,Rutile,1.0,154,14.002817212590296,2138.6753246753246,151.23376623376623,2132,145,2148,161,15.436938132058357,14.2253558420078,0.8555555555555555,0.0,0.0,1.0,0.0,0.0,0.0,0.0,0.0,0.0,0.0,0.0,0.0,0.0,0.0,0.0,0.0,0.0
2801,Rutile,1.0,326,20.37341629633241,2136.8435582822085,391.2760736196319,2122,385,2154,399,32.30486439971628,13.484347608574359,0.8693333333333333,0.0,0.0,1.0,0.0,0.0,0.0,0.0,0.0,0.0,0.0,0.0,0.0,0.0,0.0,0.0,0.0,0.0
2802,Ilmenite,1.0,278,18.81384047546846,2146.8992805755397,381.7913669064748,2134,372,2158,395,28.195442152077234,14.07942575434343,0.7433155080213903,0.0,0.0,0.0,1.0,0.0,0.0,0.0,0.0,0.0,0.0,0.0,0.0,0.0,0.0,0.0,0.0,0.0
2804,Zircon,1.0,1443,42.863558683954835,2138.7151767151768,2778.844767844768,2115,2757,2166,2804,50.721247734693456,39.257240688639634,0.838953488372093,0.0,1.0,0.0,0.0,0.0,0.0,0.0,0.0,0.0,0.0,0.0,0.0,0.0,0.0,0.0,0.0,0.0
2805,Rutile,1.0,1349,41.44393979640129,2132.858413639733,3056.9495922905858,2107,3038,2159,3076,52.59541242757043,33.85448567826434,0.8776837996096292,0.0,0.0,1.0,0.0,0.0,0.0,0.0,0.0,0.0,0.0,0.0,0.0,0.0,0.0,0.0,0.0,0.0
2806,Quartz,1.0,1071,36.92749046999213,2137.5219421101774,289.718954248366,2119,265,2158,312,44.0110642554333,31.987265766472692,0.8873239436619719,0.0,0.0,0.0,0.0,0.0,0.0,1.0,0.0,0.0,0.0,0.0,0.0,0.0,0.0,0.0,0.0,0.0
2808,Quartz,1.0,683,29.489364337912,2138.692532942899,1254.8228404099561,2125,1239,2153,1272,31.91688031479424,27.357096788718035,0.9565826330532213,0.0,0.0,0.0,0.0,0.0,0.0,1.0,0.0,0.0,0.0,0.0,0.0,0.0,0.0,0.0,0.0,0.0
2809,Zircon,1.0,1611,45.29005306431366,2139.3500931098697,1921.5176908752328,2122,1895,2159,1951,58.797936810465835,37.32671300509133,0.8905472636815921,0.0,1.0,0.0,0.0,0.0,0.0,0.0,0.0,0.0,0.0,0.0,0.0,0.0,0.0,0.0,0.0,0.0
2811,Zircon,1.0,654,28.856518540128786,2134.830275229358,780.1330275229358,2111,767,2157,793,49.19629694861281,17.861732377050487,0.859395532194481,0.0,1.0,0.0,0.0,0.0,0.0,0.0,0.0,0.0,0.0,0.0,0.0,0.0,0.0,0.0,0.0,0.0
2812,Rutile,1.0,852,32.9363035587535,2141.639671361502,1500.3415492957747,2118,1487,2165,1516,41.72108209411275,27.652588350317128,0.8469184890656064,0.0,0.0,1.0,0.0,0.0,0.0,0.0,0.0,0.0,0.0,0.0,0.0,0.0,0.0,0.0,0.0,0.0
2813,Rutile,1.0,1789,47.72657064498984,2133.733929569592,1642.9094466182225,2105,1615,2162,1670,62.44556541208113,39.880602104537154,0.8221507352941176,0.0,0.0,1.0,0.0,0.0,0.0,0.0,0.0,0.0,0.0,0.0,0.0,0.0,0.0,0.0,0.0,0.0
2814,Zircon,1.0,582,27.221781995965376,2143.082474226804,3088.63058419244,2129,3075,2159,3103,29.67801831368641,25.304235844618326,0.9463414634146341,0.0,1.0,0.0,0.0,0.0,0.0,0.0,0.0,0.0,0.0,0.0,0.0,0.0,0.0,0.0,0.0,0.0
2815,Zircon,1.0,110,11.834540545406394,2142.418181818182,1696.9454545454546,2137,1688,2147,1705,17.145222144134177,9.101214283267035,0.9016393442622951,0.0,1.0,0.0,0.0,0.0,0.0,0.0,0.0,0.0,0.0,0.0,0.0,0.0,0.0,0.0,0.0,0.0
2816,Rutile,1.0,678,29.381225490616288,2155.079646017699,2487.508849557522,2134,2474,2180,2505,51.60086890704209,18.151357193994038,0.853904282115869,0.0,0.0,1.0,0.0,0.0,0.0,0.0,0.0,0.0,0.0,0.0,0.0,0.0,0.0,0.0,0.0,0.0
2817,Zircon,1.0,2889,60.64972419343624,2146.742817583939,2895.760470751125,2109,2869,2187,2929,82.24002713726529,45.61003835977961,0.9235933503836317,0.0,1.0,0.0,0.0,0.0,0.0,0.0,0.0,0.0,0.0,0.0,0.0,0.0,0.0,0.0,0.0,0.0
2818,Ilmenite,1.0,176,14.96964127403822,2144.1875,2683.7272727272725,2139,2670,2153,2694,22.516491224271867,11.228233259103659,0.8,0.0,0.0,0.0,1.0,0.0,0.0,0.0,0.0,0.0,0.0,0.0,0.0,0.0,0.0,0.0,0.0,0.0
2819,Zircon,0.9682259488084731,2266,53.71369293178304,2145.5070609002646,511.5189761694616,2116,485,2176,540,61.81327838897632,48.3536358844593,0.9129734085414988,0.0,0.9682259488084731,0.0,0.0,0.0,0.0,0.0,0.0,0.0,0.0,0.0,0.0,0.0,0.0,0.0,0.0,0.03177405119152692
2821,Rutile,1.0,237,17.371176474327626,2145.012658227848,3001.73417721519,2136,2993,2154,3012,19.186921594158072,16.5070943010189,0.9080459770114943,0.0,0.0,1.0,0.0,0.0,0.0,0.0,0.0,0.0,0.0,0.0,0.0,0.0,0.0,0.0,0.0,0.0
2822,Rutile,1.0,346,20.98906578384008,2148.4248554913293,2726.921965317919,2136,2710,2161,2742,36.1312932240923,13.917416188721168,0.8065268065268065,0.0,0.0,1.0,0.0,0.0,0.0,0.0,0.0,0.0,0.0,0.0,0.0,0.0,0.0,0.0,0.0,0.0
2823,Rutile,0.8653250773993808,646,28.679483013103898,2149.405572755418,1288.0216718266254,2133,1274,2167,1308,32.865033864796395,29.89599187276933,0.7849331713244229,0.0,0.0,0.8653250773993808,0.1346749226006192,0.0,0.0,0.0,0.0,0.0,0.0,0.0,0.0,0.0,0.0,0.0,0.0,0.0
2824,Zircon,0.9757509952949692,2763,59.31240057612957,2147.8704306912778,1565.0162866449512,2114,1536,2192,1593,71.04120781150978,53.259635185226834,0.9106789716545814,0.0,0.9757509952949692,0.0,0.0,0.0,0.0,0.0,0.0,0.0,0.0,0.0,0.0,0.0,0.0,0.0,0.0,0.024249004705030764
2825,Monazite & Xenotime,1.0,413,22.93137440223813,2150.3898305084745,1812.0653753026634,2137,1800,2162,1827,27.300658954441207,20.54817318716796,0.8586278586278586,1.0,0.0,0.0,0.0,0.0,0.0,0.0,0.0,0.0,0.0,0.0,0.0,0.0,0.0,0.0,0.0,0.0
2826,Zircon,1.0,288,19.149229459268767,2157.0243055555557,2057.3125,2147,2045,2174,2068,29.601044442891713,21.790303505012655,0.6167023554603854,0.0,1.0,0.0,0.0,0.0,0.0,0.0,0.0,0.0,0.0,0.0,0.0,0.0,0.0,0.0,0.0,0.0
2827,Zircon,1.0,1073,36.961953837707625,2150.685927306617,2167.5573159366263,2133,2145,2168,2192,47.893454672298965,29.3697856179854,0.9093220338983051,0.0,1.0,0.0,0.0,0.0,0.0,0.0,0.0,0.0,0.0,0.0,0.0,0.0,0.0,0.0,0.0,0.0
2828,Rutile,1.0,238,17.407785949022028,2154.168067226891,2510.138655462185,2146,2498,2164,2522,22.9771082450372,14.437305945346083,0.815068493150685,0.0,0.0,1.0,0.0,0.0,0.0,0.0,0.0,0.0,0.0,0.0,0.0,0.0,0.0,0.0,0.0,0.0
2829,Iron Oxides,1.0,161,14.317526556719258,2153.645962732919,137.3167701863354,2147,128,2162,145,16.841840059853048,12.756528886776104,0.8797814207650273,0.0,0.0,0.0,0.0,1.0,0.0,0.0,0.0,0.0,0.0,0.0,0.0,0.0,0.0,0.0,0.0,0.0
2830,Zircon,1.0,1763,47.37849002836722,2156.0448099829837,2280.6999432785024,2134,2246,2178,2313,64.86936197605718,36.68473032449309,0.8616813294232649,0.0,1.0,0.0,0.0,0.0,0.0,0.0,0.0,0.0,0.0,0.0,0.0,0.0,0.0,0.0,0.0,0.0
2831,Zircon,1.0,1228,39.54160038408638,2153.182410423453,1754.8574918566776,2135,1733,2175,1783,52.62837193247468,32.75478561924525,0.8765167737330478,0.0,1.0,0.0,0.0,0.0,0.0,0.0,0.0,0.0,0.0,0.0,0.0,0.0,0.0,0.0,0.0,0.0
2832,Zircon,1.0,2252,53.54750652218632,2163.2761989342807,340.7686500888099,2137,306,2188,379,80.9074728536152,37.851206652262285,0.8742236024844721,0.0,1.0,0.0,0.0,0.0,0.0,0.0,0.0,0.0,0.0,0.0,0.0,0.0,0.0,0.0,0.0,0.0
2834,Rutile,1.0,430,23.398568422792877,2162.625581395349,772.660465116279,2151,756,2176,786,30.933950918466657,19.809519489425057,0.8128544423440454,0.0,0.0,1.0,0.0,0.0,0.0,0.0,0.0,0.0,0.0,0.0,0.0,0.0,0.0,0.0,0.0,0.0
2835,Zircon,1.0,567,26.86869594648831,2162.7019400352733,1722.6701940035273,2145,1709,2179,1735,34.77167423586739,22.881373272095377,0.8590909090909091,0.0,1.0,0.0,0.0,0.0,0.0,0.0,0.0,0.0,0.0,0.0,0.0,0.0,0.0,0.0,0.0,0.0
2836,Zircon,1.0,2583,57.347866081057674,2167.5238095238096,2360.679055361982,2139,2333,2205,2394,66.45843345148182,56.05353574310418,0.8601398601398601,0.0,1.0,0.0,0.0,0.0,0.0,0.0,0.0,0.0,0.0,0.0,0.0,0.0,0.0,0.0,0.0,0.0
2837,Zircon,0.998780487804878,820,32.31186201200472,2161.346341463415,185.3609756097561,2146,165,2177,207,44.06688761238078,23.98409953850614,0.9579439252336449,0.0012195121951219512,0.998780487804878,0.0,0.0,0.0,0.0,0.0,0.0,0.0,0.0,0.0,0.0,0.0,0.0,0.0,0.0,0.0
2838,Zircon,0.9413351314902225,1483,43.45358724941183,2164.6075522589344,1171.4106540795685,2136,1149,2195,1188,58.51452352800279,35.195964821537665,0.8392756083757782,0.0,0.9413351314902225,0.0,0.05866486850977748,0.0,0.0,0.0,0.0,0.0,0.0,0.0,0.0,0.0,0.0,0.0,0.0,0.0
2839,Quartz,1.0,374,21.821814538001895,2163.5695187165775,713.403743315508,2150,703,2177,724,26.177172524685282,18.979460133650555,0.8968824940047961,0.0,0.0,0.0,0.0,0.0,0.0,1.0,0.0,0.0,0.0,0.0,0.0,0.0,0.0,0.0,0.0,0.0
2840,Rutile,1.0,757,31.045810270703488,2165.2919418758256,2016.5838837516512,2148,1998,2183,2036,39.48459231640615,26.486218435479984,0.8201516793066089,0.0,0.0,1.0,0.0,0.0,0.0,0.0,0.0,0.0,0.0,0.0,0.0,0.0,0.0,0.0,0.0,0.0
2841,Zircon,1.0,818,32.27243324562564,2165.161369193154,1226.4779951100245,2143,1211,2183,1243,37.57129397255116,29.384773677263805,0.8920392584514721,0.0,1.0,0.0,0.0,0.0,0.0,0.0,0.0,0.0,0.0,0.0,0.0,0.0,0.0,0.0,0.0,0.0
2842,Zircon,1.0,665,29.098183744847088,2166.612030075188,1959.3443609022556,2152,1945,2181,1974,30.83753703047889,28.37600696458207,0.9248956884561892,0.0,1.0,0.0,0.0,0.0,0.0,0.0,0.0,0.0,0.0,0.0,0.0,0.0,0.0,0.0,0.0,0.0
2843,Rutile,1.0,188,15.471555655790098,2163.2872340425533,1137.6702127659576,2155,1127,2170,1147,20.985928650656852,12.840210900231838,0.8744186046511628,0.0,0.0,1.0,0.0,0.0,0.0,0.0,0.0,0.0,0.0,0.0,0.0,0.0,0.0,0.0,0.0,0.0
2844,Ilmenite,1.0,193,15.67594437773643,2162.2279792746112,1124.7668393782383,2154,1115,2172,1135,21.654336699204833,12.331336604112403,0.8391304347826087,0.0,0.0,0.0,1.0,0.0,0.0,0.0,0.0,0.0,0.0,0.0,0.0,0.0,0.0,0.0,0.0,0.0
2845,Zircon,1.0,1994,50.38689960894512,2167.5656970912737,1389.7833500501504,2152,1355,2187,1428,74.75443812142035,35.567403433339344,0.9274418604651162,0.0,1.0,0.0,0.0,0.0,0.0,0.0,0.0,0.0,0.0,0.0,0.0,0.0,0.0,0.0,0.0,0.0
2846,Rutile,0.8923976608187134,855,32.99423905394037,2166.8830409356724,2804.6105263157897,2150,2782,2182,2829,48.48987068938288,27.948741434763765,0.7566371681415929,0.0,0.0,0.8923976608187134,0.10760233918128655,0.0,0.0,0.0,0.0,0.0,0.0,0.0,0.0,0.0,0.0,0.0,0.0,0.0
2847,Zircon,1.0,808,32.07456238432586,2170.7264851485147,55.03465346534654,2153,36,2190,77,37.954978035674586,32.720924621252976,0.7593984962406015,0.0,1.0,0.0,0.0,0.0,0.0,0.0,0.0,0.0,0.0,0.0,0.0,0.0,0.0,0.0,0.0,0.0
2848,Rutile,1.0,113,11.994835078277376,2170.433628318584,2082.8230088495575,2162,2077,2177,2090,15.79578761067007,12.07686218434085,0.7533333333333333,0.0,0.0,1.0,0.0,0.0,0.0,0.0,0.0,0.0,0.0,0.0,0.0,0.0,0.0,0.0,0.0,0.0
2849,Illite,1.0,1637,45.654059345598846,2176.610262675626,1616.5791081246182,2155,1591,2204,1640,54.89032231224228,40.32757301482556,0.8512740509620385,0.0,0.0,0.0,0.0,0.0,0.0,0.0,0.0,0.0,0.0,0.0,0.0,1.0,0.0,0.0,0.0,0.0
2851,Quartz,1.0,1010,35.86045091995518,2179.977227722772,2841.4554455445545,2160,2820,2208,2865,56.78325149782966,24.224905632276485,0.8684436801375752,0.0,0.0,0.0,0.0,0.0,0.0,1.0,0.0,0.0,0.0,0.0,0.0,0.0,0.0,0.0,0.0,0.0
2852,Illite,1.0,133,13.013103375051497,2177.0225563909776,25.894736842105264,2170,20,2185,33,15.813602015942102,11.465550620215984,0.8209876543209876,0.0,0.0,0.0,0.0,0.0,0.0,0.0,0.0,0.0,0.0,0.0,0.0,1.0,0.0,0.0,0.0,0.0
2853,Zircon,1.0,3441,66.19076426083699,2177.855274629468,236.33188026736414,2152,189,2215,289,100.33569239500855,51.16335487045745,0.8075569115231166,0.0,1.0,0.0,0.0,0.0,0.0,0.0,0.0,0.0,0.0,0.0,0.0,0.0,0.0,0.0,0.0,0.0
2854,Quartz,1.0,233,17.22396045987371,2175.218884120172,486.4334763948498,2168,474,2185,498,23.437844270767044,13.048343577594077,0.9246031746031746,0.0,0.0,0.0,0.0,0.0,0.0,1.0,0.0,0.0,0.0,0.0,0.0,0.0,0.0,0.0,0.0,0.0
2855,Zircon,1.0,922,34.262616074167774,2175.4989154013015,3111.7039045553147,2161,3090,2192,3131,41.31229393219051,29.37077005017334,0.9544513457556936,0.0,1.0,0.0,0.0,0.0,0.0,0.0,0.0,0.0,0.0,0.0,0.0,0.0,0.0,0.0,0.0,0.0
2856,Zircon,1.0,183,15.26443044094783,2179.4535519125684,2663.224043715847,2171,2655,2189,2670,18.257996968225484,13.654368469713436,0.8755980861244019,0.0,1.0,0.0,0.0,0.0,0.0,0.0,0.0,0.0,0.0,0.0,0.0,0.0,0.0,0.0,0.0,0.0
2857,Rutile,0.8612244897959184,735,30.591356056578213,2177.7115646258503,1086.3115646258505,2160,1071,2200,1101,39.93194347050829,25.29839268005671,0.8516801853997682,0.0,0.0,0.8612244897959184,0.13877551020408163,0.0,0.0,0.0,0.0,0.0,0.0,0.0,0.0,0.0,0.0,0.0,0.0,0.0
2859,Rutile,1.0,691,29.661566469288122,2183.0940665701883,1342.2633863965268,2167,1329,2200,1355,33.95098641134057,27.364733239818555,0.9009126466753585,0.0,0.0,1.0,0.0,0.0,0.0,0.0,0.0,0.0,0.0,0.0,0.0,0.0,0.0,0.0,0.0,0.0
2860,Rutile,1.0,859,33.0713285026094,2183.6717112922,1664.1210710128055,2166,1641,2202,1684,41.894315228767084,31.481271020549197,0.7608503100088574,0.0,0.0,1.0,0.0,0.0,0.0,0.0,0.0,0.0,0.0,0.0,0.0,0.0,0.0,0.0,0.0,0.0
2861,Rutile,1.0,918,34.18821291127805,2180.7952069716775,737.7886710239651,2163,722,2201,757,37.86778702589392,31.37363916652819,0.9291497975708503,0.0,0.0,1.0,0.0,0.0,0.0,0.0,0.0,0.0,0.0,0.0,0.0,0.0,0.0,0.0,0.0,0.0
2862,Monazite & Xenotime,1.0,845,32.80072278626208,2189.9562130177515,171.596449704142,2167,154,2216,188,52.634328676518486,27.936858191133865,0.6765412329863891,1.0,0.0,0.0,0.0,0.0,0.0,0.0,0.0,0.0,0.0,0.0,0.0,0.0,0.0,0.0,0.0,0.0
2863,Rutile,1.0,216,16.583719174624104,2183.587962962963,139.33796296296296,2174,131,2193,151,21.876621008593922,14.015174385440346,0.7941176470588235,0.0,0.0,1.0,0.0,0.0,0.0,0.0,0.0,0.0,0.0,0.0,0.0,0.0,0.0,0.0,0.0,0.0
2864,Zircon,1.0,944,34.668979365276876,2178.8824152542375,1700.227754237288,2155,1689,2207,1715,50.30808911623424,24.875505252040153,0.87569573283859,0.0,1.0,0.0,0.0,0.0,0.0,0.0,0.0,0.0,0.0,0.0,0.0,0.0,0.0,0.0,0.0,0.0
2865,Rutile,0.9470899470899471,1323,41.04261099984527,2188.5925925925926,1835.9024943310658,2167,1813,2209,1862,45.91785332258206,38.5059497527998,0.8607677293428757,0.0,0.0,0.9470899470899471,0.0,0.0,0.0,0.0,0.0,0.0,0.0,0.0,0.0,0.0,0.0,0.0,0.0,0.05291005291005291
2866,Rutile,0.9470061940812113,1453,43.01182463579279,2189.308327598073,2629.1610461114933,2172,2600,2208,2658,58.43328696958729,34.54050472701207,0.8742478941034898,0.0,0.0,0.9470061940812113,0.05299380591878871,0.0,0.0,0.0,0.0,0.0,0.0,0.0,0.0,0.0,0.0,0.0,0.0,0.0
2867,Zircon,1.0,855,32.99423905394037,2188.3461988304093,308.08654970760233,2173,292,2208,329,34.74161247482604,32.668785064686325,0.9323882224645583,0.0,1.0,0.0,0.0,0.0,0.0,0.0,0.0,0.0,0.0,0.0,0.0,0.0,0.0,0.0,0.0,0.0
2868,Ilmenite,1.0,543,26.29389801439097,2188.4696132596687,1210.8747697974218,2174,1195,2201,1229,32.46390375381531,23.96303502889924,0.8578199052132701,0.0,0.0,0.0,1.0,0.0,0.0,0.0,0.0,0.0,0.0,0.0,0.0,0.0,0.0,0.0,0.0,0.0
2869,Zircon,1.0,1489,43.54140193092842,2188.2518468770986,2168.3096037609134,2167,2148,2223,2190,51.120426373666426,40.24595779858306,0.8346412556053812,0.0,1.0,0.0,0.0,0.0,0.0,0.0,0.0,0.0,0.0,0.0,0.0,0.0,0.0,0.0,0.0,0.0
2870,Rutile,1.0,1549,44.40999949104669,2181.6759199483536,2955.5932859909617,2155,2934,2212,2981,52.257180634668565,42.2372719798557,0.8278995189738108,0.0,0.0,1.0,0.0,0.0,0.0,0.0,0.0,0.0,0.0,0.0,0.0,0.0,0.0,0.0,0.0,0.0
2871,Illite,0.8763796909492274,453,24.016192740836935,2178.3311258278145,8.635761589403973,2156,0,2193,22,34.94943521965564,21.16314007740489,0.75,0.0,0.0,0.12362030905077263,0.0,0.0,0.0,0.0,0.0,0.0,0.0,0.0,0.0,0.8763796909492274,0.0,0.0,0.0,0.0
2872,Zircon,1.0,964,35.03431062722223,2189.308091286307,993.2188796680498,2172,973,2206,1011,39.652715948645636,31.984684063258346,0.9506903353057199,0.0,1.0,0.0,0.0,0.0,0.0,0.0,0.0,0.0,0.0,0.0,0.0,0.0,0.0,0.0,0.0,0.0
2873,Zircon,1.0,870,33.282403818227905,2190.92183908046,1051.0620689655173,2173,1033,2210,1067,35.77886894210174,31.7044984066338,0.9157894736842105,0.0,1.0,0.0,0.0,0.0,0.0,0.0,0.0,0.0,0.0,0.0,0.0,0.0,0.0,0.0,0.0,0.0
2874,Zircon,1.0,526,25.879026267050612,2188.2205323193916,2298.790874524715,2170,2286,2203,2315,30.72894698904704,24.20231452383637,0.8566775244299675,0.0,1.0,0.0,0.0,0.0,0.0,0.0,0.0,0.0,0.0,0.0,0.0,0.0,0.0,0.0,0.0,0.0
2875,Zircon,1.0,533,26.05065598682386,2185.5046904315195,2518.1031894934335,2170,2501,2200,2536,38.02483464323715,18.998897724886486,0.8809917355371901,0.0,1.0,0.0,0.0,0.0,0.0,0.0,0.0,0.0,0.0,0.0,0.0,0.0,0.0,0.0,0.0,0.0
2876,Rutile,1.0,1258,40.021685962448345,2189.8481717011127,2924.120031796502,2169,2903,2214,2941,46.07544129312141,36.82368490491677,0.899856938483548,0.0,0.0,1.0,0.0,0.0,0.0,0.0,0.0,0.0,0.0,0.0,0.0,0.0,0.0,0.0,0.0,0.0
2877,Zircon,1.0,637,28.479002615897535,2191.7927786499217,2067.3516483516482,2174,2054,2208,2084,33.017975263101924,26.110654488918378,0.8798342541436464,0.0,1.0,0.0,0.0,0.0,0.0,0.0,0.0,0.0,0.0,0.0,0.0,0.0,0.0,0.0,0.0,0.0
2879,Rutile,1.0,407,22.764193258431348,2194.054054054054,2245.3734643734642,2184,2233,2210,2261,24.66685878912647,23.642295478730542,0.7767175572519084,0.0,0.0,1.0,0.0,0.0,0.0,0.0,0.0,0.0,0.0,0.0,0.0,0.0,0.0,0.0,0.0,0.0
2880,Rutile,0.9407616361071932,2127,52.04018170271594,2195.3206393982136,846.62341325811,2173,816,2218,879,62.89606747033308,43.30191076493134,0.9470169189670525,0.0,0.0,0.9407616361071932,0.016455101081335213,0.0,0.0,0.0,0.0,0.0,0.0,0.0,0.0,0.0,0.0,0.0,0.0,0.04278326281147156
2881,Rutile,0.8627450980392157,153,13.957279475043833,2193.967320261438,1441.4313725490197,2188,1433,2201,1450,18.60126356441755,11.783111948895812,0.8095238095238095,0.0,0.0,0.8627450980392157,0.0,0.0,0.0,0.13725490196078433,0.0,0.0,0.0,0.0,0.0,0.0,0.0,0.0,0.0,0.0
2884,Illite,1.0,209,16.312788383647018,2189.6363636363635,1482.401913875598,2176,1470,2202,1496,35.280481353578146,14.89368411531811,0.5225,0.0,0.0,0.0,0.0,0.0,0.0,0.0,0.0,0.0,0.0,0.0,0.0,1.0,0.0,0.0,0.0,0.0
2885,Zircon,1.0,649,28.745999104799274,2189.53312788906,625.8443759630201,2171,613,2211,638,42.34800435448831,20.354891050852856,0.9001386962552012,0.0,1.0,0.0,0.0,0.0,0.0,0.0,0.0,0.0,0.0,0.0,0.0,0.0,0.0,0.0,0.0,0.0
2886,Zircon,1.0,2016,50.664098947737024,2196.8000992063494,578.5873015873016,2167,551,2230,603,67.25229771757456,39.798426607633274,0.8987962550156041,0.0,1.0,0.0,0.0,0.0,0.0,0.0,0.0,0.0,0.0,0.0,0.0,0.0,0.0,0.0,0.0,0.0
2887,Illite,1.0,124,12.565098628628435,2198.9032258064517,1461.8709677419354,2191,1455,2208,1468,14.997408809550437,11.681949645568213,0.8266666666666667,0.0,0.0,0.0,0.0,0.0,0.0,0.0,0.0,0.0,0.0,0.0,0.0,1.0,0.0,0.0,0.0,0.0
2888,Zircon,0.9678824169842134,1837,48.36259963730748,2195.4278715296678,98.80620577027763,2171,74,2223,126,56.900470827100335,42.932713357294006,0.8926141885325559,0.0,0.9678824169842134,0.0,0.0,0.0,0.0,0.0,0.0,0.0,0.0,0.0,0.0,0.0,0.0,0.0,0.0,0.032117583015786606
2889,Zircon,1.0,570,26.939683377854365,2203.343859649123,612.0035087719298,2186,602,2221,626,36.85041985970924,20.465807208337704,0.8892355694227769,0.0,1.0,0.0,0.0,0.0,0.0,0.0,0.0,0.0,0.0,0.0,0.0,0.0,0.0,0.0,0.0,0.0
2891,Rutile,1.0,362,21.468877828012552,2196.685082872928,2690.533149171271,2182,2679,2210,2706,35.03474070118994,14.942288634406465,0.8116591928251121,0.0,0.0,1.0,0.0,0.0,0.0,0.0,0.0,0.0,0.0,0.0,0.0,0.0,0.0,0.0,0.0,0.0
2892,Zircon,1.0,3095,62.77480697664732,2184.8138933764135,916.1596122778675,2138,888,2224,941,96.59863444477304,43.63368442604612,0.927757793764988,0.0,1.0,0.0,0.0,0.0,0.0,0.0,0.0,0.0,0.0,0.0,0.0,0.0,0.0,0.0,0.0,0.0
2893,Rutile,0.9411764705882353,459,24.17471718621419,2190.849673202614,1141.5795206971677,2179,1128,2207,1161,35.5035893237284,21.076676633604496,0.713841368584759,0.0,0.0,0.9411764705882353,0.058823529411764705,0.0,0.0,0.0,0.0,0.0,0.0,0.0,0.0,0.0,0.0,0.0,0.0,0.0
2894,Ilmenite,1.0,530,25.977239243415305,2206.567924528302,1132.5377358490566,2190,1113,2219,1153,42.1795860950365,21.594222407387235,0.6583850931677019,0.0,0.0,0.0,1.0,0.0,0.0,0.0,0.0,0.0,0.0,0.0,0.0,0.0,0.0,0.0,0.0,0.0
2895,Rutile,0.937007874015748,1143,38.14856222234714,2205.2755905511813,1313.6027996500438,2183,1291,2229,1339,55.95496044668699,27.063730642047602,0.8901869158878505,0.0,0.0,0.937007874015748,0.06299212598425197,0.0,0.0,0.0,0.0,0.0,0.0,0.0,0.0,0.0,0.0,0.0,0.0,0.0
2896,Rutile,1.0,1673,46.153328789394244,2207.163179916318,1736.2994620442319,2179,1711,2239,1761,59.13227095634793,39.190801323022235,0.7814105558150397,0.0,0.0,1.0,0.0,0.0,0.0,0.0,0.0,0.0,0.0,0.0,0.0,0.0,0.0,0.0,0.0,0.0
2897,Quartz,1.0,3826,69.79551918394714,2206.0146366962886,1540.0872974385782,2172,1503,2238,1583,81.73881532581883,61.15808517485341,0.919048762911362,0.0,0.0,0.0,0.0,0.0,0.0,1.0,0.0,0.0,0.0,0.0,0.0,0.0,0.0,0.0,0.0,0.0
2898,Zircon,1.0,646,28.679483013103898,2199.7755417956655,2129.498452012384,2184,2114,2214,2147,33.692063997355554,26.364467017530284,0.8706199460916442,0.0,1.0,0.0,0.0,0.0,0.0,0.0,0.0,0.0,0.0,0.0,0.0,0.0,0.0,0.0,0.0,0.0
2899,Illite,1.0,295,19.38054864282415,2202.4881355932202,2871.264406779661,2193,2859,2214,2883,27.17592850706019,14.330562849491725,0.8858858858858859,0.0,0.0,0.0,0.0,0.0,0.0,0.0,0.0,0.0,0.0,0.0,0.0,1.0,0.0,0.0,0.0,0.0
2900,Zircon,1.0,1365,41.68899109553381,2205.9919413919415,331.94139194139194,2183,304,2226,357,51.562453337770414,35.58145339698062,0.9130434782608695,0.0,1.0,0.0,0.0,0.0,0.0,0.0,0.0,0.0,0.0,0.0,0.0,0.0,0.0,0.0,0.0,0.0
2901,Iron Oxides,1.0,155,14.048207338801282,2205.2903225806454,58.89032258064516,2196,52,2215,68,23.179412171656548,9.692676799030615,0.7673267326732673,0.0,0.0,0.0,0.0,1.0,0.0,0.0,0.0,0.0,0.0,0.0,0.0,0.0,0.0,0.0,0.0,0.0
2902,Rutile,0.8805970149253731,335,20.65272978291924,2202.2059701492535,2197.2298507462688,2190,2185,2216,2211,31.60297242788144,14.315516853565487,0.8545918367346939,0.0,0.0,0.8805970149253731,0.11940298507462686,0.0,0.0,0.0,0.0,0.0,0.0,0.0,0.0,0.0,0.0,0.0,0.0,0.0
2903,Zircon,1.0,809,32.09440436728413,2199.7663782447466,2753.5784919653893,2176,2734,2216,2773,42.17563313687037,32.14440338694648,0.7546641791044776,0.0,1.0,0.0,0.0,0.0,0.0,0.0,0.0,0.0,0.0,0.0,0.0,0.0,0.0,0.0,0.0,0.0
2904,Zircon,1.0,1383,41.962963317296,2209.951554591468,1932.7903109182935,2191,1909,2234,1956,49.28211000728549,38.56544094072868,0.8820153061224489,0.0,1.0,0.0,0.0,0.0,0.0,0.0,0.0,0.0,0.0,0.0,0.0,0.0,0.0,0.0,0.0,0.0
2905,Iron Oxides,1.0,1260,40.05348706874727,2210.068253968254,1881.8198412698412,2184,1859,2234,1905,46.04915789528938,38.89830369278044,0.8082103912764592,0.0,0.0,0.0,0.0,1.0,0.0,0.0,0.0,0.0,0.0,0.0,0.0,0.0,0.0,0.0,0.0,0.0
2906,Rutile,1.0,2023,50.751981232255694,2216.7829955511615,766.8363816114681,2185,730,2251,801,82.51572972421033,34.43838289579465,0.8582944420873992,0.0,0.0,1.0,0.0,0.0,0.0,0.0,0.0,0.0,0.0,0.0,0.0,0.0,0.0,0.0,0.0,0.0
2907,Quartz,1.0,237,17.371176474327626,2203.0168776371306,1424.029535864979,2188,1409,2215,1433,29.330632802573096,16.19238568416339,0.6253298153034301,0.0,0.0,0.0,0.0,0.0,0.0,1.0,0.0,0.0,0.0,0.0,0.0,0.0,0.0,0.0,0.0,0.0
2908,Zircon,1.0,1034,36.2840142384516,2209.855899419729,2011.2756286266924,2190,1989,2233,2028,43.66699759038384,32.51581213398236,0.8413344182262001,0.0,1.0,0.0,0.0,0.0,0.0,0.0,0.0,0.0,0.0,0.0,0.0,0.0,0.0,0.0,0.0,0.0
2909,Zircon,1.0,1232,39.60594802695323,2211.010551948052,2388.0170454545455,2190,2368,2232,2408,42.13301786577912,37.42521250585012,0.9550387596899225,0.0,1.0,0.0,0.0,0.0,0.0,0.0,0.0,0.0,0.0,0.0,0.0,0.0,0.0,0.0,0.0,0.0
2910,Rutile,1.0,1106,37.526030118800065,2215.3887884267633,396.76039783001806,2194,380,2240,415,45.40762517132244,31.22913685934725,0.9286314021830394,0.0,0.0,1.0,0.0,0.0,0.0,0.0,0.0,0.0,0.0,0.0,0.0,0.0,0.0,0.0,0.0,0.0
2911,Zircon,1.0,263,18.29923496393627,2216.9885931558933,650.4182509505704,2206,640,2231,662,26.22513238109138,14.596094366368943,0.8142414860681114,0.0,1.0,0.0,0.0,0.0,0.0,0.0,0.0,0.0,0.0,0.0,0.0,0.0,0.0,0.0,0.0,0.0
2912,Zircon,1.0,957,34.906879612929465,2215.9686520376176,257.03970741901776,2198,234,2237,278,47.59077968207826,27.07728093095281,0.8902325581395348,0.0,1.0,0.0,0.0,0.0,0.0,0.0,0.0,0.0,0.0,0.0,0.0,0.0,0.0,0.0,0.0,0.0
2913,Zircon,1.0,371,21.73411767467788,2208.512129380054,1160.822102425876,2193,1147,2219,1173,25.827383263514143,21.408762999849007,0.837471783295711,0.0,1.0,0.0,0.0,0.0,0.0,0.0,0.0,0.0,0.0,0.0,0.0,0.0,0.0,0.0,0.0,0.0
2914,Zircon,1.0,1841,48.415224897313394,2235.6208582292234,3018.072243346008,2199,2989,2263,3038,72.47710632602333,38.642627503562345,0.8307761732851986,0.0,1.0,0.0,0.0,0.0,0.0,0.0,0.0,0.0,0.0,0.0,0.0,0.0,0.0,0.0,0.0,0.0
2915,Zircon,1.0,900,33.851375012865375,2213.768888888889,1977.0844444444444,2189,1958,2232,1997,38.56410194318715,33.532491953687426,0.819672131147541,0.0,1.0,0.0,0.0,0.0,0.0,0.0,0.0,0.0,0.0,0.0,0.0,0.0,0.0,0.0,0.0,0.0
2916,Rutile,0.9352601156069364,865,33.186626918021,2218.1028901734103,2266.3803468208093,2188,2250,2244,2282,51.06736853894337,24.237516582316214,0.7594381035996488,0.0,0.0,0.9352601156069364,0.0,0.0,0.0,0.0,0.0,0.0,0.0,0.0,0.0,0.0,0.0,0.0,0.0,0.06473988439306358
2917,Zircon,1.0,717,30.2144461073691,2220.308228730823,1370.8563458856345,2201,1359,2240,1387,37.93848077689345,25.90538931355412,0.8797546012269939,0.0,1.0,0.0,0.0,0.0,0.0,0.0,0.0,0.0,0.0,0.0,0.0,0.0,0.0,0.0,0.0,0.0
2918,Zircon,1.0,537,26.148224328293928,2227.068901303538,1150.9497206703911,2217,1134,2241,1171,35.337039103291836,20.65907482764958,0.841692789968652,0.0,1.0,0.0,0.0,0.0,0.0,0.0,0.0,0.0,0.0,0.0,0.0,0.0,0.0,0.0,0.0,0.0
2919,Zircon,1.0,666,29.120053859730724,2219.9804804804803,1097.6081081081081,2205,1082,2236,1116,30.847425744926625,28.340539406639476,0.925,0.0,1.0,0.0,0.0,0.0,0.0,0.0,0.0,0.0,0.0,0.0,0.0,0.0,0.0,0.0,0.0,0.0
2920,Quartz,1.0,2057,51.17669140849406,2214.444822557122,2987.4973262032086,2186,2961,2247,3017,68.19263583233699,39.357238311137856,0.924910071942446,0.0,0.0,0.0,0.0,0.0,0.0,1.0,0.0,0.0,0.0,0.0,0.0,0.0,0.0,0.0,0.0,0.0
2921,Zircon,1.0,762,31.14817062185505,2222.8937007874015,151.53412073490813,2206,134,2240,173,44.57266887714504,22.623857409151807,0.8933177022274326,0.0,1.0,0.0,0.0,0.0,0.0,0.0,0.0,0.0,0.0,0.0,0.0,0.0,0.0,0.0,0.0,0.0
2922,Zircon,1.0,875,33.37790589062273,2223.150857142857,533.8102857142857,2205,518,2246,550,40.77443404466276,30.074542549504166,0.8741258741258742,0.0,1.0,0.0,0.0,0.0,0.0,0.0,0.0,0.0,0.0,0.0,0.0,0.0,0.0,0.0,0.0,0.0
2923,Zircon,1.0,1396,42.15972490956609,2222.6941260744984,2541.9663323782233,2200,2519,2247,2565,56.661404131314605,32.25976235238212,0.941970310391363,0.0,1.0,0.0,0.0,0.0,0.0,0.0,0.0,0.0,0.0,0.0,0.0,0.0,0.0,0.0,0.0,0.0
2924,Illite,1.0,446,23.829914749152643,2220.8004484304934,2860.7264573991033,2208,2841,2235,2879,34.63611149072204,22.96211666847383,0.6914728682170542,0.0,0.0,0.0,0.0,0.0,0.0,0.0,0.0,0.0,0.0,0.0,0.0,1.0,0.0,0.0,0.0,0.0
2926,Zircon,1.0,1754,47.25740324505225,2222.251425313569,2315.6436716077537,2201,2289,2247,2345,52.39080571865995,43.932579969768895,0.9178440607012036,0.0,1.0,0.0,0.0,0.0,0.0,0.0,0.0,0.0,0.0,0.0,0.0,0.0,0.0,0.0,0.0,0.0
2927,Zircon,1.0,453,24.016192740836935,2224.9205298013244,44.445916114790286,2209,29,2240,65,39.55012430402023,16.044422168773753,0.7487603305785124,0.0,1.0,0.0,0.0,0.0,0.0,0.0,0.0,0.0,0.0,0.0,0.0,0.0,0.0,0.0,0.0,0.0
2928,Rutile,0.9652509652509652,1554,44.48161701780234,2225.993564993565,2589.337837837838,2204,2566,2247,2616,50.59714358180867,40.18652531872694,0.9093036863662961,0.0,0.0,0.9652509652509652,0.0,0.0,0.0,0.03474903474903475,0.0,0.0,0.0,0.0,0.0,0.0,0.0,0.0,0.0,0.0
2929,Zircon,1.0,700,29.854106607209232,2225.1857142857143,2636.847142857143,2211,2618,2239,2655,34.19538208767759,26.46078266771304,0.9283819628647215,0.0,1.0,0.0,0.0,0.0,0.0,0.0,0.0,0.0,0.0,0.0,0.0,0.0,0.0,0.0,0.0,0.0
2930,Monazite & Xenotime,1.0,675,29.316150714175198,2229.299259259259,1044.0177777777778,2214,1030,2246,1060,37.465831451108485,23.252164390623893,0.9467040673211781,1.0,0.0,0.0,0.0,0.0,0.0,0.0,0.0,0.0,0.0,0.0,0.0,0.0,0.0,0.0,0.0,0.0
2932,Zircon,1.0,1055,36.6506169074355,2225.9924170616114,2071.096682464455,2207,2053,2245,2093,42.660004142443825,32.16733665709871,0.9319787985865724,0.0,1.0,0.0,0.0,0.0,0.0,0.0,0.0,0.0,0.0,0.0,0.0,0.0,0.0,0.0,0.0,0.0
2933,Zircon,1.0,541,26.245429958408437,2228.881700554529,2142.1996303142328,2213,2128,2244,2160,39.575279589893164,18.06264565586791,0.9123102866779089,0.0,1.0,0.0,0.0,0.0,0.0,0.0,0.0,0.0,0.0,0.0,0.0,0.0,0.0,0.0,0.0,0.0
2934,Zircon,1.0,1919,49.430220375260085,2221.135487232934,2803.901511203752,2192,2782,2250,2826,58.466731644902794,42.81981212663464,0.9270531400966183,0.0,1.0,0.0,0.0,0.0,0.0,0.0,0.0,0.0,0.0,0.0,0.0,0.0,0.0,0.0,0.0,0.0
2936,Zircon,1.0,1995,50.39953265404997,2234.2170426065163,1619.304260651629,2204,1595,2264,1646,64.66054115147864,39.89547190265455,0.9309379374708353,0.0,1.0,0.0,0.0,0.0,0.0,0.0,0.0,0.0,0.0,0.0,0.0,0.0,0.0,0.0,0.0,0.0
2937,Zircon,0.9845916795069337,3245,64.27800807947928,2233.1922958397536,3078.504468412943,2196,3041,2273,3110,78.94009978253865,53.865145426592456,0.9171848501978519,0.0,0.9845916795069337,0.0,0.0,0.0,0.0,0.0,0.0,0.0,0.0,0.0,0.0,0.0,0.0,0.0,0.0,0.015408320493066256
2938,Zircon,1.0,1407,42.32550105364819,2224.088841506752,1687.4214641080312,2201,1658,2247,1714,54.68683275261474,36.14842822737252,0.8563603164942178,0.0,1.0,0.0,0.0,0.0,0.0,0.0,0.0,0.0,0.0,0.0,0.0,0.0,0.0,0.0,0.0,0.0
2939,Rutile,1.0,3538,67.11722215104709,2229.810910118711,1257.0197851893724,2191,1219,2261,1301,81.0074713602706,59.301162386442535,0.8755258599356595,0.0,0.0,1.0,0.0,0.0,0.0,0.0,0.0,0.0,0.0,0.0,0.0,0.0,0.0,0.0,0.0,0.0
2940,Rutile,1.0,2510,56.531683658681686,2248.591235059761,834.7286852589641,2215,806,2288,859,77.95348145852685,42.74601557744517,0.9207630227439472,0.0,0.0,1.0,0.0,0.0,0.0,0.0,0.0,0.0,0.0,0.0,0.0,0.0,0.0,0.0,0.0,0.0
2941,Rutile,0.927797833935018,554,26.558891313141824,2235.7346570397112,498.2797833935018,2221,485,2250,514,30.243685340383966,23.94024796735724,0.9037520391517129,0.0,0.0,0.927797833935018,0.0,0.0,0.0,0.07220216606498195,0.0,0.0,0.0,0.0,0.0,0.0,0.0,0.0,0.0,0.0
2942,Rutile,1.0,167,14.581872443920643,2236.754491017964,688.4790419161677,2231,680,2244,700,18.947771724268172,11.702335493265375,0.8652849740932642,0.0,0.0,1.0,0.0,0.0,0.0,0.0,0.0,0.0,0.0,0.0,0.0,0.0,0.0,0.0,0.0,0.0
2943,Rutile,1.0,185,15.347615963921077,2233.654054054054,289.8702702702703,2223,283,2244,297,22.454112942028672,12.072149174445022,0.7740585774058577,0.0,0.0,1.0,0.0,0.0,0.0,0.0,0.0,0.0,0.0,0.0,0.0,0.0,0.0,0.0,0.0,0.0
2944,Zircon,1.0,753,30.96367835360614,2239.436918990704,315.99468791500664,2225,301,2256,333,32.80201539895145,29.704267049235277,0.9495586380832283,0.0,1.0,0.0,0.0,0.0,0.0,0.0,0.0,0.0,0.0,0.0,0.0,0.0,0.0,0.0,0.0,0.0
2945,Zircon,1.0,334,20.62188177498708,2239.805389221557,569.5449101796407,2230,558,2253,581,23.30811635340707,19.62089944757382,0.9051490514905149,0.0,1.0,0.0,0.0,0.0,0.0,0.0,0.0,0.0,0.0,0.0,0.0,0.0,0.0,0.0,0.0,0.0
2946,Zircon,1.0,736,30.612159429303247,2240.3546195652175,1489.8872282608695,2225,1469,2255,1508,38.13990602802036,27.940959638963303,0.8214285714285714,0.0,1.0,0.0,0.0,0.0,0.0,0.0,0.0,0.0,0.0,0.0,0.0,0.0,0.0,0.0,0.0,0.0
2947,Zircon,1.0,129,12.815923738491737,2239.1782945736436,2169.9767441860463,2233,2164,2246,2177,14.922998482212968,11.703541609509669,0.9084507042253521,0.0,1.0,0.0,0.0,0.0,0.0,0.0,0.0,0.0,0.0,0.0,0.0,0.0,0.0,0.0,0.0,0.0
2948,Zircon,0.9736191261335532,1213,39.299358363257696,2236.370981038747,2214.5688375927452,2216,2181,2256,2241,62.17207368603164,26.661802171715838,0.9086142322097378,0.0,0.9736191261335532,0.026380873866446827,0.0,0.0,0.0,0.0,0.0,0.0,0.0,0.0,0.0,0.0,0.0,0.0,0.0,0.0
2949,Zircon,1.0,637,28.479002615897535,2239.87284144427,1753.8791208791208,2224,1741,2256,1768,31.440479921750477,25.926637624540923,0.9423076923076923,0.0,1.0,0.0,0.0,0.0,0.0,0.0,0.0,0.0,0.0,0.0,0.0,0.0,0.0,0.0,0.0,0.0
2950,Zircon,1.0,429,23.371344948277684,2240.8391608391607,1939.2564102564102,2232,1922,2254,1963,42.93482837399087,14.381480205605657,0.8003731343283582,0.0,1.0,0.0,0.0,0.0,0.0,0.0,0.0,0.0,0.0,0.0,0.0,0.0,0.0,0.0,0.0,0.0
2951,Zircon,1.0,520,25.731003930322746,2242.0596153846154,1454.0576923076924,2230,1439,2255,1469,29.76337512018236,23.671482324092143,0.9059233449477352,0.0,1.0,0.0,0.0,0.0,0.0,0.0,0.0,0.0,0.0,0.0,0.0,0.0,0.0,0.0,0.0,0.0
2952,Zircon,0.9982847341337907,583,27.245158369526866,2240.5917667238423,10.241852487135507,2227,0,2259,24,32.07537651556525,24.04555666013067,0.9541734860883797,0.0,0.9982847341337907,0.0,0.0,0.0,0.0,0.0017152658662092624,0.0,0.0,0.0,0.0,0.0,0.0,0.0,0.0,0.0,0.0
2953,Rutile,1.0,145,13.58748446131949,2243.689655172414,2107.4827586206898,2240,2093,2251,2121,27.06723025745133,8.349186938127826,0.6682027649769585,0.0,0.0,1.0,0.0,0.0,0.0,0.0,0.0,0.0,0.0,0.0,0.0,0.0,0.0,0.0,0.0,0.0
2954,Zircon,1.0,958,34.92511251028815,2238.945720250522,2042.0417536534446,2214,2025,2262,2060,54.296233494793825,22.99247734836736,0.9167464114832536,0.0,1.0,0.0,0.0,0.0,0.0,0.0,0.0,0.0,0.0,0.0,0.0,0.0,0.0,0.0,0.0,0.0
2955,Zircon,1.0,2083,51.499106513446854,2244.9956793086894,230.4445511281805,2222,203,2272,259,55.655031544191004,48.4556544593023,0.9511415525114155,0.0,1.0,0.0,0.0,0.0,0.0,0.0,0.0,0.0,0.0,0.0,0.0,0.0,0.0,0.0,0.0,0.0
2956,Ilmenite,1.0,906,33.96402549065787,2246.0419426048566,1339.5728476821191,2229,1321,2265,1359,36.507339454328076,32.275606842171086,0.917004048582996,0.0,0.0,0.0,1.0,0.0,0.0,0.0,0.0,0.0,0.0,0.0,0.0,0.0,0.0,0.0,0.0,0.0
2957,Zircon,1.0,1408,42.34053942720982,2245.653409090909,1401.8188920454545,2216,1383,2276,1420,53.66675211836335,35.05046624799719,0.9008317338451696,0.0,1.0,0.0,0.0,0.0,0.0,0.0,0.0,0.0,0.0,0.0,0.0,0.0,0.0,0.0,0.0,0.0
2958,Rutile,1.0,1268,40.180439802523146,2257.2137223974764,2914.5504731861197,2231,2890,2286,2936,54.33860334504306,36.996147591634816,0.7684848484848484,0.0,0.0,1.0,0.0,0.0,0.0,0.0,0.0,0.0,0.0,0.0,0.0,0.0,0.0,0.0,0.0,0.0
2959,Zircon,1.0,307,19.77080019204319,2250.4625407166122,2515.3224755700326,2241,2505,2260,2527,21.41397833790283,18.5673223890248,0.9388379204892966,0.0,1.0,0.0,0.0,0.0,0.0,0.0,0.0,0.0,0.0,0.0,0.0,0.0,0.0,0.0,0.0,0.0
2960,Iron Oxides,1.0,112,11.941642642883693,2253.25,29.803571428571427,2247,23,2261,38,16.37542375531055,9.331950104473252,0.8235294117647058,0.0,0.0,0.0,0.0,1.0,0.0,0.0,0.0,0.0,0.0,0.0,0.0,0.0,0.0,0.0,0.0,0.0
2961,Zircon,1.0,282,18.948708441878455,2254.3936170212764,430.84397163120565,2243,419,2269,441,27.792940887848975,13.70417953762656,0.8571428571428571,0.0,1.0,0.0,0.0,0.0,0.0,0.0,0.0,0.0,0.0,0.0,0.0,0.0,0.0,0.0,0.0,0.0
2962,Zircon,1.0,2413,55.42857585619486,2241.011603812681,998.2362204724409,2205,970,2278,1027,80.51865367127924,39.909499570970695,0.9109097772744432,0.0,1.0,0.0,0.0,0.0,0.0,0.0,0.0,0.0,0.0,0.0,0.0,0.0,0.0,0.0,0.0,0.0
2963,Rutile,0.6545454545454545,330,20.49802550887777,2249.7515151515154,1188.3151515151515,2239,1174,2265,1208,40.781580275902705,20.927165911844078,0.5789473684210527,0.0,0.0,0.6545454545454545,0.0,0.0,0.0,0.34545454545454546,0.0,0.0,0.0,0.0,0.0,0.0,0.0,0.0,0.0,0.0
2964,Quartz,1.0,127,12.716187407449045,2245.3858267716537,1191.4724409448818,2239,1182,2254,1202,22.810255830499237,9.429757547433153,0.6827956989247311,0.0,0.0,0.0,0.0,0.0,0.0,1.0,0.0,0.0,0.0,0.0,0.0,0.0,0.0,0.0,0.0,0.0
2966,Zircon,1.0,1092,37.28776720119881,2257.815934065934,2292.835164835165,2240,2270,2275,2320,55.33924809143218,25.80891248754351,0.9277824978759558,0.0,1.0,0.0,0.0,0.0,0.0,0.0,0.0,0.0,0.0,0.0,0.0,0.0,0.0,0.0,0.0,0.0
2967,Zircon,1.0,312,19.931149940667517,2255.5705128205127,2825.980769230769,2241,2815,2267,2838,26.507695439435437,17.386266230283745,0.8571428571428571,0.0,1.0,0.0,0.0,0.0,0.0,0.0,0.0,0.0,0.0,0.0,0.0,0.0,0.0,0.0,0.0,0.0
2968,Rutile,1.0,705,29.96053869739811,2252.717730496454,2855.567375886525,2233,2838,2269,2874,40.65844962094951,24.61516089048804,0.8057142857142857,0.0,0.0,1.0,0.0,0.0,0.0,0.0,0.0,0.0,0.0,0.0,0.0,0.0,0.0,0.0,0.0,0.0
2969,Rutile,1.0,200,15.957691216057308,2255.35,284.95,2246,276,2266,293,20.53627639739978,13.720836407799661,0.823045267489712,0.0,0.0,1.0,0.0,0.0,0.0,0.0,0.0,0.0,0.0,0.0,0.0,0.0,0.0,0.0,0.0,0.0
2970,Quartz,1.0,1573,44.752718396410415,2255.2034329307057,1798.717736808646,2233,1768,2283,1823,57.863299808532545,38.25825882742048,0.8054275473630312,0.0,0.0,0.0,0.0,0.0,0.0,1.0,0.0,0.0,0.0,0.0,0.0,0.0,0.0,0.0,0.0,0.0
2971,Zircon,1.0,327,20.404639941160397,2257.8990825688074,911.9266055045872,2243,898,2273,922,34.430223871664225,15.94865124493871,0.7171052631578947,0.0,1.0,0.0,0.0,0.0,0.0,0.0,0.0,0.0,0.0,0.0,0.0,0.0,0.0,0.0,0.0,0.0
2972,Zircon,1.0,684,29.51094455619561,2249.7967836257308,1844.938596491228,2231,1828,2269,1864,45.91000924297739,19.840746908749598,0.9193548387096774,0.0,1.0,0.0,0.0,0.0,0.0,0.0,0.0,0.0,0.0,0.0,0.0,0.0,0.0,0.0,0.0,0.0
2973,Zircon,1.0,487,24.901157769991823,2263.0965092402466,377.17659137577004,2250,362,2280,389,27.571447508750435,25.749483270062886,0.842560553633218,0.0,1.0,0.0,0.0,0.0,0.0,0.0,0.0,0.0,0.0,0.0,0.0,0.0,0.0,0.0,0.0,0.0
2974,Zircon,1.0,701,29.87542335866304,2258.015691868759,2141.952924393723,2239,2128,2279,2157,43.89213087341137,20.953942303274044,0.8941326530612245,0.0,1.0,0.0,0.0,0.0,0.0,0.0,0.0,0.0,0.0,0.0,0.0,0.0,0.0,0.0,0.0,0.0
2975,Quartz,1.0,208,16.273715780512877,2263.264423076923,1598.8365384615386,2254,1590,2275,1608,21.517623322112524,13.3179854212304,0.8221343873517787,0.0,0.0,0.0,0.0,0.0,0.0,1.0,0.0,0.0,0.0,0.0,0.0,0.0,0.0,0.0,0.0,0.0
2976,Rutile,1.0,396,22.45446191105733,2267.5833333333335,199.57323232323233,2254,189,2284,213,31.616937211838124,18.638795183520894,0.7951807228915663,0.0,0.0,1.0,0.0,0.0,0.0,0.0,0.0,0.0,0.0,0.0,0.0,0.0,0.0,0.0,0.0,0.0
2978,Zircon,1.0,658,28.944630252185586,2257.7841945288756,1716.5759878419453,2238,1704,2276,1731,40.17216645783615,22.262544818693637,0.9026063100137174,0.0,1.0,0.0,0.0,0.0,0.0,0.0,0.0,0.0,0.0,0.0,0.0,0.0,0.0,0.0,0.0,0.0
2979,Zircon,1.0,1374,41.82620153045354,2268.268558951965,1900.6229985443958,2239,1880,2297,1927,62.010961287289234,29.75853986165326,0.8207885304659498,0.0,1.0,0.0,0.0,0.0,0.0,0.0,0.0,0.0,0.0,0.0,0.0,0.0,0.0,0.0,0.0,0.0
2981,Rutile,1.0,229,17.075475271404667,2267.2008733624452,2447.2052401746723,2256,2438,2278,2459,24.508654957326286,13.350405545371945,0.7658862876254181,0.0,0.0,1.0,0.0,0.0,0.0,0.0,0.0,0.0,0.0,0.0,0.0,0.0,0.0,0.0,0.0,0.0
2982,Zircon,1.0,1338,41.274623085567335,2261.4880418535126,1524.076980568012,2239,1500,2284,1549,51.01487539818577,34.43463559296506,0.945583038869258,0.0,1.0,0.0,0.0,0.0,0.0,0.0,0.0,0.0,0.0,0.0,0.0,0.0,0.0,0.0,0.0,0.0
2983,Rutile,1.0,100,11.283791670955125,2269.76,9.86,2263,2,2278,17,19.053806148485076,7.850940787953521,0.7692307692307693,0.0,0.0,1.0,0.0,0.0,0.0,0.0,0.0,0.0,0.0,0.0,0.0,0.0,0.0,0.0,0.0,0.0
2984,Quartz,1.0,203,16.07692842495848,2267.8128078817736,660.9655172413793,2259,651,2276,670,18.20821436013286,14.890717490031426,0.9103139013452914,0.0,0.0,0.0,0.0,0.0,0.0,1.0,0.0,0.0,0.0,0.0,0.0,0.0,0.0,0.0,0.0,0.0
2985,Rutile,1.0,372,21.76338922689847,2274.212365591398,2578.52688172043,2262,2568,2292,2592,28.11308854721487,22.04727634693656,0.7766179540709812,0.0,0.0,1.0,0.0,0.0,0.0,0.0,0.0,0.0,0.0,0.0,0.0,0.0,0.0,0.0,0.0,0.0
2986,Zircon,1.0,711,30.087760240780646,2274.2798874824193,2479.1983122362867,2262,2460,2286,2505,49.037910730341764,21.612489230539445,0.8464285714285714,0.0,1.0,0.0,0.0,0.0,0.0,0.0,0.0,0.0,0.0,0.0,0.0,0.0,0.0,0.0,0.0,0.0
2987,Rutile,1.0,247,17.733870630789692,2274.5506072874496,2559.825910931174,2264,2550,2286,2569,24.03576148293536,13.687341774318753,0.875886524822695,0.0,0.0,1.0,0.0,0.0,0.0,0.0,0.0,0.0,0.0,0.0,0.0,0.0,0.0,0.0,0.0,0.0
2988,Zircon,1.0,358,21.349935761383176,2267.790502793296,1769.6871508379888,2259,1754,2275,1788,31.03157919016189,15.960906232147073,0.93717277486911,0.0,1.0,0.0,0.0,0.0,0.0,0.0,0.0,0.0,0.0,0.0,0.0,0.0,0.0,0.0,0.0,0.0
2989,Zircon,1.0,239,17.44431859350499,2275.0460251046024,2127.246861924686,2266,2119,2287,2138,19.944679017943646,16.18085534856882,0.8505338078291815,0.0,1.0,0.0,0.0,0.0,0.0,0.0,0.0,0.0,0.0,0.0,0.0,0.0,0.0,0.0,0.0,0.0
2990,Quartz,1.0,103,11.451797811161432,2273.2912621359224,547.3980582524272,2266,543,2280,555,16.637288665144382,8.653374910419632,0.8728813559322034,0.0,0.0,0.0,0.0,0.0,0.0,1.0,0.0,0.0,0.0,0.0,0.0,0.0,0.0,0.0,0.0,0.0
2991,Rutile,1.0,858,33.05207299675423,2274.0699300699303,469.93939393939394,2257,447,2292,490,42.48228979927377,28.1213503970671,0.8495049504950495,0.0,0.0,1.0,0.0,0.0,0.0,0.0,0.0,0.0,0.0,0.0,0.0,0.0,0.0,0.0,0.0,0.0
2992,Zircon,1.0,813,32.173649930800316,2275.40098400984,1953.9963099630995,2251,1928,2294,1971,41.65983473535711,33.90023679193923,0.6604386677497969,0.0,1.0,0.0,0.0,0.0,0.0,0.0,0.0,0.0,0.0,0.0,0.0,0.0,0.0,0.0,0.0,0.0
2993,Rutile,1.0,568,26.89237924411993,2255.9454225352115,1971.2588028169014,2234,1961,2280,1983,44.20118693363575,18.1374402276093,0.7867036011080333,0.0,0.0,1.0,0.0,0.0,0.0,0.0,0.0,0.0,0.0,0.0,0.0,0.0,0.0,0.0,0.0,0.0
2994,Orthoclase,1.0,1053,36.61586050615398,2273.0579297245963,406.5792972459639,2253,386,2293,424,44.53961238932918,30.997292760376638,0.9140625,0.0,0.0,0.0,0.0,0.0,0.0,0.0,0.0,1.0,0.0,0.0,0.0,0.0,0.0,0.0,0.0,0.0
2996,Zircon,0.9623992837958818,1117,37.71218067772237,2273.2238137869294,2077.3616830796777,2251,2056,2299,2100,49.279511205468005,35.068695655000234,0.7286366601435095,0.03760071620411817,0.9623992837958818,0.0,0.0,0.0,0.0,0.0,0.0,0.0,0.0,0.0,0.0,0.0,0.0,0.0,0.0,0.0
2997,Rutile,0.9384236453201971,1218,39.38027127239512,2276.402298850575,3105.5919540229884,2257,3082,2299,3127,43.204940580034965,38.059853937280494,0.822972972972973,0.0,0.0,0.9384236453201971,0.06157635467980296,0.0,0.0,0.0,0.0,0.0,0.0,0.0,0.0,0.0,0.0,0.0,0.0,0.0
2999,Zircon,1.0,451,23.96311821686732,2281.929046563193,1774.9024390243903,2274,1757,2293,1790,30.51301197204888,20.22984284277926,0.9298969072164949,0.0,1.0,0.0,0.0,0.0,0.0,0.0,0.0,0.0,0.0,0.0,0.0,0.0,0.0,0.0,0.0,0.0
3001,Zircon,1.0,1695,46.45579649867281,2275.0454277286135,2175.0489675516224,2250,2137,2304,2215,92.48476365159061,23.826568529736342,0.9112903225806451,0.0,1.0,0.0,0.0,0.0,0.0,0.0,0.0,0.0,0.0,0.0,0.0,0.0,0.0,0.0,0.0,0.0
3002,Zircon,1.0,533,26.05065598682386,2274.0581613508443,261.03189493433393,2255,253,2295,272,41.600538052768655,17.36649078261324,0.85553772070626,0.0,1.0,0.0,0.0,0.0,0.0,0.0,0.0,0.0,0.0,0.0,0.0,0.0,0.0,0.0,0.0,0.0
3003,Zircon,1.0,3120,63.027830198839204,2273.9246794871797,131.66089743589743,2240,97,2307,164,69.74465251813443,59.6949854427072,0.9184574624668825,0.0,1.0,0.0,0.0,0.0,0.0,0.0,0.0,0.0,0.0,0.0,0.0,0.0,0.0,0.0,0.0,0.0
3004,Zircon,1.0,1386,42.00845163777089,2280.8362193362195,2341.2886002886003,2257,2319,2306,2362,47.61313601184327,38.00122698367747,0.927710843373494,0.0,1.0,0.0,0.0,0.0,0.0,0.0,0.0,0.0,0.0,0.0,0.0,0.0,0.0,0.0,0.0,0.0
3005,Zircon,1.0,535,26.099485750361293,2284.271028037383,500.0635514018692,2268,490,2300,510,33.277349798519246,20.79356783398939,0.9587813620071685,0.0,1.0,0.0,0.0,0.0,0.0,0.0,0.0,0.0,0.0,0.0,0.0,0.0,0.0,0.0,0.0,0.0
3006,Zircon,1.0,1592,45.02218736599077,2282.958542713568,3031.633793969849,2261,3001,2305,3058,51.77088403336824,40.829395578716486,0.8815060908084164,0.0,1.0,0.0,0.0,0.0,0.0,0.0,0.0,0.0,0.0,0.0,0.0,0.0,0.0,0.0,0.0,0.0
3007,Rutile,0.8740031897926634,1254,39.958007821935944,2282.870813397129,1449.048644338118,2267,1423,2301,1478,53.068721571715706,32.401082481424645,0.8484438430311232,0.0,0.0,0.8740031897926634,0.12599681020733652,0.0,0.0,0.0,0.0,0.0,0.0,0.0,0.0,0.0,0.0,0.0,0.0,0.0
3008,Rutile,1.0,263,18.29923496393627,2284.6844106463877,2209.3307984790877,2272,2202,2297,2221,26.070361941162794,14.710495708206286,0.8193146417445483,0.0,0.0,1.0,0.0,0.0,0.0,0.0,0.0,0.0,0.0,0.0,0.0,0.0,0.0,0.0,0.0,0.0
3009,Ilmenite,1.0,1092,37.28776720119881,2287.6034798534797,1629.5467032967033,2267,1605,2311,1650,42.36539953624107,37.81097711498573,0.8059040590405904,0.0,0.0,0.0,1.0,0.0,0.0,0.0,0.0,0.0,0.0,0.0,0.0,0.0,0.0,0.0,0.0,0.0
3010,Zircon,1.0,785,31.614759885488656,2288.4624203821654,2530.859872611465,2270,2515,2305,2550,33.371562748903095,31.01960744161294,0.9075144508670521,0.0,1.0,0.0,0.0,0.0,0.0,0.0,0.0,0.0,0.0,0.0,0.0,0.0,0.0,0.0,0.0,0.0
3011,Quartz,1.0,446,23.829914749152643,2289.3206278026905,2409.1390134529147,2278,2392,2303,2423,28.238510685215335,21.945411668484564,0.8626692456479691,0.0,0.0,0.0,0.0,0.0,0.0,1.0,0.0,0.0,0.0,0.0,0.0,0.0,0.0,0.0,0.0,0.0
3012,Quartz,1.0,235,17.297725082009,2290.331914893617,2019.1021276595745,2281,2009,2304,2029,25.906397366124732,15.36676690977852,0.6932153392330384,0.0,0.0,0.0,0.0,0.0,0.0,1.0,0.0,0.0,0.0,0.0,0.0,0.0,0.0,0.0,0.0,0.0
3013,Zircon,1.0,2889,60.64972419343624,2285.214953271028,2955.2180685358258,2249,2926,2329,2983,75.74820296570068,52.53674991225739,0.8730734360834089,0.0,1.0,0.0,0.0,0.0,0.0,0.0,0.0,0.0,0.0,0.0,0.0,0.0,0.0,0.0,0.0,0.0
3014,Rutile,1.0,111,11.888212206450685,2291.2792792792793,603.7657657657658,2286,596,2298,611,17.04669035612441,8.841234603161768,0.8538461538461538,0.0,0.0,1.0,0.0,0.0,0.0,0.0,0.0,0.0,0.0,0.0,0.0,0.0,0.0,0.0,0.0,0.0
3015,Zircon,1.0,953,34.833852588144914,2293.721930745016,1740.1479538300105,2275,1723,2316,1757,39.18232550617434,31.44691121104852,0.9145873320537428,0.0,1.0,0.0,0.0,0.0,0.0,0.0,0.0,0.0,0.0,0.0,0.0,0.0,0.0,0.0,0.0,0.0
3016,Zircon,1.0,496,25.13019725725687,2292.064516129032,1878.344758064516,2278,1868,2306,1895,29.3474995540163,24.55700033074869,0.9084249084249084,0.0,1.0,0.0,0.0,0.0,0.0,0.0,0.0,0.0,0.0,0.0,0.0,0.0,0.0,0.0,0.0,0.0
3017,Zircon,1.0,2999,61.79357081979284,2284.6035345115038,51.7352450816939,2243,17,2331,87,91.80922950453736,44.05452705981124,0.857347055460263,0.0,1.0,0.0,0.0,0.0,0.0,0.0,0.0,0.0,0.0,0.0,0.0,0.0,0.0,0.0,0.0,0.0
3018,Rutile,1.0,896,33.77606596515802,2303.870535714286,661.7154017857143,2278,650,2331,676,55.686627642570016,21.547862712579015,0.8673765730880929,0.0,0.0,1.0,0.0,0.0,0.0,0.0,0.0,0.0,0.0,0.0,0.0,0.0,0.0,0.0,0.0,0.0
3019,Zircon,1.0,1109,37.57688990737918,2288.4066726780884,732.4039675383228,2268,708,2309,757,47.19824128439095,31.292669573246563,0.8957996768982229,0.0,1.0,0.0,0.0,0.0,0.0,0.0,0.0,0.0,0.0,0.0,0.0,0.0,0.0,0.0,0.0,0.0
3020,Zircon,1.0,629,28.299605538565682,2290.992050874404,1689.7678855325914,2277,1678,2308,1707,30.98320794910176,28.081496878797584,0.9115942028985508,0.0,1.0,0.0,0.0,0.0,0.0,0.0,0.0,0.0,0.0,0.0,0.0,0.0,0.0,0.0,0.0,0.0
3021,Zircon,1.0,576,27.081100010292303,2297.4305555555557,1858.298611111111,2280,1846,2315,1869,33.824408220857435,22.470103481828932,0.9584026622296173,0.0,1.0,0.0,0.0,0.0,0.0,0.0,0.0,0.0,0.0,0.0,0.0,0.0,0.0,0.0,0.0,0.0
3022,Zircon,1.0,1949,49.81509683508437,2291.6587993842995,299.3016931759877,2262,267,2315,327,59.24312676187314,44.23766397024118,0.8911751257430269,0.0,1.0,0.0,0.0,0.0,0.0,0.0,0.0,0.0,0.0,0.0,0.0,0.0,0.0,0.0,0.0,0.0
3023,Zircon,1.0,119,12.309163489997376,2295.798319327731,887.6638655462185,2288,880,2305,899,22.227826261994636,8.289080390019134,0.7125748502994012,0.0,1.0,0.0,0.0,0.0,0.0,0.0,0.0,0.0,0.0,0.0,0.0,0.0,0.0,0.0,0.0,0.0
3026,Monazite & Xenotime,0.832258064516129,310,19.867165345562018,2294.516129032258,920.2967741935483,2285,908,2307,935,26.90958355462106,16.077523387831672,0.8401084010840109,0.832258064516129,0.0,0.0,0.0,0.0,0.0,0.0,0.0,0.0,0.0,0.0,0.0,0.0,0.0,0.0,0.0,0.16774193548387098
3027,Zircon,1.0,974,35.21555503711461,2297.7084188911704,1343.105749486653,2278,1323,2321,1365,50.38080728700498,26.47312586243694,0.8751123090745733,0.0,1.0,0.0,0.0,0.0,0.0,0.0,0.0,0.0,0.0,0.0,0.0,0.0,0.0,0.0,0.0,0.0
3028,Zircon,1.0,564,26.797520467958073,2296.822695035461,1664.9255319148936,2281,1652,2312,1676,31.305365321307402,24.451560998467972,0.9155844155844156,0.0,1.0,0.0,0.0,0.0,0.0,0.0,0.0,0.0,0.0,0.0,0.0,0.0,0.0,0.0,0.0,0.0
3029,Quartz,0.9267973856209151,2295,54.05631096520737,2299.579520697168,356.26710239651413,2264,325,2334,382,68.03943918830888,46.335852332180984,0.823170731707317,0.0,0.0,0.07320261437908497,0.0,0.0,0.0,0.9267973856209151,0.0,0.0,0.0,0.0,0.0,0.0,0.0,0.0,0.0,0.0
3030,Zircon,1.0,282,18.948708441878455,2297.648936170213,2241.1382978723404,2288,2229,2307,2254,25.210216336613993,15.289534829918576,0.8980891719745223,0.0,1.0,0.0,0.0,0.0,0.0,0.0,0.0,0.0,0.0,0.0,0.0,0.0,0.0,0.0,0.0,0.0
3031,Monazite & Xenotime,1.0,201,15.99753570059363,2300.89552238806,1301.318407960199,2293,1291,2312,1312,25.62182478415956,11.395815504130303,0.7730769230769231,1.0,0.0,0.0,0.0,0.0,0.0,0.0,0.0,0.0,0.0,0.0,0.0,0.0,0.0,0.0,0.0,0.0
3032,Monazite & Xenotime,1.0,1551,44.43866035204299,2303.7001934235977,2046.1379754996776,2268,2031,2340,2067,67.78965330830682,31.993854942606504,0.8285256410256411,1.0,0.0,0.0,0.0,0.0,0.0,0.0,0.0,0.0,0.0,0.0,0.0,0.0,0.0,0.0,0.0,0.0
3034,Zircon,1.0,340,20.806283791440396,2300.994117647059,2752.7382352941177,2293,2736,2310,2766,29.80512527122528,15.48638789352487,0.9115281501340483,0.0,1.0,0.0,0.0,0.0,0.0,0.0,0.0,0.0,0.0,0.0,0.0,0.0,0.0,0.0,0.0,0.0
3035,Quartz,1.0,324,20.310825007719227,2297.188271604938,2902.9938271604938,2289,2890,2305,2916,27.895161515257062,15.41871134898725,0.9230769230769231,0.0,0.0,0.0,0.0,0.0,0.0,1.0,0.0,0.0,0.0,0.0,0.0,0.0,0.0,0.0,0.0,0.0
3036,Zircon,1.0,298,19.47884453275087,2305.0973154362414,1762.1073825503356,2293,1754,2317,1770,24.045921860346997,16.29534160117175,0.9254658385093167,0.0,1.0,0.0,0.0,0.0,0.0,0.0,0.0,0.0,0.0,0.0,0.0,0.0,0.0,0.0,0.0,0.0
3037,Rutile,0.918869644484959,1097,37.37303547444967,2300.756608933455,3174.9790337283503,2281,3157,2323,3194,43.69249833820151,33.73690054534239,0.848414539829853,0.0,0.0,0.918869644484959,0.08113035551504102,0.0,0.0,0.0,0.0,0.0,0.0,0.0,0.0,0.0,0.0,0.0,0.0,0.0
3038,Quartz,1.0,902,33.88896677904354,2320.139689578714,2915.8658536585367,2301,2892,2342,2936,51.54048335422019,24.133924051592377,0.839851024208566,0.0,0.0,0.0,0.0,0.0,0.0,1.0,0.0,0.0,0.0,0.0,0.0,0.0,0.0,0.0,0.0,0.0
3039,Rutile,1.0,192,15.635280380893438,2306.8645833333335,394.5729166666667,2299,385,2315,405,20.067475869762834,13.450573965235241,0.9014084507042254,0.0,0.0,1.0,0.0,0.0,0.0,0.0,0.0,0.0,0.0,0.0,0.0,0.0,0.0,0.0,0.0,0.0
3040,Quartz,0.8799392097264438,658,28.944630252185586,2310.7674772036476,2000.3495440729482,2291,1986,2325,2017,36.44860105114802,25.97751894508079,0.8414322250639387,0.0,0.0,0.12006079027355623,0.0,0.0,0.0,0.8799392097264438,0.0,0.0,0.0,0.0,0.0,0.0,0.0,0.0,0.0,0.0
3041,Zircon,1.0,891,33.681692866586,2297.5454545454545,3075.2626262626263,2270,3058,2323,3093,58.21628999681109,22.10592603594091,0.8366197183098592,0.0,1.0,0.0,0.0,0.0,0.0,0.0,0.0,0.0,0.0,0.0,0.0,0.0,0.0,0.0,0.0,0.0
3042,Zircon,1.0,321,20.216574731145414,2309.772585669782,2231.6884735202493,2302,2217,2317,2246,27.89909337713857,15.058615140952057,0.9197707736389685,0.0,1.0,0.0,0.0,0.0,0.0,0.0,0.0,0.0,0.0,0.0,0.0,0.0,0.0,0.0,0.0,0.0
3043,Rutile,1.0,444,23.77642441290137,2308.5563063063064,2506.9527027027025,2296,2492,2321,2525,34.579843082881496,18.31762323008354,0.8299065420560747,0.0,0.0,1.0,0.0,0.0,0.0,0.0,0.0,0.0,0.0,0.0,0.0,0.0,0.0,0.0,0.0,0.0
3044,Monazite & Xenotime,0.9631391200951248,1682,46.27730452656619,2310.4399524375744,1937.8293697978597,2284,1912,2336,1963,56.693651849111866,38.50287772921361,0.9251925192519251,0.9631391200951248,0.0,0.0,0.0,0.0,0.0,0.0,0.0,0.0,0.0,0.0,0.0,0.0,0.0,0.0,0.0,0.036860879904875146
3046,Zircon,1.0,672,29.25093116572581,2311.217261904762,3116.3645833333335,2295,3096,2326,3133,42.93168327038209,21.714884543647244,0.8648648648648649,0.0,1.0,0.0,0.0,0.0,0.0,0.0,0.0,0.0,0.0,0.0,0.0,0.0,0.0,0.0,0.0,0.0
3047,Zircon,0.9646182495344506,2148,52.296448656587856,2311.0535381750465,198.97253258845438,2290,164,2330,237,73.72042268743444,39.60772743196504,0.8865043334709038,0.0,0.9646182495344506,0.0,0.0,0.0,0.0,0.01303538175046555,0.0,0.0223463687150838,0.0,0.0,0.0,0.0,0.0,0.0,0.0,0.0
3048,Rutile,0.9268680445151033,629,28.299605538565682,2309.1367249602545,868.2003179650238,2293,847,2325,892,51.685537012877454,18.204139027706866,0.7288528389339514,0.0,0.0,0.9268680445151033,0.07313195548489666,0.0,0.0,0.0,0.0,0.0,0.0,0.0,0.0,0.0,0.0,0.0,0.0,0.0
3049,Zircon,1.0,796,31.83549399034338,2309.097989949749,1596.1243718592964,2289,1583,2330,1611,44.271412114069435,24.281074758610796,0.887402452619844,0.0,1.0,0.0,0.0,0.0,0.0,0.0,0.0,0.0,0.0,0.0,0.0,0.0,0.0,0.0,0.0,0.0
3050,Monazite & Xenotime,0.9991809991809992,1221,39.42873931692001,2313.5167895167897,2106.780507780508,2286,2090,2339,2127,51.244547728091,31.581036346636974,0.888,0.9991809991809992,0.0,0.000819000819000819,0.0,0.0,0.0,0.0,0.0,0.0,0.0,0.0,0.0,0.0,0.0,0.0,0.0,0.0
3051,Zircon,1.0,266,18.403307281560924,2310.9172932330825,2383.7406015037595,2301,2368,2325,2398,36.654107900720135,9.77091486524433,0.8364779874213837,0.0,1.0,0.0,0.0,0.0,0.0,0.0,0.0,0.0,0.0,0.0,0.0,0.0,0.0,0.0,0.0,0.0
3052,Zircon,1.0,148,13.727325035155395,2311.912162162162,2538.2702702702704,2304,2531,2322,2548,22.938252835948703,8.835037423329732,0.7956989247311828,0.0,1.0,0.0,0.0,0.0,0.0,0.0,0.0,0.0,0.0,0.0,0.0,0.0,0.0,0.0,0.0,0.0
3053,Rutile,1.0,867,33.224970809398556,2316.818915801615,418.4971164936563,2298,402,2343,437,44.29520495877784,28.27118813396017,0.7896174863387978,0.0,0.0,1.0,0.0,0.0,0.0,0.0,0.0,0.0,0.0,0.0,0.0,0.0,0.0,0.0,0.0,0.0
3054,Rutile,1.0,670,29.20737055903114,2315.661194029851,2467.8641791044774,2295,2457,2340,2482,43.946016824433976,21.179284338857496,0.8190709046454768,0.0,0.0,1.0,0.0,0.0,0.0,0.0,0.0,0.0,0.0,0.0,0.0,0.0,0.0,0.0,0.0,0.0
3055,Rutile,1.0,463,24.279825147895533,2313.209503239741,1160.0431965442765,2300,1147,2326,1179,31.427088910776988,21.426732879702445,0.852670349907919,0.0,0.0,1.0,0.0,0.0,0.0,0.0,0.0,0.0,0.0,0.0,0.0,0.0,0.0,0.0,0.0,0.0
3056,Zircon,1.0,401,22.595775212167435,2315.5910224438903,2143.0872817955114,2305,2125,2328,2159,34.51352655643977,15.838128764498164,0.8036072144288577,0.0,1.0,0.0,0.0,0.0,0.0,0.0,0.0,0.0,0.0,0.0,0.0,0.0,0.0,0.0,0.0,0.0
3057,Zircon,1.0,190,15.553633450087505,2313.694736842105,522.3157894736842,2307,514,2320,533,19.657799252902574,12.829249950576061,0.9405940594059405,0.0,1.0,0.0,0.0,0.0,0.0,0.0,0.0,0.0,0.0,0.0,0.0,0.0,0.0,0.0,0.0,0.0
3058,Rutile,1.0,673,29.2726871606753,2318.4234769687964,2433.6820208023773,2299,2420,2339,2451,37.399703730343866,24.543548297597123,0.8465408805031447,0.0,0.0,1.0,0.0,0.0,0.0,0.0,0.0,0.0,0.0,0.0,0.0,0.0,0.0,0.0,0.0,0.0
3059,Zircon,1.0,740,30.695231927842155,2318.341891891892,1708.5108108108109,2307,1689,2331,1728,39.298062293363465,24.36736685272649,0.9390862944162437,0.0,1.0,0.0,0.0,0.0,0.0,0.0,0.0,0.0,0.0,0.0,0.0,0.0,0.0,0.0,0.0,0.0
3060,Rutile,1.0,116,12.153015559492998,2319.112068965517,2997.2327586206898,2314,2988,2328,3007,18.59490442808953,8.893412581027357,0.7682119205298014,0.0,0.0,1.0,0.0,0.0,0.0,0.0,0.0,0.0,0.0,0.0,0.0,0.0,0.0,0.0,0.0,0.0
3061,Quartz,1.0,1166,38.530472475187736,2320.7118353344767,1812.8987993138937,2305,1790,2345,1843,56.0743598383204,31.846524547008737,0.7773333333333333,0.0,0.0,0.0,0.0,0.0,0.0,1.0,0.0,0.0,0.0,0.0,0.0,0.0,0.0,0.0,0.0,0.0
3062,Zircon,1.0,1017,35.98450523483212,2318.7600786627336,691.2045231071779,2297,673,2341,715,42.694910131320874,32.04561034966239,0.8582278481012658,0.0,1.0,0.0,0.0,0.0,0.0,0.0,0.0,0.0,0.0,0.0,0.0,0.0,0.0,0.0,0.0,0.0
3063,Zircon,1.0,192,15.635280380893438,2324.2135416666665,523.125,2319,514,2331,534,21.026359642006096,11.923195859775714,0.9365853658536586,0.0,1.0,0.0,0.0,0.0,0.0,0.0,0.0,0.0,0.0,0.0,0.0,0.0,0.0,0.0,0.0,0.0
3064,Unknown,1.0,1038,36.3541283410165,2323.566473988439,574.2013487475915,2309,549,2336,602,52.9436600427787,25.550188256641814,0.9410698096101541,0.0,0.0,0.0,0.0,0.0,0.0,0.0,0.0,0.0,0.0,0.0,0.0,0.0,0.0,0.0,0.0,1.0
3066,Zircon,1.0,952,34.815571898044055,2325.970588235294,1903.313025210084,2305,1889,2348,1921,42.80328158362171,29.842922265367587,0.9136276391554703,0.0,1.0,0.0,0.0,0.0,0.0,0.0,0.0,0.0,0.0,0.0,0.0,0.0,0.0,0.0,0.0,0.0
3067,Zircon,1.0,390,22.283703068536735,2319.882051282051,3214.7948717948716,2309,3206,2334,3226,26.15378676325084,19.7805010461652,0.9443099273607748,0.0,1.0,0.0,0.0,0.0,0.0,0.0,0.0,0.0,0.0,0.0,0.0,0.0,0.0,0.0,0.0,0.0
3068,Zircon,0.9985590778097982,694,29.72588508432008,2333.2262247838617,3192.701729106628,2313,3174,2350,3210,41.53141106650283,22.90641042478375,0.9024707412223667,0.0,0.9985590778097982,0.0,0.001440922190201729,0.0,0.0,0.0,0.0,0.0,0.0,0.0,0.0,0.0,0.0,0.0,0.0,0.0
3069,Zircon,1.0,110,11.834540545406394,2327.918181818182,1.7636363636363637,2315,0,2342,6,26.49549497877506,5.70538258645332,0.88,0.0,1.0,0.0,0.0,0.0,0.0,0.0,0.0,0.0,0.0,0.0,0.0,0.0,0.0,0.0,0.0,0.0
3070,Zircon,1.0,1528,44.10793607000138,2319.830497382199,1257.875654450262,2296,1236,2350,1281,53.25346801430163,38.93530423455811,0.9122388059701493,0.0,1.0,0.0,0.0,0.0,0.0,0.0,0.0,0.0,0.0,0.0,0.0,0.0,0.0,0.0,0.0,0.0
3071,Rutile,1.0,2497,56.38509681825244,2313.088506207449,2294.597116539848,2271,2273,2353,2323,82.99873551071173,42.659549320953175,0.7728257505416279,0.0,0.0,1.0,0.0,0.0,0.0,0.0,0.0,0.0,0.0,0.0,0.0,0.0,0.0,0.0,0.0,0.0
3072,Zircon,0.9681762545899633,1634,45.61220687598064,2326.817625458996,2341.360465116279,2305,2315,2348,2371,52.784067055426775,40.11415531457043,0.9184935356942102,0.0,0.9681762545899633,0.0,0.0,0.0,0.0,0.0,0.0,0.0,0.0,0.0,0.0,0.0,0.0,0.0,0.0,0.03182374541003672
3073,Rutile,0.532258064516129,124,12.565098628628435,2326.8709677419356,2989.5564516129034,2320,2982,2336,2996,14.685091329792595,11.800700036681452,0.8671328671328671,0.0,0.0,0.532258064516129,0.0,0.0,0.0,0.46774193548387094,0.0,0.0,0.0,0.0,0.0,0.0,0.0,0.0,0.0,0.0
3074,Orthoclase,1.0,238,17.407785949022028,2325.9495798319326,324.453781512605,2314,317,2337,334,24.38243157511506,13.761851749261577,0.8206896551724138,0.0,0.0,0.0,0.0,0.0,0.0,0.0,0.0,1.0,0.0,0.0,0.0,0.0,0.0,0.0,0.0,0.0
3075,Zircon,1.0,2268,53.73739189297662,2342.836860670194,1226.7843915343915,2304,1204,2384,1254,73.92372615575103,42.125999816198544,0.8574669187145557,0.0,1.0,0.0,0.0,0.0,0.0,0.0,0.0,0.0,0.0,0.0,0.0,0.0,0.0,0.0,0.0,0.0
3076,Quartz,1.0,258,18.12445316531431,2328.717054263566,1843.9806201550387,2319,1833,2339,1855,22.27148171685072,15.86560481227949,0.8514851485148515,0.0,0.0,0.0,0.0,0.0,0.0,1.0,0.0,0.0,0.0,0.0,0.0,0.0,0.0,0.0,0.0,0.0
3077,Orthoclase,1.0,222,16.812470934731934,2326.6576576576576,335.7567567567568,2315,330,2339,344,25.50009906618016,11.53625853131148,0.8638132295719845,0.0,0.0,0.0,0.0,0.0,0.0,0.0,0.0,1.0,0.0,0.0,0.0,0.0,0.0,0.0,0.0,0.0
3078,Zircon,1.0,2128,52.05241350020599,2329.6959586466164,1515.9896616541353,2304,1486,2354,1548,59.930823954319415,46.75929974982898,0.9260226283724978,0.0,1.0,0.0,0.0,0.0,0.0,0.0,0.0,0.0,0.0,0.0,0.0,0.0,0.0,0.0,0.0,0.0
3080,Rutile,1.0,356,21.290215544369623,2326.3230337078653,1738.7443820224719,2317,1727,2335,1755,27.646837696649165,17.977332815429886,0.8640776699029126,0.0,0.0,1.0,0.0,0.0,0.0,0.0,0.0,0.0,0.0,0.0,0.0,0.0,0.0,0.0,0.0,0.0
3081,Quartz,1.0,870,33.282403818227905,2329.82183908046,1871.1563218390804,2309,1854,2348,1887,39.747539730246714,30.776274428342795,0.8277830637488106,0.0,0.0,0.0,0.0,0.0,0.0,1.0,0.0,0.0,0.0,0.0,0.0,0.0,0.0,0.0,0.0,0.0
3082,Zircon,0.9378407851690295,2751,59.18346042237166,2334.703744093057,745.9920029080334,2312,707,2358,785,79.73366953084144,44.41710569063294,0.9625612316305109,0.0,0.9378407851690295,0.0,0.0,0.0,0.0,0.0,0.0,0.0,0.0,0.0,0.0,0.0,0.0,0.0,0.0,0.062159214830970554
3083,Rutile,1.0,1139,38.08175207961617,2337.2036874451273,2493.57594381036,2316,2473,2361,2514,52.15744318674918,31.623005399583874,0.8259608411892676,0.0,0.0,1.0,0.0,0.0,0.0,0.0,0.0,0.0,0.0,0.0,0.0,0.0,0.0,0.0,0.0,0.0
3084,Rutile,0.9476713762428048,1911,49.327079479621496,2335.612244897959,263.20983778126634,2308,236,2370,292,53.70186538101489,49.252954054771,0.7992471769134254,0.0,0.0,0.9476713762428048,0.0,0.0,0.0,0.052328623757195186,0.0,0.0,0.0,0.0,0.0,0.0,0.0,0.0,0.0,0.0
3085,Quartz,1.0,201,15.99753570059363,2342.10447761194,233.24378109452735,2332,225,2356,242,25.54796155533431,11.405987098098047,0.7821011673151751,0.0,0.0,0.0,0.0,0.0,0.0,1.0,0.0,0.0,0.0,0.0,0.0,0.0,0.0,0.0,0.0,0.0
3086,Rutile,0.9570335491465568,5097,80.55868643116722,2331.9941141848144,1404.5558171473415,2293,1361,2374,1454,92.8488991215907,73.01619723244782,0.879551337359793,0.0,0.0,0.9570335491465568,0.011379242691779479,0.0,0.0,0.0,0.0,0.0,0.0,0.0,0.0,0.0,0.0,0.0,0.0,0.03158720816166372
3087,Rutile,1.0,460,24.201036973199617,2340.895652173913,933.341304347826,2327,921,2358,947,36.0240132527823,16.700619629416916,0.9126984126984127,0.0,0.0,1.0,0.0,0.0,0.0,0.0,0.0,0.0,0.0,0.0,0.0,0.0,0.0,0.0,0.0,0.0
3088,Monazite & Xenotime,1.0,536,26.123866405607867,2337.027985074627,1063.3059701492537,2322,1051,2352,1079,29.60009558846389,24.47347119799852,0.8801313628899836,1.0,0.0,0.0,0.0,0.0,0.0,0.0,0.0,0.0,0.0,0.0,0.0,0.0,0.0,0.0,0.0,0.0
3089,Rutile,1.0,746,30.81942083122964,2351.0522788203752,1738.789544235925,2332,1726,2372,1757,39.35757139329735,26.943664974306678,0.7852631578947369,0.0,0.0,1.0,0.0,0.0,0.0,0.0,0.0,0.0,0.0,0.0,0.0,0.0,0.0,0.0,0.0,0.0
3090,Ilmenite,1.0,1674,46.167120311826494,2342.122461170848,3151.531063321386,2317,3127,2373,3173,56.69605728596443,40.08422322105216,0.8928,0.0,0.0,0.0,1.0,0.0,0.0,0.0,0.0,0.0,0.0,0.0,0.0,0.0,0.0,0.0,0.0,0.0
3092,Rutile,1.0,205,16.15593100600236,2337.336585365854,2210.5073170731707,2330,2200,2346,2223,22.509823654315152,13.313543654622675,0.8367346938775511,0.0,0.0,1.0,0.0,0.0,0.0,0.0,0.0,0.0,0.0,0.0,0.0,0.0,0.0,0.0,0.0,0.0
3093,Zircon,1.0,327,20.404639941160397,2334.65749235474,1611.0550458715597,2324,1600,2345,1624,26.024604099622653,17.29151097387653,0.8910081743869209,0.0,1.0,0.0,0.0,0.0,0.0,0.0,0.0,0.0,0.0,0.0,0.0,0.0,0.0,0.0,0.0,0.0
3094,Zircon,1.0,992,35.539465786323824,2346.1764112903224,1289.9627016129032,2327,1272,2373,1309,42.57246520896283,32.35639009477186,0.8825622775800712,0.0,1.0,0.0,0.0,0.0,0.0,0.0,0.0,0.0,0.0,0.0,0.0,0.0,0.0,0.0,0.0,0.0
3095,Zircon,1.0,503,25.30690599424961,2341.6739562624252,187.80914512922465,2331,166,2353,209,43.6436579925652,20.174219322706634,0.6662251655629139,0.0,1.0,0.0,0.0,0.0,0.0,0.0,0.0,0.0,0.0,0.0,0.0,0.0,0.0,0.0,0.0,0.0
3096,Zircon,1.0,513,25.557227675339483,2353.007797270955,1609.3684210526317,2342,1596,2370,1623,27.604374277185084,25.328817574748133,0.9095744680851063,0.0,1.0,0.0,0.0,0.0,0.0,0.0,0.0,0.0,0.0,0.0,0.0,0.0,0.0,0.0,0.0,0.0
3097,Zircon,1.0,1125,37.8469878303024,2342.3884444444443,1979.8871111111112,2327,1955,2359,2007,54.264604875228486,26.577021757307854,0.9437919463087249,0.0,1.0,0.0,0.0,0.0,0.0,0.0,0.0,0.0,0.0,0.0,0.0,0.0,0.0,0.0,0.0,0.0
3098,Zircon,1.0,561,26.726155439876237,2342.7147950089125,2174.7023172905524,2326,2156,2360,2196,48.692387711703645,15.010649256299706,0.8820754716981132,0.0,1.0,0.0,0.0,0.0,0.0,0.0,0.0,0.0,0.0,0.0,0.0,0.0,0.0,0.0,0.0,0.0
3099,Ilmenite,1.0,565,26.821266613927218,2343.4566371681417,881.5203539823009,2332,863,2360,901,36.03817547451261,22.5767307148967,0.8260233918128655,0.0,0.0,0.0,1.0,0.0,0.0,0.0,0.0,0.0,0.0,0.0,0.0,0.0,0.0,0.0,0.0,0.0
3100,Zircon,0.9389830508474576,885,33.568094927931476,2343.7898305084746,69.90395480225989,2324,45,2358,92,44.84752718689367,28.35502923226157,0.8074817518248175,0.0,0.9389830508474576,0.061016949152542375,0.0,0.0,0.0,0.0,0.0,0.0,0.0,0.0,0.0,0.0,0.0,0.0,0.0,0.0
3101,Rutile,1.0,732,30.52886088189566,2347.52868852459,839.922131147541,2328,825,2366,854,38.321683146681124,26.43508700964342,0.8735083532219571,0.0,0.0,1.0,0.0,0.0,0.0,0.0,0.0,0.0,0.0,0.0,0.0,0.0,0.0,0.0,0.0,0.0
3102,Rutile,1.0,882,33.511151553720346,2345.7585034013605,2666.1485260770974,2332,2649,2362,2686,38.38111414235083,29.846445965214475,0.9494079655543596,0.0,0.0,1.0,0.0,0.0,0.0,0.0,0.0,0.0,0.0,0.0,0.0,0.0,0.0,0.0,0.0,0.0
3103,Orthoclase,1.0,120,12.360774464742066,2345.4583333333335,3011.108333333333,2339,3003,2353,3018,13.664554451243108,12.5909119113797,0.8163265306122449,0.0,0.0,0.0,0.0,0.0,0.0,0.0,0.0,1.0,0.0,0.0,0.0,0.0,0.0,0.0,0.0,0.0
3105,Rutile,1.0,358,21.349935761383176,2347.516759776536,1100.2988826815642,2338,1089,2359,1114,23.766770809294673,20.557253515192265,0.8774509803921569,0.0,0.0,1.0,0.0,0.0,0.0,0.0,0.0,0.0,0.0,0.0,0.0,0.0,0.0,0.0,0.0,0.0
3106,Rutile,1.0,1193,38.97402695217738,2351.1207041072926,2073.883487007544,2332,2051,2374,2097,46.18038981142942,39.31062584329861,0.7373300370828183,0.0,0.0,1.0,0.0,0.0,0.0,0.0,0.0,0.0,0.0,0.0,0.0,0.0,0.0,0.0,0.0,0.0
3107,Zircon,1.0,489,24.952237121658943,2345.3271983640084,2128.846625766871,2333,2115,2357,2144,30.348746683402613,23.08810462052492,0.8504347826086956,0.0,1.0,0.0,0.0,0.0,0.0,0.0,0.0,0.0,0.0,0.0,0.0,0.0,0.0,0.0,0.0,0.0
3108,Rutile,1.0,276,18.746042631630413,2348.445652173913,354.0326086956522,2337,345,2361,363,22.883324793245727,16.018084444388748,0.8598130841121495,0.0,0.0,1.0,0.0,0.0,0.0,0.0,0.0,0.0,0.0,0.0,0.0,0.0,0.0,0.0,0.0,0.0
3110,Zircon,1.0,415,22.98683125324351,2348.3927710843373,3218.1734939759035,2331,3208,2368,3226,34.00334128370384,16.363159642197108,0.8848614072494669,0.0,1.0,0.0,0.0,0.0,0.0,0.0,0.0,0.0,0.0,0.0,0.0,0.0,0.0,0.0,0.0,0.0
3111,Zircon,1.0,2287,53.9620129239942,2349.698731963271,1647.23480542195,2322,1623,2383,1676,61.30306085788182,51.87910208093905,0.8885003885003885,0.0,1.0,0.0,0.0,0.0,0.0,0.0,0.0,0.0,0.0,0.0,0.0,0.0,0.0,0.0,0.0,0.0
3112,Zircon,1.0,314,19.994929783493642,2351.9076433121018,2233.8853503184714,2341,2223,2366,2246,28.2121491792395,14.977110436699608,0.8509485094850948,0.0,1.0,0.0,0.0,0.0,0.0,0.0,0.0,0.0,0.0,0.0,0.0,0.0,0.0,0.0,0.0,0.0
3113,Zircon,1.0,360,21.409489393833255,2355.5055555555555,1713.3472222222222,2346,1703,2366,1725,22.469532661910677,21.331029464250243,0.9113924050632911,0.0,1.0,0.0,0.0,0.0,0.0,0.0,0.0,0.0,0.0,0.0,0.0,0.0,0.0,0.0,0.0,0.0
3114,Rutile,1.0,416,23.014509567006368,2352.6009615384614,2597.7548076923076,2338,2587,2370,2608,33.553784992874846,17.00054448104315,0.8489795918367347,0.0,0.0,1.0,0.0,0.0,0.0,0.0,0.0,0.0,0.0,0.0,0.0,0.0,0.0,0.0,0.0,0.0
3115,Zircon,1.0,363,21.498510523728477,2355.1019283746555,1837.3085399449035,2343,1827,2369,1848,26.669629553319744,17.98162950044501,0.9120603015075377,0.0,1.0,0.0,0.0,0.0,0.0,0.0,0.0,0.0,0.0,0.0,0.0,0.0,0.0,0.0,0.0,0.0
3116,Orthoclase,0.8782287822878229,271,18.575465448360347,2353.8634686346863,1816.4649446494466,2339,1808,2368,1828,32.59799424706194,14.573053531013302,0.6791979949874687,0.0,0.12177121771217712,0.0,0.0,0.0,0.0,0.0,0.0,0.8782287822878229,0.0,0.0,0.0,0.0,0.0,0.0,0.0,0.0
3118,Zircon,1.0,1000,35.682482323055424,2358.138,584.85,2339,559,2380,608,46.30892194801579,29.736493472038394,0.8658008658008658,0.0,1.0,0.0,0.0,0.0,0.0,0.0,0.0,0.0,0.0,0.0,0.0,0.0,0.0,0.0,0.0,0.0
3119,Quartz,1.0,315,20.026743534373637,2356.3333333333335,1319.3904761904762,2347,1306,2367,1334,29.390694047713744,14.869002637974942,0.8513513513513513,0.0,0.0,0.0,0.0,0.0,0.0,1.0,0.0,0.0,0.0,0.0,0.0,0.0,0.0,0.0,0.0,0.0
3120,Illite,1.0,667,29.14190756176324,2354.527736131934,2969.1454272863566,2339,2949,2371,2989,36.231155342340784,26.61968934369549,0.7444196428571429,0.0,0.0,0.0,0.0,0.0,0.0,0.0,0.0,0.0,0.0,0.0,0.0,1.0,0.0,0.0,0.0,0.0
3121,Zircon,1.0,562,26.749964937194992,2358.4928825622774,1861.2580071174377,2343,1848,2373,1877,33.145829236478185,22.30562216070831,0.9351081530782029,0.0,1.0,0.0,0.0,0.0,0.0,0.0,0.0,0.0,0.0,0.0,0.0,0.0,0.0,0.0,0.0,0.0
3122,Quartz,0.9080459770114943,348,21.049640414216977,2361.2241379310344,2762.014367816092,2352,2748,2372,2776,26.380503787888127,17.528887926988904,0.8529411764705882,0.0,0.0,0.0,0.0,0.0,0.0,0.9080459770114943,0.0,0.09195402298850575,0.0,0.0,0.0,0.0,0.0,0.0,0.0,0.0
3123,Rutile,1.0,153,13.957279475043833,2356.751633986928,3034.3333333333335,2353,3022,2365,3049,26.827062322807603,9.408739059198838,0.6566523605150214,0.0,0.0,1.0,0.0,0.0,0.0,0.0,0.0,0.0,0.0,0.0,0.0,0.0,0.0,0.0,0.0,0.0
3124,Quartz,1.0,288,19.149229459268767,2367.6701388888887,3033.7013888888887,2358,3024,2380,3047,28.226298004824947,13.721338726109874,0.8545994065281899,0.0,0.0,0.0,0.0,0.0,0.0,1.0,0.0,0.0,0.0,0.0,0.0,0.0,0.0,0.0,0.0,0.0
3125,Zircon,1.0,740,30.695231927842155,2363.3054054054055,1482.3405405405406,2342,1472,2384,1497,39.72896033882341,24.1717329967168,0.9355246523388117,0.0,1.0,0.0,0.0,0.0,0.0,0.0,0.0,0.0,0.0,0.0,0.0,0.0,0.0,0.0,0.0,0.0
3126,Quartz,1.0,991,35.52154823248202,2355.4934409687185,650.1311806256307,2339,631,2379,669,38.09289138394066,35.143553142560705,0.8528399311531841,0.0,0.0,0.0,0.0,0.0,0.0,1.0,0.0,0.0,0.0,0.0,0.0,0.0,0.0,0.0,0.0,0.0
3127,Rutile,1.0,648,28.723844188903154,2358.9614197530864,2901.0185185185187,2341,2886,2377,2917,32.43088618955604,28.21322556536492,0.8233799237611181,0.0,0.0,1.0,0.0,0.0,0.0,0.0,0.0,0.0,0.0,0.0,0.0,0.0,0.0,0.0,0.0,0.0
3128,Zircon,0.9922131147540983,7320,96.54073475720698,2366.5155737704918,471.6383879781421,2319,407,2409,526,116.81380255721662,83.48287404641066,0.9087523277467412,0.0,0.9922131147540983,0.0,0.0,0.0,0.0,0.0,0.0,0.0,0.0,0.0,0.0,0.0,0.0,0.0,0.0,0.00778688524590164
3129,Ilmenite,1.0,554,26.558891313141824,2370.5740072202166,684.7472924187725,2354,671,2390,698,36.03293526617937,23.369542006190844,0.7936962750716332,0.0,0.0,0.0,1.0,0.0,0.0,0.0,0.0,0.0,0.0,0.0,0.0,0.0,0.0,0.0,0.0,0.0
3130,Zircon,1.0,177,15.012108426804138,2367.2824858757062,4.440677966101695,2359,0,2380,13,21.158612994352428,11.787061569205363,0.8634146341463415,0.0,1.0,0.0,0.0,0.0,0.0,0.0,0.0,0.0,0.0,0.0,0.0,0.0,0.0,0.0,0.0,0.0
3131,Zircon,1.0,997,35.6289183964509,2366.469408224674,321.8174523570712,2351,298,2384,343,44.539826887671005,30.486735228718743,0.9257195914577531,0.0,1.0,0.0,0.0,0.0,0.0,0.0,0.0,0.0,0.0,0.0,0.0,0.0,0.0,0.0,0.0,0.0
3132,Zircon,1.0,582,27.221781995965376,2362.3041237113403,2013.2079037800688,2350,2000,2378,2031,34.608706621429,22.634948567738,0.9122257053291536,0.0,1.0,0.0,0.0,0.0,0.0,0.0,0.0,0.0,0.0,0.0,0.0,0.0,0.0,0.0,0.0,0.0
3133,Monazite & Xenotime,1.0,272,18.609705966725112,2366.669117647059,1198.1985294117646,2357,1190,2377,1209,20.44078248445288,17.42288048413524,0.9411764705882353,1.0,0.0,0.0,0.0,0.0,0.0,0.0,0.0,0.0,0.0,0.0,0.0,0.0,0.0,0.0,0.0,0.0
3134,Zircon,1.0,324,20.310825007719227,2369.0925925925926,1992.8950617283951,2356,1984,2382,2001,27.282124854816754,16.183040970716892,0.907563025210084,0.0,1.0,0.0,0.0,0.0,0.0,0.0,0.0,0.0,0.0,0.0,0.0,0.0,0.0,0.0,0.0,0.0
3135,Zircon,1.0,810,32.11423409074988,2364.9024691358027,1027.1555555555556,2346,1009,2385,1049,49.43837501606785,22.307593026133357,0.8681672025723473,0.0,1.0,0.0,0.0,0.0,0.0,0.0,0.0,0.0,0.0,0.0,0.0,0.0,0.0,0.0,0.0,0.0
3136,Monazite & Xenotime,1.0,140,13.351162356249091,2371.292857142857,15.871428571428572,2363,9,2380,27,22.08313815713058,10.162170191973479,0.7407407407407407,1.0,0.0,0.0,0.0,0.0,0.0,0.0,0.0,0.0,0.0,0.0,0.0,0.0,0.0,0.0,0.0,0.0
3137,Illite,1.0,130,12.865501965161373,2371.476923076923,364.34615384615387,2365,358,2380,374,16.786085367676616,12.825220190714683,0.7831325301204819,0.0,0.0,0.0,0.0,0.0,0.0,0.0,0.0,0.0,0.0,0.0,0.0,1.0,0.0,0.0,0.0,0.0
3138,Zircon,1.0,501,25.25654394235911,2374.802395209581,1342.9221556886228,2360,1334,2391,1353,33.27418295795116,19.68948685253314,0.9452830188679245,0.0,1.0,0.0,0.0,0.0,0.0,0.0,0.0,0.0,0.0,0.0,0.0,0.0,0.0,0.0,0.0,0.0
3139,Rutile,1.0,1251,39.91018254109706,2378.8888888888887,3056.8505195843327,2358,3023,2404,3087,70.90353591320408,29.58507460456486,0.6934589800443459,0.0,0.0,1.0,0.0,0.0,0.0,0.0,0.0,0.0,0.0,0.0,0.0,0.0,0.0,0.0,0.0,0.0
3140,Illite,1.0,414,22.959119571977435,2369.8623188405795,388.27294685990336,2356,377,2386,403,30.9346710440824,20.244045083814864,0.7353463587921847,0.0,0.0,0.0,0.0,0.0,0.0,0.0,0.0,0.0,0.0,0.0,0.0,1.0,0.0,0.0,0.0,0.0
3141,Zircon,1.0,1484,43.46823534935576,2372.564016172507,1110.857142857143,2360,1079,2389,1145,69.95506455083746,27.60033053366732,0.9251870324189526,0.0,1.0,0.0,0.0,0.0,0.0,0.0,0.0,0.0,0.0,0.0,0.0,0.0,0.0,0.0,0.0,0.0
3142,Zircon,1.0,640,28.54598585844434,2368.421875,1255.4265625,2352,1241,2388,1274,39.474294257714384,22.495469489274434,0.8465608465608465,0.0,1.0,0.0,0.0,0.0,0.0,0.0,0.0,0.0,0.0,0.0,0.0,0.0,0.0,0.0,0.0,0.0
3143,Zircon,1.0,841,32.722995845769866,2376.592152199762,1367.8478002378122,2360,1352,2396,1390,40.569568387094115,29.68932752079064,0.8196881091617934,0.0,1.0,0.0,0.0,0.0,0.0,0.0,0.0,0.0,0.0,0.0,0.0,0.0,0.0,0.0,0.0,0.0
3144,Rutile,1.0,1404,42.28035383967556,2372.539886039886,2268.2542735042734,2349,2247,2399,2290,51.157789344389315,37.303523272592194,0.8661320172732881,0.0,0.0,1.0,0.0,0.0,0.0,0.0,0.0,0.0,0.0,0.0,0.0,0.0,0.0,0.0,0.0,0.0
3145,Quartz,1.0,119,12.309163489997376,2368.9411764705883,2251.747899159664,2361,2246,2378,2257,17.77249690899789,9.658395330159568,0.8095238095238095,0.0,0.0,0.0,0.0,0.0,0.0,1.0,0.0,0.0,0.0,0.0,0.0,0.0,0.0,0.0,0.0,0.0
3146,Zircon,1.0,610,27.868909599918855,2373.82131147541,2114.598360655738,2360,2100,2394,2129,33.92939426848949,25.909034621890516,0.8892128279883382,0.0,1.0,0.0,0.0,0.0,0.0,0.0,0.0,0.0,0.0,0.0,0.0,0.0,0.0,0.0,0.0,0.0
3147,Monazite & Xenotime,1.0,262,18.26441241104166,2390.2862595419847,737.1717557251908,2384,723,2401,755,36.39364573453923,13.243822204696869,0.6876640419947506,1.0,0.0,0.0,0.0,0.0,0.0,0.0,0.0,0.0,0.0,0.0,0.0,0.0,0.0,0.0,0.0,0.0
3148,Zircon,1.0,1096,37.355997390375464,2371.469890510949,741.235401459854,2359,714,2392,769,55.73417882516102,27.7793213519654,0.8160833953834699,0.0,1.0,0.0,0.0,0.0,0.0,0.0,0.0,0.0,0.0,0.0,0.0,0.0,0.0,0.0,0.0,0.0
3149,Rutile,0.9561324977618622,1117,37.71218067772237,2377.344673231871,1057.367054610564,2352,1042,2403,1078,46.62327418640693,31.853807514190432,0.8957497995188453,0.0,0.0,0.9561324977618622,0.043867502238137866,0.0,0.0,0.0,0.0,0.0,0.0,0.0,0.0,0.0,0.0,0.0,0.0,0.0
3150,Zircon,1.0,454,24.04268606686374,2374.411894273128,2139.2995594713657,2362,2127,2388,2153,25.502946875690874,23.298202603282444,0.8972332015810277,0.0,1.0,0.0,0.0,0.0,0.0,0.0,0.0,0.0,0.0,0.0,0.0,0.0,0.0,0.0,0.0,0.0
3151,Zircon,1.0,1527,44.09350048261754,2374.595939751146,2178.673215455141,2354,2152,2394,2211,58.29614122132794,34.23115751635312,0.9288321167883211,0.0,1.0,0.0,0.0,0.0,0.0,0.0,0.0,0.0,0.0,0.0,0.0,0.0,0.0,0.0,0.0,0.0
3152,Zircon,1.0,881,33.49214891450948,2375.2451759364358,2525.2009080590237,2360,2508,2394,2543,36.88447817244796,31.248814246073753,0.9312896405919662,0.0,1.0,0.0,0.0,0.0,0.0,0.0,0.0,0.0,0.0,0.0,0.0,0.0,0.0,0.0,0.0,0.0
3153,Quartz,0.9695431472081218,1379,41.90223540802793,2377.1588107324146,231.45395213923132,2353,209,2402,253,48.517233172853615,38.31299688528982,0.8126104890984089,0.0,0.0,0.030456852791878174,0.0,0.0,0.0,0.9695431472081218,0.0,0.0,0.0,0.0,0.0,0.0,0.0,0.0,0.0,0.0
3154,Zircon,1.0,341,20.83685880248485,2374.967741935484,838.1260997067449,2366,824,2386,850,25.054743509506167,19.230365102898098,0.8567839195979899,0.0,1.0,0.0,0.0,0.0,0.0,0.0,0.0,0.0,0.0,0.0,0.0,0.0,0.0,0.0,0.0,0.0
3155,Rutile,1.0,606,27.777385840094972,2382.5016501650166,1577.9587458745875,2366,1564,2402,1593,37.76603308799765,23.007742967494753,0.8256130790190735,0.0,0.0,1.0,0.0,0.0,0.0,0.0,0.0,0.0,0.0,0.0,0.0,0.0,0.0,0.0,0.0,0.0
3157,Rutile,1.0,157,14.138550439257221,2375.2738853503183,2043.1273885350317,2364,2036,2385,2051,19.598403729204165,11.909292586687812,0.8010204081632653,0.0,0.0,1.0,0.0,0.0,0.0,0.0,0.0,0.0,0.0,0.0,0.0,0.0,0.0,0.0,0.0,0.0
3158,Zircon,1.0,1008,35.82492792865108,2375.624007936508,58.69047619047619,2355,44,2402,72,46.360515368215204,28.9444438595555,0.9290322580645162,0.0,1.0,0.0,0.0,0.0,0.0,0.0,0.0,0.0,0.0,0.0,0.0,0.0,0.0,0.0,0.0,0.0
3159,Zircon,1.0,221,16.774562271083887,2374.6470588235293,1928.20814479638,2365,1922,2386,1937,22.91441624388872,13.976994766000937,0.8308270676691729,0.0,1.0,0.0,0.0,0.0,0.0,0.0,0.0,0.0,0.0,0.0,0.0,0.0,0.0,0.0,0.0,0.0
3160,Zircon,1.0,749,30.881327999401787,2379.479305740988,1955.5700934579438,2368,1932,2391,1977,44.59756959066644,23.38833146494063,0.8668981481481481,0.0,1.0,0.0,0.0,0.0,0.0,0.0,0.0,0.0,0.0,0.0,0.0,0.0,0.0,0.0,0.0,0.0
3161,Zircon,1.0,542,26.26967516446403,2389.3837638376385,2065.5848708487083,2372,2052,2414,2081,49.820429103038556,16.067640375710095,0.8455538221528861,0.0,1.0,0.0,0.0,0.0,0.0,0.0,0.0,0.0,0.0,0.0,0.0,0.0,0.0,0.0,0.0,0.0
3162,Zircon,1.0,2397,55.244503697021166,2378.0216937838964,1780.6992073425115,2341,1751,2407,1808,62.193062246977576,51.873579347524974,0.923699421965318,0.0,1.0,0.0,0.0,0.0,0.0,0.0,0.0,0.0,0.0,0.0,0.0,0.0,0.0,0.0,0.0,0.0
3163,Zircon,1.0,308,19.802974013476614,2382.87012987013,1618.525974025974,2371,1610,2393,1629,23.48058074028994,17.123458836326535,0.9565217391304348,0.0,1.0,0.0,0.0,0.0,0.0,0.0,0.0,0.0,0.0,0.0,0.0,0.0,0.0,0.0,0.0,0.0
3164,Rutile,1.0,170,14.712264360219255,2385.1941176470586,703.5235294117647,2378,696,2394,712,16.06238411698522,13.862341878657222,0.9042553191489362,0.0,0.0,1.0,0.0,0.0,0.0,0.0,0.0,0.0,0.0,0.0,0.0,0.0,0.0,0.0,0.0,0.0
3165,Zircon,1.0,604,27.73151068766428,2382.5347682119204,1688.5960264900662,2366,1676,2402,1700,39.94930696438885,21.435068307793102,0.815114709851552,0.0,1.0,0.0,0.0,0.0,0.0,0.0,0.0,0.0,0.0,0.0,0.0,0.0,0.0,0.0,0.0,0.0
3166,Rutile,1.0,174,14.884343478431232,2383.9080459770116,572.0574712643678,2377,563,2391,585,19.918702147803085,13.346820921105921,0.7733333333333333,0.0,0.0,1.0,0.0,0.0,0.0,0.0,0.0,0.0,0.0,0.0,0.0,0.0,0.0,0.0,0.0,0.0
3167,Zircon,1.0,1195,39.00668219624068,2384.8937238493722,1717.5313807531381,2366,1699,2406,1741,42.273175105428365,36.479910501482905,0.9365203761755486,0.0,1.0,0.0,0.0,0.0,0.0,0.0,0.0,0.0,0.0,0.0,0.0,0.0,0.0,0.0,0.0,0.0
3168,Zircon,1.0,196,15.797308339337176,2394.3673469387754,2592.795918367347,2382,2587,2408,2600,28.71918291126468,10.658683470570638,0.7777777777777778,0.0,1.0,0.0,0.0,0.0,0.0,0.0,0.0,0.0,0.0,0.0,0.0,0.0,0.0,0.0,0.0,0.0
3169,Rutile,1.0,358,21.349935761383176,2386.349162011173,1552.463687150838,2376,1541,2399,1565,25.821203668331286,18.230304350701104,0.9132653061224489,0.0,0.0,1.0,0.0,0.0,0.0,0.0,0.0,0.0,0.0,0.0,0.0,0.0,0.0,0.0,0.0,0.0
3170,Rutile,0.8596914175506268,2074,51.38773020654568,2390.086306653809,905.7579556412729,2362,880,2423,933,56.5973225358037,49.61303424846674,0.8602239734549979,0.0,0.0,0.8596914175506268,0.0,0.0,0.0,0.044358727097396335,0.0,0.0,0.0,0.0,0.0,0.0,0.0,0.0,0.0,0.09594985535197685
3171,Zircon,1.0,1716,46.74268989655537,2387.6620046620046,2950.3513986013986,2366,2924,2419,2979,51.61487690564697,46.370437596838734,0.8909657320872274,0.0,1.0,0.0,0.0,0.0,0.0,0.0,0.0,0.0,0.0,0.0,0.0,0.0,0.0,0.0,0.0,0.0
3172,Zircon,1.0,765,31.209425687160593,2389.5555555555557,189.49019607843138,2374,171,2402,207,36.332259297490694,28.797960860128875,0.9479553903345725,0.0,1.0,0.0,0.0,0.0,0.0,0.0,0.0,0.0,0.0,0.0,0.0,0.0,0.0,0.0,0.0,0.0
3173,Zircon,1.0,525,25.854414729132053,2391.213333333333,345.2857142857143,2380,332,2402,361,29.397087439392717,23.420987684972985,0.9597806215722121,0.0,1.0,0.0,0.0,0.0,0.0,0.0,0.0,0.0,0.0,0.0,0.0,0.0,0.0,0.0,0.0,0.0
3174,Unknown,1.0,125,12.6156626101008,2388.624,541.6,2382,534,2396,552,17.36497667226548,11.634585045100478,0.702247191011236,0.0,0.0,0.0,0.0,0.0,0.0,0.0,0.0,0.0,0.0,0.0,0.0,0.0,0.0,0.0,0.0,1.0
3175,Zircon,1.0,523,25.805121233904135,2391.2504780114723,1835.3231357552581,2377,1820,2407,1849,29.348305527959585,23.640442810198618,0.9273049645390071,0.0,1.0,0.0,0.0,0.0,0.0,0.0,0.0,0.0,0.0,0.0,0.0,0.0,0.0,0.0,0.0,0.0
3176,Zircon,1.0,616,28.00563442518059,2394.1704545454545,31.094155844155843,2384,11,2402,59,48.0807162295546,17.603912801190205,0.9580093312597201,0.0,1.0,0.0,0.0,0.0,0.0,0.0,0.0,0.0,0.0,0.0,0.0,0.0,0.0,0.0,0.0,0.0
3177,Zircon,1.0,406,22.736210219877808,2393.3522167487686,318.02463054187194,2385,304,2402,332,28.533229455857573,18.58380318820395,0.9620853080568721,0.0,1.0,0.0,0.0,0.0,0.0,0.0,0.0,0.0,0.0,0.0,0.0,0.0,0.0,0.0,0.0,0.0
3178,Rutile,1.0,545,26.34227689249097,2392.9266055045873,2904.042201834862,2381,2889,2405,2920,30.60978802106629,22.908464658052743,0.9332191780821918,0.0,0.0,1.0,0.0,0.0,0.0,0.0,0.0,0.0,0.0,0.0,0.0,0.0,0.0,0.0,0.0,0.0
3179,Zircon,1.0,349,21.079862454783044,2394.567335243553,262.2005730659026,2384,247,2402,275,28.61551455946067,17.27115637660116,0.9509536784741145,0.0,1.0,0.0,0.0,0.0,0.0,0.0,0.0,0.0,0.0,0.0,0.0,0.0,0.0,0.0,0.0,0.0
3180,Zircon,1.0,1932,49.597366869908875,2384.772774327122,1894.7950310559006,2355,1871,2414,1924,63.32044071902972,42.61412260446783,0.8507265521796565,0.0,1.0,0.0,0.0,0.0,0.0,0.0,0.0,0.0,0.0,0.0,0.0,0.0,0.0,0.0,0.0,0.0
3181,Zircon,0.9359733530717986,2702,58.654013075614955,2398.078090303479,783.5381199111769,2370,729,2416,828,87.54501550418624,46.06706319343687,0.8955916473317865,0.0,0.9359733530717986,0.0,0.0,0.0,0.0,0.0,0.0,0.0,0.0,0.0,0.0,0.0,0.0,0.0,0.0,0.06402664692820133
3183,Zircon,1.0,130,12.865501965161373,2395.130769230769,1119.6461538461538,2388,1115,2404,1126,15.427877861868962,11.130511083815774,0.9219858156028369,0.0,1.0,0.0,0.0,0.0,0.0,0.0,0.0,0.0,0.0,0.0,0.0,0.0,0.0,0.0,0.0,0.0
3184,Zircon,1.0,152,13.911592676604096,2399.0394736842104,1109.8881578947369,2390,1103,2407,1116,16.929383571532362,11.94779686822109,0.9156626506024096,0.0,1.0,0.0,0.0,0.0,0.0,0.0,0.0,0.0,0.0,0.0,0.0,0.0,0.0,0.0,0.0,0.0
3185,Zircon,1.0,639,28.523675588636344,2398.3693270735525,1503.3317683881064,2386,1485,2411,1526,37.723240093868924,22.863946983928017,0.9076704545454546,0.0,1.0,0.0,0.0,0.0,0.0,0.0,0.0,0.0,0.0,0.0,0.0,0.0,0.0,0.0,0.0,0.0
3186,Zircon,1.0,298,19.47884453275087,2392.2348993288592,2365.9563758389263,2383,2355,2400,2380,23.746266346919008,17.59442975758292,0.93125,0.0,1.0,0.0,0.0,0.0,0.0,0.0,0.0,0.0,0.0,0.0,0.0,0.0,0.0,0.0,0.0,0.0
3187,Zircon,1.0,643,28.61281229213077,2402.8833592534993,596.5909797822706,2387,581,2416,619,41.45467710659094,21.409059022764612,0.8967921896792189,0.0,1.0,0.0,0.0,0.0,0.0,0.0,0.0,0.0,0.0,0.0,0.0,0.0,0.0,0.0,0.0,0.0
3188,Zircon,1.0,281,18.91508160359296,2404.693950177936,2370.0035587188613,2399,2355,2413,2385,27.563901657230478,13.538901503418748,0.9035369774919614,0.0,1.0,0.0,0.0,0.0,0.0,0.0,0.0,0.0,0.0,0.0,0.0,0.0,0.0,0.0,0.0,0.0
3189,Rutile,1.0,565,26.821266613927218,2400.8814159292037,3209.996460176991,2390,3193,2414,3226,35.57592157885453,20.90749384038131,0.9247135842880524,0.0,0.0,1.0,0.0,0.0,0.0,0.0,0.0,0.0,0.0,0.0,0.0,0.0,0.0,0.0,0.0,0.0
3190,Zircon,1.0,2428,55.60059005637418,2394.530477759473,2658.9954695222405,2356,2629,2438,2712,83.8900922838025,59.08460686101048,0.5577762462669423,0.0,1.0,0.0,0.0,0.0,0.0,0.0,0.0,0.0,0.0,0.0,0.0,0.0,0.0,0.0,0.0,0.0
3191,Quartz,1.0,1008,35.82492792865108,2412.1507936507937,2686.1686507936506,2393,2669,2432,2710,42.39607246257225,33.03593767887133,0.8734835355285961,0.0,0.0,0.0,0.0,0.0,0.0,1.0,0.0,0.0,0.0,0.0,0.0,0.0,0.0,0.0,0.0,0.0
3192,Zircon,0.9984962406015038,665,29.098183744847088,2402.1428571428573,671.224060150376,2389,652,2416,690,34.041247360249365,25.79369745014925,0.8962264150943396,0.0,0.9984962406015038,0.0015037593984962407,0.0,0.0,0.0,0.0,0.0,0.0,0.0,0.0,0.0,0.0,0.0,0.0,0.0,0.0
3193,Zircon,1.0,992,35.539465786323824,2402.7842741935483,1940.899193548387,2389,1918,2417,1964,46.5566548639658,27.479430160508205,0.9402843601895735,0.0,1.0,0.0,0.0,0.0,0.0,0.0,0.0,0.0,0.0,0.0,0.0,0.0,0.0,0.0,0.0,0.0
3195,Zircon,0.8592870544090057,533,26.05065598682386,2404.924953095685,853.7823639774859,2393,838,2416,869,29.715877400416904,23.37504207281463,0.9400352733686067,0.0,0.8592870544090057,0.0,0.0,0.0,0.0,0.14071294559099437,0.0,0.0,0.0,0.0,0.0,0.0,0.0,0.0,0.0,0.0
3196,Zircon,1.0,2309,54.220937918791954,2406.0796881767,1420.1316587267215,2380,1389,2432,1450,64.42874272138106,47.32461546727156,0.9097714736012609,0.0,1.0,0.0,0.0,0.0,0.0,0.0,0.0,0.0,0.0,0.0,0.0,0.0,0.0,0.0,0.0,0.0
3197,Zircon,1.0,1185,38.8431314457417,2406.462447257384,1996.232911392405,2387,1977,2430,2019,42.96473938289633,35.89299218068193,0.9548751007252216,0.0,1.0,0.0,0.0,0.0,0.0,0.0,0.0,0.0,0.0,0.0,0.0,0.0,0.0,0.0,0.0,0.0
3198,Quartz,1.0,274,18.677998695187732,2402.689781021898,2279.799270072993,2389,2269,2413,2290,25.836138652188804,14.80885502620864,0.8430769230769231,0.0,0.0,0.0,0.0,0.0,0.0,1.0,0.0,0.0,0.0,0.0,0.0,0.0,0.0,0.0,0.0,0.0
3199,Illite,1.0,710,30.066594033278285,2413.845070422535,1581.6704225352112,2392,1564,2434,1595,41.16884445718022,25.72654190942759,0.8004509582863585,0.0,0.0,0.0,0.0,0.0,0.0,0.0,0.0,0.0,0.0,0.0,0.0,1.0,0.0,0.0,0.0,0.0
3200,Illite,1.0,486,24.875578761936154,2408.314814814815,1600.2427983539094,2392,1592,2426,1612,32.26620724203147,19.919611020819712,0.9274809160305344,0.0,0.0,0.0,0.0,0.0,0.0,0.0,0.0,0.0,0.0,0.0,0.0,1.0,0.0,0.0,0.0,0.0
3201,Rutile,1.0,566,26.844991754889815,2415.0053003533567,1065.9275618374559,2399,1052,2430,1080,35.97256287863375,26.851177259199453,0.7872044506258693,0.0,0.0,1.0,0.0,0.0,0.0,0.0,0.0,0.0,0.0,0.0,0.0,0.0,0.0,0.0,0.0,0.0
3202,Rutile,0.8955823293172691,498,25.180812005932435,2405.925702811245,1221.1305220883535,2391,1208,2422,1238,32.45247086722852,25.397766010641604,0.7323529411764705,0.0,0.0,0.8955823293172691,0.10441767068273092,0.0,0.0,0.0,0.0,0.0,0.0,0.0,0.0,0.0,0.0,0.0,0.0,0.0
3203,Zircon,0.9497716894977168,1095,37.338951531678056,2407.8283105022833,2327.9671232876713,2391,2304,2429,2359,55.885979540046215,26.553811213090743,0.8147321428571429,0.0,0.9497716894977168,0.0,0.0,0.0,0.0,0.0,0.0,0.0,0.0,0.0,0.0,0.0,0.0,0.0,0.0,0.0502283105022831
3207,Zircon,1.0,1244,39.79836672089123,2408.3295819935693,1160.501607717042,2385,1143,2430,1180,47.85375022173307,34.458944025865776,0.9353383458646617,0.0,1.0,0.0,0.0,0.0,0.0,0.0,0.0,0.0,0.0,0.0,0.0,0.0,0.0,0.0,0.0,0.0
3208,Quartz,1.0,1412,42.40063958439837,2414.9483002832862,1345.9157223796035,2394,1322,2431,1379,56.51176496357761,34.77630644859764,0.8863779033270559,0.0,0.0,0.0,0.0,0.0,0.0,1.0,0.0,0.0,0.0,0.0,0.0,0.0,0.0,0.0,0.0,0.0
3211,Rutile,0.7177033492822966,209,16.312788383647018,2416.6985645933014,2440.224880382775,2407,2432,2430,2448,24.346006681230545,14.781160002939759,0.7517985611510791,0.0,0.0,0.7177033492822966,0.2822966507177033,0.0,0.0,0.0,0.0,0.0,0.0,0.0,0.0,0.0,0.0,0.0,0.0,0.0
3212,Quartz,1.0,448,23.883285285767386,2419.401785714286,1295.2544642857142,2405,1285,2430,1313,30.359281368317955,20.951868836895823,0.939203354297694,0.0,0.0,0.0,0.0,0.0,0.0,1.0,0.0,0.0,0.0,0.0,0.0,0.0,0.0,0.0,0.0,0.0
3213,Zircon,1.0,327,20.404639941160397,2419.363914373089,1000.8654434250765,2407,990,2430,1010,24.75054772135725,17.90764413301288,0.9342857142857143,0.0,1.0,0.0,0.0,0.0,0.0,0.0,0.0,0.0,0.0,0.0,0.0,0.0,0.0,0.0,0.0,0.0
3214,Rutile,1.0,138,13.255453865237978,2420.2608695652175,2295.217391304348,2417,2285,2426,2307,22.49888109213998,8.27158552935796,0.8789808917197452,0.0,0.0,1.0,0.0,0.0,0.0,0.0,0.0,0.0,0.0,0.0,0.0,0.0,0.0,0.0,0.0,0.0
3215,Rutile,1.0,401,22.595775212167435,2422.778054862843,964.3865336658354,2414,947,2430,981,33.46852857146758,16.47761591574717,0.8970917225950783,0.0,0.0,1.0,0.0,0.0,0.0,0.0,0.0,0.0,0.0,0.0,0.0,0.0,0.0,0.0,0.0,0.0
3216,Zircon,1.0,410,22.847936741452536,2423.0024390243902,1033.5780487804877,2414,1014,2430,1050,35.556710852125605,15.778754509343832,0.9490740740740741,0.0,1.0,0.0,0.0,0.0,0.0,0.0,0.0,0.0,0.0,0.0,0.0,0.0,0.0,0.0,0.0,0.0
3217,Ilmenite,0.9090909090909091,341,20.83685880248485,2427.1055718475072,1528.4457478005866,2414,1519,2441,1539,27.645185144193704,17.02057980995456,0.8926701570680629,0.0,0.0,0.09090909090909091,0.9090909090909091,0.0,0.0,0.0,0.0,0.0,0.0,0.0,0.0,0.0,0.0,0.0,0.0,0.0
3218,Zircon,1.0,1096,37.355997390375464,2429.2837591240877,1858.065693430657,2406,1838,2452,1875,44.30234204119251,34.36286434010482,0.8705321683876092,0.0,1.0,0.0,0.0,0.0,0.0,0.0,0.0,0.0,0.0,0.0,0.0,0.0,0.0,0.0,0.0,0.0
3219,Illite,1.0,105,11.562445770562215,2424.2285714285713,2479.0666666666666,2415,2474,2434,2485,16.58895531336252,9.506614676581457,0.7291666666666666,0.0,0.0,0.0,0.0,0.0,0.0,0.0,0.0,0.0,0.0,0.0,0.0,1.0,0.0,0.0,0.0,0.0
3221,Illite,1.0,186,15.389040103942165,2426.059139784946,1111.52688172043,2420,1098,2430,1130,33.10803678427391,8.973380680098016,0.7209302325581395,0.0,0.0,0.0,0.0,0.0,0.0,0.0,0.0,0.0,0.0,0.0,0.0,1.0,0.0,0.0,0.0,0.0
3222,Zircon,1.0,1740,47.068426868115985,2426.5252873563218,1763.8574712643679,2406,1734,2444,1797,62.95879882330884,36.07325430049964,0.9477124183006536,0.0,1.0,0.0,0.0,0.0,0.0,0.0,0.0,0.0,0.0,0.0,0.0,0.0,0.0,0.0,0.0,0.0
3223,Rutile,1.0,143,13.493452297211721,2425.2167832167834,1826.3146853146852,2419,1817,2433,1836,19.22472094257025,11.103627287123985,0.7606382978723404,0.0,0.0,1.0,0.0,0.0,0.0,0.0,0.0,0.0,0.0,0.0,0.0,0.0,0.0,0.0,0.0,0.0
3224,Monazite & Xenotime,1.0,777,31.453253031430968,2427.6280566280566,2042.3024453024452,2409,2028,2450,2059,40.19796841701622,26.66322623201183,0.8779661016949153,1.0,0.0,0.0,0.0,0.0,0.0,0.0,0.0,0.0,0.0,0.0,0.0,0.0,0.0,0.0,0.0,0.0
3225,Rutile,0.9469194312796209,1055,36.6506169074355,2415.83981042654,2083.209478672986,2380,2068,2444,2097,63.240207714537384,24.402692844958256,0.8353127474267616,0.0,0.0,0.9469194312796209,0.0,0.0,0.0,0.0,0.0,0.0,0.0,0.0,0.0,0.0,0.0,0.0,0.0,0.05308056872037915
3226,Zircon,1.0,746,30.81942083122964,2427.911528150134,2210.710455764075,2412,2196,2447,2229,33.230322582276386,29.49503916145461,0.9097560975609756,0.0,1.0,0.0,0.0,0.0,0.0,0.0,0.0,0.0,0.0,0.0,0.0,0.0,0.0,0.0,0.0,0.0
3227,Zircon,1.0,476,24.61832697999475,2425.873949579832,1946.672268907563,2415,1932,2440,1962,28.089784834996653,22.610690982938504,0.9101338432122371,0.0,1.0,0.0,0.0,0.0,0.0,0.0,0.0,0.0,0.0,0.0,0.0,0.0,0.0,0.0,0.0,0.0
3228,Rutile,1.0,906,33.96402549065787,2428.407284768212,2116.023178807947,2409,2100,2448,2132,38.30510626801564,30.473070405570155,0.937888198757764,0.0,0.0,1.0,0.0,0.0,0.0,0.0,0.0,0.0,0.0,0.0,0.0,0.0,0.0,0.0,0.0,0.0
3229,Monazite & Xenotime,1.0,720,30.277590264241923,2429.973611111111,2922.177777777778,2418,2900,2444,2944,43.38349586857079,25.12899871354128,0.8044692737430168,1.0,0.0,0.0,0.0,0.0,0.0,0.0,0.0,0.0,0.0,0.0,0.0,0.0,0.0,0.0,0.0,0.0
3230,Rutile,1.0,597,27.570346537664197,2434.889447236181,1609.177554438861,2422,1587,2444,1630,39.04195029694224,21.741538557380842,0.9072948328267477,0.0,0.0,1.0,0.0,0.0,0.0,0.0,0.0,0.0,0.0,0.0,0.0,0.0,0.0,0.0,0.0,0.0
3231,Zircon,0.982279500604108,4966,79.51671257763878,2434.8842126459926,2853.4178413209825,2391,2815,2479,2895,84.73014710412332,76.21076135849714,0.9278774289985052,0.0,0.982279500604108,0.0,0.0,0.0,0.0,0.0,0.0,0.0,0.0,0.0,0.0,0.0,0.0,0.0,0.0,0.017720499395892066
3232,Rutile,1.0,125,12.6156626101008,2434.12,1485.032,2427,1480,2443,1492,13.995919838571009,11.998476731331127,0.9124087591240876,0.0,0.0,1.0,0.0,0.0,0.0,0.0,0.0,0.0,0.0,0.0,0.0,0.0,0.0,0.0,0.0,0.0
3233,Zircon,1.0,394,22.397686948112614,2432.9111675126906,1390.5634517766498,2415,1376,2444,1412,41.84756622861063,15.662742026505631,0.6924428822495606,0.0,1.0,0.0,0.0,0.0,0.0,0.0,0.0,0.0,0.0,0.0,0.0,0.0,0.0,0.0,0.0,0.0
3234,Rutile,1.0,132,12.964089628857149,2434.6363636363635,1473.030303030303,2424,1469,2444,1478,21.80214454695487,8.245643925768551,0.8859060402684564,0.0,0.0,1.0,0.0,0.0,0.0,0.0,0.0,0.0,0.0,0.0,0.0,0.0,0.0,0.0,0.0,0.0
3235,Quartz,1.0,213,16.46815177937675,2440.4647887323945,2154.089201877934,2432,2141,2450,2168,27.899077572377365,13.31564974940937,0.7006578947368421,0.0,0.0,0.0,0.0,0.0,0.0,1.0,0.0,0.0,0.0,0.0,0.0,0.0,0.0,0.0,0.0,0.0
3236,Unknown,1.0,156,14.093451279891855,2439.8846153846152,1729.0192307692307,2434,1718,2444,1742,23.87743049604301,9.14880648208686,0.8813559322033898,0.0,0.0,0.0,0.0,0.0,0.0,0.0,0.0,0.0,0.0,0.0,0.0,0.0,0.0,0.0,0.0,1.0
3237,Zircon,1.0,1150,38.26519928662906,2439.365217391304,1920.5330434782609,2420,1898,2455,1947,51.41459229085211,29.380181181492446,0.9403107113654947,0.0,1.0,0.0,0.0,0.0,0.0,0.0,0.0,0.0,0.0,0.0,0.0,0.0,0.0,0.0,0.0,0.0
3238,Zircon,0.9457978075517661,1642,45.723728330650566,2434.870280146163,3047.0,2410,3023,2462,3074,59.58039800838651,37.52990842289039,0.917831190609279,0.0,0.9457978075517661,0.0,0.0,0.0,0.0,0.0,0.0,0.0,0.0,0.0,0.0,0.0,0.0,0.0,0.0,0.05420219244823386
3239,Zircon,1.0,569,26.916041702938184,2440.6731107205624,2013.884007029877,2427,1996,2454,2030,32.69614159807852,23.20044283349688,0.901743264659271,0.0,1.0,0.0,0.0,0.0,0.0,0.0,0.0,0.0,0.0,0.0,0.0,0.0,0.0,0.0,0.0,0.0
3240,Rutile,1.0,110,11.834540545406394,2440.6454545454544,1969.0545454545454,2434,1964,2447,1976,12.951928666956624,11.715086268799139,0.873015873015873,0.0,0.0,1.0,0.0,0.0,0.0,0.0,0.0,0.0,0.0,0.0,0.0,0.0,0.0,0.0,0.0,0.0
3241,Rutile,1.0,830,32.5082885143187,2443.1951807228916,2307.7156626506026,2426,2292,2464,2327,42.097572804633685,25.816445580954756,0.9140969162995595,0.0,0.0,1.0,0.0,0.0,0.0,0.0,0.0,0.0,0.0,0.0,0.0,0.0,0.0,0.0,0.0,0.0
3242,Illite,1.0,109,11.780624362746345,2445.5229357798166,2749.954128440367,2439,2741,2452,2758,14.783465332739773,10.911390603530194,0.8014705882352942,0.0,0.0,0.0,0.0,0.0,0.0,0.0,0.0,0.0,0.0,0.0,0.0,1.0,0.0,0.0,0.0,0.0
3243,Illite,1.0,197,15.837556323903858,2449.3096446700506,2499.3857868020305,2440,2487,2462,2515,36.566876179238164,11.115634174221208,0.595166163141994,0.0,0.0,0.0,0.0,0.0,0.0,0.0,0.0,0.0,0.0,0.0,0.0,1.0,0.0,0.0,0.0,0.0
3244,Rutile,1.0,272,18.609705966725112,2443.613970588235,2231.7463235294117,2429,2224,2458,2241,29.948734404842067,12.691380733335151,0.7576601671309192,0.0,0.0,1.0,0.0,0.0,0.0,0.0,0.0,0.0,0.0,0.0,0.0,0.0,0.0,0.0,0.0,0.0
3245,Zircon,1.0,783,31.574460621325464,2441.891443167305,2445.2822477650066,2425,2424,2460,2469,53.546459648681335,21.057437071979642,0.8604395604395605,0.0,1.0,0.0,0.0,0.0,0.0,0.0,0.0,0.0,0.0,0.0,0.0,0.0,0.0,0.0,0.0,0.0
3246,Zircon,1.0,1502,43.73106214342632,2449.081225033289,2376.1884154460718,2430,2352,2468,2403,52.79972387058238,38.03369818379393,0.9152955514929921,0.0,1.0,0.0,0.0,0.0,0.0,0.0,0.0,0.0,0.0,0.0,0.0,0.0,0.0,0.0,0.0,0.0
3247,Zircon,1.0,175,14.927053303604616,2450.445714285714,1895.3085714285714,2442,1888,2458,1905,16.282017484552796,14.741956938880907,0.8838383838383839,0.0,1.0,0.0,0.0,0.0,0.0,0.0,0.0,0.0,0.0,0.0,0.0,0.0,0.0,0.0,0.0,0.0
3248,Ilmenite,0.8692307692307693,260,18.19456736586892,2451.0615384615385,2182.8,2443,2172,2458,2197,24.816239921503442,13.995871308109827,0.8843537414965986,0.0,0.0,0.13076923076923078,0.8692307692307693,0.0,0.0,0.0,0.0,0.0,0.0,0.0,0.0,0.0,0.0,0.0,0.0,0.0
3250,Zircon,1.0,140,13.351162356249091,2454.8357142857144,2077.135714285714,2452,2064,2458,2092,28.84293997143832,6.364050623197317,0.958904109589041,0.0,1.0,0.0,0.0,0.0,0.0,0.0,0.0,0.0,0.0,0.0,0.0,0.0,0.0,0.0,0.0,0.0
3251,Zircon,1.0,979,35.30582833323309,2453.9070480081714,2635.7364657814096,2438,2617,2472,2654,38.15702817900219,33.2242992899839,0.944980694980695,0.0,1.0,0.0,0.0,0.0,0.0,0.0,0.0,0.0,0.0,0.0,0.0,0.0,0.0,0.0,0.0,0.0
3253,Zircon,1.0,213,16.46815177937675,2456.9483568075116,2333.845070422535,2449,2322,2465,2344,22.4956154689091,14.506576073475916,0.8352941176470589,0.0,1.0,0.0,0.0,0.0,0.0,0.0,0.0,0.0,0.0,0.0,0.0,0.0,0.0,0.0,0.0,0.0
3254,Quartz,1.0,1169,38.580008136279666,2455.409751924722,2969.319076133447,2431,2950,2478,2990,48.52375613668414,31.37260176674447,0.910436137071651,0.0,0.0,0.0,0.0,0.0,0.0,1.0,0.0,0.0,0.0,0.0,0.0,0.0,0.0,0.0,0.0,0.0
3255,Ilmenite,1.0,414,22.959119571977435,2459.072463768116,2705.5169082125603,2439,2692,2472,2715,35.16757135705166,17.981302726017734,0.8414634146341463,0.0,0.0,0.0,1.0,0.0,0.0,0.0,0.0,0.0,0.0,0.0,0.0,0.0,0.0,0.0,0.0,0.0
3256,Rutile,1.0,123,12.514330345744634,2466.479674796748,2678.723577235772,2460,2670,2472,2686,14.514419517947013,11.708034560830802,0.8367346938775511,0.0,0.0,1.0,0.0,0.0,0.0,0.0,0.0,0.0,0.0,0.0,0.0,0.0,0.0,0.0,0.0,0.0
3257,Illite,1.0,311,19.899183360445615,2468.3601286173634,2745.2282958199357,2456,2736,2483,2755,28.514827726656097,14.973356399330417,0.8687150837988827,0.0,0.0,0.0,0.0,0.0,0.0,0.0,0.0,0.0,0.0,0.0,0.0,1.0,0.0,0.0,0.0,0.0
3258,Rutile,1.0,613,27.93735565372383,2473.489396411093,2932.7993474714517,2460,2915,2486,2953,35.046540085613834,24.949039421936337,0.8087071240105541,0.0,0.0,1.0,0.0,0.0,0.0,0.0,0.0,0.0,0.0,0.0,0.0,0.0,0.0,0.0,0.0,0.0
3260,Zircon,1.0,507,25.40733061895184,2477.3333333333335,2891.2524654832346,2464,2876,2486,2914,37.99095718421564,19.517958840768628,0.8464106844741235,0.0,1.0,0.0,0.0,0.0,0.0,0.0,0.0,0.0,0.0,0.0,0.0,0.0,0.0,0.0,0.0,0.0
3261,Rutile,1.0,257,18.089294154193436,2480.5953307392997,2825.0389105058366,2473,2810,2486,2840,28.409551196149916,12.784815391892812,0.9049295774647887,0.0,0.0,1.0,0.0,0.0,0.0,0.0,0.0,0.0,0.0,0.0,0.0,0.0,0.0,0.0,0.0,0.0
3262,Zircon,1.0,146,13.63425735166143,2480.6164383561645,2720.513698630137,2474,2714,2486,2730,18.663204345612282,11.422721807520027,0.8795180722891566,0.0,1.0,0.0,0.0,0.0,0.0,0.0,0.0,0.0,0.0,0.0,0.0,0.0,0.0,0.0,0.0,0.0
3263,Unknown,1.0,117,12.205286835384658,2482.5384615384614,2968.7863247863247,2479,2958,2486,2980,21.663054309439627,7.312951751348908,0.936,0.0,0.0,0.0,0.0,0.0,0.0,0.0,0.0,0.0,0.0,0.0,0.0,0.0,0.0,0.0,0.0,1.0
3266,Unknown,1.0,113,11.994835078277376,2514.141592920354,486.0353982300885,2510,478,2519,495,19.559244429282607,8.207351500005146,0.7902097902097902,0.0,0.0,0.0,0.0,0.0,0.0,0.0,0.0,0.0,0.0,0.0,0.0,0.0,0.0,0.0,0.0,1.0
3268,Unknown,1.0,113,11.994835078277376,2514.141592920354,969.0353982300885,2510,961,2519,978,19.559244429282607,8.207351500005146,0.7902097902097902,0.0,0.0,0.0,0.0,0.0,0.0,0.0,0.0,0.0,0.0,0.0,0.0,0.0,0.0,0.0,0.0,1.0
3273,Unknown,1.0,113,11.994835078277376,2514.141592920354,1935.0353982300885,2510,1927,2519,1944,19.559244429282607,8.207351500005146,0.7902097902097902,0.0,0.0,0.0,0.0,0.0,0.0,0.0,0.0,0.0,0.0,0.0,0.0,0.0,0.0,0.0,0.0,1.0
3275,Unknown,1.0,113,11.994835078277376,2514.141592920354,2418.0353982300885,2510,2410,2519,2427,19.559244429282607,8.207351500005146,0.7902097902097902,0.0,0.0,0.0,0.0,0.0,0.0,0.0,0.0,0.0,0.0,0.0,0.0,0.0,0.0,0.0,0.0,1.0
3277,Unknown,1.0,113,11.994835078277376,2514.141592920354,2901.0353982300885,2510,2893,2519,2910,19.559244429282607,8.207351500005146,0.7902097902097902,0.0,0.0,0.0,0.0,0.0,0.0,0.0,0.0,0.0,0.0,0.0,0.0,0.0,0.0,0.0,0.0,1.0
3284,Unknown,1.0,145,13.58748446131949,2531.4827586206898,48.04827586206896,2527,38,2536,60,24.079296393932026,8.752965526386426,0.8146067415730337,0.0,0.0,0.0,0.0,0.0,0.0,0.0,0.0,0.0,0.0,0.0,0.0,0.0,0.0,0.0,0.0,1.0
3286,Unknown,1.0,145,13.58748446131949,2531.4827586206898,175.04827586206898,2527,165,2536,187,24.079296393932026,8.752965526386426,0.8146067415730337,0.0,0.0,0.0,0.0,0.0,0.0,0.0,0.0,0.0,0.0,0.0,0.0,0.0,0.0,0.0,0.0,1.0
3288,Zircon,1.0,108,11.726460285670077,45.148148148148145,1855.1574074074074,41,1848,53,1864,14.26489244820133,12.17414015174747,0.84375,0.0,1.0,0.0,0.0,0.0,0.0,0.0,0.0,0.0,0.0,0.0,0.0,0.0,0.0,0.0,0.0,0.0
3289,Zircon,1.0,112,11.941642642883693,54.732142857142854,1863.4107142857142,49,1856,62,1870,14.542904729415833,10.202232828366338,0.896,0.0,1.0,0.0,0.0,0.0,0.0,0.0,0.0,0.0,0.0,0.0,0.0,0.0,0.0,0.0,0.0,0.0
3290,Rutile,1.0,235,17.297725082009,94.96170212765958,3037.340425531915,83,3030,108,3049,29.805139993465964,12.404073364664875,0.7142857142857143,0.0,0.0,1.0,0.0,0.0,0.0,0.0,0.0,0.0,0.0,0.0,0.0,0.0,0.0,0.0,0.0,0.0
3292,Orthoclase,1.0,110,11.834540545406394,122.68181818181819,996.9,117,991,130,1003,14.029142526405886,10.628591704768903,0.873015873015873,0.0,0.0,0.0,0.0,0.0,0.0,0.0,0.0,1.0,0.0,0.0,0.0,0.0,0.0,0.0,0.0,0.0
3293,Quartz,1.0,415,22.98683125324351,112.98072289156626,1084.3397590361446,99,1072,128,1098,26.06840893585857,22.493095551024,0.8027079303675049,0.0,0.0,0.0,0.0,0.0,0.0,1.0,0.0,0.0,0.0,0.0,0.0,0.0,0.0,0.0,0.0,0.0
3294,Rutile,1.0,498,25.180812005932435,108.92771084337349,3169.632530120482,99,3149,120,3188,41.641669168737494,15.933103202887246,0.8615916955017301,0.0,0.0,1.0,0.0,0.0,0.0,0.0,0.0,0.0,0.0,0.0,0.0,0.0,0.0,0.0,0.0,0.0
3295,Monazite & Xenotime,1.0,421,23.152404806704283,158.9809976247031,2497.648456057007,148,2481,173,2517,40.28050909941524,16.873177820947937,0.7531305903398927,1.0,0.0,0.0,0.0,0.0,0.0,0.0,0.0,0.0,0.0,0.0,0.0,0.0,0.0,0.0,0.0,0.0
3296,Rutile,1.0,103,11.451797811161432,150.95145631067962,1406.990291262136,147,1401,158,1414,13.005366493580805,10.771495433456366,0.9035087719298246,0.0,0.0,1.0,0.0,0.0,0.0,0.0,0.0,0.0,0.0,0.0,0.0,0.0,0.0,0.0,0.0,0.0
3297,Rutile,1.0,113,11.994835078277376,126.32743362831859,1715.5221238938052,120,1708,132,1726,16.16601419539467,9.618314317547561,0.837037037037037,0.0,0.0,1.0,0.0,0.0,0.0,0.0,0.0,0.0,0.0,0.0,0.0,0.0,0.0,0.0,0.0,0.0
3299,Monazite & Xenotime,1.0,207,16.23454913941803,165.97101449275362,2733.154589371981,159,2723,173,2748,25.453045076777446,11.733671843559389,0.8247011952191236,1.0,0.0,0.0,0.0,0.0,0.0,0.0,0.0,0.0,0.0,0.0,0.0,0.0,0.0,0.0,0.0,0.0
3300,Ilmenite,1.0,131,12.914889870235298,138.96946564885496,2645.8167938931297,131,2640,148,2655,18.271760422981355,10.962948586278703,0.7660818713450293,0.0,0.0,0.0,1.0,0.0,0.0,0.0,0.0,0.0,0.0,0.0,0.0,0.0,0.0,0.0,0.0,0.0
3301,Rutile,1.0,1184,38.826738479640966,168.62753378378378,1730.0515202702702,152,1697,188,1759,61.8643742385423,31.208483875037516,0.7272727272727273,0.0,0.0,1.0,0.0,0.0,0.0,0.0,0.0,0.0,0.0,0.0,0.0,0.0,0.0,0.0,0.0,0.0
3302,Quartz,1.0,101,11.340070282773887,156.6138613861386,2649.990099009901,153,2643,162,2660,16.41389121244114,9.23397342736727,0.8211382113821138,0.0,0.0,0.0,0.0,0.0,0.0,1.0,0.0,0.0,0.0,0.0,0.0,0.0,0.0,0.0,0.0,0.0
3303,Quartz,1.0,410,22.847936741452536,219.80243902439025,1717.7951219512195,209,1702,235,1733,34.36723576244933,19.53400901478767,0.7347670250896058,0.0,0.0,0.0,0.0,0.0,0.0,1.0,0.0,0.0,0.0,0.0,0.0,0.0,0.0,0.0,0.0,0.0
3304,Rutile,0.8732876712328768,292,19.281751659604673,223.986301369863,3123.3698630136987,211,3115,235,3133,21.028992833842448,18.50806806994923,0.9096573208722741,0.0,0.0,0.8732876712328768,0.1267123287671233,0.0,0.0,0.0,0.0,0.0,0.0,0.0,0.0,0.0,0.0,0.0,0.0,0.0
3305,Ilmenite,0.9041095890410958,146,13.63425735166143,220.31506849315068,3103.972602739726,212,3097,227,3112,17.408895038546625,11.14726783307163,0.9299363057324841,0.0,0.0,0.0958904109589041,0.9041095890410958,0.0,0.0,0.0,0.0,0.0,0.0,0.0,0.0,0.0,0.0,0.0,0.0,0.0
3306,Rutile,1.0,119,12.309163489997376,212.64705882352942,2412.4201680672268,208,2401,219,2423,20.704032231662808,7.744074421212518,0.8321678321678322,0.0,0.0,1.0,0.0,0.0,0.0,0.0,0.0,0.0,0.0,0.0,0.0,0.0,0.0,0.0,0.0,0.0
3307,Zircon,1.0,213,16.46815177937675,215.06572769953053,1784.511737089202,205,1775,227,1796,24.460640821307305,15.034548521909377,0.726962457337884,0.0,1.0,0.0,0.0,0.0,0.0,0.0,0.0,0.0,0.0,0.0,0.0,0.0,0.0,0.0,0.0,0.0
3308,Zircon,1.0,404,22.680140565547774,231.58415841584159,1541.75,220,1530,244,1557,31.356983389903572,17.370241229268814,0.9181818181818182,0.0,1.0,0.0,0.0,0.0,0.0,0.0,0.0,0.0,0.0,0.0,0.0,0.0,0.0,0.0,0.0,0.0
3309,Ilmenite,1.0,126,12.666024736934256,235.63492063492063,1754.7777777777778,229,1748,245,1762,18.63456882657421,9.604316348323232,0.8129032258064516,0.0,0.0,0.0,1.0,0.0,0.0,0.0,0.0,0.0,0.0,0.0,0.0,0.0,0.0,0.0,0.0,0.0
3310,Ilmenite,1.0,138,13.255453865237978,228.84057971014494,103.68840579710145,221,98,236,110,15.329147362458555,11.841307740799818,0.9324324324324325,0.0,0.0,0.0,1.0,0.0,0.0,0.0,0.0,0.0,0.0,0.0,0.0,0.0,0.0,0.0,0.0,0.0
3311,Zircon,1.0,232,17.186959427966244,229.16379310344828,2680.469827586207,222,2668,239,2693,27.193167224292512,12.53209306813438,0.8,0.0,1.0,0.0,0.0,0.0,0.0,0.0,0.0,0.0,0.0,0.0,0.0,0.0,0.0,0.0,0.0,0.0
3312,Zircon,1.0,192,15.635280380893438,241.06770833333334,2676.6927083333335,230,2666,248,2692,32.40249463694081,14.165479398198988,0.5092838196286472,0.0,1.0,0.0,0.0,0.0,0.0,0.0,0.0,0.0,0.0,0.0,0.0,0.0,0.0,0.0,0.0,0.0
3313,Iron Oxides,1.0,108,11.726460285670077,270.60185185185185,2293.935185185185,266,2287,276,2301,14.348228709940802,9.697591704967607,0.9557522123893806,0.0,0.0,0.0,0.0,1.0,0.0,0.0,0.0,0.0,0.0,0.0,0.0,0.0,0.0,0.0,0.0,0.0
3314,Rutile,1.0,188,15.471555655790098,251.65425531914894,2880.648936170213,244,2870,259,2891,18.749163892572383,14.395227961065894,0.8068669527896996,0.0,0.0,1.0,0.0,0.0,0.0,0.0,0.0,0.0,0.0,0.0,0.0,0.0,0.0,0.0,0.0,0.0
3315,Rutile,1.0,401,22.595775212167435,271.8703241895262,2170.1795511221944,261,2161,286,2182,23.906834338668467,22.565782963673254,0.8774617067833698,0.0,0.0,1.0,0.0,0.0,0.0,0.0,0.0,0.0,0.0,0.0,0.0,0.0,0.0,0.0,0.0,0.0
3316,Quartz,1.0,440,23.66908109081279,283.9522727272727,2181.297727272727,266,2169,301,2195,38.69389212822914,16.333479319474797,0.7773851590106007,0.0,0.0,0.0,0.0,0.0,0.0,1.0,0.0,0.0,0.0,0.0,0.0,0.0,0.0,0.0,0.0,0.0
3317,Rutile,1.0,104,11.507254783503184,299.33653846153845,2151.980769230769,294,2144,306,2159,17.889156956449497,8.849511975475405,0.8062015503875969,0.0,0.0,1.0,0.0,0.0,0.0,0.0,0.0,0.0,0.0,0.0,0.0,0.0,0.0,0.0,0.0,0.0
3318,Quartz,0.8940217391304348,368,21.646065519224038,304.45652173913044,2158.320652173913,293,2145,317,2173,33.63403261903925,16.84811941031405,0.7244094488188977,0.0,0.0,0.10597826086956522,0.0,0.0,0.0,0.8940217391304348,0.0,0.0,0.0,0.0,0.0,0.0,0.0,0.0,0.0,0.0
3319,Illite,1.0,251,17.876888032555495,296.0916334661355,3235.4701195219122,285,3229,308,3244,24.14089988479423,14.248806250121579,0.8625429553264605,0.0,0.0,0.0,0.0,0.0,0.0,0.0,0.0,0.0,0.0,0.0,0.0,1.0,0.0,0.0,0.0,0.0
3320,Monazite & Xenotime,1.0,166,14.538148590038452,319.4457831325301,3214.114457831325,315,3204,328,3226,21.43080767213408,12.60641395573623,0.8097560975609757,1.0,0.0,0.0,0.0,0.0,0.0,0.0,0.0,0.0,0.0,0.0,0.0,0.0,0.0,0.0,0.0,0.0
3321,Monazite & Xenotime,1.0,332,20.56004690782767,356.94879518072287,2915.382530120482,349,2905,366,2931,25.979968213690274,16.849660057055928,0.9171270718232044,1.0,0.0,0.0,0.0,0.0,0.0,0.0,0.0,0.0,0.0,0.0,0.0,0.0,0.0,0.0,0.0,0.0
3322,Rutile,1.0,105,11.562445770562215,358.2190476190476,251.94285714285715,354,243,364,259,14.0438162634119,10.174142463761067,0.860655737704918,0.0,0.0,1.0,0.0,0.0,0.0,0.0,0.0,0.0,0.0,0.0,0.0,0.0,0.0,0.0,0.0,0.0
3323,Rutile,1.0,166,14.538148590038452,379.99397590361446,244.32530120481928,373,237,389,253,19.138584534435402,11.89194928353673,0.8469387755102041,0.0,0.0,1.0,0.0,0.0,0.0,0.0,0.0,0.0,0.0,0.0,0.0,0.0,0.0,0.0,0.0,0.0
3324,Quartz,1.0,107,11.67204486311899,369.5140186915888,252.41121495327104,364,246,377,261,15.00373073770851,10.10745587066473,0.7642857142857142,0.0,0.0,0.0,0.0,0.0,0.0,1.0,0.0,0.0,0.0,0.0,0.0,0.0,0.0,0.0,0.0,0.0
3325,Rutile,1.0,212,16.42944866646031,367.4481132075472,3059.754716981132,358,3051,383,3068,23.738319029211947,14.539980811267412,0.7571428571428571,0.0,0.0,1.0,0.0,0.0,0.0,0.0,0.0,0.0,0.0,0.0,0.0,0.0,0.0,0.0,0.0,0.0
3326,Rutile,1.0,147,13.680870333281758,370.3741496598639,1691.8299319727892,363,1685,377,1701,15.8208356614291,15.188787364910693,0.765625,0.0,0.0,1.0,0.0,0.0,0.0,0.0,0.0,0.0,0.0,0.0,0.0,0.0,0.0,0.0,0.0,0.0
3327,Rutile,1.0,765,31.209425687160593,381.09934640522874,3084.088888888889,362,3063,398,3103,40.882303303794615,27.449823510776774,0.7862281603288798,0.0,0.0,1.0,0.0,0.0,0.0,0.0,0.0,0.0,0.0,0.0,0.0,0.0,0.0,0.0,0.0,0.0
3328,Quartz,1.0,421,23.152404806704283,398.1733966745843,1580.1496437054632,385,1567,410,1595,29.756675903237234,21.707845956603695,0.7928436911487758,0.0,0.0,0.0,0.0,0.0,0.0,1.0,0.0,0.0,0.0,0.0,0.0,0.0,0.0,0.0,0.0,0.0
3329,Rutile,0.6875,336,20.683531783305643,391.61607142857144,160.53571428571428,378,152,407,171,30.045287545924534,15.042699961544544,0.8255528255528255,0.0,0.0,0.6875,0.3125,0.0,0.0,0.0,0.0,0.0,0.0,0.0,0.0,0.0,0.0,0.0,0.0,0.0
3330,Rutile,1.0,127,12.716187407449045,390.33858267716533,1354.291338582677,385,1348,397,1363,15.485522865432905,11.186255112932049,0.8881118881118881,0.0,0.0,1.0,0.0,0.0,0.0,0.0,0.0,0.0,0.0,0.0,0.0,0.0,0.0,0.0,0.0,0.0
3333,Rutile,1.0,221,16.774562271083887,395.4524886877828,3063.452488687783,388,3049,404,3078,29.29930474045635,10.916953091348347,0.7542662116040956,0.0,0.0,1.0,0.0,0.0,0.0,0.0,0.0,0.0,0.0,0.0,0.0,0.0,0.0,0.0,0.0,0.0
3334,Quartz,1.0,146,13.63425735166143,406.4931506849315,2629.328767123288,398,2624,417,2638,17.71397509687622,11.349612224168224,0.8156424581005587,0.0,0.0,0.0,0.0,0.0,0.0,1.0,0.0,0.0,0.0,0.0,0.0,0.0,0.0,0.0,0.0,0.0
3335,Zircon,1.0,361,21.43920417481474,459.25207756232686,717.3185595567867,448,706,469,730,25.21689242124704,20.283990316647472,0.8804878048780488,0.0,1.0,0.0,0.0,0.0,0.0,0.0,0.0,0.0,0.0,0.0,0.0,0.0,0.0,0.0,0.0,0.0
3337,Iron Oxides,1.0,141,13.398760233979036,489.3404255319149,2416.9432624113474,484,2410,496,2427,16.602564366575884,11.142317755536729,0.8703703703703703,0.0,0.0,0.0,0.0,1.0,0.0,0.0,0.0,0.0,0.0,0.0,0.0,0.0,0.0,0.0,0.0,0.0
3338,Monazite & Xenotime,1.0,509,25.45739437315213,520.3025540275049,3029.4223968565816,507,3015,537,3041,30.489361528213575,23.0558588794658,0.8867595818815331,1.0,0.0,0.0,0.0,0.0,0.0,0.0,0.0,0.0,0.0,0.0,0.0,0.0,0.0,0.0,0.0,0.0
3339,Ilmenite,0.9863013698630136,146,13.63425735166143,466.0,111.02054794520548,458,105,477,120,20.33433859323001,10.277704323353282,0.8111111111111111,0.0,0.0,0.0136986301369863,0.9863013698630136,0.0,0.0,0.0,0.0,0.0,0.0,0.0,0.0,0.0,0.0,0.0,0.0,0.0
3340,Rutile,0.864406779661017,590,27.408234736913393,506.2491525423729,3217.5372881355934,492,3205,522,3236,31.60935033840065,26.71093728867487,0.8274894810659187,0.0,0.0,0.864406779661017,0.0,0.0,0.0,0.13559322033898305,0.0,0.0,0.0,0.0,0.0,0.0,0.0,0.0,0.0,0.0
3341,Quartz,1.0,107,11.67204486311899,515.2616822429907,3228.5794392523367,510,3222,521,3236,14.072643389664707,9.937072274106033,0.9224137931034483,0.0,0.0,0.0,0.0,0.0,0.0,1.0,0.0,0.0,0.0,0.0,0.0,0.0,0.0,0.0,0.0,0.0
3342,Rutile,0.9561752988047809,251,17.876888032555495,504.0199203187251,1744.9163346613545,495,1735,518,1756,22.782749362842853,18.832013094987808,0.7275362318840579,0.0,0.0,0.9561752988047809,0.043824701195219126,0.0,0.0,0.0,0.0,0.0,0.0,0.0,0.0,0.0,0.0,0.0,0.0,0.0
3343,Rutile,0.9636363636363636,110,11.834540545406394,506.25454545454545,1730.3909090909092,499,1725,512,1738,13.825991571499912,11.585897955919458,0.8661417322834646,0.0,0.0,0.9636363636363636,0.03636363636363636,0.0,0.0,0.0,0.0,0.0,0.0,0.0,0.0,0.0,0.0,0.0,0.0,0.0
3344,Zircon,1.0,192,15.635280380893438,507.6302083333333,3103.9322916666665,499,3096,517,3115,19.88155799804101,15.230310792899441,0.7901234567901234,0.0,1.0,0.0,0.0,0.0,0.0,0.0,0.0,0.0,0.0,0.0,0.0,0.0,0.0,0.0,0.0,0.0
3345,Monazite & Xenotime,1.0,108,11.726460285670077,528.5925925925926,2579.027777777778,521,2573,537,2585,13.673558100592436,11.214864148457227,0.8780487804878049,1.0,0.0,0.0,0.0,0.0,0.0,0.0,0.0,0.0,0.0,0.0,0.0,0.0,0.0,0.0,0.0,0.0
3346,Rutile,1.0,120,12.360774464742066,556.8583333333333,2607.508333333333,546,2602,568,2612,21.92556514188779,7.581603017828494,0.8391608391608392,0.0,0.0,1.0,0.0,0.0,0.0,0.0,0.0,0.0,0.0,0.0,0.0,0.0,0.0,0.0,0.0,0.0
3347,Ilmenite,1.0,236,17.334489682638438,557.978813559322,2601.728813559322,544,2594,573,2611,30.03452190932353,15.186900393072053,0.6465753424657534,0.0,0.0,0.0,1.0,0.0,0.0,0.0,0.0,0.0,0.0,0.0,0.0,0.0,0.0,0.0,0.0,0.0
3348,Rutile,1.0,116,12.153015559492998,566.5689655172414,2625.6724137931033,557,2618,573,2634,14.815576467400968,12.454693235634794,0.7733333333333333,0.0,0.0,1.0,0.0,0.0,0.0,0.0,0.0,0.0,0.0,0.0,0.0,0.0,0.0,0.0,0.0,0.0
3350,Ilmenite,1.0,364,21.528102431092233,563.6785714285714,2619.2087912087914,547,2607,576,2636,32.49383777102922,22.91402829352351,0.6606170598911071,0.0,0.0,0.0,1.0,0.0,0.0,0.0,0.0,0.0,0.0,0.0,0.0,0.0,0.0,0.0,0.0,0.0
3351,Rutile,1.0,377,21.909160375631842,513.737400530504,1761.1538461538462,500,1750,530,1776,29.04246549453154,19.01102868908933,0.7757201646090535,0.0,0.0,1.0,0.0,0.0,0.0,0.0,0.0,0.0,0.0,0.0,0.0,0.0,0.0,0.0,0.0,0.0
3352,Rutile,0.7797202797202797,286,19.08262324195121,530.5734265734266,1751.3426573426573,519,1739,540,1765,23.16924001877885,19.81005330407784,0.7626666666666667,0.0,0.0,0.7797202797202797,0.2202797202797203,0.0,0.0,0.0,0.0,0.0,0.0,0.0,0.0,0.0,0.0,0.0,0.0,0.0
3353,Zircon,1.0,159,14.228319915326999,529.9685534591194,61.24528301886792,517,58,541,67,24.45157089366915,8.669187801620797,0.9137931034482759,0.0,1.0,0.0,0.0,0.0,0.0,0.0,0.0,0.0,0.0,0.0,0.0,0.0,0.0,0.0,0.0,0.0
3355,Zircon,1.0,164,14.450303987687134,577.2682926829268,1962.2439024390244,572,1948,583,1975,29.243690729750952,8.303429720670641,0.7772511848341233,0.0,1.0,0.0,0.0,0.0,0.0,0.0,0.0,0.0,0.0,0.0,0.0,0.0,0.0,0.0,0.0,0.0
3356,Rutile,0.5560975609756098,205,16.15593100600236,579.8682926829268,2328.0634146341463,572,2319,587,2341,21.644574927744067,13.384000152268245,0.8506224066390041,0.0,0.0,0.5560975609756098,0.0,0.0,0.0,0.44390243902439025,0.0,0.0,0.0,0.0,0.0,0.0,0.0,0.0,0.0,0.0
3357,Rutile,0.9318181818181818,528,25.928179257714298,601.6212121212121,2331.0738636363635,588,2313,621,2350,33.45448573035788,28.554400728335718,0.6700507614213198,0.0,0.0,0.9318181818181818,0.0,0.0,0.0,0.06818181818181818,0.0,0.0,0.0,0.0,0.0,0.0,0.0,0.0,0.0,0.0
3360,Quartz,1.0,144,13.540550005146152,608.9583333333334,2313.6666666666665,603,2307,617,2320,14.201263162657103,13.210547643054122,0.9664429530201343,0.0,0.0,0.0,0.0,0.0,0.0,1.0,0.0,0.0,0.0,0.0,0.0,0.0,0.0,0.0,0.0,0.0
3361,Rutile,1.0,422,23.179885415554555,605.0047393364929,2262.8175355450235,592,2251,620,2277,30.963330924427563,19.611867381009766,0.8053435114503816,0.0,0.0,1.0,0.0,0.0,0.0,0.0,0.0,0.0,0.0,0.0,0.0,0.0,0.0,0.0,0.0,0.0
3362,Zircon,1.0,2076,51.41250134811764,658.4812138728323,1839.0077071290943,633,1811,683,1873,62.75169000894177,42.77988559181571,0.9334532374100719,0.0,1.0,0.0,0.0,0.0,0.0,0.0,0.0,0.0,0.0,0.0,0.0,0.0,0.0,0.0,0.0,0.0
3363,Rutile,1.0,2455,55.908881962751,633.30183299389,2751.5812627291243,603,2722,667,2792,65.49788060047182,60.1686290430224,0.7439393939393939,0.0,0.0,1.0,0.0,0.0,0.0,0.0,0.0,0.0,0.0,0.0,0.0,0.0,0.0,0.0,0.0,0.0
3364,Quartz,1.0,1514,43.9054059396908,668.8104359313078,2043.5997357992073,653,2006,689,2076,68.35826601638297,30.289377413211643,0.8327832783278328,0.0,0.0,0.0,0.0,0.0,0.0,1.0,0.0,0.0,0.0,0.0,0.0,0.0,0.0,0.0,0.0,0.0
3365,Rutile,1.0,290,19.21560480373171,617.0689655172414,3251.11724137931,609,3238,626,3266,26.141382301955833,15.030120312181081,0.8430232558139535,0.0,0.0,1.0,0.0,0.0,0.0,0.0,0.0,0.0,0.0,0.0,0.0,0.0,0.0,0.0,0.0,0.0
3367,Rutile,1.0,291,19.248706645328987,624.1580756013745,3089.5704467353953,617,3075,632,3106,31.084775421081073,12.323522656176964,0.8844984802431611,0.0,0.0,1.0,0.0,0.0,0.0,0.0,0.0,0.0,0.0,0.0,0.0,0.0,0.0,0.0,0.0,0.0
3368,Rutile,1.0,113,11.994835078277376,628.3805309734513,756.9203539823009,622,752,636,763,14.984174630029148,10.063227269572298,0.8828125,0.0,0.0,1.0,0.0,0.0,0.0,0.0,0.0,0.0,0.0,0.0,0.0,0.0,0.0,0.0,0.0,0.0
3370,Rutile,1.0,402,22.623931952327283,651.3159203980099,1966.5373134328358,640,1951,663,1980,27.013967159685233,21.22210296446048,0.8271604938271605,0.0,0.0,1.0,0.0,0.0,0.0,0.0,0.0,0.0,0.0,0.0,0.0,0.0,0.0,0.0,0.0,0.0
3371,Quartz,1.0,579,27.151532118863187,657.1278065630397,542.4386873920553,643,522,673,562,47.15126287276053,17.559224756314755,0.8097902097902098,0.0,0.0,0.0,0.0,0.0,0.0,1.0,0.0,0.0,0.0,0.0,0.0,0.0,0.0,0.0,0.0,0.0
3372,Orthoclase,1.0,101,11.340070282773887,660.9009900990098,532.2574257425742,654,523,675,550,30.93142269711969,8.125881758748747,0.46543778801843316,0.0,0.0,0.0,0.0,0.0,0.0,0.0,0.0,1.0,0.0,0.0,0.0,0.0,0.0,0.0,0.0,0.0
3373,Zircon,0.9887005649717514,531,26.001734523957655,666.8775894538607,3142.2787193973636,650,3133,688,3155,37.2449260817833,19.20970142909568,0.8676470588235294,0.011299435028248588,0.9887005649717514,0.0,0.0,0.0,0.0,0.0,0.0,0.0,0.0,0.0,0.0,0.0,0.0,0.0,0.0,0.0
3374,Zircon,1.0,422,23.179885415554555,658.6635071090047,1786.9502369668246,643,1774,672,1799,30.355934636354846,18.97073324797805,0.8038095238095239,0.0,1.0,0.0,0.0,0.0,0.0,0.0,0.0,0.0,0.0,0.0,0.0,0.0,0.0,0.0,0.0,0.0
3375,Rutile,1.0,405,22.708192698181442,663.1308641975309,2668.0666666666666,648,2656,680,2680,31.817303140619657,19.82480125274869,0.7284172661870504,0.0,0.0,1.0,0.0,0.0,0.0,0.0,0.0,0.0,0.0,0.0,0.0,0.0,0.0,0.0,0.0,0.0
3376,Ilmenite,1.0,571,26.963304323539017,681.9141856392295,1134.5936952714535,667,1117,698,1152,39.7012159056401,18.65109648928485,0.9136,0.0,0.0,0.0,1.0,0.0,0.0,0.0,0.0,0.0,0.0,0.0,0.0,0.0,0.0,0.0,0.0,0.0
3377,Quartz,1.0,168,14.625465582862905,680.3511904761905,306.82738095238096,669,302,694,312,24.47294872412384,9.162859853836785,0.865979381443299,0.0,0.0,0.0,0.0,0.0,0.0,1.0,0.0,0.0,0.0,0.0,0.0,0.0,0.0,0.0,0.0,0.0
3378,Rutile,1.0,109,11.780624362746345,683.0091743119266,885.045871559633,678,879,689,895,15.77122107125323,9.882084313674017,0.8320610687022901,0.0,0.0,1.0,0.0,0.0,0.0,0.0,0.0,0.0,0.0,0.0,0.0,0.0,0.0,0.0,0.0,0.0
3379,Quartz,1.0,149,13.773623058786647,700.1543624161073,1362.476510067114,694,1353,707,1372,20.2846261278404,9.692395372280238,0.8713450292397661,0.0,0.0,0.0,0.0,0.0,0.0,1.0,0.0,0.0,0.0,0.0,0.0,0.0,0.0,0.0,0.0,0.0
3380,Ilmenite,1.0,108,11.726460285670077,686.3333333333334,2736.5925925925926,681,2730,693,2744,15.511828829946127,9.583245000092429,0.8852459016393442,0.0,0.0,0.0,1.0,0.0,0.0,0.0,0.0,0.0,0.0,0.0,0.0,0.0,0.0,0.0,0.0,0.0
3381,Zircon,1.0,307,19.77080019204319,716.2442996742672,1021.4951140065147,706,1009,728,1034,25.68444550612696,17.418555538452924,0.8164893617021277,0.0,1.0,0.0,0.0,0.0,0.0,0.0,0.0,0.0,0.0,0.0,0.0,0.0,0.0,0.0,0.0,0.0
3382,Rutile,0.9976744186046511,430,23.398568422792877,795.0837209302325,2376.427906976744,780,2366,812,2387,33.48489344071202,18.251960101699975,0.8237547892720306,0.0,0.002325581395348837,0.9976744186046511,0.0,0.0,0.0,0.0,0.0,0.0,0.0,0.0,0.0,0.0,0.0,0.0,0.0,0.0
3383,Rutile,1.0,190,15.553633450087505,744.9105263157895,2822.315789473684,735,2816,755,2830,20.630679221182742,12.58314860793113,0.8558558558558559,0.0,0.0,1.0,0.0,0.0,0.0,0.0,0.0,0.0,0.0,0.0,0.0,0.0,0.0,0.0,0.0,0.0
3384,Rutile,1.0,146,13.63425735166143,714.054794520548,2563.054794520548,708,2554,722,2573,19.30118907683906,10.877818083893073,0.8248587570621468,0.0,0.0,1.0,0.0,0.0,0.0,0.0,0.0,0.0,0.0,0.0,0.0,0.0,0.0,0.0,0.0,0.0
3385,Zircon,1.0,151,13.86575534383214,724.3774834437086,1800.5827814569536,719,1790,733,1809,20.057911369982126,10.870973478684103,0.8435754189944135,0.0,1.0,0.0,0.0,0.0,0.0,0.0,0.0,0.0,0.0,0.0,0.0,0.0,0.0,0.0,0.0,0.0
3386,Rutile,1.0,249,17.805522925178455,737.0,2264.759036144578,724,2258,752,2272,28.247767482254662,12.20877937016722,0.8245033112582781,0.0,0.0,1.0,0.0,0.0,0.0,0.0,0.0,0.0,0.0,0.0,0.0,0.0,0.0,0.0,0.0,0.0
3387,Rutile,1.0,420,23.12489154112443,756.1738095238095,1660.6380952380953,744,1648,769,1677,30.940963544143507,18.89221832612513,0.8171206225680934,0.0,0.0,1.0,0.0,0.0,0.0,0.0,0.0,0.0,0.0,0.0,0.0,0.0,0.0,0.0,0.0,0.0
3388,Rutile,1.0,207,16.23454913941803,751.0821256038647,2280.5169082125603,741,2271,761,2292,23.885476550085418,12.514707297716548,0.7992277992277992,0.0,0.0,1.0,0.0,0.0,0.0,0.0,0.0,0.0,0.0,0.0,0.0,0.0,0.0,0.0,0.0,0.0
3389,Quartz,1.0,127,12.716187407449045,749.4488188976378,949.7401574803149,743,943,755,959,17.20100268932852,10.417058858474912,0.8193548387096774,0.0,0.0,0.0,0.0,0.0,0.0,1.0,0.0,0.0,0.0,0.0,0.0,0.0,0.0,0.0,0.0,0.0
3390,Rutile,1.0,124,12.565098628628435,765.7741935483871,612.8225806451613,759,604,774,622,20.21969237692486,9.068168396084074,0.8051948051948052,0.0,0.0,1.0,0.0,0.0,0.0,0.0,0.0,0.0,0.0,0.0,0.0,0.0,0.0,0.0,0.0,0.0
3391,Ilmenite,1.0,179,15.09668435477122,766.1005586592179,1415.5865921787708,758,1408,774,1426,18.74864860446973,13.54012197642027,0.8605769230769231,0.0,0.0,0.0,1.0,0.0,0.0,0.0,0.0,0.0,0.0,0.0,0.0,0.0,0.0,0.0,0.0,0.0
3392,Zircon,1.0,107,11.67204486311899,771.3084112149533,3238.663551401869,765,3233,779,3246,13.0484480526399,11.419499167234411,0.8106060606060606,0.0,1.0,0.0,0.0,0.0,0.0,0.0,0.0,0.0,0.0,0.0,0.0,0.0,0.0,0.0,0.0,0.0
3393,Rutile,1.0,103,11.451797811161432,779.1941747572815,1538.4368932038835,769,1534,788,1544,19.301403754650966,8.408992943969562,0.7054794520547946,0.0,0.0,1.0,0.0,0.0,0.0,0.0,0.0,0.0,0.0,0.0,0.0,0.0,0.0,0.0,0.0,0.0
3394,Rutile,0.8280254777070064,157,14.138550439257221,797.2420382165606,1536.8089171974523,790,1529,805,1545,19.596948177196918,10.591061516458426,0.9022988505747126,0.0,0.0,0.8280254777070064,0.17197452229299362,0.0,0.0,0.0,0.0,0.0,0.0,0.0,0.0,0.0,0.0,0.0,0.0,0.0
3395,Rutile,1.0,106,11.617374563210365,778.0754716981132,527.5849056603773,773,520,787,538,21.252343971083963,7.720304053199935,0.75177304964539,0.0,0.0,1.0,0.0,0.0,0.0,0.0,0.0,0.0,0.0,0.0,0.0,0.0,0.0,0.0,0.0,0.0
3396,Rutile,1.0,639,28.523675588636344,818.7433489827856,2046.9765258215962,803,2028,838,2063,41.32334979946365,22.334777489269104,0.8047858942065491,0.0,0.0,1.0,0.0,0.0,0.0,0.0,0.0,0.0,0.0,0.0,0.0,0.0,0.0,0.0,0.0,0.0
3397,Rutile,1.0,437,23.58825303088947,798.1967963386728,2256.050343249428,791,2235,810,2278,40.062270217224196,15.348046493333724,0.7916666666666666,0.0,0.0,1.0,0.0,0.0,0.0,0.0,0.0,0.0,0.0,0.0,0.0,0.0,0.0,0.0,0.0,0.0
3398,Rutile,0.8712972420837589,979,35.30582833323309,841.8069458631256,2263.9775280898875,813,2251,870,2281,52.33180002679652,28.68785130273391,0.7300521998508576,0.0,0.0,0.8712972420837589,0.0,0.0,0.0,0.12870275791624106,0.0,0.0,0.0,0.0,0.0,0.0,0.0,0.0,0.0,0.0
3399,Quartz,1.0,433,23.480049464818542,817.5080831408776,2266.8429561200924,805,2251,832,2284,33.90159327008254,25.04287216502163,0.6311953352769679,0.0,0.0,0.0,0.0,0.0,0.0,1.0,0.0,0.0,0.0,0.0,0.0,0.0,0.0,0.0,0.0,0.0
3400,Zircon,1.0,126,12.666024736934256,802.468253968254,1641.642857142857,796,1635,811,1648,15.083273649619267,12.203036720089594,0.8456375838926175,0.0,1.0,0.0,0.0,0.0,0.0,0.0,0.0,0.0,0.0,0.0,0.0,0.0,0.0,0.0,0.0,0.0
3401,Rutile,0.6160337552742616,237,17.371176474327626,815.9704641350211,1356.2320675105486,802,1345,831,1369,32.751325382447284,13.808605077641923,0.6286472148541115,0.0,0.0,0.6160337552742616,0.0,0.0,0.0,0.38396624472573837,0.0,0.0,0.0,0.0,0.0,0.0,0.0,0.0,0.0,0.0
3402,Monazite & Xenotime,1.0,472,24.514670406003766,834.8177966101695,73.19703389830508,824,56,849,90,36.278127323930626,17.848687890870345,0.8855534709193246,1.0,0.0,0.0,0.0,0.0,0.0,0.0,0.0,0.0,0.0,0.0,0.0,0.0,0.0,0.0,0.0,0.0
3403,Zircon,1.0,102,11.396070970426017,824.4313725490196,3165.401960784314,816,3161,833,3172,18.602067320810857,7.341036132568188,0.8947368421052632,0.0,1.0,0.0,0.0,0.0,0.0,0.0,0.0,0.0,0.0,0.0,0.0,0.0,0.0,0.0,0.0,0.0
3405,Rutile,1.0,375,21.850968611841584,854.5733333333334,2311.501333333333,844,2302,867,2325,22.963412214674335,21.36510300864606,0.9213759213759214,0.0,0.0,1.0,0.0,0.0,0.0,0.0,0.0,0.0,0.0,0.0,0.0,0.0,0.0,0.0,0.0,0.0
3406,Rutile,0.7202380952380952,168,14.625465582862905,835.2857142857143,2131.5059523809523,826,2125,844,2141,23.357286965182315,10.345782628128367,0.8275862068965517,0.0,0.0,0.7202380952380952,0.27976190476190477,0.0,0.0,0.0,0.0,0.0,0.0,0.0,0.0,0.0,0.0,0.0,0.0,0.0
3407,Zircon,1.0,209,16.312788383647018,856.7272727272727,870.4497607655502,851,861,865,881,22.25409132890447,13.257969551068234,0.8393574297188755,0.0,1.0,0.0,0.0,0.0,0.0,0.0,0.0,0.0,0.0,0.0,0.0,0.0,0.0,0.0,0.0,0.0
3408,Quartz,1.0,261,18.229523339239496,915.7241379310345,928.7931034482758,901,921,929,936,27.8235009216348,12.737705837832483,0.867109634551495,0.0,0.0,0.0,0.0,0.0,0.0,1.0,0.0,0.0,0.0,0.0,0.0,0.0,0.0,0.0,0.0,0.0
3409,Ilmenite,0.5984848484848485,132,12.964089628857149,861.7348484848485,2129.348484848485,851,2124,873,2136,25.15858292193217,8.058998081659377,0.7764705882352941,0.0,0.0,0.4015151515151515,0.5984848484848485,0.0,0.0,0.0,0.0,0.0,0.0,0.0,0.0,0.0,0.0,0.0,0.0,0.0
3410,Orthoclase,1.0,302,19.60913925979463,869.7615894039735,592.5827814569536,859,579,878,602,24.612378257186283,16.955527243643562,0.94375,0.0,0.0,0.0,0.0,0.0,0.0,0.0,0.0,1.0,0.0,0.0,0.0,0.0,0.0,0.0,0.0,0.0
3411,Quartz,1.0,176,14.96964127403822,884.375,615.2897727272727,869,608,898,625,35.81742314633584,14.886558249363677,0.5207100591715976,0.0,0.0,0.0,0.0,0.0,0.0,1.0,0.0,0.0,0.0,0.0,0.0,0.0,0.0,0.0,0.0,0.0
3412,Orthoclase,1.0,177,15.012108426804138,882.8700564971751,617.8248587570622,877,608,892,627,18.97159019785997,13.296967116065408,0.8232558139534883,0.0,0.0,0.0,0.0,0.0,0.0,0.0,0.0,1.0,0.0,0.0,0.0,0.0,0.0,0.0,0.0,0.0
3413,Quartz,1.0,358,21.349935761383176,924.6424581005587,2047.058659217877,913,2034,936,2057,23.732636951952248,20.49177654903806,0.8668280871670703,0.0,0.0,0.0,0.0,0.0,0.0,1.0,0.0,0.0,0.0,0.0,0.0,0.0,0.0,0.0,0.0,0.0
3414,Monazite & Xenotime,1.0,152,13.911592676604096,927.9736842105264,1773.7236842105262,920,1768,938,1782,19.226308004338122,10.293614467468275,0.8994082840236687,1.0,0.0,0.0,0.0,0.0,0.0,0.0,0.0,0.0,0.0,0.0,0.0,0.0,0.0,0.0,0.0,0.0
3415,Zircon,1.0,177,15.012108426804138,957.4689265536723,2860.4180790960454,952,2851,966,2869,18.693872669047426,13.12342214290229,0.9030612244897959,0.0,1.0,0.0,0.0,0.0,0.0,0.0,0.0,0.0,0.0,0.0,0.0,0.0,0.0,0.0,0.0,0.0
3416,Zircon,1.0,290,19.21560480373171,942.9172413793103,2856.2586206896553,934,2847,952,2870,24.030887980744467,16.877207491943523,0.8787878787878788,0.0,1.0,0.0,0.0,0.0,0.0,0.0,0.0,0.0,0.0,0.0,0.0,0.0,0.0,0.0,0.0,0.0
3417,Zircon,1.0,391,22.312253628700276,953.1125319693094,2877.1253196930948,940,2867,969,2889,32.01084947356304,18.098832365634927,0.7712031558185405,0.0,1.0,0.0,0.0,0.0,0.0,0.0,0.0,0.0,0.0,0.0,0.0,0.0,0.0,0.0,0.0,0.0
3418,Zircon,1.0,482,24.77299861870477,955.3423236514523,3105.792531120332,942,3095,971,3118,28.983898281124603,21.792511277963428,0.9305019305019305,0.0,1.0,0.0,0.0,0.0,0.0,0.0,0.0,0.0,0.0,0.0,0.0,0.0,0.0,0.0,0.0,0.0
3419,Rutile,1.0,101,11.340070282773887,957.3267326732673,3058.4158415841584,954,3050,962,3069,19.738196858524233,6.747791473056283,0.8211382113821138,0.0,0.0,1.0,0.0,0.0,0.0,0.0,0.0,0.0,0.0,0.0,0.0,0.0,0.0,0.0,0.0,0.0
3420,Quartz,0.952,1875,48.860251190292,958.8357333333333,3054.8890666666666,940,3015,982,3097,94.41362013423878,37.65079853874862,0.6923929098966026,0.0,0.0,0.047466666666666664,0.0,0.0,0.0,0.952,0.0,0.0005333333333333334,0.0,0.0,0.0,0.0,0.0,0.0,0.0,0.0
3421,Rutile,1.0,142,13.446189622059965,980.4577464788732,3011.8661971830984,973,3001,989,3019,14.403279814144753,14.227708769591402,0.7395833333333334,0.0,0.0,1.0,0.0,0.0,0.0,0.0,0.0,0.0,0.0,0.0,0.0,0.0,0.0,0.0,0.0,0.0
3422,Quartz,0.8725,800,31.915382432114615,995.0075,3024.055,977,3003,1016,3049,45.066823715902096,31.005355991502555,0.6717044500419815,0.0,0.0,0.1275,0.0,0.0,0.0,0.8725,0.0,0.0,0.0,0.0,0.0,0.0,0.0,0.0,0.0,0.0
3423,Quartz,1.0,292,19.281751659604673,980.6986301369863,3051.6472602739727,970,3039,992,3067,28.32623514688485,15.25453914774807,0.8111111111111111,0.0,0.0,0.0,0.0,0.0,0.0,1.0,0.0,0.0,0.0,0.0,0.0,0.0,0.0,0.0,0.0,0.0
3425,Quartz,0.9508867667121419,733,30.549706811864404,997.8308321964529,3065.673942701228,978,3052,1017,3080,37.91829460502804,26.942419496178232,0.851335656213705,0.0,0.0,0.04911323328785812,0.0,0.0,0.0,0.9508867667121419,0.0,0.0,0.0,0.0,0.0,0.0,0.0,0.0,0.0,0.0
3427,Rutile,0.7535545023696683,211,16.39065416446578,958.0,2501.0568720379147,950,2494,970,2513,19.742080609683082,16.224708206006856,0.7962264150943397,0.0,0.0,0.7535545023696683,0.0,0.0,0.0,0.24644549763033174,0.0,0.0,0.0,0.0,0.0,0.0,0.0,0.0,0.0,0.0
3428,Monazite & Xenotime,1.0,213,16.46815177937675,989.8732394366198,3145.2347417840374,983,3136,999,3154,17.708761797348636,15.870454722963581,0.9342105263157895,1.0,0.0,0.0,0.0,0.0,0.0,0.0,0.0,0.0,0.0,0.0,0.0,0.0,0.0,0.0,0.0,0.0
3429,Iron Oxides,1.0,209,16.312788383647018,969.0526315789474,3172.5454545454545,958,3164,978,3182,19.859658641897763,15.4010136223153,0.8038461538461539,0.0,0.0,0.0,0.0,1.0,0.0,0.0,0.0,0.0,0.0,0.0,0.0,0.0,0.0,0.0,0.0,0.0
3430,Rutile,1.0,165,14.494292838262302,972.4,2599.2363636363634,961,2593,981,2607,19.24459993209807,11.825395300135016,0.868421052631579,0.0,0.0,1.0,0.0,0.0,0.0,0.0,0.0,0.0,0.0,0.0,0.0,0.0,0.0,0.0,0.0,0.0
3431,Zircon,1.0,512,25.532305945691693,997.546875,2088.953125,979,2078,1019,2100,41.59181009875195,17.680880074514263,0.8062992125984252,0.0,1.0,0.0,0.0,0.0,0.0,0.0,0.0,0.0,0.0,0.0,0.0,0.0,0.0,0.0,0.0,0.0
3433,Monazite & Xenotime,1.0,101,11.340070282773887,983.7524752475248,2248.70297029703,978,2242,993,2254,14.72949446931175,10.274286418387929,0.8278688524590164,1.0,0.0,0.0,0.0,0.0,0.0,0.0,0.0,0.0,0.0,0.0,0.0,0.0,0.0,0.0,0.0,0.0
3434,Illite,1.0,523,25.805121233904135,1019.2428298279159,2608.942638623327,1005,2597,1035,2630,34.124783568984064,23.38656319777239,0.7691176470588236,0.0,0.0,0.0,0.0,0.0,0.0,0.0,0.0,0.0,0.0,0.0,0.0,1.0,0.0,0.0,0.0,0.0
3435,Zircon,1.0,143,13.493452297211721,1004.006993006993,886.3356643356643,997,878,1013,894,14.6690309421303,13.31997051236517,0.8411764705882353,0.0,1.0,0.0,0.0,0.0,0.0,0.0,0.0,0.0,0.0,0.0,0.0,0.0,0.0,0.0,0.0,0.0
3436,Zircon,1.0,135,13.110581167104948,1013.162962962963,872.2888888888889,1007,861,1021,883,24.045699163426566,7.75645864952347,0.8653846153846154,0.0,1.0,0.0,0.0,0.0,0.0,0.0,0.0,0.0,0.0,0.0,0.0,0.0,0.0,0.0,0.0,0.0
3437,Rutile,0.937984496124031,387,22.197831060995757,1053.470284237726,2373.6640826873386,1040,2363,1066,2389,25.279610941669915,22.98770011673501,0.8269230769230769,0.0,0.0,0.937984496124031,0.0,0.0,0.0,0.06201550387596899,0.0,0.0,0.0,0.0,0.0,0.0,0.0,0.0,0.0,0.0
3438,Rutile,1.0,130,12.865501965161373,1077.0384615384614,1865.0076923076922,1072,1855,1083,1875,19.367066446931705,10.010754156335759,0.7428571428571429,0.0,0.0,1.0,0.0,0.0,0.0,0.0,0.0,0.0,0.0,0.0,0.0,0.0,0.0,0.0,0.0,0.0
3439,Zircon,1.0,105,11.562445770562215,1080.8,1202.904761904762,1074,1198,1091,1209,17.50281500076709,8.547328151115146,0.8076923076923077,0.0,1.0,0.0,0.0,0.0,0.0,0.0,0.0,0.0,0.0,0.0,0.0,0.0,0.0,0.0,0.0,0.0
3440,Zircon,1.0,101,11.340070282773887,1154.4455445544554,2473.8217821782177,1150,2468,1162,2481,12.40888502024993,11.071262423251563,0.8782608695652174,0.0,1.0,0.0,0.0,0.0,0.0,0.0,0.0,0.0,0.0,0.0,0.0,0.0,0.0,0.0,0.0,0.0
3441,Rutile,0.9891304347826086,1288,40.49608047229867,1142.9992236024846,2048.2259316770187,1119,2027,1167,2070,47.49831267908623,37.69755938243783,0.8603874415497662,0.0,0.010869565217391304,0.9891304347826086,0.0,0.0,0.0,0.0,0.0,0.0,0.0,0.0,0.0,0.0,0.0,0.0,0.0,0.0
3442,Rutile,1.0,162,14.361922094451577,1133.8148148148148,2492.5925925925926,1128,2485,1144,2501,15.718736679467847,14.979439051361666,0.8350515463917526,0.0,0.0,1.0,0.0,0.0,0.0,0.0,0.0,0.0,0.0,0.0,0.0,0.0,0.0,0.0,0.0,0.0
3443,Rutile,1.0,319,20.153496341094687,1141.3291536050156,2251.489028213166,1128,2245,1158,2261,28.706194228199408,15.834158667835563,0.9011299435028248,0.0,0.0,1.0,0.0,0.0,0.0,0.0,0.0,0.0,0.0,0.0,0.0,0.0,0.0,0.0,0.0,0.0
3444,Quartz,1.0,285,19.04923279949934,1143.9438596491227,2404.5263157894738,1133,2395,1155,2417,22.78216152832354,18.157962659423525,0.7702702702702703,0.0,0.0,0.0,0.0,0.0,0.0,1.0,0.0,0.0,0.0,0.0,0.0,0.0,0.0,0.0,0.0,0.0
3445,Orthoclase,1.0,460,24.201036973199617,1240.0152173913043,1710.2043478260869,1225,1699,1254,1724,34.94322961860483,19.058803755950873,0.8487084870848709,0.0,0.0,0.0,0.0,0.0,0.0,0.0,0.0,1.0,0.0,0.0,0.0,0.0,0.0,0.0,0.0,0.0
3446,Zircon,1.0,103,11.451797811161432,1170.2427184466019,2889.1553398058254,1164,2884,1178,2895,13.96765111879357,10.067891874525673,0.8512396694214877,0.0,1.0,0.0,0.0,0.0,0.0,0.0,0.0,0.0,0.0,0.0,0.0,0.0,0.0,0.0,0.0,0.0
3448,Quartz,1.0,359,21.37973331358283,1249.6016713091922,1970.6963788300836,1238,1959,1265,1985,31.973942748532004,14.87904401065379,0.8310185185185185,0.0,0.0,0.0,0.0,0.0,0.0,1.0,0.0,0.0,0.0,0.0,0.0,0.0,0.0,0.0,0.0,0.0
3449,Rutile,1.0,113,11.994835078277376,1209.6371681415928,38.68141592920354,1203,35,1218,46,15.12222987829038,10.92914847120038,0.889763779527559,0.0,0.0,1.0,0.0,0.0,0.0,0.0,0.0,0.0,0.0,0.0,0.0,0.0,0.0,0.0,0.0,0.0
3450,Rutile,1.0,115,12.100518486599809,1218.3391304347826,48.84347826086957,1210,43,1228,55,16.945005879645176,9.130447656908116,0.8712121212121212,0.0,0.0,1.0,0.0,0.0,0.0,0.0,0.0,0.0,0.0,0.0,0.0,0.0,0.0,0.0,0.0,0.0
3452,Rutile,1.0,245,17.66192765414112,1251.4857142857143,302.0122448979592,1244,293,1261,314,20.99304955711068,16.190337313122495,0.8876811594202898,0.0,0.0,1.0,0.0,0.0,0.0,0.0,0.0,0.0,0.0,0.0,0.0,0.0,0.0,0.0,0.0,0.0
3453,Rutile,1.0,289,19.182445840623714,1239.712802768166,2267.0622837370242,1222,2258,1255,2280,30.267267713347348,18.71268821375975,0.6816037735849056,0.0,0.0,1.0,0.0,0.0,0.0,0.0,0.0,0.0,0.0,0.0,0.0,0.0,0.0,0.0,0.0,0.0
3454,Zircon,1.0,156,14.093451279891855,1251.3525641025642,2650.4871794871797,1245,2641,1259,2660,20.331434867864232,11.79418677501251,0.7572815533980582,0.0,1.0,0.0,0.0,0.0,0.0,0.0,0.0,0.0,0.0,0.0,0.0,0.0,0.0,0.0,0.0,0.0
3457,Zircon,1.0,989,35.485685983831225,1316.5379170879676,1591.0829120323558,1297,1570,1334,1613,49.441770384947944,26.319057857015313,0.8942133815551537,0.0,1.0,0.0,0.0,0.0,0.0,0.0,0.0,0.0,0.0,0.0,0.0,0.0,0.0,0.0,0.0,0.0
3460,Quartz,1.0,382,22.05396803500069,1341.6649214659685,1580.8167539267015,1332,1565,1354,1596,30.944079430929417,17.67550378156282,0.8565022421524664,0.0,0.0,0.0,0.0,0.0,0.0,1.0,0.0,0.0,0.0,0.0,0.0,0.0,0.0,0.0,0.0,0.0
3461,Zircon,1.0,600,27.63953195770684,1308.63,1062.0233333333333,1288,1047,1329,1078,46.2182629707195,19.65756148470542,0.7623888182973316,0.0,1.0,0.0,0.0,0.0,0.0,0.0,0.0,0.0,0.0,0.0,0.0,0.0,0.0,0.0,0.0,0.0
3462,Zircon,1.0,154,14.002817212590296,1294.7207792207791,1069.4155844155844,1286,1060,1306,1077,24.45521765578911,9.219353018108754,0.7586206896551724,0.0,1.0,0.0,0.0,0.0,0.0,0.0,0.0,0.0,0.0,0.0,0.0,0.0,0.0,0.0,0.0,0.0
3463,Rutile,1.0,227,17.000746355818674,1302.4008810572686,3106.0925110132157,1294,3093,1314,3123,30.944035615066095,11.488581818009525,0.6656891495601173,0.0,0.0,1.0,0.0,0.0,0.0,0.0,0.0,0.0,0.0,0.0,0.0,0.0,0.0,0.0,0.0,0.0
3464,Iron Oxides,1.0,320,20.185060176161283,1310.51875,1349.125,1298,1340,1326,1359,28.368799166111664,17.682070265464446,0.7710843373493976,0.0,0.0,0.0,0.0,1.0,0.0,0.0,0.0,0.0,0.0,0.0,0.0,0.0,0.0,0.0,0.0,0.0
3467,Zircon,0.996316758747698,543,26.29389801439097,1332.1546961325967,661.4180478821363,1319,647,1349,677,32.38610314043204,23.339867570363523,0.8605388272583201,0.0,0.996316758747698,0.003683241252302026,0.0,0.0,0.0,0.0,0.0,0.0,0.0,0.0,0.0,0.0,0.0,0.0,0.0,0.0
3468,Rutile,1.0,118,12.257335203001883,1324.7372881355932,2065.830508474576,1319,2059,1333,2073,15.654319784457233,10.799656983434135,0.8805970149253731,0.0,0.0,1.0,0.0,0.0,0.0,0.0,0.0,0.0,0.0,0.0,0.0,0.0,0.0,0.0,0.0,0.0
3469,Rutile,1.0,165,14.494292838262302,1351.387878787879,1931.7878787878788,1344,1924,1360,1940,19.761910116893617,11.224989478344042,0.8918918918918919,0.0,0.0,1.0,0.0,0.0,0.0,0.0,0.0,0.0,0.0,0.0,0.0,0.0,0.0,0.0,0.0,0.0
3470,Ilmenite,0.8731884057971014,276,18.746042631630413,1360.5,1931.2572463768115,1350,1916,1373,1946,30.96859523791968,19.216623068676803,0.5454545454545454,0.0,0.0,0.12681159420289856,0.8731884057971014,0.0,0.0,0.0,0.0,0.0,0.0,0.0,0.0,0.0,0.0,0.0,0.0,0.0
3471,Quartz,1.0,107,11.67204486311899,1341.0654205607477,3059.4205607476633,1335,3055,1347,3067,13.039861309756557,11.069789223848435,0.9224137931034483,0.0,0.0,0.0,0.0,0.0,0.0,1.0,0.0,0.0,0.0,0.0,0.0,0.0,0.0,0.0,0.0,0.0
3472,Quartz,1.0,198,15.877702285203682,1375.7070707070707,849.6919191919192,1367,843,1386,860,18.70056389978433,14.775197428791046,0.8215767634854771,0.0,0.0,0.0,0.0,0.0,0.0,1.0,0.0,0.0,0.0,0.0,0.0,0.0,0.0,0.0,0.0,0.0
3473,Quartz,1.0,202,16.03728119216293,1378.2970297029703,1843.4059405940593,1370,1835,1388,1853,21.49813561396369,13.24258634005596,0.8112449799196787,0.0,0.0,0.0,0.0,0.0,0.0,1.0,0.0,0.0,0.0,0.0,0.0,0.0,0.0,0.0,0.0,0.0
3474,Quartz,1.0,125,12.6156626101008,1415.144,1181.816,1403,1179,1427,1187,26.851696162343597,7.237744206946119,0.7621951219512195,0.0,0.0,0.0,0.0,0.0,0.0,1.0,0.0,0.0,0.0,0.0,0.0,0.0,0.0,0.0,0.0,0.0
3475,Rutile,1.0,134,13.061933202803933,1416.141791044776,2169.791044776119,1410,2164,1422,2180,16.226340452114588,11.581595958703126,0.9054054054054054,0.0,0.0,1.0,0.0,0.0,0.0,0.0,0.0,0.0,0.0,0.0,0.0,0.0,0.0,0.0,0.0,0.0
3476,Iron Oxides,1.0,276,18.746042631630413,1427.0072463768115,1867.481884057971,1417,1857,1438,1879,26.77227717078666,13.999739537636454,0.8440366972477065,0.0,0.0,0.0,0.0,1.0,0.0,0.0,0.0,0.0,0.0,0.0,0.0,0.0,0.0,0.0,0.0,0.0
3477,Zircon,1.0,357,21.320096563347295,1424.862745098039,2254.095238095238,1416,2240,1434,2270,30.893309235205322,15.63170414774257,0.8992443324937027,0.0,1.0,0.0,0.0,0.0,0.0,0.0,0.0,0.0,0.0,0.0,0.0,0.0,0.0,0.0,0.0,0.0
3478,Rutile,1.0,215,16.545286401814263,1431.9302325581396,1830.5255813953488,1423,1820,1446,1839,27.191661758108914,13.872662389326655,0.738831615120275,0.0,0.0,1.0,0.0,0.0,0.0,0.0,0.0,0.0,0.0,0.0,0.0,0.0,0.0,0.0,0.0,0.0
3479,Monazite & Xenotime,1.0,145,13.58748446131949,1435.0413793103448,2124.5793103448277,1425,2119,1444,2131,19.93907942587779,10.39968025761683,0.8238636363636364,1.0,0.0,0.0,0.0,0.0,0.0,0.0,0.0,0.0,0.0,0.0,0.0,0.0,0.0,0.0,0.0,0.0
3480,Rutile,1.0,132,12.964089628857149,1466.9924242424242,1612.090909090909,1462,1604,1472,1621,18.228800833751478,9.676687271242322,0.9041095890410958,0.0,0.0,1.0,0.0,0.0,0.0,0.0,0.0,0.0,0.0,0.0,0.0,0.0,0.0,0.0,0.0,0.0
3481,Illite,1.0,120,12.360774464742066,1466.8083333333334,491.80833333333334,1458,485,1474,499,18.023805825293945,10.799700675630378,0.7228915662650602,0.0,0.0,0.0,0.0,0.0,0.0,0.0,0.0,0.0,0.0,0.0,0.0,1.0,0.0,0.0,0.0,0.0
3482,Zircon,1.0,332,20.56004690782767,1490.5963855421687,2054.120481927711,1482,2038,1499,2070,33.33957578943695,15.029135757860622,0.7942583732057417,0.0,1.0,0.0,0.0,0.0,0.0,0.0,0.0,0.0,0.0,0.0,0.0,0.0,0.0,0.0,0.0,0.0
3483,Zircon,1.0,381,22.025082668269306,1534.2204724409448,2854.488188976378,1520,2845,1551,2865,29.783064579991052,16.879070277278725,0.8778801843317973,0.0,1.0,0.0,0.0,0.0,0.0,0.0,0.0,0.0,0.0,0.0,0.0,0.0,0.0,0.0,0.0,0.0
3484,Rutile,1.0,206,16.195287778099022,1543.509708737864,2864.8980582524273,1530,2858,1555,2871,24.246701004241963,11.608818191158685,0.8803418803418803,0.0,0.0,1.0,0.0,0.0,0.0,0.0,0.0,0.0,0.0,0.0,0.0,0.0,0.0,0.0,0.0,0.0
3485,Monazite & Xenotime,1.0,102,11.396070970426017,1493.9313725490197,2809.4607843137255,1490,2802,1500,2817,15.284800819345929,8.717820401668734,0.9622641509433962,1.0,0.0,0.0,0.0,0.0,0.0,0.0,0.0,0.0,0.0,0.0,0.0,0.0,0.0,0.0,0.0,0.0
3486,Illite,1.0,133,13.013103375051497,1500.233082706767,3034.0150375939847,1494,3026,1508,3045,21.58716868683898,8.788719474360988,0.8364779874213837,0.0,0.0,0.0,0.0,0.0,0.0,0.0,0.0,0.0,0.0,0.0,0.0,1.0,0.0,0.0,0.0,0.0
3487,Rutile,1.0,123,12.514330345744634,1504.9512195121952,1282.3577235772357,1498,1277,1514,1290,15.411441661290112,10.832590837483542,0.825503355704698,0.0,0.0,1.0,0.0,0.0,0.0,0.0,0.0,0.0,0.0,0.0,0.0,0.0,0.0,0.0,0.0,0.0
3488,Zircon,1.0,383,22.082815618339236,1561.7728459530026,1295.2741514360314,1552,1283,1574,1309,25.005432569492385,20.21504378319016,0.9228915662650602,0.0,1.0,0.0,0.0,0.0,0.0,0.0,0.0,0.0,0.0,0.0,0.0,0.0,0.0,0.0,0.0,0.0
3489,Rutile,1.0,235,17.297725082009,1523.9872340425532,33.16595744680851,1516,23,1532,44,22.58599453230301,13.560887087208933,0.9251968503937008,0.0,0.0,1.0,0.0,0.0,0.0,0.0,0.0,0.0,0.0,0.0,0.0,0.0,0.0,0.0,0.0,0.0
3490,Rutile,1.0,171,14.755472278097805,1558.2573099415204,1700.859649122807,1550,1693,1567,1708,17.291395578675626,13.20580798225311,0.9047619047619048,0.0,0.0,1.0,0.0,0.0,0.0,0.0,0.0,0.0,0.0,0.0,0.0,0.0,0.0,0.0,0.0,0.0
3491,Rutile,1.0,165,14.494292838262302,1617.5575757575757,2022.2545454545455,1611,2015,1625,2030,15.554487291311055,14.019845583731616,0.8967391304347826,0.0,0.0,1.0,0.0,0.0,0.0,0.0,0.0,0.0,0.0,0.0,0.0,0.0,0.0,0.0,0.0,0.0
3492,Rutile,1.0,519,25.70625067405882,1564.35838150289,2820.4354527938344,1552,2798,1578,2842,43.32257869497507,17.31471559880739,0.7666174298375185,0.0,0.0,1.0,0.0,0.0,0.0,0.0,0.0,0.0,0.0,0.0,0.0,0.0,0.0,0.0,0.0,0.0
3493,Rutile,1.0,388,22.22649192646566,1582.3170103092784,2800.615979381443,1571,2789,1597,2818,27.944503073447237,23.55872574421726,0.7683168316831683,0.0,0.0,1.0,0.0,0.0,0.0,0.0,0.0,0.0,0.0,0.0,0.0,0.0,0.0,0.0,0.0,0.0
3494,Zircon,1.0,231,17.14987856615383,1618.6363636363637,1644.04329004329,1610,1632,1627,1656,24.394593539414764,14.689443969854024,0.7623762376237624,0.0,1.0,0.0,0.0,0.0,0.0,0.0,0.0,0.0,0.0,0.0,0.0,0.0,0.0,0.0,0.0,0.0
3495,Rutile,1.0,421,23.152404806704283,1609.4441805225654,385.4964370546318,1593,373,1626,400,35.65464182409725,23.315109317561905,0.6466973886328725,0.0,0.0,1.0,0.0,0.0,0.0,0.0,0.0,0.0,0.0,0.0,0.0,0.0,0.0,0.0,0.0,0.0
3496,Quartz,1.0,178,15.054455784347004,1603.7022471910113,379.0280898876405,1595,373,1615,388,20.03375272390396,11.928800067487519,0.8855721393034826,0.0,0.0,0.0,0.0,0.0,0.0,1.0,0.0,0.0,0.0,0.0,0.0,0.0,0.0,0.0,0.0,0.0
3497,Rutile,0.6153846153846154,234,17.26088217525478,1668.8076923076924,1365.628205128205,1658,1356,1680,1375,22.83890036504894,14.116427274783668,0.8096885813148789,0.0,0.0,0.6153846153846154,0.38461538461538464,0.0,0.0,0.0,0.0,0.0,0.0,0.0,0.0,0.0,0.0,0.0,0.0,0.0
3498,Rutile,1.0,778,31.473486711896992,1653.4588688946014,666.7275064267352,1638,645,1666,695,54.03890612589043,20.617972564683154,0.8078920041536864,0.0,0.0,1.0,0.0,0.0,0.0,0.0,0.0,0.0,0.0,0.0,0.0,0.0,0.0,0.0,0.0,0.0
3499,Orthoclase,1.0,135,13.110581167104948,1639.8962962962962,663.1777777777778,1635,649,1647,677,38.598085680725255,7.999932520299504,0.5720338983050848,0.0,0.0,0.0,0.0,0.0,0.0,0.0,0.0,1.0,0.0,0.0,0.0,0.0,0.0,0.0,0.0,0.0
3500,Iron Oxides,1.0,198,15.877702285203682,1666.9141414141413,645.3030303030303,1657,638,1680,655,19.659132567550124,14.452010747285609,0.8354430379746836,0.0,0.0,0.0,0.0,1.0,0.0,0.0,0.0,0.0,0.0,0.0,0.0,0.0,0.0,0.0,0.0,0.0
3501,Orthoclase,1.0,736,30.612159429303247,1627.664402173913,666.866847826087,1617,643,1640,693,50.59264890200691,20.337754979301625,0.8168701442841287,0.0,0.0,0.0,0.0,0.0,0.0,0.0,0.0,1.0,0.0,0.0,0.0,0.0,0.0,0.0,0.0,0.0
3502,Rutile,0.9476495726495726,1872,48.821147341538634,1638.1597222222222,1861.8787393162393,1618,1821,1672,1906,76.72769687699368,45.57790354561316,0.6524921575461834,0.0,0.0,0.9476495726495726,0.05235042735042735,0.0,0.0,0.0,0.0,0.0,0.0,0.0,0.0,0.0,0.0,0.0,0.0,0.0
3503,Ilmenite,1.0,160,14.27299292922217,1656.16875,1841.13125,1649,1836,1666,1848,19.127294971559795,11.602384973398506,0.8791208791208791,0.0,0.0,0.0,1.0,0.0,0.0,0.0,0.0,0.0,0.0,0.0,0.0,0.0,0.0,0.0,0.0,0.0
3504,Ilmenite,1.0,243,17.58969042850512,1687.9259259259259,1804.5020576131687,1679,1796,1697,1816,21.53827748018013,15.705046603152194,0.8154362416107382,0.0,0.0,0.0,1.0,0.0,0.0,0.0,0.0,0.0,0.0,0.0,0.0,0.0,0.0,0.0,0.0,0.0
3505,Rutile,1.0,420,23.12489154112443,1665.2428571428572,34.904761904761905,1652,23,1678,47,29.18820282565109,21.53154979722387,0.8235294117647058,0.0,0.0,1.0,0.0,0.0,0.0,0.0,0.0,0.0,0.0,0.0,0.0,0.0,0.0,0.0,0.0,0.0
3506,Ilmenite,1.0,138,13.255453865237978,1678.3260869565217,39.572463768115945,1670,30,1687,52,26.9756043984715,10.494075996545142,0.5872340425531914,0.0,0.0,0.0,1.0,0.0,0.0,0.0,0.0,0.0,0.0,0.0,0.0,0.0,0.0,0.0,0.0,0.0
3508,Illite,1.0,149,13.773623058786647,1655.5302013422818,197.84563758389262,1648,187,1663,206,18.340777249019805,11.50190755396161,0.7925531914893617,0.0,0.0,0.0,0.0,0.0,0.0,0.0,0.0,0.0,0.0,0.0,0.0,1.0,0.0,0.0,0.0,0.0
3509,Ilmenite,1.0,557,26.63070457981699,1681.3464991023338,2252.4901256732496,1672,2231,1696,2274,43.54420530231537,18.625991889665936,0.7768479776847977,0.0,0.0,0.0,1.0,0.0,0.0,0.0,0.0,0.0,0.0,0.0,0.0,0.0,0.0,0.0,0.0,0.0
3510,Zircon,1.0,209,16.312788383647018,1657.3971291866028,1763.3971291866028,1647,1755,1667,1773,21.517943051096328,15.414784022776043,0.7385159010600707,0.0,1.0,0.0,0.0,0.0,0.0,0.0,0.0,0.0,0.0,0.0,0.0,0.0,0.0,0.0,0.0,0.0
3511,Rutile,0.7777777777777778,180,15.138795132120961,1673.8333333333333,1568.4055555555556,1667,1559,1684,1579,19.93786248877262,13.8958439428833,0.75,0.0,0.0,0.7777777777777778,0.0,0.0,0.0,0.2222222222222222,0.0,0.0,0.0,0.0,0.0,0.0,0.0,0.0,0.0,0.0
3513,Rutile,0.9561091340450771,843,32.7618823667344,1703.405693950178,2662.473309608541,1685,2647,1724,2680,39.14393882239297,30.711017015371887,0.7952830188679245,0.0,0.0,0.9561091340450771,0.0,0.0,0.0,0.04389086595492289,0.0,0.0,0.0,0.0,0.0,0.0,0.0,0.0,0.0,0.0
3514,Zircon,1.0,117,12.205286835384658,1694.042735042735,1987.837606837607,1687,1981,1702,1995,14.581248439131304,12.073675315529396,0.785234899328859,0.0,1.0,0.0,0.0,0.0,0.0,0.0,0.0,0.0,0.0,0.0,0.0,0.0,0.0,0.0,0.0,0.0
3515,Rutile,1.0,101,11.340070282773887,1717.8217821782177,1609.1782178217823,1712,1601,1723,1615,14.115131789000797,9.95754107343643,0.8782608695652174,0.0,0.0,1.0,0.0,0.0,0.0,0.0,0.0,0.0,0.0,0.0,0.0,0.0,0.0,0.0,0.0,0.0
3516,Ilmenite,1.0,208,16.273715780512877,1706.5288461538462,1607.0288461538462,1698,1600,1722,1619,25.352970787237037,13.883036648407723,0.6933333333333334,0.0,0.0,0.0,1.0,0.0,0.0,0.0,0.0,0.0,0.0,0.0,0.0,0.0,0.0,0.0,0.0,0.0
3517,Ilmenite,1.0,141,13.398760233979036,1728.4893617021276,1607.1347517730496,1723,1601,1737,1614,15.133515537312334,12.565430427217567,0.9337748344370861,0.0,0.0,0.0,1.0,0.0,0.0,0.0,0.0,0.0,0.0,0.0,0.0,0.0,0.0,0.0,0.0,0.0
3518,Ilmenite,0.7671232876712328,365,21.557653718072718,1732.164383561644,1622.3205479452056,1722,1610,1745,1635,29.2922742044501,16.244240394027997,0.9034653465346535,0.0,0.0,0.2328767123287671,0.7671232876712328,0.0,0.0,0.0,0.0,0.0,0.0,0.0,0.0,0.0,0.0,0.0,0.0,0.0
3519,Ilmenite,1.0,161,14.317526556719258,1742.1304347826087,565.6832298136646,1732,556,1751,576,22.228632597559,12.94845015514747,0.6518218623481782,0.0,0.0,0.0,1.0,0.0,0.0,0.0,0.0,0.0,0.0,0.0,0.0,0.0,0.0,0.0,0.0,0.0
3521,Quartz,1.0,342,20.867389014906145,1837.359649122807,852.03216374269,1827,840,1851,866,27.8145933547036,16.749417491387256,0.8507462686567164,0.0,0.0,0.0,0.0,0.0,0.0,1.0,0.0,0.0,0.0,0.0,0.0,0.0,0.0,0.0,0.0,0.0
3522,Monazite & Xenotime,1.0,405,22.708192698181442,1883.7209876543209,85.70864197530864,1871,76,1902,100,31.84106088974877,17.62594415659337,0.8709677419354839,1.0,0.0,0.0,0.0,0.0,0.0,0.0,0.0,0.0,0.0,0.0,0.0,0.0,0.0,0.0,0.0,0.0
3523,Orthoclase,0.9915966386554622,238,17.407785949022028,1901.5882352941176,2589.4621848739494,1894,2579,1913,2602,21.541385993157355,16.63516772698232,0.780327868852459,0.0,0.0,0.0,0.0,0.0,0.0,0.008403361344537815,0.0,0.9915966386554622,0.0,0.0,0.0,0.0,0.0,0.0,0.0,0.0
3524,Rutile,1.0,199,15.91774699517169,1915.964824120603,1992.819095477387,1907,1985,1926,2002,22.183075765763917,12.294170302303783,0.8577586206896551,0.0,0.0,1.0,0.0,0.0,0.0,0.0,0.0,0.0,0.0,0.0,0.0,0.0,0.0,0.0,0.0,0.0
3525,Rutile,1.0,214,16.50676414605009,1914.5140186915887,1750.1448598130842,1907,1738,1922,1763,23.9462555566922,12.100614301549669,0.856,0.0,0.0,1.0,0.0,0.0,0.0,0.0,0.0,0.0,0.0,0.0,0.0,0.0,0.0,0.0,0.0,0.0
3526,Illite,1.0,161,14.317526556719258,1916.9503105590063,2351.832298136646,1909,2342,1925,2360,18.71492836480885,13.63844971493025,0.7853658536585366,0.0,0.0,0.0,0.0,0.0,0.0,0.0,0.0,0.0,0.0,0.0,0.0,1.0,0.0,0.0,0.0,0.0
3527,Ilmenite,1.0,168,14.625465582862905,1955.4880952380952,218.8452380952381,1948,213,1967,228,18.98638011304661,12.339965146523738,0.865979381443299,0.0,0.0,0.0,1.0,0.0,0.0,0.0,0.0,0.0,0.0,0.0,0.0,0.0,0.0,0.0,0.0,0.0
3528,Rutile,1.0,230,17.112717355495807,1958.5217391304348,1861.504347826087,1949,1853,1974,1871,26.075509621363125,15.614623140863488,0.732484076433121,0.0,0.0,1.0,0.0,0.0,0.0,0.0,0.0,0.0,0.0,0.0,0.0,0.0,0.0,0.0,0.0,0.0
3529,Zircon,1.0,1257,40.005775929634204,2026.9244232299125,2144.9331742243435,2009,2125,2048,2166,41.653633656843304,39.302800573351085,0.947249434815373,0.0,1.0,0.0,0.0,0.0,0.0,0.0,0.0,0.0,0.0,0.0,0.0,0.0,0.0,0.0,0.0,0.0
3530,Quartz,0.9992119779353822,3807,69.62200045105544,2057.3201996322564,2125.2700288941423,2003,2092,2102,2173,107.94973755855689,64.44489113360292,0.7153325817361894,0.0,0.0007880220646178094,0.0,0.0,0.0,0.0,0.9992119779353822,0.0,0.0,0.0,0.0,0.0,0.0,0.0,0.0,0.0,0.0
3531,Zircon,0.87,300,19.544100476116796,1972.6433333333334,2271.8133333333335,1965,2257,1984,2285,27.17362056256042,16.108428124218218,0.8645533141210374,0.0,0.87,0.13,0.0,0.0,0.0,0.0,0.0,0.0,0.0,0.0,0.0,0.0,0.0,0.0,0.0,0.0
3532,Zircon,1.0,196,15.797308339337176,1974.3010204081634,1137.0102040816328,1967,1128,1984,1145,20.183175393739198,14.459097603078995,0.8448275862068966,0.0,1.0,0.0,0.0,0.0,0.0,0.0,0.0,0.0,0.0,0.0,0.0,0.0,0.0,0.0,0.0,0.0
3533,Ilmenite,0.7479674796747967,369,21.675455981530703,1998.810298102981,2317.3739837398375,1988,2306,2011,2330,28.6090711896716,17.30571937571087,0.8827751196172249,0.0,0.0,0.25203252032520324,0.7479674796747967,0.0,0.0,0.0,0.0,0.0,0.0,0.0,0.0,0.0,0.0,0.0,0.0,0.0
3534,Orthoclase,1.0,101,11.340070282773887,2006.6435643564357,341.3168316831683,2001,334,2013,348,13.255444836260727,10.69379696620803,0.8706896551724138,0.0,0.0,0.0,0.0,0.0,0.0,0.0,0.0,1.0,0.0,0.0,0.0,0.0,0.0,0.0,0.0,0.0
3536,Rutile,1.0,104,11.507254783503184,2014.7211538461538,2301.3173076923076,2010,2295,2021,2309,14.611723427392826,9.573009395983107,0.8739495798319328,0.0,0.0,1.0,0.0,0.0,0.0,0.0,0.0,0.0,0.0,0.0,0.0,0.0,0.0,0.0,0.0,0.0
3538,Rutile,1.0,346,20.98906578384008,2043.0982658959538,2409.6445086705203,2030,2399,2060,2425,28.975982703420094,18.842112158134668,0.7473002159827213,0.0,0.0,1.0,0.0,0.0,0.0,0.0,0.0,0.0,0.0,0.0,0.0,0.0,0.0,0.0,0.0,0.0
3539,Rutile,1.0,118,12.257335203001883,2041.8305084745762,1091.7966101694915,2038,1084,2047,1101,17.731833511352807,8.64279189010953,0.9365079365079365,0.0,0.0,1.0,0.0,0.0,0.0,0.0,0.0,0.0,0.0,0.0,0.0,0.0,0.0,0.0,0.0,0.0
3540,Rutile,1.0,163,14.406180819073164,2123.680981595092,380.3006134969325,2111,374,2134,387,25.942951714135923,10.04099159546043,0.7342342342342343,0.0,0.0,1.0,0.0,0.0,0.0,0.0,0.0,0.0,0.0,0.0,0.0,0.0,0.0,0.0,0.0,0.0
3541,Ilmenite,0.8264150943396227,265,18.36868202552426,2121.0603773584908,374.79245283018867,2107,369,2138,387,37.00979001146209,16.01236484052068,0.5419222903885481,0.0,0.0,0.17358490566037735,0.8264150943396227,0.0,0.0,0.0,0.0,0.0,0.0,0.0,0.0,0.0,0.0,0.0,0.0,0.0
3542,Rutile,1.0,190,15.553633450087505,2052.178947368421,1099.921052631579,2043,1089,2063,1109,22.681145143733712,13.38915108885706,0.7196969696969697,0.0,0.0,1.0,0.0,0.0,0.0,0.0,0.0,0.0,0.0,0.0,0.0,0.0,0.0,0.0,0.0,0.0
3543,Zircon,1.0,188,15.471555655790098,2056.81914893617,667.4308510638298,2042,663,2069,675,28.27780242207124,9.703043335939334,0.8173913043478261,0.0,1.0,0.0,0.0,0.0,0.0,0.0,0.0,0.0,0.0,0.0,0.0,0.0,0.0,0.0,0.0,0.0
3544,Rutile,0.8771929824561403,456,24.095585330081406,2081.684210526316,1873.6140350877192,2068,1863,2099,1887,30.449284681706782,20.864278857416288,0.8290909090909091,0.0,0.0,0.8771929824561403,0.12280701754385964,0.0,0.0,0.0,0.0,0.0,0.0,0.0,0.0,0.0,0.0,0.0,0.0,0.0
3545,Rutile,1.0,296,19.413369239820483,2083.054054054054,8.550675675675675,2070,0,2094,25,26.187996749310617,19.099834845436785,0.7668393782383419,0.0,0.0,1.0,0.0,0.0,0.0,0.0,0.0,0.0,0.0,0.0,0.0,0.0,0.0,0.0,0.0,0.0
3547,Quartz,1.0,168,14.625465582862905,2103.5773809523807,1084.1369047619048,2095,1077,2112,1091,16.550544769308377,13.411720710617935,0.9032258064516129,0.0,0.0,0.0,0.0,0.0,0.0,1.0,0.0,0.0,0.0,0.0,0.0,0.0,0.0,0.0,0.0,0.0
3548,Iron Oxides,1.0,251,17.876888032555495,2129.7250996015937,2298.5258964143427,2120,2288,2141,2311,27.210540310911387,13.576113782770076,0.814935064935065,0.0,0.0,0.0,0.0,1.0,0.0,0.0,0.0,0.0,0.0,0.0,0.0,0.0,0.0,0.0,0.0,0.0
3549,Zircon,1.0,674,29.294426998176625,2109.4362017804156,16.356083086053413,2094,0,2125,32,32.01876243774503,28.126757749023998,0.9059139784946236,0.0,1.0,0.0,0.0,0.0,0.0,0.0,0.0,0.0,0.0,0.0,0.0,0.0,0.0,0.0,0.0,0.0
3550,Monazite & Xenotime,1.0,177,15.012108426804138,2103.6553672316386,2176.677966101695,2096,2170,2115,2187,19.842040221733445,15.895826541485436,0.759656652360515,1.0,0.0,0.0,0.0,0.0,0.0,0.0,0.0,0.0,0.0,0.0,0.0,0.0,0.0,0.0,0.0,0.0
3551,Ilmenite,1.0,102,11.396070970426017,2104.7450980392155,681.8039215686274,2099,677,2112,688,14.289121803783226,9.218990146140312,0.918918918918919,0.0,0.0,0.0,1.0,0.0,0.0,0.0,0.0,0.0,0.0,0.0,0.0,0.0,0.0,0.0,0.0,0.0
3553,Monazite & Xenotime,1.0,171,14.755472278097805,2126.3976608187136,2190.0526315789475,2114,2182,2138,2198,24.73064484329147,12.945081082883023,0.7339055793991416,1.0,0.0,0.0,0.0,0.0,0.0,0.0,0.0,0.0,0.0,0.0,0.0,0.0,0.0,0.0,0.0,0.0
3554,Rutile,1.0,178,15.054455784347004,2158.0337078651687,1267.887640449438,2152,1256,2167,1279,20.791639178711733,11.496161243876292,0.7946428571428571,0.0,0.0,1.0,0.0,0.0,0.0,0.0,0.0,0.0,0.0,0.0,0.0,0.0,0.0,0.0,0.0,0.0
3556,Rutile,0.6963696369636964,303,19.64157789116634,2150.145214521452,1088.3234323432343,2138,1076,2162,1104,31.18341138524036,15.92223966569878,0.7163120567375887,0.0,0.0,0.6963696369636964,0.30363036303630364,0.0,0.0,0.0,0.0,0.0,0.0,0.0,0.0,0.0,0.0,0.0,0.0,0.0
3557,Rutile,1.0,315,20.026743534373637,2202.949206349206,1187.736507936508,2194,1170,2216,1199,25.365919929744848,20.864845713348434,0.7482185273159145,0.0,0.0,1.0,0.0,0.0,0.0,0.0,0.0,0.0,0.0,0.0,0.0,0.0,0.0,0.0,0.0,0.0
3559,Ilmenite,0.7995689655172413,464,24.306031118985995,2187.3793103448274,1108.948275862069,2169,1098,2205,1126,33.748672705126744,21.434572161479704,0.6773722627737226,0.0,0.0,0.20043103448275862,0.7995689655172413,0.0,0.0,0.0,0.0,0.0,0.0,0.0,0.0,0.0,0.0,0.0,0.0,0.0
3560,Ilmenite,1.0,131,12.914889870235298,2173.648854961832,1135.2442748091603,2169,1128,2180,1145,18.492095723399853,10.613272115155839,0.8136645962732919,0.0,0.0,0.0,1.0,0.0,0.0,0.0,0.0,0.0,0.0,0.0,0.0,0.0,0.0,0.0,0.0,0.0
3561,Ilmenite,1.0,127,12.716187407449045,2194.6062992125985,1123.4330708661416,2185,1114,2201,1129,19.348614330120856,10.493000926719285,0.8698630136986302,0.0,0.0,0.0,1.0,0.0,0.0,0.0,0.0,0.0,0.0,0.0,0.0,0.0,0.0,0.0,0.0,0.0
3563,Zircon,1.0,210,16.351767622932517,2171.957142857143,2245.042857142857,2160,2239,2181,2255,21.806368857373652,15.75057600861325,0.8045977011494253,0.0,1.0,0.0,0.0,0.0,0.0,0.0,0.0,0.0,0.0,0.0,0.0,0.0,0.0,0.0,0.0,0.0
3565,Illite,1.0,540,26.221162334209897,2202.998148148148,16.003703703703703,2192,0,2217,32,37.333293251331284,23.232857796715845,0.759493670886076,0.0,0.0,0.0,0.0,0.0,0.0,0.0,0.0,0.0,0.0,0.0,0.0,1.0,0.0,0.0,0.0,0.0
3566,Rutile,1.0,178,15.054455784347004,2257.724719101124,1240.7303370786517,2252,1225,2267,1251,25.926664816766525,13.615694805181077,0.652014652014652,0.0,0.0,1.0,0.0,0.0,0.0,0.0,0.0,0.0,0.0,0.0,0.0,0.0,0.0,0.0,0.0,0.0
3567,Ilmenite,1.0,144,13.540550005146152,2260.0694444444443,1233.076388888889,2252,1226,2268,1240,15.34982356067643,13.90008604163099,0.7912087912087912,0.0,0.0,0.0,1.0,0.0,0.0,0.0,0.0,0.0,0.0,0.0,0.0,0.0,0.0,0.0,0.0,0.0
3568,Rutile,0.7689655172413793,290,19.21560480373171,2216.0172413793102,1438.5655172413792,2207,1427,2228,1453,25.877246045261032,19.678928272879748,0.7107843137254902,0.0,0.0,0.7689655172413793,0.0,0.0,0.0,0.23103448275862068,0.0,0.0,0.0,0.0,0.0,0.0,0.0,0.0,0.0,0.0
3569,Zircon,1.0,107,11.67204486311899,2228.7570093457944,1475.1121495327102,2224,1468,2236,1482,14.303994716124812,11.261018213870816,0.7642857142857142,0.0,1.0,0.0,0.0,0.0,0.0,0.0,0.0,0.0,0.0,0.0,0.0,0.0,0.0,0.0,0.0,0.0
3570,Zircon,1.0,285,19.04923279949934,2235.4666666666667,628.0596491228071,2226,613,2247,645,37.13088303848769,10.49185203239256,0.8532934131736527,0.0,1.0,0.0,0.0,0.0,0.0,0.0,0.0,0.0,0.0,0.0,0.0,0.0,0.0,0.0,0.0,0.0
3571,Rutile,0.9912280701754386,114,12.047792665040703,2233.938596491228,1195.3245614035088,2230,1187,2239,1204,17.77102034143079,8.652521061947118,0.8769230769230769,0.0,0.008771929824561403,0.9912280701754386,0.0,0.0,0.0,0.0,0.0,0.0,0.0,0.0,0.0,0.0,0.0,0.0,0.0,0.0
3572,Rutile,0.6403785488958991,317,20.090219901261573,2265.4794952681386,1194.018927444795,2255,1183,2278,1207,24.614635566128833,18.064029163396043,0.8453333333333334,0.0,0.0,0.6403785488958991,0.0,0.0,0.0,0.35962145110410093,0.0,0.0,0.0,0.0,0.0,0.0,0.0,0.0,0.0,0.0
3573,Zircon,1.0,1105,37.50906153094682,2285.4289592760183,1981.739366515837,2260,1961,2311,2005,58.674664185434914,24.960282544019048,0.9117161716171617,0.0,1.0,0.0,0.0,0.0,0.0,0.0,0.0,0.0,0.0,0.0,0.0,0.0,0.0,0.0,0.0,0.0
3575,Rutile,1.0,113,11.994835078277376,2249.451327433628,271.85840707964604,2244,264,2256,281,15.673570493468159,10.87165563223146,0.773972602739726,0.0,0.0,1.0,0.0,0.0,0.0,0.0,0.0,0.0,0.0,0.0,0.0,0.0,0.0,0.0,0.0,0.0
3576,Quartz,1.0,117,12.205286835384658,2260.4786324786323,16.333333333333332,2255,11,2268,22,14.854772072853955,10.689649782299652,0.9285714285714286,0.0,0.0,0.0,0.0,0.0,0.0,1.0,0.0,0.0,0.0,0.0,0.0,0.0,0.0,0.0,0.0,0.0
3577,Rutile,1.0,131,12.914889870235298,2301.236641221374,2422.2213740458014,2294,2416,2310,2429,16.997739734672955,9.889069819971882,0.9424460431654677,0.0,0.0,1.0,0.0,0.0,0.0,0.0,0.0,0.0,0.0,0.0,0.0,0.0,0.0,0.0,0.0,0.0
3578,Rutile,1.0,145,13.58748446131949,2291.365517241379,1396.9862068965517,2285,1390,2300,1406,16.34388402828613,12.352531767893982,0.7923497267759563,0.0,0.0,1.0,0.0,0.0,0.0,0.0,0.0,0.0,0.0,0.0,0.0,0.0,0.0,0.0,0.0,0.0
3580,Rutile,1.0,186,15.389040103942165,2296.2688172043013,2565.5752688172042,2287,2557,2307,2576,24.729113571385373,10.0706326024672,0.8532110091743119,0.0,0.0,1.0,0.0,0.0,0.0,0.0,0.0,0.0,0.0,0.0,0.0,0.0,0.0,0.0,0.0,0.0
3581,Rutile,1.0,519,25.70625067405882,2331.7938342967245,2239.624277456647,2318,2223,2344,2260,42.02525777672901,20.12070133114525,0.7138927097661623,0.0,0.0,1.0,0.0,0.0,0.0,0.0,0.0,0.0,0.0,0.0,0.0,0.0,0.0,0.0,0.0,0.0
3582,Zircon,1.0,973,35.197472594311556,2380.755395683453,2694.168550873587,2365,2675,2398,2713,42.88011354193835,29.28625323563002,0.9464980544747081,0.0,1.0,0.0,0.0,0.0,0.0,0.0,0.0,0.0,0.0,0.0,0.0,0.0,0.0,0.0,0.0,0.0
3583,Zircon,1.0,158,14.183506197980657,2336.0569620253164,45.177215189873415,2329,36,2346,59,20.730019454989513,13.19725695986433,0.6899563318777293,0.0,1.0,0.0,0.0,0.0,0.0,0.0,0.0,0.0,0.0,0.0,0.0,0.0,0.0,0.0,0.0,0.0
3584,Monazite & Xenotime,1.0,172,14.798554040663838,2354.546511627907,902.8488372093024,2347,895,2364,913,20.55047897589598,11.234225833863398,0.8775510204081632,1.0,0.0,0.0,0.0,0.0,0.0,0.0,0.0,0.0,0.0,0.0,0.0,0.0,0.0,0.0,0.0,0.0
3586,Quartz,0.5559322033898305,295,19.38054864282415,2339.2237288135593,3037.830508474576,2328,3023,2349,3050,28.6982799538512,17.22401986793051,0.7662337662337663,0.0,0.0,0.4440677966101695,0.0,0.0,0.0,0.5559322033898305,0.0,0.0,0.0,0.0,0.0,0.0,0.0,0.0,0.0,0.0
3587,Rutile,1.0,167,14.581872443920643,2380.0359281437127,656.8023952095808,2372,648,2390,665,17.498409858712623,13.22077831204212,0.8028846153846154,0.0,0.0,1.0,0.0,0.0,0.0,0.0,0.0,0.0,0.0,0.0,0.0,0.0,0.0,0.0,0.0,0.0
3588,Orthoclase,1.0,407,22.764193258431348,2373.6314496314494,630.8845208845208,2360,621,2389,644,28.275660101469043,19.7006383408408,0.7857142857142857,0.0,0.0,0.0,0.0,0.0,0.0,0.0,0.0,1.0,0.0,0.0,0.0,0.0,0.0,0.0,0.0,0.0
3589,Quartz,1.0,134,13.061933202803933,2351.4701492537315,2611.5597014925374,2345,2606,2358,2620,13.94098931258675,12.595719847940014,0.9305555555555556,0.0,0.0,0.0,0.0,0.0,0.0,1.0,0.0,0.0,0.0,0.0,0.0,0.0,0.0,0.0,0.0,0.0
3590,Rutile,1.0,144,13.540550005146152,2353.152777777778,2924.3888888888887,2346,2916,2365,2933,17.829481926390816,13.357674777859769,0.75,0.0,0.0,1.0,0.0,0.0,0.0,0.0,0.0,0.0,0.0,0.0,0.0,0.0,0.0,0.0,0.0,0.0
3591,Rutile,1.0,205,16.15593100600236,2385.0048780487805,2240.0536585365853,2374,2231,2396,2249,25.21029324689797,13.252686152366268,0.7093425605536332,0.0,0.0,1.0,0.0,0.0,0.0,0.0,0.0,0.0,0.0,0.0,0.0,0.0,0.0,0.0,0.0,0.0
3592,Ilmenite,1.0,349,21.079862454783044,2376.5816618911176,2227.9656160458453,2364,2216,2395,2242,33.24527703610276,17.91450990088531,0.6966067864271457,0.0,0.0,0.0,1.0,0.0,0.0,0.0,0.0,0.0,0.0,0.0,0.0,0.0,0.0,0.0,0.0,0.0
3594,Quartz,1.0,133,13.013103375051497,2363.3909774436092,1590.5563909774437,2357,1584,2371,1599,15.022996950389695,12.62266480427543,0.8109756097560976,0.0,0.0,0.0,0.0,0.0,0.0,1.0,0.0,0.0,0.0,0.0,0.0,0.0,0.0,0.0,0.0,0.0
3595,Orthoclase,1.0,283,18.982275710779543,2389.667844522968,2300.070671378092,2379,2289,2399,2313,25.82457094407976,15.412207529445944,0.8108882521489972,0.0,0.0,0.0,0.0,0.0,0.0,0.0,0.0,1.0,0.0,0.0,0.0,0.0,0.0,0.0,0.0,0.0
3596,Iron Oxides,1.0,168,14.625465582862905,2395.184523809524,282.36309523809524,2386,274,2402,296,23.011636845975968,11.127011038800285,0.8155339805825242,0.0,0.0,0.0,0.0,1.0,0.0,0.0,0.0,0.0,0.0,0.0,0.0,0.0,0.0,0.0,0.0,0.0
3597,Rutile,1.0,224,16.88803298257901,2410.223214285714,647.5758928571429,2404,634,2416,662,29.848567406935263,10.338663355489025,0.8784313725490196,0.0,0.0,1.0,0.0,0.0,0.0,0.0,0.0,0.0,0.0,0.0,0.0,0.0,0.0,0.0,0.0,0.0
3598,Zircon,1.0,314,19.994929783493642,2404.5955414012737,2197.334394904459,2395,2187,2415,2209,21.44214157060042,18.895118674733084,0.9429429429429429,0.0,1.0,0.0,0.0,0.0,0.0,0.0,0.0,0.0,0.0,0.0,0.0,0.0,0.0,0.0,0.0,0.0
3599,Ilmenite,1.0,115,12.100518486599809,2405.4434782608696,2214.4086956521737,2401,2207,2412,2224,18.774543210202072,8.895129709074567,0.8333333333333334,0.0,0.0,0.0,1.0,0.0,0.0,0.0,0.0,0.0,0.0,0.0,0.0,0.0,0.0,0.0,0.0,0.0
3600,Rutile,1.0,193,15.67594437773643,2404.6735751295337,2242.0518134715026,2396,2235,2416,2252,19.860348899680332,14.338797707354884,0.8109243697478992,0.0,0.0,1.0,0.0,0.0,0.0,0.0,0.0,0.0,0.0,0.0,0.0,0.0,0.0,0.0,0.0,0.0
3601,Rutile,1.0,134,13.061933202803933,2408.6567164179105,1238.858208955224,2400,1232,2416,1248,15.132589310667829,12.356300606565549,0.8322981366459627,0.0,0.0,1.0,0.0,0.0,0.0,0.0,0.0,0.0,0.0,0.0,0.0,0.0,0.0,0.0,0.0,0.0
3602,Quartz,1.0,161,14.317526556719258,2453.2360248447203,2121.055900621118,2448,2111,2458,2135,21.563236587619304,10.208925120737327,0.8797814207650273,0.0,0.0,0.0,0.0,0.0,0.0,1.0,0.0,0.0,0.0,0.0,0.0,0.0,0.0,0.0,0.0,0.0
3603,Rutile,1.0,173,14.841510746523857,2418.341040462428,1473.820809248555,2410,1466,2426,1483,18.070099411125753,12.750099160628366,0.8522167487684729,0.0,0.0,1.0,0.0,0.0,0.0,0.0,0.0,0.0,0.0,0.0,0.0,0.0,0.0,0.0,0.0,0.0
3604,Quartz,1.0,470,24.462677409178383,2444.7,2284.1446808510636,2426,2274,2469,2299,42.180613818260746,16.720723646534474,0.7121212121212122,0.0,0.0,0.0,0.0,0.0,0.0,1.0,0.0,0.0,0.0,0.0,0.0,0.0,0.0,0.0,0.0,0.0
3605,Rutile,1.0,126,12.666024736934256,2453.7619047619046,2658.031746031746,2445,2654,2465,2665,18.207205158757773,9.602574992930853,0.7974683544303798,0.0,0.0,1.0,0.0,0.0,0.0,0.0,0.0,0.0,0.0,0.0,0.0,0.0,0.0,0.0,0.0,0.0
3606,Rutile,1.0,512,25.532305945691693,2463.380859375,2604.095703125,2454,2586,2472,2620,35.0513742727499,19.413172187075556,0.9624060150375939,0.0,0.0,1.0,0.0,0.0,0.0,0.0,0.0,0.0,0.0,0.0,0.0,0.0,0.0,0.0,0.0,0.0
3607,Rutile,1.0,181,15.180789096653193,2449.0055248618783,2672.9226519337017,2443,2661,2459,2684,27.359371593503003,10.720381760879734,0.7605042016806722,0.0,0.0,1.0,0.0,0.0,0.0,0.0,0.0,0.0,0.0,0.0,0.0,0.0,0.0,0.0,0.0,0.0
3609,Rutile,1.0,140,13.351162356249091,120.81428571428572,860.3928571428571,112,851,134,868,24.729379255225844,11.77682979492157,0.6086956521739131,0.0,0.0,1.0,0.0,0.0,0.0,0.0,0.0,0.0,0.0,0.0,0.0,0.0,0.0,0.0,0.0,0.0
3612,Illite,1.0,105,11.562445770562215,277.9809523809524,3240.3142857142857,268,3236,289,3245,19.45149184639752,7.565329085939075,0.8267716535433071,0.0,0.0,0.0,0.0,0.0,0.0,0.0,0.0,0.0,0.0,0.0,0.0,1.0,0.0,0.0,0.0,0.0
3614,Rutile,1.0,119,12.309163489997376,291.70588235294116,812.453781512605,283,805,300,822,20.939157074487735,10.823208533011767,0.6363636363636364,0.0,0.0,1.0,0.0,0.0,0.0,0.0,0.0,0.0,0.0,0.0,0.0,0.0,0.0,0.0,0.0,0.0
3615,Rutile,1.0,123,12.514330345744634,329.7642276422764,3201.3821138211383,326,3190,336,3214,24.317687184311485,7.115317899219346,0.825503355704698,0.0,0.0,1.0,0.0,0.0,0.0,0.0,0.0,0.0,0.0,0.0,0.0,0.0,0.0,0.0,0.0,0.0
3616,Rutile,1.0,175,14.927053303604616,348.77142857142854,2944.217142857143,338,2937,362,2953,26.51414155372768,11.20631034491023,0.6410256410256411,0.0,0.0,1.0,0.0,0.0,0.0,0.0,0.0,0.0,0.0,0.0,0.0,0.0,0.0,0.0,0.0,0.0
3617,Rutile,0.6590909090909091,176,14.96964127403822,379.54545454545456,922.0113636363636,368,916,393,932,30.52042630775216,8.970421061807945,0.7521367521367521,0.0,0.0,0.6590909090909091,0.0,0.0,0.0,0.3409090909090909,0.0,0.0,0.0,0.0,0.0,0.0,0.0,0.0,0.0,0.0
3618,Rutile,1.0,178,15.054455784347004,384.32022471910113,1737.1685393258426,372,1732,398,1745,25.867781456764593,10.89061013593898,0.6742424242424242,0.0,0.0,1.0,0.0,0.0,0.0,0.0,0.0,0.0,0.0,0.0,0.0,0.0,0.0,0.0,0.0,0.0
3620,Monazite & Xenotime,1.0,122,12.463355264843006,515.2704918032787,1842.2704918032787,507,1836,522,1851,16.558072958618325,12.781148862898764,0.7625,1.0,0.0,0.0,0.0,0.0,0.0,0.0,0.0,0.0,0.0,0.0,0.0,0.0,0.0,0.0,0.0,0.0
3621,Zircon,1.0,162,14.361922094451577,561.283950617284,60.80864197530864,549,58,578,66,28.128083606583893,8.105579015287962,0.9257142857142857,0.0,1.0,0.0,0.0,0.0,0.0,0.0,0.0,0.0,0.0,0.0,0.0,0.0,0.0,0.0,0.0,0.0
3622,Orthoclase,0.5495495495495496,333,20.590987552733093,569.3093093093094,490.8708708708709,559,478,583,505,28.671121081113075,20.946977759708417,0.7040169133192389,0.0,0.0,0.0,0.0,0.0,0.0,0.45045045045045046,0.0,0.5495495495495496,0.0,0.0,0.0,0.0,0.0,0.0,0.0,0.0
3625,Zircon,1.0,121,12.412170838050638,703.1404958677685,1751.2396694214876,696,1743,712,1760,22.89282497666711,7.428293480267286,0.8344827586206897,0.0,1.0,0.0,0.0,0.0,0.0,0.0,0.0,0.0,0.0,0.0,0.0,0.0,0.0,0.0,0.0,0.0
3626,Quartz,1.0,118,12.257335203001883,729.4661016949152,1105.0084745762713,722,1097,739,1114,19.997317081254902,8.876916094119686,0.7239263803680982,0.0,0.0,0.0,0.0,0.0,0.0,1.0,0.0,0.0,0.0,0.0,0.0,0.0,0.0,0.0,0.0,0.0
3628,Iron Oxides,1.0,144,13.540550005146152,731.8888888888889,1833.4097222222222,725,1820,740,1844,25.36679464640552,10.380431244600699,0.6260869565217392,0.0,0.0,0.0,0.0,1.0,0.0,0.0,0.0,0.0,0.0,0.0,0.0,0.0,0.0,0.0,0.0,0.0
3630,Zircon,1.0,219,16.698486766680407,772.283105022831,3041.2100456621006,766,3028,781,3055,30.22832865067019,11.49248521597199,0.7525773195876289,0.0,1.0,0.0,0.0,0.0,0.0,0.0,0.0,0.0,0.0,0.0,0.0,0.0,0.0,0.0,0.0,0.0
3632,Rutile,1.0,113,11.994835078277376,798.0530973451328,1361.6991150442477,791,1355,808,1369,18.25494286863517,10.642529939273627,0.6766467065868264,0.0,0.0,1.0,0.0,0.0,0.0,0.0,0.0,0.0,0.0,0.0,0.0,0.0,0.0,0.0,0.0,0.0
3633,Monazite & Xenotime,1.0,109,11.780624362746345,799.2018348623853,1942.1834862385322,792,1933,808,1953,24.394406576232292,6.340309127414987,0.7622377622377622,1.0,0.0,0.0,0.0,0.0,0.0,0.0,0.0,0.0,0.0,0.0,0.0,0.0,0.0,0.0,0.0,0.0
3634,Rutile,1.0,153,13.957279475043833,808.5490196078431,2879.300653594771,801,2868,816,2891,22.108822982112144,12.185502044629247,0.6710526315789473,0.0,0.0,1.0,0.0,0.0,0.0,0.0,0.0,0.0,0.0,0.0,0.0,0.0,0.0,0.0,0.0,0.0
3636,Quartz,1.0,132,12.964089628857149,832.1363636363636,1352.4469696969697,824,1346,843,1361,19.262287066734483,10.815979717647451,0.6910994764397905,0.0,0.0,0.0,0.0,0.0,0.0,1.0,0.0,0.0,0.0,0.0,0.0,0.0,0.0,0.0,0.0,0.0
3639,Rutile,1.0,158,14.183506197980657,906.2405063291139,2024.9746835443038,897,2016,914,2033,18.116472637672835,14.952141400200146,0.7149321266968326,0.0,0.0,1.0,0.0,0.0,0.0,0.0,0.0,0.0,0.0,0.0,0.0,0.0,0.0,0.0,0.0,0.0
3640,Rutile,1.0,124,12.565098628628435,916.4758064516129,2416.4112903225805,909,2409,925,2426,17.967750908445208,10.649495213944997,0.7251461988304093,0.0,0.0,1.0,0.0,0.0,0.0,0.0,0.0,0.0,0.0,0.0,0.0,0.0,0.0,0.0,0.0,0.0
3641,Rutile,1.0,113,11.994835078277376,921.6902654867257,2587.380530973451,912,2580,934,2595,21.24191919093654,10.775661517799309,0.6348314606741573,0.0,0.0,1.0,0.0,0.0,0.0,0.0,0.0,0.0,0.0,0.0,0.0,0.0,0.0,0.0,0.0,0.0
3642,Zircon,1.0,134,13.061933202803933,933.4029850746268,538.1716417910447,928,530,942,546,18.794775985784145,11.506654055708728,0.6836734693877551,0.0,1.0,0.0,0.0,0.0,0.0,0.0,0.0,0.0,0.0,0.0,0.0,0.0,0.0,0.0,0.0,0.0
3643,Monazite & Xenotime,1.0,171,14.755472278097805,936.9415204678363,1787.2923976608188,928,1777,944,1802,22.96624876491647,13.444061618125021,0.6923076923076923,1.0,0.0,0.0,0.0,0.0,0.0,0.0,0.0,0.0,0.0,0.0,0.0,0.0,0.0,0.0,0.0,0.0
3645,Zircon,1.0,268,18.47236308621676,957.1940298507462,926.070895522388,943,919,977,939,39.24772148528297,14.570748519304388,0.5775862068965517,0.0,1.0,0.0,0.0,0.0,0.0,0.0,0.0,0.0,0.0,0.0,0.0,0.0,0.0,0.0,0.0,0.0
3646,Zircon,1.0,115,12.100518486599809,953.3391304347826,1525.8347826086956,949,1518,959,1536,19.27300781169023,7.998663507464863,0.8778625954198473,0.0,1.0,0.0,0.0,0.0,0.0,0.0,0.0,0.0,0.0,0.0,0.0,0.0,0.0,0.0,0.0,0.0
3649,Zircon,1.0,142,13.446189622059965,974.5,736.3732394366198,965,729,986,746,20.08485259603235,14.991196434773972,0.5725806451612904,0.0,1.0,0.0,0.0,0.0,0.0,0.0,0.0,0.0,0.0,0.0,0.0,0.0,0.0,0.0,0.0,0.0
3651,Zircon,1.0,138,13.255453865237978,1112.1666666666667,2951.7971014492755,1105,2944,1126,2960,23.432238756837965,13.559352593511393,0.5726141078838174,0.0,1.0,0.0,0.0,0.0,0.0,0.0,0.0,0.0,0.0,0.0,0.0,0.0,0.0,0.0,0.0,0.0
3652,Rutile,1.0,198,15.877702285203682,1134.8434343434344,1994.449494949495,1123,1982,1149,2003,27.731722836864872,13.727997865662116,0.6092307692307692,0.0,0.0,1.0,0.0,0.0,0.0,0.0,0.0,0.0,0.0,0.0,0.0,0.0,0.0,0.0,0.0,0.0
3654,Monazite & Xenotime,1.0,111,11.888212206450685,1353.1801801801803,249.24324324324326,1346,244,1362,258,17.358075795725807,9.488091625781157,0.7602739726027398,1.0,0.0,0.0,0.0,0.0,0.0,0.0,0.0,0.0,0.0,0.0,0.0,0.0,0.0,0.0,0.0,0.0
3658,Rutile,1.0,105,11.562445770562215,1568.4190476190477,2788.3809523809523,1564,2778,1575,2799,23.593094293253774,7.338483447644987,0.7046979865771812,0.0,0.0,1.0,0.0,0.0,0.0,0.0,0.0,0.0,0.0,0.0,0.0,0.0,0.0,0.0,0.0,0.0
3660,Rutile,1.0,162,14.361922094451577,1607.1049382716049,749.7592592592592,1598,743,1619,764,22.41941266645498,18.11812477519681,0.5785714285714286,0.0,0.0,1.0,0.0,0.0,0.0,0.0,0.0,0.0,0.0,0.0,0.0,0.0,0.0,0.0,0.0,0.0
3662,Rutile,1.0,112,11.941642642883693,1662.4017857142858,709.3392857142857,1658,702,1668,720,18.86189757467805,9.286153477784357,0.7724137931034483,0.0,0.0,1.0,0.0,0.0,0.0,0.0,0.0,0.0,0.0,0.0,0.0,0.0,0.0,0.0,0.0,0.0
3663,Illite,1.0,120,12.360774464742066,1663.5416666666667,185.59166666666667,1658,178,1673,194,16.216958600899297,13.683860256320074,0.6779661016949152,0.0,0.0,0.0,0.0,0.0,0.0,0.0,0.0,0.0,0.0,0.0,0.0,1.0,0.0,0.0,0.0,0.0
3670,Rutile,1.0,154,14.002817212590296,1782.155844155844,496.53246753246754,1774,489,1792,506,18.00864452071425,13.83802912517299,0.7368421052631579,0.0,0.0,1.0,0.0,0.0,0.0,0.0,0.0,0.0,0.0,0.0,0.0,0.0,0.0,0.0,0.0,0.0
3671,Zircon,1.0,114,12.047792665040703,1861.2105263157894,1918.9649122807018,1855,1913,1868,1926,14.798800294748071,10.452230686965734,0.8702290076335878,0.0,1.0,0.0,0.0,0.0,0.0,0.0,0.0,0.0,0.0,0.0,0.0,0.0,0.0,0.0,0.0,0.0
3672,Zircon,1.0,133,13.013103375051497,1868.9172932330828,315.09774436090225,1856,311,1883,320,28.525144090317514,6.452347796339798,0.76,0.0,1.0,0.0,0.0,0.0,0.0,0.0,0.0,0.0,0.0,0.0,0.0,0.0,0.0,0.0,0.0,0.0
3674,Illite,1.0,107,11.67204486311899,1896.9065420560748,2375.644859813084,1891,2371,1907,2384,15.458792167401713,11.349534216186942,0.7482517482517482,0.0,0.0,0.0,0.0,0.0,0.0,0.0,0.0,0.0,0.0,0.0,0.0,1.0,0.0,0.0,0.0,0.0
3675,Illite,1.0,103,11.451797811161432,1911.5922330097087,2370.4757281553398,1906,2364,1919,2377,13.288169645995486,10.530463481552502,0.8110236220472441,0.0,0.0,0.0,0.0,0.0,0.0,0.0,0.0,0.0,0.0,0.0,0.0,1.0,0.0,0.0,0.0,0.0
3676,Illite,1.0,117,12.205286835384658,1946.8974358974358,2002.179487179487,1941,1992,1955,2013,20.860083498309994,10.99504908937305,0.585,0.0,0.0,0.0,0.0,0.0,0.0,0.0,0.0,0.0,0.0,0.0,0.0,1.0,0.0,0.0,0.0,0.0
3677,Zircon,1.0,102,11.396070970426017,1956.3921568627452,1843.0882352941176,1949,1837,1964,1851,17.412590453678284,8.673876986768454,0.796875,0.0,1.0,0.0,0.0,0.0,0.0,0.0,0.0,0.0,0.0,0.0,0.0,0.0,0.0,0.0,0.0,0.0
3678,Rutile,1.0,139,13.303394180365686,1961.6762589928057,2581.755395683453,1953,2575,1970,2591,19.594795334320082,10.933401118882742,0.7808988764044944,0.0,0.0,1.0,0.0,0.0,0.0,0.0,0.0,0.0,0.0,0.0,0.0,0.0,0.0,0.0,0.0,0.0
3680,Iron Oxides,1.0,105,11.562445770562215,2039.8380952380953,2085.4,2034,2076,2047,2093,16.61215618525722,10.80695099364823,0.6862745098039216,0.0,0.0,0.0,0.0,1.0,0.0,0.0,0.0,0.0,0.0,0.0,0.0,0.0,0.0,0.0,0.0,0.0
3682,Rutile,1.0,109,11.780624362746345,2149.321100917431,2989.0733944954127,2141,2981,2160,2996,22.21244601659346,9.399872322213655,0.6411764705882353,0.0,0.0,1.0,0.0,0.0,0.0,0.0,0.0,0.0,0.0,0.0,0.0,0.0,0.0,0.0,0.0,0.0
3683,Rutile,1.0,134,13.061933202803933,2160.9328358208954,1660.589552238806,2154,1649,2168,1673,24.91630523937246,8.446031736073776,0.6666666666666666,0.0,0.0,1.0,0.0,0.0,0.0,0.0,0.0,0.0,0.0,0.0,0.0,0.0,0.0,0.0,0.0,0.0
3685,Zircon,0.9827586206896551,116,12.153015559492998,2169.9655172413795,1064.853448275862,2162,1060,2178,1072,16.900379795070574,10.939363404710768,0.7435897435897436,0.0,0.9827586206896551,0.0,0.017241379310344827,0.0,0.0,0.0,0.0,0.0,0.0,0.0,0.0,0.0,0.0,0.0,0.0,0.0
3686,Rutile,0.9537037037037037,108,11.726460285670077,2197.6481481481483,1413.1574074074074,2190,1405,2206,1421,16.903117682155646,10.15709814866055,0.6878980891719745,0.0,0.0,0.9537037037037037,0.0,0.0,0.0,0.046296296296296294,0.0,0.0,0.0,0.0,0.0,0.0,0.0,0.0,0.0,0.0
3687,Rutile,1.0,114,12.047792665040703,2204.4210526315787,1081.517543859649,2201,1073,2210,1091,17.984403549884757,9.266071991029982,0.8702290076335878,0.0,0.0,1.0,0.0,0.0,0.0,0.0,0.0,0.0,0.0,0.0,0.0,0.0,0.0,0.0,0.0,0.0
3688,Quartz,1.0,106,11.617374563210365,2222.933962264151,1198.0471698113208,2218,1191,2231,1205,15.25363599442142,10.638772369128732,0.75177304964539,0.0,0.0,0.0,0.0,0.0,0.0,1.0,0.0,0.0,0.0,0.0,0.0,0.0,0.0,0.0,0.0,0.0
3689,Rutile,0.6923076923076923,169,14.668929172241665,2268.094674556213,1213.3491124260354,2255,1206,2282,1220,29.186533329020104,9.113005593794563,0.7071129707112971,0.0,0.0,0.6923076923076923,0.0,0.0,0.0,0.3076923076923077,0.0,0.0,0.0,0.0,0.0,0.0,0.0,0.0,0.0,0.0
3690,Rutile,1.0,106,11.617374563210365,2286.4150943396226,1202.9716981132076,2282,1194,2292,1215,19.610961775643,8.933662218468953,0.7310344827586207,0.0,0.0,1.0,0.0,0.0,0.0,0.0,0.0,0.0,0.0,0.0,0.0,0.0,0.0,0.0,0.0,0.0
3691,Rutile,1.0,106,11.617374563210365,2309.4716981132074,3005.330188679245,2302,2996,2318,3015,21.27737275775888,10.165014525859426,0.5955056179775281,0.0,0.0,1.0,0.0,0.0,0.0,0.0,0.0,0.0,0.0,0.0,0.0,0.0,0.0,0.0,0.0,0.0
3692,Rutile,0.8308270676691729,266,18.403307281560924,2326.03007518797,3021.3984962406016,2314,3011,2338,3036,24.74663841649423,22.720840580331192,0.6244131455399061,0.0,0.0,0.8308270676691729,0.0,0.0,0.0,0.16917293233082706,0.0,0.0,0.0,0.0,0.0,0.0,0.0,0.0,0.0,0.0
3695,Ilmenite,1.0,101,11.340070282773887,2388.2772277227723,2216.990099009901,2381,2212,2398,2223,16.818981760634752,10.268162209121257,0.7426470588235294,0.0,0.0,0.0,1.0,0.0,0.0,0.0,0.0,0.0,0.0,0.0,0.0,0.0,0.0,0.0,0.0,0.0
3696,Zircon,1.0,107,11.67204486311899,2389.07476635514,869.0747663551402,2382,863,2397,875,15.838998385711461,9.369544886557003,0.816793893129771,0.0,1.0,0.0,0.0,0.0,0.0,0.0,0.0,0.0,0.0,0.0,0.0,0.0,0.0,0.0,0.0,0.0
3697,Ilmenite,0.8700787401574803,254,17.983404693292407,2397.547244094488,2126.4291338582675,2386,2115,2412,2140,29.781180440585374,15.800574062957123,0.6479591836734694,0.0,0.0,0.12992125984251968,0.8700787401574803,0.0,0.0,0.0,0.0,0.0,0.0,0.0,0.0,0.0,0.0,0.0,0.0,0.0
3698,Quartz,1.0,103,11.451797811161432,2412.145631067961,579.3689320388349,2408,571,2416,590,18.412390914978467,7.377527887226944,0.8879310344827587,0.0,0.0,0.0,0.0,0.0,0.0,1.0,0.0,0.0,0.0,0.0,0.0,0.0,0.0,0.0,0.0,0.0
3699,Monazite & Xenotime,1.0,4140,72.60311091959885,2488.49154589372,1649.4553140096618,2487,0,2508,3290,3829.0080308845963,14.580698306177975,0.059921841076856275,1.0,0.0,0.0,0.0,0.0,0.0,0.0,0.0,0.0,0.0,0.0,0.0,0.0,0.0,0.0,0.0,0.0
3730,Zircon,1.0,361,21.43920417481474,49.97783933518006,1614.01108033241,41,1599,64,1626,29.57129000847434,17.611061408908864,0.8891625615763546,0.0,1.0,0.0,0.0,0.0,0.0,0.0,0.0,0.0,0.0,0.0,0.0,0.0,0.0,0.0,0.0,0.0
3731,Zircon,1.0,318,20.12188299403865,97.08490566037736,1647.3836477987422,87,1634,108,1659,25.73239508373797,16.59817206030951,0.895774647887324,0.0,1.0,0.0,0.0,0.0,0.0,0.0,0.0,0.0,0.0,0.0,0.0,0.0,0.0,0.0,0.0,0.0
3732,Zircon,1.0,401,22.595775212167435,127.80548628428927,1638.077306733167,116,1625,139,1653,26.206431430412177,20.115458898653284,0.9218390804597701,0.0,1.0,0.0,0.0,0.0,0.0,0.0,0.0,0.0,0.0,0.0,0.0,0.0,0.0,0.0,0.0,0.0
3733,Zircon,1.0,970,35.1431694414876,683.8350515463917,1786.019587628866,672,1761,696,1814,53.18414767089918,23.708600830591145,0.9255725190839694,0.0,1.0,0.0,0.0,0.0,0.0,0.0,0.0,0.0,0.0,0.0,0.0,0.0,0.0,0.0,0.0,0.0
3734,Zircon,1.0,1004,35.75377606511099,944.8366533864541,2472.6733067729083,925,2454,966,2494,39.01745022740204,34.19975921511735,0.9227941176470589,0.0,1.0,0.0,0.0,0.0,0.0,0.0,0.0,0.0,0.0,0.0,0.0,0.0,0.0,0.0,0.0,0.0
3735,Zircon,1.0,1039,36.371635747926355,1596.0962463907604,1692.7102983638113,1578,1670,1617,1717,48.67389431402733,27.873391112829182,0.9243772241992882,0.0,1.0,0.0,0.0,0.0,0.0,0.0,0.0,0.0,0.0,0.0,0.0,0.0,0.0,0.0,0.0,0.0
3736,Zircon,1.0,736,30.612159429303247,1826.2241847826087,1796.4823369565217,1809,1780,1845,1813,43.24335230764341,22.515865916382534,0.913151364764268,0.0,1.0,0.0,0.0,0.0,0.0,0.0,0.0,0.0,0.0,0.0,0.0,0.0,0.0,0.0,0.0,0.0
3737,Zircon,1.0,244,17.625846048215095,1971.872950819672,1943.0737704918033,1963,1934,1981,1953,21.941786388953403,14.705286793254286,0.9037037037037037,0.0,1.0,0.0,0.0,0.0,0.0,0.0,0.0,0.0,0.0,0.0,0.0,0.0,0.0,0.0,0.0,0.0
3738,Zircon,1.0,117,12.205286835384658,2144.6239316239316,83.84615384615384,2139,78,2153,90,14.256549092470436,10.997585089967515,0.9,0.0,1.0,0.0,0.0,0.0,0.0,0.0,0.0,0.0,0.0,0.0,0.0,0.0,0.0,0.0,0.0,0.0
3739,Rutile,1.0,534,26.075082298788182,2208.874531835206,2900.9513108614233,2197,2887,2221,2921,31.809378058809376,22.685132449777992,0.9175257731958762,0.0,0.0,1.0,0.0,0.0,0.0,0.0,0.0,0.0,0.0,0.0,0.0,0.0,0.0,0.0,0.0,0.0
3740,Rutile,1.0,377,21.909160375631842,2174.5066312997346,1306.9867374005305,2163,1297,2189,1318,24.902378870946492,19.651488645505303,0.90625,0.0,0.0,1.0,0.0,0.0,0.0,0.0,0.0,0.0,0.0,0.0,0.0,0.0,0.0,0.0,0.0,0.0
3741,Zircon,1.0,591,27.431452220735256,2259.1962774957697,1375.160744500846,2243,1361,2274,1390,30.773461316516425,24.943078270404314,0.9380952380952381,0.0,1.0,0.0,0.0,0.0,0.0,0.0,0.0,0.0,0.0,0.0,0.0,0.0,0.0,0.0,0.0,0.0
3742,Quartz,1.0,171,14.755472278097805,2435.3859649122805,1361.5438596491229,2429,1355,2444,1371,17.720101909729944,12.785411527484337,0.9144385026737968,0.0,0.0,0.0,0.0,0.0,0.0,1.0,0.0,0.0,0.0,0.0,0.0,0.0,0.0,0.0,0.0,0.0
3743,Zircon,1.0,1698,46.49688964823676,616.9858657243816,1814.5565371024734,589,1790,646,1841,69.48005826529236,31.732773762921777,0.9412416851441242,0.0,1.0,0.0,0.0,0.0,0.0,0.0,0.0,0.0,0.0,0.0,0.0,0.0,0.0,0.0,0.0,0.0
