object_id,kind,area_px,equiv_diam,major,minor,orientation,eccentricity,solidity,perimeter,circularity,ppl_r_mean,ppl_r_std,ppl_r_p10,ppl_r_p90,ppl_g_mean,ppl_g_std,ppl_g_p10,ppl_g_p90,ppl_b_mean,ppl_b_std,ppl_b_p10,ppl_b_p90,xpl_r_mean,xpl_r_std,xpl_r_p10,xpl_r_p90,xpl_g_mean,xpl_g_std,xpl_g_p10,xpl_g_p90,xpl_b_mean,xpl_b_std,xpl_b_p10,xpl_b_p90
1,grain,7248.0,96.06477096334774,143.29042329337213,77.82406852580645,0.4714488968859142,0.8396543025986726,0.8079366848734812,502.2436867076458,0.3610763769600337,134.99722290039062,58.359188079833984,43.12793731689453,199.25106811523438,136.7894744873047,49.270877838134766,63.829345703125,193.21315002441406,127.62370300292969,44.417179107666016,66.41702270507812,181.99989318847656,48.9808235168457,47.674720764160156,12.0,125.0,56.565399169921875,51.39801788330078,14.0,140.0,56.08112716674805,47.09027862548828,16.0,130.0
2,grain,1626.0,45.500412083182,53.00265547635497,40.184581143625145,0.3873615181823568,0.6520666381940466,0.9695885509838998,161.35533905932738,0.7848085481335871,120.29988861083984,42.053001403808594,72.02365112304688,169.924072265625,126.64388275146484,37.08386993408203,85.393310546875,165.61126708984375,125.93623352050781,36.63451385498047,84.9620361328125,163.8861541748047,69.87454223632812,41.89442443847656,24.0,131.0,82.00984191894531,41.60544967651367,32.0,139.0,82.89299011230469,38.3488655090332,36.0,135.5
3,grain,532.0,26.026206750102993,41.38206949611197,16.953686453836184,1.5510906405598022,0.9122262598604549,0.9333333333333333,101.55634918610406,0.6481974765138241,173.25918579101562,60.91653060913086,12.679903984069824,211.32688903808594,168.37245178222656,59.40327072143555,12.85241985321045,208.7392120361328,163.25057983398438,58.99794006347656,10.437199592590332,204.42642211914062,215.2518768310547,75.50000762939453,13.500308990478516,255.0,215.94737243652344,75.46802520751953,14.000320434570312,255.0,211.2481231689453,75.3443603515625,10.800247192382812,255.0
4,grain,1155.0,38.34829427978659,71.41661330464251,24.853523610974996,1.0672796877163724,0.9374917151881926,0.7905544147843943,179.88225099390857,0.4485545032515576,170.46847534179688,49.582008361816406,118.51557159423828,206.1515350341797,178.07244873046875,46.20771789550781,150.08522033691406,205.28897094726562,178.2636260986328,46.63309860229492,147.49754333496094,207.01409912109375,61.16709899902344,79.35055541992188,12.0,240.0,62.642425537109375,77.99333953857422,14.0,235.0,60.904762268066406,68.28096771240234,18.0,207.0
5,grain,223.0,16.85029431422316,36.35819192847283,8.909290142766544,1.5477313635317658,0.9695124219588308,0.902834008097166,82.14213562373095,0.415319906134192,127.17133331298828,92.48783874511719,0.0,207.70413208007812,118.08545684814453,86.39530944824219,0.0,197.52593994140625,108.50446319580078,81.84721374511719,0.0,191.488037109375,153.7892303466797,112.53242492675781,0.0,255.0,153.44393920898438,112.06851196289062,0.0,255.0,140.4125518798828,104.8887939453125,0.0,243.79998779296875
6,grain,129.0,12.815923738491737,17.12427745018681,10.468097611579205,-0.7724869289320067,0.7913977483819831,0.9020979020979021,48.14213562373095,0.6994374310730253,124.83699035644531,55.14707946777344,0.0,175.96197509765625,114.89415740966797,49.88344192504883,0.0,165.61126708984375,105.90750885009766,47.584388732910156,0.0,153.5354461669922,42.19379806518555,22.36556053161621,0.0,71.0,45.70542526245117,24.501035690307617,0.0,76.19999694824219,50.46511459350586,22.712919235229492,0.0,74.0
7,grain,1310.0,40.84046772017998,72.03508173535906,23.980913122362647,1.5487876883929466,0.9429600070043178,0.9479015918958031,168.97056274847714,0.5765793161609853,187.71121215820312,62.3355827331543,133.6966094970703,218.22735595703125,183.7151336669922,60.72529602050781,133.52410888671875,213.91456604003906,181.12088012695312,59.71448516845703,136.19802856445312,210.46432495117188,225.43588256835938,73.34489440917969,190.80001831054688,255.0,225.5854949951172,73.3063735961914,195.80001831054688,255.0,211.9908447265625,69.8675765991211,172.7000274658203,251.0999755859375
8,grain,516.0,25.631847476983474,47.55615976321873,14.70422199193036,-1.3997107906034256,0.9509980096665271,0.9520295202952029,111.83452377915606,0.5184510759987926,160.32559204101562,72.71051788330078,0.0,208.7392120361328,154.19239807128906,70.56755828857422,0.0,206.1515350341797,150.8140411376953,69.27486419677734,0.0,201.8387451171875,45.28488540649414,34.097816467285156,0.0,98.5,49.91279220581055,38.27919387817383,0.0,110.0,54.222869873046875,40.41181564331055,0.0,116.5
9,grain,269.0,18.5067943613625,29.102733622338604,13.845066333538686,0.0031124935481505055,0.8795909387281172,0.7911764705882353,87.49137802864844,0.4416026086291142,7.663625240325928,2.6988155841827393,0.0,9.48814582824707,7.910530090332031,2.7358181476593018,0.0,9.48814582824707,8.494118690490723,2.938875675201416,0.0,10.350704193115234,7.53903341293335,2.641420602798462,0.0,9.0,7.572490692138672,2.651951789855957,0.0,9.0,7.565055847167969,2.6479365825653076,0.0,9.0
10,grain,686.0,29.554057719513263,35.32766489253328,26.341112617387292,1.3636095661311673,0.6663682402106978,0.884020618556701,135.80508652763322,0.46741420482180757,155.26560974121094,42.380157470703125,102.21321105957031,202.7012939453125,154.3565216064453,38.65018081665039,111.27008056640625,197.52593994140625,148.47703552246094,38.963680267333984,105.23216247558594,194.07571411132812,100.68075561523438,49.66633605957031,36.0,169.0,119.5947494506836,50.4582405090332,52.5,187.5,123.98542022705078,48.548885345458984,62.0,190.0
11,grain,1551.0,44.43866035204299,86.75010584229084,24.870343684129296,1.5325429464133933,0.9580235570050217,0.9785488958990536,205.25483399593904,0.46263115240683717,183.40187072753906,68.50093078613281,0.0,216.5022430419922,181.06729125976562,67.6980209350586,0.0,213.91456604003906,179.69918823242188,66.72379302978516,0.0,210.46432495117188,28.26112174987793,11.167536735534668,0.0,36.0,33.63249588012695,13.642778396606445,0.0,45.0,38.24242401123047,15.028983116149902,0.0,49.0
12,grain,15351.0,139.80522254633223,207.15386289391753,139.1134321765008,-1.196995272807498,0.7409624985061717,0.6935797225861835,1122.3401871576775,0.15314312611912842,150.88287353515625,56.799842834472656,60.379112243652344,209.60177612304688,160.23988342285156,47.35546112060547,89.70610809326172,207.01409912109375,159.96572875976562,45.55073547363281,92.29378509521484,204.42642211914062,142.88169860839844,81.34959411621094,25.0,249.0,153.2169189453125,76.24552154541016,42.0,250.0,145.19699096679688,73.35800170898438,47.0,242.0
13,grain,220.0,16.73656774376801,31.632358712630293,10.036651739661535,1.2566646001542758,0.9483283406940672,0.8764940239043825,75.79898987322333,0.4811779401350329,154.94691467285156,85.0591049194336,0.0,214.77711486816406,148.03074645996094,82.07310485839844,0.0,211.32688903808594,144.6118927001953,80.26090240478516,0.0,207.87664794921875,87.56363677978516,64.72789764404297,0.0,180.0,82.24545288085938,69.73047637939453,0.0,190.09999084472656,82.43636322021484,69.97090148925781,0.0,188.19998168945312
14,grain,27.0,5.863230142835039,12.054003346538662,3.2854652311786148,-1.5261902710031285,0.9621381745979688,0.84375,18.0,1.0471975511965976,48.015769958496094,81.41629028320312,0.0,192.3505859375,43.8946533203125,74.72682189941406,0.0,179.92974853515625,45.68366241455078,77.52816009521484,0.0,184.76007080078125,49.55555725097656,83.79266357421875,0.0,193.39999389648438,45.22222137451172,76.65184783935547,0.0,179.39999389648438,40.0,68.12570190429688,0.0,162.8000030517578
15,grain,550.0,26.462837142006137,47.685600093805924,15.657938600412152,1.5257135628035745,0.9445534167428681,0.9649122807017544,110.62741699796953,0.5647379966557842,140.26303100585938,66.51142120361328,0.0,194.07571411132812,134.391357421875,65.03253936767578,0.0,191.57427978515625,124.58013916015625,62.23202896118164,0.0,184.5875701904297,141.3345489501953,83.06379699707031,0.0,233.0,150.70181274414062,87.08053588867188,0.0,241.0,148.21636962890625,87.01090240478516,0.0,242.0
16,grain,1763.0,47.37849002836722,69.45993214213753,33.51324508221497,0.3512263226258029,0.8759052657942471,0.9293621507643648,185.0538238691624,0.6469430462264862,192.2003936767578,31.4047908782959,143.18475341796875,215.63967895507812,186.92718505859375,32.94062805175781,136.456787109375,213.052001953125,178.3466339111328,34.94279861450195,126.1060791015625,209.60177612304688,97.92229461669922,70.71817016601562,30.0,220.0,99.63868713378906,66.09346008300781,35.0,211.0,100.14067077636719,52.52775192260742,38.0,180.0
17,grain,906.0,33.96402549065787,41.61625788367716,29.58367859150899,-0.7678576982410639,0.7033251429661753,0.9263803680981595,129.84062043356596,0.6753313293318693,191.46612548828125,29.420042037963867,148.360107421875,217.3647918701172,190.04092407226562,21.934968948364258,157.84825134277344,213.052001953125,187.92449951171875,23.340850830078125,154.39801025390625,210.46432495117188,240.89404296875,33.38996124267578,209.0,255.0,246.5165557861328,20.071733474731445,232.0,255.0,241.0419464111328,22.900697708129883,212.5,255.0
18,grain,41.0,7.225151993843567,12.319574114421126,4.961686965309674,0.12913430308988166,0.9153107908541169,0.8541666666666666,29.071067811865476,0.6096376108115795,140.99679565429688,27.946264266967773,102.64448547363281,170.78662109375,141.5648193359375,26.414785385131836,106.0947265625,169.924072265625,144.2997589111328,22.23168182373047,113.85774993896484,166.4738311767578,37.39024353027344,8.138669967651367,27.0,49.0,41.36585235595703,9.177800178527832,30.0,54.0,46.92683029174805,9.258852005004883,36.0,59.0
19,grain,185.0,15.347615963921077,22.78555257856807,10.56938032287342,-0.37724514113267493,0.8859068186761679,0.8980582524271845,58.76345596729059,0.6732353840745521,169.75155639648438,23.19015121459961,139.21697998046875,193.73068237304688,168.74913024902344,26.518651962280273,130.59140014648438,194.07571411132812,166.63235473632812,26.3102970123291,133.6966094970703,194.07571411132812,51.64864730834961,20.366661071777344,28.0,75.59999084472656,68.07567596435547,25.9013671875,34.0,101.59999084472656,73.03243255615234,25.866371154785156,37.400001525878906,104.0
20,grain,1041.0,36.40662530459675,50.073695142965654,26.89382063012909,1.275181190055265,0.8435282542390455,0.9395306859205776,140.76955262170048,0.6601507678415248,171.20506286621094,30.697246551513672,126.79613494873047,205.28897094726562,167.88906860351562,30.981924057006836,125.9335708618164,201.8387451171875,162.79241943359375,30.482837677001953,119.89566040039062,200.11361694335938,95.10470581054688,36.78521728515625,52.0,142.0,104.34005737304688,40.47477340698242,51.0,156.0,111.7732925415039,38.761722564697266,60.0,163.0
21,grain,1667.0,46.07049295453128,52.311822401850925,41.70075547888565,0.7292743887808061,0.603771567499541,0.9520274129069103,170.12489168102786,0.7237852701208719,196.08128356933594,23.638668060302734,158.71080017089844,216.5022430419922,190.75379943847656,24.971113204956055,155.2605743408203,213.052001953125,183.3007049560547,29.853376388549805,139.73451232910156,209.60177612304688,233.678466796875,31.95981788635254,188.0,255.0,219.20155334472656,26.61212730407715,185.60000610351562,251.0,171.11936950683594,42.696434020996094,118.60000610351562,236.0
22,grain,12.0,3.9088200952233594,4.894994431930091,2.9693109114997,0.16435549941648442,0.7950060587397373,1.0,10.242640687119284,1.4373655585403928,203.42010498046875,4.826136589050293,197.7847137451172,210.37806701660156,197.6697235107422,8.361579895019531,187.1752471923828,207.6178741455078,185.3782501220703,9.704318046569824,173.89183044433594,199.68234252929688,35.91666793823242,1.9346977472305298,33.099998474121094,37.900001525878906,33.08333206176758,3.3029868602752686,27.399999618530273,36.79999923706055,40.91666793823242,2.3964672088623047,38.099998474121094,43.900001525878906
23,grain,154.0,14.002817212590296,15.43050272547961,12.985055977571673,-0.6476572861378717,0.5402280488586924,0.9333333333333333,47.31370849898476,0.8644832942837176,199.54232788085938,10.475149154663086,187.4340057373047,210.20555114746094,193.6388397216797,12.152491569519043,177.08331298828125,207.87664794921875,188.11061096191406,13.946134567260742,169.32028198242188,205.28897094726562,253.16883850097656,4.1588664054870605,250.0,255.0,253.13636779785156,5.058191776275635,250.0,255.0,248.07142639160156,6.516818523406982,238.3000030517578,254.0
24,grain,7.0,2.985410660720923,3.0237157840738176,2.799416848895061,0.0,0.377964473009227,1.0,6.82842712474619,1.8865422955842652,128.7677001953125,29.967693328857422,90.91368865966797,164.92123413085938,122.8530044555664,28.394739151000977,86.94591522216797,157.6757354736328,96.48336029052734,25.62261199951172,65.20944213867188,128.0037078857422,83.71428680419922,12.498163223266602,67.80000305175781,97.79999542236328,87.42857360839844,13.102422714233398,72.19999694824219,102.79999542236328,69.42857360839844,8.103917121887207,59.599998474121094,78.39999389648438
25,grain,2449.0,55.840519741997504,114.69762759681065,32.88269480772683,0.3298654119115167,0.9580233213080259,0.7745098039215687,308.16652224137044,0.32406172143469325,153.25755310058594,42.42545700073242,93.15634155273438,204.59889221191406,155.85264587402344,34.41945266723633,107.81983947753906,200.11361694335938,153.19944763183594,31.640106201171875,109.54496002197266,194.07571411132812,116.20171356201172,74.2641372680664,27.0,235.0,127.26622772216797,74.73983001708984,33.0,233.0,122.33401489257812,66.33016204833984,40.0,216.0
26,grain,5.0,2.5231325220201604,2.5298221281347035,2.5298221281347035,-0.7853981633974483,0.0,1.0,5.656854249492381,1.9634954084936203,7.763028621673584,0.0,7.763028621673584,7.763028621673584,8.453076362609863,0.345023512840271,8.108052253723145,8.625587463378906,9.315633773803711,0.34502336382865906,8.970610618591309,9.48814582824707,7.800000190734863,0.4000000059604645,7.400000095367432,8.0,7.800000190734863,0.4000000059604645,7.400000095367432,8.0,7.800000190734863,0.4000000059604645,7.400000095367432,8.0
27,grain,2945.0,61.23471612774125,71.29497424196676,54.138140887288294,1.0460119442697506,0.6506774471251012,0.9272670025188917,232.8528137423857,0.6825464036695749,192.4103546142578,22.944765090942383,163.8861541748047,212.189453125,187.7024383544922,22.923473358154297,156.98568725585938,208.7392120361328,181.10012817382812,25.06265640258789,147.49754333496094,207.87664794921875,232.01901245117188,45.19205856323242,185.39999389648438,255.0,230.2261505126953,41.17489242553711,186.0,255.0,219.20509338378906,42.14421081542969,169.0,255.0
28,grain,4022.0,71.56094918965807,138.2866581188038,41.07742272676519,-0.8771519592618563,0.9548633410317401,0.8599529612999787,344.14927829866735,0.4267349406995942,171.46560668945312,31.09883689880371,126.79613494873047,205.28897094726562,169.35382080078125,28.788671493530273,129.38380432128906,201.75241088867188,162.69140625,30.30577850341797,121.62078094482422,199.25106811523438,142.18075561523438,61.24506378173828,61.0,226.0,157.82421875,59.87607955932617,70.0,231.0,160.12631225585938,54.79470443725586,83.0,226.0
29,grain,869.0,33.26327050028088,36.76319954242826,30.32953701533115,1.0330977812861024,0.5651368021911004,0.9612831858407079,114.56244584051393,0.8320416881523712,194.80526733398438,24.801713943481445,159.40084838867188,217.3647918701172,189.73414611816406,24.761131286621094,157.84825134277344,213.91456604003906,180.3204345703125,29.353574752807617,143.18475341796875,208.7392120361328,250.9505157470703,10.865898132324219,243.0,255.0,250.10586547851562,13.62502384185791,242.0,255.0,206.82278442382812,31.24097442626953,175.8000030517578,241.0
30,grain,301.0,19.576646877473273,20.25987882729052,19.675186550610977,-1.4846571833630782,0.2385085954596273,0.9435736677115988,67.79898987322333,0.8228675056931388,159.28965759277344,27.20420265197754,124.20845794677734,193.21315002441406,163.68556213378906,25.682876586914062,128.52125549316406,195.8008270263672,159.633544921875,28.8572940826416,119.0331039428711,193.21315002441406,211.5016632080078,25.404321670532227,175.0,240.0,214.39202880859375,27.89418601989746,172.0,246.0,195.8006591796875,35.40426254272461,148.0,239.0
31,grain,3306.0,64.87934906343041,82.98500443243658,59.14215140444038,-0.715856894460231,0.701484407403741,0.8964208242950108,268.3025612106916,0.5771159487843602,176.0363311767578,30.722259521484375,126.79613494873047,208.7392120361328,191.00823974609375,16.716751098632812,168.19894409179688,207.87664794921875,192.7062225341797,18.337961196899414,169.924072265625,207.87664794921875,85.66364288330078,47.70183181762695,36.0,150.5,88.52147674560547,38.10433578491211,57.0,129.5,80.49243927001953,34.00393295288086,52.0,122.0
32,grain,5.0,2.5231325220201604,2.5298221281347035,2.5298221281347035,-0.7853981633974483,0.0,1.0,5.656854249492381,1.9634954084936203,13.973451614379883,2.6389222145080566,11.213263511657715,17.078662872314453,17.94122314453125,5.100049018859863,12.420845985412598,23.9791316986084,21.046432495117188,5.416978359222412,15.526057243347168,27.601877212524414,12.600000381469727,2.4979991912841797,10.0,15.600000381469727,15.199999809265137,3.1874754428863525,12.0,19.0,14.600000381469727,2.799999952316284,12.0,18.0
33,grain,3.0,1.9544100476116797,3.265986323710904,0.0,1.5707963267948966,1.0,1.0,1.0,37.69911184307752,22.139007568359375,4.946673393249512,17.423686981201172,27.08434295654297,43.127933502197266,16.244218826293945,27.601879119873047,59.34403991699219,50.02840805053711,15.494077682495117,34.847373962402344,65.20944213867188,16.33333396911621,3.2998316287994385,13.0,19.399999618530273,22.66666603088379,6.12825870513916,16.600000381469727,28.600000381469727,23.66666603088379,6.12825870513916,17.600000381469727,29.600000381469727
34,grain,2.0,1.5957691216057308,2.0,0.0,1.5707963267948966,1.0,1.0,0.0,0.0,11.213262557983398,0.8625588417053223,10.523216247558594,11.90330982208252,12.075822830200195,0.8625588417053223,11.385775566101074,12.765869140625,16.388614654541016,1.7251176834106445,15.00852108001709,17.768709182739258,8.5,0.5,8.100000381469727,8.899999618530273,9.5,0.5,9.100000381469727,9.899999618530273,10.0,0.0,10.0,10.0
35,grain,5.0,2.5231325220201604,5.656854249492381,0.0,1.5707963267948966,1.0,1.0,3.0,6.981317007977318,8.970610618591309,0.879640519618988,8.108052253723145,10.005681037902832,9.48814582824707,0.7714956402778625,8.625587463378906,10.350704193115234,11.213262557983398,1.4433369636535645,9.833168983459473,12.765869140625,8.199999809265137,0.3999999761581421,8.0,8.600000381469727,8.199999809265137,0.3999999761581421,8.0,8.600000381469727,8.399999618530273,0.4898979663848877,8.0,9.0
36,grain,3760.0,69.190900328036,77.27608943208999,66.09449699724995,1.01930869363526,0.5181275956308997,0.9521397822233477,262.8944443027283,0.6836516908557779,204.72166442871094,19.036344528198242,182.86244201660156,215.63967895507812,203.6363525390625,12.4723539352417,188.0377960205078,212.189453125,200.81080627441406,11.614177703857422,187.1752471923828,209.60177612304688,65.86223602294922,52.846622467041016,24.0,153.0,62.26462936401367,50.874691009521484,27.0,144.0,56.68803024291992,45.742897033691406,27.0,126.099853515625
37,grain,623.0,28.16430784468183,32.99963456008571,24.628193317725533,0.5198416606361619,0.6655904949826408,0.9584615384615385,100.18376618407356,0.7800154459212958,199.0807647705078,19.403478622436523,175.09942626953125,213.052001953125,194.47860717773438,21.575653076171875,166.4738311767578,210.46432495117188,190.73208618164062,20.777862548828125,164.74871826171875,207.87664794921875,17.536115646362305,5.799338340759277,15.0,20.0,15.921348571777344,6.917671203613281,13.0,20.0,17.9887638092041,7.866147994995117,14.0,26.79998779296875
38,grain,3446.0,66.23883657762545,73.66346930336368,60.29587510065266,-0.2411974796003699,0.5744615484855989,0.9701576576576577,235.78174593052023,0.7789413853128997,190.45201110839844,26.49091911315918,151.81033325195312,211.7581787109375,176.83230590820312,31.206270217895508,129.38380432128906,207.01409912109375,166.822509765625,31.737789154052734,119.89566040039062,199.25106811523438,139.0710906982422,41.040470123291016,81.0,183.0,143.24984741210938,42.74468231201172,82.0,190.0,142.13609313964844,39.70557403564453,85.0,187.0
39,grain,2005.0,50.525689378711114,80.23691731923724,34.114538672363956,1.3894217622594223,0.9051122919614065,0.8867757629367536,211.29646455628165,0.5643386307546903,200.59373474121094,21.667688369750977,169.924072265625,216.5022430419922,192.12774658203125,22.66257667541504,159.91839599609375,211.32688903808594,180.80950927734375,26.9894962310791,140.59707641601562,205.28897094726562,251.80398559570312,10.853363037109375,248.0,255.0,251.72569274902344,10.357623100280762,246.0,255.0,245.3640899658203,17.652706146240234,228.0,255.0
40,grain,31.0,6.282549314314218,11.952037343906488,3.2128773156099952,1.5707963267948966,0.9631920513266956,1.0,22.82842712474619,0.7475144261758369,9.321198463439941,0.8025804758071899,8.625587463378906,10.350704193115234,11.296736717224121,1.2268038988113403,10.350704193115234,12.93838119506836,17.000751495361328,2.26833438873291,13.800939559936523,19.838850021362305,8.709677696228027,0.4539112448692322,8.0,9.0,9.129032135009766,0.6595176458358765,8.0,10.0,11.0,1.2181423902511597,10.0,13.0
41,grain,218.0,16.66031874701878,26.75684034151231,11.573173340267779,0.4257906284629801,0.9016188755872151,0.7785714285714286,78.07716446627535,0.44938471059244245,143.20057678222656,27.82170867919922,111.01130676269531,178.54965209960938,155.1853790283203,22.958133697509766,125.9335708618164,183.12120056152344,154.92030334472656,22.261877059936523,125.6748046875,181.99989318847656,76.27523040771484,36.59469985961914,26.700000762939453,118.39990234375,92.34862518310547,31.30579376220703,38.0,126.0,98.76605224609375,26.56332778930664,56.0,129.0
42,grain,4338.0,74.31899585611431,97.02957964582119,58.23693684758798,0.9621125714946928,0.799851638007778,0.9637858253721395,278.89444430272835,0.7008412985986945,202.6078338623047,20.50477409362793,184.3288116455078,214.77711486816406,197.81565856933594,23.266590118408203,175.09942626953125,212.189453125,191.0438232421875,26.387420654296875,160.43592834472656,208.7392120361328,68.31488800048828,18.88885498046875,39.0,89.0,75.41378784179688,20.776613235473633,44.0,99.0,76.4734878540039,21.76092529296875,45.0,103.0
43,grain,3.0,1.9544100476116797,3.265986323710904,0.0,0.0,1.0,1.0,1.0,37.69911184307752,144.9098663330078,10.230205535888672,134.73167419433594,154.7430419921875,120.470703125,9.509902954101562,111.09756469726562,129.7288360595703,110.40752410888672,13.436734199523926,97.64164733886719,123.86343383789062,192.6666717529297,17.74510955810547,176.1999969482422,210.60000610351562,160.6666717529297,22.005048751831055,140.60000610351562,183.0,126.0,26.73324966430664,102.0,153.1999969482422
44,grain,11.0,3.742410318509555,4.51260859854213,2.9541957835039856,1.5707963267948966,0.7559289460184544,1.0,9.65685424949238,1.4822832322447796,104.13436889648438,15.258410453796387,88.84355163574219,126.79613494873047,77.3166275024414,17.307043075561523,60.379112243652344,103.50704956054688,82.25672912597656,14.923070907592773,67.27957916259766,106.0947265625,169.36363220214844,17.965991973876953,147.0,191.0,124.90908813476562,22.42747688293457,98.0,153.0,113.36363983154297,16.57090950012207,92.0,134.0
45,grain,2931.0,61.088993326283926,70.0031328049714,56.831039025671345,0.01655942581535785,0.5838860100076935,0.9361226445225168,226.40916292848976,0.7185180529166365,174.51084899902344,37.06270217895508,118.17054748535156,211.32688903808594,170.382568359375,30.914892196655273,125.07101440429688,204.42642211914062,145.10263061523438,30.668190002441406,101.78192901611328,182.86244201660156,144.675537109375,59.402740478515625,44.0,203.0,153.25997924804688,51.66106033325195,69.0,208.0,131.6898651123047,43.27851867675781,65.0,181.0
46,grain,1528.0,44.10793607000138,60.724294951096184,33.645688857915104,0.12340010188813175,0.832468121344582,0.8786658999424957,184.01828996322965,0.5670367896640486,148.73887634277344,39.03546905517578,93.15634155273438,196.66339111328125,170.10414123535156,26.023963928222656,134.30038452148438,196.66339111328125,173.35284423828125,24.299665451049805,140.59707641601562,200.97618103027344,204.9901885986328,43.27324676513672,141.0,252.0,234.72055053710938,25.08790397644043,199.0,255.0,234.9430694580078,22.069856643676758,204.0,255.0
47,grain,752.0,30.943111311580196,39.69777431920983,24.790840085147178,1.053759673397954,0.7810332665857139,0.9494949494949495,112.76955262170048,0.7430944019625012,160.30860900878906,37.156898498535156,102.64448547363281,201.8387451171875,183.50132751464844,18.631357192993164,159.5733642578125,202.7012939453125,189.94989013671875,16.763202667236328,164.74871826171875,204.42642211914062,93.6728744506836,43.023704528808594,33.0,153.0,158.8789825439453,41.563045501708984,96.0,206.0,188.06382751464844,36.728355407714844,129.0,225.0
48,grain,3.0,1.9544100476116797,3.265986323710904,0.0,1.5707963267948966,1.0,1.0,1.0,37.69911184307752,63.829345703125,1.2198408842086792,62.62176513671875,64.69190216064453,35.652427673339844,0.4066148102283478,35.364906311035156,36.054954528808594,46.865692138671875,1.7723898887634277,45.19807815551758,48.648311614990234,97.33333587646484,2.357022523880005,95.0,99.0,50.66666793823242,1.885617971420288,48.79999923706055,52.0,66.33333587646484,1.699673056602478,64.5999984741211,67.80000305175781
49,grain,24.0,5.527906391541368,7.605937758970067,4.334581836297739,-1.1193813029467385,0.821717894300928,0.9230769230769231,17.656854249492383,0.967374068637248,76.4802017211914,11.129087448120117,59.430294036865234,87.46345520019531,44.3139533996582,9.37247371673584,29.240739822387695,53.219871520996094,55.20375442504883,9.478339195251465,39.85021209716797,64.17436218261719,110.20833587646484,15.934708595275879,87.5999984741211,129.59999084472656,59.0,12.586368560791016,42.0,73.89999389648438,73.91666412353516,11.427002906799316,57.0,86.79999542236328
50,grain,1323.0,41.04261099984527,60.9208790997789,29.21906411640913,-0.5595910040037189,0.8774745757692544,0.9030716723549488,173.5685424949238,0.5518584223370656,173.56663513183594,32.79984664916992,125.9335708618164,208.7392120361328,156.70143127441406,39.79593276977539,100.22931671142578,202.7012939453125,142.96829223632812,37.659549713134766,90.56866455078125,190.62547302246094,203.8253936767578,36.908199310302734,150.0,244.0,180.0922088623047,45.42997360229492,115.19999694824219,233.0,155.81707763671875,43.98406982421875,98.0,214.0
51,grain,5.0,2.5231325220201604,5.656854249492381,0.0,1.5707963267948966,1.0,1.0,3.0,6.981317007977318,204.59893798828125,5.300353050231934,198.56101989746094,210.1193084716797,204.77145385742188,5.471641540527344,198.56101989746094,210.46432495117188,202.52877807617188,6.555447101593018,194.59324645996094,208.91172790527344,253.8000030517578,0.7483314871788025,253.0,254.60000610351562,253.8000030517578,0.7483314871788025,253.0,254.60000610351562,252.60000610351562,1.8547236919403076,250.39999389648438,254.60000610351562
52,grain,498.0,25.180812005932435,27.806299981297403,23.082634949575063,-1.0889636396183202,0.5575810733005814,0.9521988527724665,86.5269119345812,0.8358662653527088,191.4828338623047,24.653881072998047,156.72691345214844,215.63967895507812,193.50413513183594,19.798946380615234,169.06150817871094,212.189453125,190.4488067626953,22.725744247436523,165.61126708984375,210.46432495117188,192.80923461914062,40.017486572265625,128.39999389648438,231.0,193.68675231933594,29.848920822143555,146.0,225.0,171.94578552246094,28.837360382080078,132.0,203.0
53,grain,230.0,17.112717355495807,21.84421739810032,13.661976400096027,0.23463807343880624,0.7802822057791733,0.9163346613545816,59.21320343559643,0.8243290138078454,27.11809539794922,11.167394638061523,14.663497924804688,43.21418380737305,104.86089324951172,19.63614845275879,75.81890869140625,128.52125549316406,147.59506225585938,28.24992561340332,102.64448547363281,178.54965209960938,13.178260803222656,11.843855857849121,7.0,30.0,48.14347839355469,41.26838302612305,13.0,107.19998168945312,64.4521713256836,42.8195915222168,20.0,123.09999084472656
54,grain,3598.0,67.68394109356454,84.40514217072747,57.295116997616674,0.8153987620514421,0.7343132707284193,0.958444326052211,255.6812408671319,0.6916291550906835,202.29518127441406,23.22686004638672,169.06150817871094,217.3647918701172,201.95907592773438,19.43158531188965,177.68710327148438,214.77711486816406,201.06129455566406,17.801025390625,176.8245391845703,213.052001953125,227.93551635742188,37.218101501464844,168.70001220703125,253.0,240.2192840576172,23.695878982543945,210.0,255.0,242.1573028564453,20.065990447998047,214.0,255.0
55,grain,4144.0,72.63817641834433,101.94924666023411,56.17686571604756,0.48136955770679923,0.8344869083422992,0.9014574722645203,295.58073580374355,0.5960426802223887,121.51337432861328,56.77729797363281,34.761131286621094,193.21315002441406,107.86979675292969,54.806610107421875,25.014202117919922,180.2747802734375,93.32577514648438,50.58440017700195,27.601879119873047,167.33639526367188,118.43363952636719,85.09654235839844,25.0,251.0,112.46452331542969,82.20352935791016,22.0,248.0,96.90926361083984,72.64002227783203,25.0,229.0
56,grain,1417.0,42.47564519686223,63.551765641461074,29.654353037825647,1.449440729654462,0.88445932585979,0.9328505595786701,162.91168824543144,0.6709269324207442,189.78485107421875,27.66193389892578,151.81033325195312,215.63967895507812,190.89878845214844,24.229551315307617,156.6406707763672,213.91456604003906,188.7408905029297,23.356876373291016,154.39801025390625,211.32688903808594,204.26817321777344,40.227176666259766,148.60000610351562,246.4000244140625,182.683837890625,30.800565719604492,142.0,214.0,119.20042419433594,25.03695297241211,89.0,153.0
57,grain,877.0,33.416030295843605,36.509810141367126,30.6623404418544,0.7372617619979942,0.5428365003373136,0.9744444444444444,111.59797974644665,0.8849052914916467,179.93055725097656,26.445907592773438,140.59707641601562,205.63397216796875,180.464599609375,26.671838760375977,137.14683532714844,207.87664794921875,181.21206665039062,24.935029983520508,143.18475341796875,205.28897094726562,65.61117553710938,46.050567626953125,26.0,129.0,83.66476440429688,50.275360107421875,37.0,158.39996337890625,95.90535736083984,46.72549057006836,51.0,167.39996337890625
58,grain,2973.0,61.5251263021673,66.28150586377434,59.34241236884922,-0.8675802592652535,0.4454461096616681,0.9244402985074627,258.09545442950497,0.5608465614658087,110.0744400024414,38.38044738769531,60.379112243652344,163.0236053466797,95.19073486328125,35.646934509277344,51.75352478027344,144.04730224609375,77.87371063232422,30.15152931213379,42.43790054321289,119.0331039428711,78.34745788574219,46.608062744140625,30.0,143.0,75.31651306152344,44.6587028503418,28.0,136.0,65.1661605834961,33.29425048828125,30.0,108.0
59,grain,2843.0,60.16494017018606,72.20839080847809,54.387501304238015,0.3274333132456504,0.6577893365138774,0.9045497931912185,295.5573952066306,0.40898093448101475,161.2696533203125,41.91683578491211,101.78192901611328,206.1515350341797,185.34817504882812,30.616037368774414,142.3221893310547,212.189453125,190.90399169921875,27.01793670654297,150.94776916503906,213.052001953125,203.70875549316406,83.89360809326172,21.0,255.0,210.5768585205078,82.19924926757812,28.0,255.0,211.34153747558594,76.08037567138672,53.0,255.0
60,grain,780.0,31.513915099419602,32.19123156566595,30.963531095240665,-0.18048449978777287,0.2735342243914426,0.9713574097135741,104.18376618407358,0.9030345380728144,158.02188110351562,28.89219093322754,118.17054748535156,193.21315002441406,144.86231994628906,29.755352020263672,105.14590454101562,182.86244201660156,126.1956558227539,26.380672454833984,91.34496307373047,158.71080017089844,180.2179412841797,48.23155975341797,112.9000015258789,235.0,174.9794921875,49.619571685791016,105.80000305175781,233.0999755859375,143.244873046875,39.57670593261719,89.0,191.0999755859375
61,grain,3166.0,63.49075837184121,85.46077864321296,50.357526283928856,0.29558139968836855,0.8079527913444717,0.9414213499851323,242.12489168102786,0.6786438154433951,200.3975067138672,21.255773544311523,171.64918518066406,214.77711486816406,196.7838134765625,20.223255157470703,166.4738311767578,212.189453125,193.62481689453125,19.194318771362305,163.8861541748047,208.7392120361328,24.101388931274414,7.208922386169434,16.0,30.0,26.662349700927734,8.40396785736084,18.0,34.0,28.59507179260254,7.9234113693237305,20.0,36.0
62,grain,1940.0,49.699946848927475,52.85755009798876,48.19159093620649,1.3636903068227342,0.41079935182167665,0.9627791563275434,176.95331880577402,0.7785637323912217,184.3994903564453,23.87370491027832,149.22265625,207.87664794921875,185.8125,21.50652313232422,152.6728973388672,207.87664794921875,185.45057678222656,23.087617874145508,150.94776916503906,208.7392120361328,180.21804809570312,47.31053924560547,120.0,243.0,209.0,29.54941749572754,168.0,244.0,217.73504638671875,25.001483917236328,180.0,244.0
63,grain,105.0,11.562445770562215,14.954662789644043,10.34457418374711,0.5799018638502029,0.7221571627530418,0.8076923076923077,48.76345596729059,0.5548942292800937,179.56008911132812,22.277362823486328,150.7752685546875,205.80650329589844,168.3550262451172,26.216751098632812,132.66152954101562,195.8008270263672,149.39517211914062,25.320219039916992,117.65300750732422,177.34207153320312,222.85714721679688,19.831398010253906,197.39999389648438,248.0,210.1619110107422,26.112621307373047,179.60000610351562,237.0,180.4857177734375,27.283037185668945,145.1999969482422,214.60000610351562
64,grain,82.0,10.217907939900583,12.433686289935979,9.21509738968611,-0.2617756860466668,0.6713509370268003,0.8541666666666666,39.798989873223334,0.6505484064596257,180.13803100585938,17.995872497558594,146.98001098632812,200.97618103027344,171.21791076660156,20.040544509887695,138.18191528320312,197.52593994140625,160.38333129882812,18.83343505859375,132.1439971923828,188.0377960205078,215.64634704589844,35.4556999206543,170.0,254.0,217.4512176513672,34.83065414428711,170.1999969482422,255.0,213.06097412109375,31.642955780029297,172.3000030517578,250.89999389648438
65,grain,1554.0,44.48161701780234,59.345625661163766,34.110323346523636,-0.02554956326625729,0.8183121869502995,0.9516227801592162,166.3259018078045,0.7058966239194789,189.0574493408203,25.714784622192383,151.81033325195312,211.32688903808594,179.89845275878906,27.597562789916992,139.73451232910156,206.1515350341797,168.5614013671875,30.05052375793457,125.07101440429688,199.25106811523438,82.0360336303711,30.84961700439453,36.30000305175781,124.0,81.90026092529297,26.593143463134766,46.0,120.0,73.99742889404297,19.932575225830078,47.0,102.0
66,grain,3644.0,68.11523251824758,83.75037616632025,56.95688466721294,0.1254891352848062,0.7331386971222772,0.9516845129276573,259.37972567696687,0.6806379796773226,212.2483673095703,10.713109016418457,205.28897094726562,218.22735595703125,211.35740661621094,8.735247611999512,202.7012939453125,217.3647918701172,209.94546508789062,7.949206829071045,202.7012939453125,214.77711486816406,252.28128051757812,9.785665512084961,250.0,255.0,253.89956665039062,4.387176990509033,253.0,255.0,253.93524169921875,4.193675518035889,253.0,255.0
67,grain,1632.0,45.58428388170407,65.65039227619462,35.96332892520356,0.9515339311803179,0.8366088841890793,0.85489785227868,228.16042558696057,0.3939575082599709,159.00784301757812,42.24055480957031,94.88146209716797,206.1515350341797,155.5808563232422,39.039241790771484,96.60657501220703,200.8898468017578,148.7808074951172,37.197383880615234,93.15634155273438,193.9893798828125,56.666053771972656,61.35523986816406,17.0,166.0,64.22671508789062,66.2229995727539,19.0,198.0,68.20404052734375,62.461570739746094,23.0,184.7998046875
68,grain,436.0,23.56124872549269,27.184955498212975,21.537331681737005,0.10756773235654755,0.6101942175110181,0.9178947368421052,86.76955262170047,0.7277155192288156,150.54420471191406,31.488149642944336,111.27007293701172,187.6065216064453,162.67144775390625,18.9483642578125,139.73451232910156,186.31268310546875,163.95936584472656,18.46186637878418,137.14683532714844,185.0188446044922,50.40825653076172,37.480003356933594,15.0,109.5,70.63761138916016,45.8289794921875,23.0,138.5,80.10779571533203,49.70882797241211,25.5,152.0
69,grain,1319.0,40.9805192683753,60.79692516872596,29.25406505328298,-1.1098035593575355,0.8766236158696408,0.9367897727272727,166.3259018078045,0.5991490649612566,174.6854705810547,30.907100677490234,131.9714813232422,205.28897094726562,176.32623291015625,24.90292739868164,142.3221893310547,203.56385803222656,168.093017578125,27.209253311157227,129.38380432128906,200.11361694335938,153.1630096435547,53.30539321899414,74.0,221.0,171.90447998046875,50.99692916870117,94.80000305175781,232.0,166.0682373046875,52.17449188232422,87.80000305175781,233.0
70,grain,2190.0,52.80525166089076,78.41309133338532,36.77845774817586,-1.399182941693809,0.883179758793221,0.954248366013072,201.87615433949867,0.6752800708939858,207.15310668945312,19.383052825927734,192.35060119628906,216.5022430419922,201.78636169433594,22.75400161743164,181.99989318847656,213.91456604003906,197.26324462890625,25.151256561279297,169.924072265625,211.32688903808594,204.242919921875,35.25174331665039,162.0,237.0,212.54017639160156,33.837337493896484,172.0,241.0,213.23561096191406,33.320106506347656,172.0,241.0
71,grain,7014.0,94.5013342063086,115.0432102338493,82.10258505013196,1.2454404018437764,0.7004847520811781,0.9613486842105263,362.69343417595167,0.6700330701919437,206.4603271484375,22.00114631652832,186.57144165039062,219.0899200439453,202.51019287109375,23.97032356262207,184.5875701904297,216.5022430419922,198.9586181640625,21.100011825561523,181.1373291015625,211.32688903808594,253.16238403320312,12.154984474182129,254.0,255.0,252.3956298828125,17.283588409423828,254.0,255.0,250.0772705078125,18.179851531982422,245.0,255.0
72,grain,3143.0,63.25971774441154,94.47881372895051,50.20141973812522,-0.563613636475621,0.8471517157445523,0.7743286523774329,305.48023074035524,0.4232412858047272,170.8489227294922,31.581424713134766,128.52125549316406,206.84141540527344,178.74562072753906,26.09612274169922,143.18475341796875,207.01409912109375,180.24705505371094,28.001001358032227,136.28427124023438,207.87664794921875,212.496337890625,42.8090705871582,154.0,254.0,224.2255859375,33.19557189941406,174.0,255.0,220.6108856201172,39.71015167236328,148.0,254.0
73,grain,3.0,1.9544100476116797,3.265986323710904,0.0,0.0,1.0,1.0,1.0,37.69911184307752,151.23529052734375,12.406725883483887,138.87196350097656,160.26341247558594,150.08522033691406,13.436731338500977,136.62930297851562,160.0908966064453,150.08522033691406,12.813183784484863,137.31935119628906,159.40084838867188,181.0,29.017236709594727,152.0,202.39999389648438,186.6666717529297,33.00841522216797,153.8000030517578,210.60000610351562,169.0,34.02939987182617,134.8000030517578,194.8000030517578
74,grain,5445.0,83.26337322666528,113.89360729668387,61.36083278967773,1.1626033587462155,0.8424620291173515,0.9730164403145104,312.5512985522207,0.7004306353000677,204.97911071777344,17.622224807739258,182.86244201660156,215.63967895507812,204.11434936523438,13.343901634216309,186.31268310546875,213.052001953125,200.70150756835938,13.730722427368164,181.99989318847656,209.60177612304688,197.9746551513672,29.76424217224121,152.0,219.0,163.5662078857422,17.02224349975586,140.0,179.0,97.87052154541016,24.30843162536621,78.0,124.0
75,grain,657.0,28.92262748940701,34.68985704578061,24.250624780101624,1.122688964306156,0.7150536222027993,0.9591240875912409,100.76955262170047,0.8130487241593432,178.58116149902344,28.44207191467285,134.5591583251953,210.46432495117188,175.6088104248047,27.100753784179688,134.5591583251953,207.01409912109375,168.29873657226562,31.45955467224121,119.5506362915039,203.9088592529297,127.9254150390625,65.03193664550781,39.599998474121094,223.39996337890625,146.58143615722656,61.821929931640625,62.599998474121094,235.0,151.21461486816406,62.8623046875,59.599998474121094,237.0
76,grain,553.0,26.534910368014152,32.413562017001084,21.940041142854973,0.33813414750558235,0.7360948197958432,0.9501718213058419,94.62741699796952,0.77607023009561,180.88153076171875,30.008441925048828,139.73451232910156,212.189453125,183.32571411132812,22.140872955322266,150.2577362060547,207.87664794921875,181.8283233642578,19.187885284423828,154.39801025390625,203.56385803222656,54.631103515625,28.109600067138672,27.0,102.0,66.1048812866211,27.40751075744629,37.0,109.0,75.64918518066406,25.904468536376953,46.20000076293945,117.0
77,grain,87.0,10.524820207108489,11.78264815774134,9.523164996016648,-1.3322366086808886,0.5888581663057204,0.9666666666666667,34.242640687119284,0.9323835853376031,183.4176483154297,19.800222396850586,154.74302673339844,202.1837615966797,193.21316528320312,13.91817569732666,173.71932983398438,207.7041473388672,196.64353942871094,13.554582595825195,178.54965209960938,209.60177612304688,246.56321716308594,10.026058197021484,233.60000610351562,254.0,252.9310302734375,3.7959237098693848,248.0,255.0,252.32183837890625,4.153642654418945,247.1999969482422,255.0
78,grain,7.0,2.985410660720923,3.0237157840738176,2.799416848895061,0.0,0.377964473009227,1.0,6.82842712474619,1.8865422955842652,195.06149291992188,6.36239767074585,187.0027313232422,201.66622924804688,174.36009216308594,16.543075561523438,153.5354461669922,190.45297241210938,157.7250213623047,14.699179649353027,140.59707641601562,173.02928161621094,237.0,2.9277002811431885,233.1999969482422,239.8000030517578,200.42857360839844,11.52459716796875,187.39999389648438,212.0,185.42857360839844,14.734383583068848,167.8000030517578,202.8000030517578
79,grain,8.0,3.1915382432114616,3.4641016151377544,2.7386127875258306,-0.7853981633974483,0.6123724356957945,1.0,7.414213562373095,1.8288145488861385,193.32098388671875,5.613885879516602,185.536376953125,198.21600341796875,168.52239990234375,8.85895824432373,155.86436462402344,176.8245391845703,151.81033325195312,9.8724365234375,137.83688354492188,160.0908966064453,247.375,3.935019016265869,241.8000030517578,250.3000030517578,205.375,11.290898323059082,187.8000030517578,216.1999969482422,178.375,14.899140357971191,155.1999969482422,191.89999389648438
80,grain,133.0,13.013103375051497,17.597001333858827,9.823941517733143,-0.5287443339087966,0.8296569005941195,0.9300699300699301,44.97056274847714,0.8264276908392334,181.90261840820312,22.478761672973633,145.77243041992188,204.25390625,182.81056213378906,22.354263305664062,149.22265625,204.42642211914062,178.31619262695312,19.07013511657715,147.84255981445312,195.8008270263672,177.35337829589844,31.062196731567383,131.1999969482422,219.79998779296875,197.7142791748047,22.901086807250977,161.1999969482422,224.0,195.37594604492188,20.53846549987793,166.1999969482422,217.79998779296875
81,grain,861.0,33.109805919349256,43.298529868913754,25.830257834168833,0.709587428456588,0.8025669897476237,0.9587973273942093,121.35533905932738,0.7346749625545547,11.54386043548584,6.327810764312744,7.763028621673584,17.251174926757812,12.811150550842285,9.160698890686035,8.625587463378906,19.838850021362305,16.114118576049805,9.918795585632324,9.48814582824707,25.87676239013672,11.894309043884277,6.663766860961914,9.0,17.0,12.319396018981934,7.571506977081299,9.0,18.0,14.12195110321045,7.681689739227295,9.0,22.0
82,grain,54.0,8.291859587312052,12.060558531367237,5.931686372365531,-0.3676724440074134,0.8706939715957468,0.9473684210526315,28.97056274847714,0.8085181266789709,164.57301330566406,19.497966766357422,139.30323791503906,183.4662322998047,173.15066528320312,21.614503860473633,146.7212371826172,191.488037109375,157.01763916015625,18.873613357543945,133.26531982421875,178.89468383789062,125.66666412353516,23.20600128173828,96.30000305175781,157.6999969482422,151.29629516601562,28.69612693786621,113.5,187.0,132.94444274902344,24.45511245727539,100.5999984741211,164.39999389648438
83,grain,17.0,4.652426491681278,6.721344403334447,3.0678599553894816,0.0,0.8897565210026093,1.0,13.65685424949238,1.1454006794618754,168.2496795654297,16.37250518798828,147.3250274658203,188.0377960205078,179.7673797607422,16.86908721923828,165.26625061035156,198.04348754882812,163.78468322753906,14.532732963562012,145.08236694335938,181.30984497070312,109.64705657958984,15.262184143066406,88.0,129.8000030517578,140.88235473632812,15.472489356994629,122.5999984741211,164.0,129.23529052734375,12.90476131439209,111.19999694824219,146.60000610351562
84,grain,612.0,27.914558950087667,32.050611509320056,24.616776658469632,-0.6940516559217956,0.6403784850225874,0.9683544303797469,95.01219330881975,0.8519274243359966,159.83831787109375,29.30771827697754,118.25680541992188,198.3885040283203,150.05279541015625,29.234371185302734,108.6823959350586,188.0377960205078,141.8754119873047,28.446382522583008,103.59330749511719,178.46336364746094,24.54901885986328,8.821721076965332,16.0,37.0,25.462417602539062,9.086200714111328,17.0,38.0,27.789215087890625,10.639503479003906,19.0,43.89996337890625
85,grain,1066.0,36.84119100528216,44.84719322826325,30.67010244797092,0.7193400308305206,0.7295944252423207,0.9664551223934723,130.8111831820431,0.7828477739814899,166.48838806152344,25.015090942382812,132.40277099609375,197.52593994140625,160.630126953125,26.711193084716797,123.77717590332031,193.21315002441406,147.7216796875,26.525671005249023,111.27007293701172,180.2747802734375,140.75515747070312,48.05706024169922,68.0,192.0,152.47279357910156,50.173858642578125,75.0,207.0,145.0816192626953,46.8314208984375,76.0,199.5
86,grain,524.0,25.829779740470595,35.350958960783665,19.247141765106075,0.2693790353917988,0.8387875667467033,0.9081455805892548,99.698484809835,0.6624666729117151,162.92318725585938,26.7085018157959,125.32978057861328,194.9382781982422,161.48121643066406,29.310470581054688,114.72030639648438,194.9382781982422,152.05397033691406,30.45305633544922,107.21604919433594,188.90036010742188,50.286258697509766,28.066343307495117,24.0,85.69998168945312,52.89503860473633,28.23731231689453,28.0,86.0,53.59160232543945,25.693607330322266,31.299999237060547,87.69998168945312
87,grain,5.0,2.5231325220201604,4.0,2.1166010488516727,-0.7853981633974484,0.848528137423857,0.8333333333333334,3.0,6.981317007977318,188.90036010742188,4.4653544425964355,183.72500610351562,193.73068237304688,176.82455444335938,2.8866770267486572,174.06434631347656,180.2747802734375,171.9942169189453,6.582627773284912,164.23118591308594,179.0671844482422,229.1999969482422,12.319090843200684,214.8000030517578,239.0,217.1999969482422,13.658696174621582,201.39999389648438,227.60000610351562,195.0,15.504837989807129,177.0,208.60000610351562
88,grain,4484.0,75.55928876446939,100.43141647426529,60.19200209795036,1.095242897628965,0.8004987723695026,0.9355309826830794,351.27922061357856,0.4566364203041454,143.8859100341797,43.508480072021484,84.53075408935547,204.42642211914062,184.6523895263672,20.51789665222168,160.43592834472656,205.28897094726562,193.55075073242188,16.033201217651367,173.37429809570312,207.01409912109375,33.465431213378906,42.14628219604492,12.0,64.0,42.29170227050781,46.43231964111328,20.0,84.0,44.36641311645508,47.126991271972656,21.0,87.0
89,grain,511.0,25.507359866510456,39.29934089184263,17.726203496275183,1.3274102256132878,0.8924956498893513,0.8377049180327869,115.01219330881976,0.48544830933064304,126.86871337890625,49.47932434082031,51.75352478027344,189.76292419433594,151.68710327148438,36.26411056518555,98.33169555664062,194.07571411132812,160.6975555419922,26.44736671447754,124.20845794677734,193.21315002441406,34.28962707519531,26.879274368286133,13.0,70.0,64.23483276367188,51.28657531738281,19.0,152.0,75.63404846191406,53.67023849487305,25.0,167.0
90,grain,2838.0,60.11201067971684,68.84737597763365,53.490597260732685,0.314847811887976,0.6295689655789996,0.9766001376462491,209.0538238691624,0.8160298091381522,158.1670684814453,36.093631744384766,104.97340393066406,203.56385803222656,153.62054443359375,38.90180969238281,97.4691390991211,200.11361694335938,143.15496826171875,40.2267951965332,83.66819763183594,194.07571411132812,113.17935180664062,35.676151275634766,69.0,159.0,104.16349792480469,35.95218276977539,65.0,155.0,77.51092529296875,36.5562744140625,38.0,130.0
91,grain,128.0,12.766152972845846,14.590664002885227,11.553975934387664,1.121935884647204,0.6106837553000427,0.8951048951048951,46.38477631085023,0.74759932491308,173.58322143554688,18.89333152770996,149.82644653320312,199.25106811523438,165.11935424804688,21.171348571777344,138.61318969726562,192.35060119628906,151.304931640625,16.30274772644043,133.43783569335938,171.04537963867188,232.1484375,13.965967178344727,214.39999389648438,251.0,214.6328125,19.613399505615234,184.0,237.29998779296875,184.828125,18.754627227783203,158.6999969482422,206.29998779296875
92,grain,861.0,33.109805919349256,39.935883994371295,28.654027979882812,0.06741287848555923,0.696557699262703,0.9851258581235698,113.94112549695429,0.8333971392972431,209.26513671875,13.216691017150879,192.35060119628906,218.22735595703125,205.3480682373047,14.094998359680176,183.72500610351562,215.63967895507812,202.93873596191406,14.519853591918945,181.1373291015625,213.052001953125,249.78396606445312,18.170434951782227,243.0,255.0,251.0348358154297,14.601758003234863,245.0,255.0,250.71080017089844,15.311895370483398,244.0,255.0
93,grain,573.0,27.010484244701136,34.98903040522574,21.224703124831745,1.509823855222695,0.7949994035419269,0.9301948051948052,96.76955262170048,0.7689303791337042,182.21365356445312,21.949495315551758,147.67005920410156,205.28897094726562,175.29360961914062,21.842016220092773,141.63214111328125,200.8036651611328,169.31590270996094,21.5416202545166,139.04446411132812,194.9382781982422,41.130889892578125,15.582645416259766,22.0,62.0,49.28795623779297,17.200973510742188,26.200000762939453,72.0,52.33158874511719,16.953123092651367,30.0,73.0
94,grain,1969.0,50.070037583204744,72.79091941003394,34.723085340625225,1.2045392126363588,0.8788897476796989,0.9595516569200779,194.2253967444162,0.6559089329017705,209.13258361816406,15.059642791748047,190.62547302246094,218.22735595703125,204.76678466796875,17.315914154052734,183.72500610351562,215.63967895507812,201.1141815185547,17.868228912353516,176.8245391845703,212.189453125,252.06044006347656,8.674633979797363,246.0,255.0,252.2930450439453,8.985568046569824,248.0,255.0,250.44082641601562,11.5256986618042,240.8000030517578,255.0
95,grain,652.0,28.812361638146328,41.274578564855645,21.812529566470083,-1.0256516178562864,0.848949668889182,0.8612945838837517,124.76955262170046,0.5263083060970035,165.86264038085938,30.64403533935547,118.17054748535156,202.7012939453125,153.3542022705078,32.632049560546875,103.59330749511719,194.07571411132812,130.2185821533203,30.290916442871094,89.70610809326172,174.2368621826172,199.10122680664062,31.924549102783203,150.0,234.0,180.57362365722656,34.34634017944336,131.0,221.0,145.5107421875,29.93071937561035,105.0,182.89996337890625
96,grain,914.0,34.11364747264559,39.61977978396534,31.416420591863908,0.7025569202048071,0.609289464338331,0.934560327198364,126.42640687119285,0.7185888421686314,178.80918884277344,23.606670379638672,144.9098663330078,204.42642211914062,176.195068359375,23.938030242919922,141.45962524414062,204.42642211914062,169.64096069335938,24.406845092773438,134.81793212890625,200.11361694335938,214.4529571533203,36.12230682373047,165.0,245.0,218.51422119140625,30.135040283203125,179.0,247.0,208.52735900878906,32.36211013793945,166.0,244.0
97,grain,8620.0,104.76318473403289,131.3146019766903,84.44659782226533,1.4792462467721146,0.7657938644787137,0.9728021667983298,381.7584053334072,0.7432585505590827,202.25759887695312,18.806011199951172,177.68710327148438,217.3647918701172,202.64796447753906,16.009859085083008,181.99989318847656,214.77711486816406,201.53465270996094,16.295162200927734,179.41221618652344,213.052001953125,230.46890258789062,31.96343421936035,190.0,254.0,241.3146209716797,21.337581634521484,217.0,255.0,242.2498779296875,19.876995086669922,218.0,255.0
98,grain,4562.0,76.21363921951118,93.52918702933847,64.7275541565147,0.3222052428801759,0.7218425939002271,0.9659114969299174,280.3675323681472,0.7293058655789176,205.02426147460938,14.457542419433594,187.1752471923828,215.63967895507812,198.3315887451172,17.69077491760254,174.3231201171875,212.189453125,191.45606994628906,20.513168334960938,159.5733642578125,207.87664794921875,211.9072723388672,35.25983428955078,164.0,239.0,203.16067504882812,32.63105010986328,155.0,232.0,175.8029327392578,29.874279022216797,131.0,204.0
99,grain,2744.0,59.10811543902653,84.90439939228601,41.85145965025535,1.054992379762372,0.8700720805294014,0.9442532690984171,231.1959594928933,0.6451095800974662,156.52957153320312,37.395042419433594,106.95728302001953,200.97618103027344,133.8276824951172,37.642662048339844,83.66819763183594,182.86244201660156,104.38531494140625,32.842323303222656,65.5544662475586,148.360107421875,39.79008865356445,15.797358512878418,22.0,61.0,35.72084426879883,13.583321571350098,21.0,54.0,28.219022750854492,8.909926414489746,19.0,40.0
100,grain,383.0,22.082815618339236,24.34268564966218,20.185676204809038,0.05035399289473716,0.5589080616600983,0.927360774818402,75.11269837220809,0.8530645799395202,181.01573181152344,21.466611862182617,150.94776916503906,206.1515350341797,173.57473754882812,24.70119285583496,138.8719482421875,204.42642211914062,164.22396850585938,21.15085792541504,136.28427124023438,192.17808532714844,214.8276824951172,37.634376525878906,166.39999389648438,242.0,203.8276824951172,40.22004318237305,146.1999969482422,237.0,181.56918334960938,31.271987915039062,136.0,212.0
101,grain,254.0,17.983404693292407,23.20680606590791,15.12966407903711,0.44531423781326207,0.7582624450278606,0.8881118881118881,69.62741699796952,0.6583896759022861,79.96326446533203,27.82378387451172,45.97438049316406,121.36201477050781,51.342620849609375,28.27577018737793,20.70140838623047,94.0188980102539,49.52581024169922,18.450496673583984,29.326995849609375,75.90516662597656,84.47244262695312,41.718467712402344,33.0,138.0,51.19684982299805,35.94681930541992,15.0,104.0,46.24803161621094,21.263566970825195,22.0,76.69999694824219
102,grain,502.0,25.281737508665255,33.1164166895636,20.096584644586336,0.4830683789907276,0.7948189809082102,0.8760907504363001,97.0477272147525,0.6697964527552639,146.14700317382812,28.95612144470215,109.54496002197266,186.22642517089844,131.90618896484375,30.507793426513672,95.91653442382812,175.96197509765625,119.10011291503906,29.395896911621094,85.47956848144531,164.66246032714844,149.39044189453125,53.6468391418457,64.0,210.89999389648438,137.01991271972656,49.68470001220703,64.0,200.0,115.32071685791016,33.63062286376953,72.0,161.89999389648438
103,grain,85.0,10.403141895720198,11.426943496413811,10.08588278406597,-0.21970475807935547,0.470048720701715,0.9139784946236559,38.97056274847714,0.7033239966695912,186.93167114257812,12.704293251037598,167.68141174316406,201.8387451171875,183.77574157714844,10.10626220703125,170.2690887451172,195.8008270263672,184.61802673339844,11.060749053955078,167.68141174316406,197.52593994140625,57.36470413208008,16.49374008178711,41.0,78.19999694824219,59.25882339477539,16.285797119140625,43.400001525878906,78.5999984741211,63.91764831542969,14.643379211425781,45.400001525878906,83.0
104,grain,1.0,1.1283791670955126,0.0,0.0,-0.7853981633974483,0.0,1.0,0.0,0.0,188.0377960205078,0.0,188.0377960205078,188.0377960205078,179.41221618652344,0.0,179.41221618652344,179.41221618652344,183.72500610351562,0.0,183.72500610351562,183.72500610351562,105.0,0.0,105.0,105.0,99.0,0.0,99.0,99.0,94.0,0.0,94.0,94.0
105,grain,1522.0,44.02125153930676,46.83659689345721,42.12663766744488,0.5545423235503416,0.4370473829736114,0.942998760842627,160.66904755831212,0.7409008244367296,177.5720672607422,29.313873291015625,134.5591583251953,207.87664794921875,163.47528076171875,32.87186813354492,115.58287048339844,200.97618103027344,149.0192108154297,36.59087371826172,98.33169555664062,194.9382781982422,94.71550750732422,37.741580963134766,53.0,153.0,94.63534545898438,32.89495086669922,56.0,140.0,88.20368194580078,25.58751106262207,55.0,116.9000244140625
106,grain,104.0,11.507254783503184,21.308443913358026,7.145295485637675,0.8658199298569261,0.9421018189489901,0.832,49.627416997969526,0.5306398480965759,177.64561462402344,15.317018508911133,157.2444610595703,196.66339111328125,176.08639526367188,11.692620277404785,160.43592834472656,188.90036010742188,168.98687744140625,11.715047836303711,153.44920349121094,182.34490966796875,70.67308044433594,30.76662826538086,36.29999923706055,114.39999389648438,67.32691955566406,34.08232116699219,31.0,118.0,73.86538696289062,23.269763946533203,49.29999923706055,108.39999389648438
107,grain,5222.0,81.54052307047718,105.47807208207091,64.24059229148888,1.4790128829476634,0.7931378529819176,0.9395465994962217,326.40916292848976,0.6159167968878566,108.69147491455078,71.03473663330078,12.075821876525879,201.8387451171875,120.72089385986328,66.30204772949219,12.93838119506836,200.97618103027344,121.74829864501953,65.56916809082031,14.663497924804688,200.97618103027344,81.00210571289062,74.06183624267578,12.0,206.0,97.51014709472656,76.0213851928711,15.0,210.0,96.63539123535156,71.36170959472656,15.0,203.0
108,grain,597.0,27.570346537664197,43.15357052574671,17.93339952457112,1.4037952857209326,0.9095604557332445,0.9476190476190476,104.2842712474619,0.689837142290876,168.93870544433594,23.95629119873047,135.42172241210938,198.3885040283203,151.1052703857422,28.050264358520508,113.85774993896484,188.0377960205078,122.885009765625,27.528921127319336,87.1184310913086,158.71080017089844,175.64321899414062,41.243507385253906,122.0,231.39996337890625,170.26466369628906,39.08013153076172,118.0,224.39996337890625,145.2144012451172,35.9133186340332,96.60000610351562,190.0
109,grain,8631.0,104.83000768200482,141.4669394506877,91.05749431131272,0.498172037722626,0.7653063174679212,0.8193468767799507,542.8183258569795,0.3680967458563683,153.0462646484375,42.94456100463867,91.43122100830078,204.42642211914062,137.05538940429688,42.28548812866211,78.49284362792969,192.35060119628906,108.29004669189453,34.90284729003906,62.9667854309082,156.1231231689453,174.63595581054688,56.833534240722656,96.0,243.0,166.13162231445312,57.83244705200195,88.0,242.0,139.54698181152344,54.54228591918945,70.0,219.0
110,grain,1536.0,44.223251132330944,65.87379491790111,30.88429574701712,1.4901206532212317,0.8832829037384603,0.9247441300421433,168.08326112068522,0.6832067501180858,190.3087615966797,27.004411697387695,148.360107421875,214.77711486816406,188.925048828125,24.424711227416992,155.2605743408203,211.32688903808594,184.6645050048828,25.420616149902344,149.22265625,209.60177612304688,118.73697662353516,43.30964279174805,58.5,156.0,135.318359375,36.441192626953125,80.0,174.0,141.2434844970703,36.101806640625,88.0,184.0
111,grain,1893.0,49.09422021158563,57.308948368220896,43.85248955549643,-0.19357948937609648,0.6437992271732969,0.9546142208774584,174.71067811865476,0.7793303313842642,193.75445556640625,29.00041961669922,149.22265625,217.3647918701172,194.21377563476562,24.030235290527344,161.29847717285156,214.77711486816406,192.88189697265625,23.013460159301758,156.98568725585938,213.052001953125,224.95086669921875,50.4641227722168,156.1999969482422,255.0,234.80401611328125,36.69157409667969,185.1999969482422,255.0,237.4215545654297,30.952613830566406,197.0,255.0
112,grain,2536.0,56.82372291084396,71.80612499532936,46.04226131632596,-0.13974169197902725,0.7673717828022537,0.9709035222052067,204.08326112068522,0.7651460532297802,47.29345703125,18.27911376953125,26.739320755004883,72.4549331665039,34.76798629760742,15.876147270202637,18.113733291625977,56.06631851196289,31.714679718017578,10.750123977661133,20.70140838623047,43.99049377441406,60.62539291381836,21.38429069519043,35.0,90.0,41.82294845581055,18.230878829956055,22.0,64.0,34.55283737182617,11.594029426574707,22.0,47.0
113,grain,1105.0,37.50906153094682,39.47406990870674,35.80764094240276,-0.02750017535495548,0.4208763010333125,0.9692982456140351,128.76955262170048,0.8374247038698517,138.84230041503906,33.856834411621094,93.5013656616211,183.72500610351562,115.19256591796875,36.28213882446289,69.00469970703125,166.4738311767578,97.04917907714844,29.946672439575195,59.51655197143555,138.8719482421875,133.01358032226562,52.530181884765625,64.0,211.0,119.46968078613281,49.4403190612793,55.0,189.0,99.93484497070312,36.401275634765625,55.0,148.0
114,grain,104.0,11.507254783503184,12.861113099874933,11.023846959427916,0.19765875593389867,0.515074130376844,0.9719626168224299,37.55634918610404,0.9265662278194268,195.89205932617188,9.418461799621582,183.98377990722656,204.42642211914062,187.73092651367188,12.205995559692383,175.09942626953125,199.59608459472656,184.6787872314453,12.367856979370117,168.19894409179688,197.2671661376953,36.38461685180664,9.541717529296875,28.0,45.399993896484375,42.105770111083984,12.496089935302734,29.299999237060547,54.09999084472656,47.11538314819336,9.578930854797363,37.29999923706055,56.0
115,grain,1003.0,35.73596596384892,42.4996390200348,30.315597360319586,-0.09690799290488329,0.7008443526769291,0.9570610687022901,128.76955262170046,0.7601239619741734,178.67950439453125,32.341957092285156,130.41888427734375,213.052001953125,178.39401245117188,31.162715911865234,135.42172241210938,210.46432495117188,175.22239685058594,31.17361831665039,130.24636840820312,209.60177612304688,174.65203857421875,48.643489837646484,101.20000457763672,237.0,190.869384765625,44.260196685791016,123.0,241.0,191.344970703125,41.34870529174805,129.0,239.0
116,grain,1698.0,46.49688964823676,53.794625481900084,40.70659201817821,-0.8585367633492956,0.6537579933716585,0.9593220338983051,163.39696961967,0.7992075065524444,183.0016326904297,27.027368545532227,142.9259796142578,210.46432495117188,173.46116638183594,31.183305740356445,128.52125549316406,207.01409912109375,165.18304443359375,29.739290237426758,121.62078094482422,199.25106811523438,78.51589965820312,42.32673263549805,41.0,146.0,71.38751220703125,40.744911193847656,36.69999694824219,136.0,58.754417419433594,32.73735046386719,32.0,112.0
117,grain,6.0,2.763953195770684,3.055050463303893,2.666666666666666,1.1071487177940906,0.48795003647426677,0.8571428571428571,6.414213562373095,1.8326278532479736,46.721927642822266,12.243236541748047,36.22746658325195,59.94783020019531,48.5908088684082,12.4566011428833,35.364906311035156,62.53550720214844,63.829345703125,12.754985809326172,49.16584777832031,78.92411804199219,52.16666793823242,10.155732154846191,43.5,65.0,46.5,7.135591506958008,41.0,56.0,54.83333206176758,8.354971885681152,48.0,65.5
118,grain,4.0,2.256758334191025,2.8284271247461903,1.7320508075688772,1.5707963267948966,0.7905694150420949,1.0,4.621320343559642,2.3536273758173025,45.931251525878906,10.882861137390137,38.81514358520508,57.70517349243164,35.79618453979492,7.073507785797119,29.844532012939453,43.8179817199707,59.085269927978516,10.287615776062012,52.012290954589844,70.29853057861328,47.5,5.024937629699707,43.599998474121094,53.0,35.75,2.4874684810638428,33.20000076293945,38.099998474121094,51.5,5.590169906616211,47.29999923706055,57.69999694824219
119,grain,4.0,2.256758334191025,2.8284271247461903,1.7320508075688772,0.0,0.7905694150420949,1.0,4.621320343559642,2.3536273758173025,114.72030639648438,11.716201782226562,105.66344451904297,127.57242584228516,107.81983947753906,14.10752010345459,95.83026885986328,123.60466766357422,124.85537719726562,12.143025398254395,116.70419311523438,138.0093994140625,100.5,17.109939575195312,89.19999694824219,118.59999084472656,85.0,17.621009826660156,71.80000305175781,104.19999694824219,101.25,15.54630184173584,90.5999984741211,118.09999084472656
120,grain,4.0,2.256758334191025,2.8284271247461903,1.7320508075688772,0.0,0.7905694150420949,1.0,4.621320343559642,2.3536273758173025,47.87200927734375,7.5319695472717285,40.62651824951172,56.15256881713867,40.755897521972656,9.879497528076172,30.620834350585938,51.75352096557617,60.594749450683594,7.50413703918457,53.651153564453125,69.09095001220703,51.25,6.219927787780762,47.29999923706055,57.79999542236328,38.0,4.949747562408447,33.599998474121094,43.599998474121094,57.0,6.4031243324279785,52.599998474121094,63.79999542236328
121,grain,5.0,2.5231325220201604,2.5298221281347035,2.5298221281347035,-0.7853981633974483,0.0,1.0,5.656854249492381,1.9634954084936203,36.572486877441406,3.389317035675049,33.122257232666016,40.7127685546875,31.74216079711914,2.3400626182556152,29.672019958496094,34.67485809326172,48.130775451660156,2.8555774688720703,45.02556610107422,51.23598861694336,39.0,3.1622776985168457,35.400001525878906,42.599998474121094,32.599998474121094,2.6532998085021973,29.799999237060547,35.400001525878906,41.79999923706055,4.534313678741455,37.0,46.599998474121094
122,grain,932.0,34.44792091974742,53.42135395137778,22.71385818991176,0.930503168408565,0.9051073475621861,0.9510204081632653,141.1543289325507,0.5878105453138353,186.00819396972656,27.461729049682617,144.04730224609375,210.46432495117188,180.73011779785156,25.208349227905273,144.9098663330078,206.1515350341797,174.44325256347656,25.466472625732422,136.3705291748047,202.7012939453125,90.76824188232422,39.880775451660156,38.0,143.0,104.3766098022461,44.654571533203125,43.0,165.0,110.67596435546875,43.22910690307617,51.099998474121094,167.0
123,grain,1150.0,38.26519928662906,58.558170209944834,29.286532553337953,0.01655057218972725,0.8659519637248173,0.8315256688358641,158.36143571373725,0.5762472203649298,167.6851806640625,38.303897857666016,112.99519348144531,212.189453125,168.47271728515625,34.38405990600586,119.80940246582031,208.7392120361328,170.16334533691406,30.103504180908203,131.1089324951172,207.01409912109375,158.68869018554688,74.99834442138672,36.0,249.0,168.5208740234375,70.1886978149414,49.0,248.0,172.71304321289062,63.80512237548828,61.0,245.0
124,grain,2813.0,59.84666105423103,90.50865898277749,40.99125579197306,1.1090487420153738,0.8915619717803557,0.9345514950166113,236.7523086789974,0.6306539944076823,136.3422393798828,41.80475997924805,78.49284362792969,193.21315002441406,123.35724639892578,39.04020309448242,71.59237670898438,176.8245391845703,106.13917541503906,35.50139236450195,62.9667854309082,156.98568725585938,110.20547485351562,79.07798767089844,27.0,249.0,105.92179107666016,74.4327392578125,28.0,237.0,87.50231170654297,53.895591735839844,33.0,179.0
125,grain,1468.0,43.23327019404407,55.95690297288393,34.93077558533275,0.23575705499182867,0.7812292248052798,0.9209535759096612,163.59797974644664,0.6892551931829142,152.916748046875,35.93873977661133,104.97339630126953,197.52593994140625,78.49049377441406,38.68177032470703,37.95258331298828,129.38380432128906,70.22978973388672,30.56816291809082,40.540260314941406,107.81983947753906,185.62193298339844,37.84648513793945,134.6999969482422,231.0,92.33242797851562,42.30240249633789,48.69999694824219,148.2999267578125,79.82015991210938,31.74198341369629,48.0,118.0
126,grain,253.0,17.94796937867892,24.818814763839843,13.467546421054893,-1.498575392727207,0.8399688942995668,0.9768339768339769,63.21320343559643,0.7956366611320076,198.34759521484375,17.254364013671875,173.54681396484375,213.052001953125,190.9289093017578,16.837932586669922,164.92123413085938,207.70413208007812,178.8939971923828,22.48863983154297,145.42739868164062,200.11361694335938,249.5375518798828,11.59577751159668,237.0,255.0,251.12648010253906,8.022191047668457,241.1999969482422,255.0,246.90908813476562,14.383635520935059,232.1999969482422,255.0
127,grain,3621.0,67.89992924507376,76.48502886680264,64.16866485770497,-0.1630476827333057,0.5441772654048779,0.9160131545661523,265.9238815542512,0.6434631878088329,127.81925201416016,43.72158432006836,69.00469970703125,185.4501190185547,123.0745849609375,39.5474739074707,67.27957916259766,172.51174926757812,104.15045928955078,31.386028289794922,63.829345703125,145.77243041992188,51.5084228515625,31.88039779663086,22.0,95.0,59.04253005981445,35.50284194946289,26.0,111.0,55.24053955078125,31.08797264099121,27.0,100.0
128,grain,546.0,26.366433043273013,29.13501718153559,24.95796732791805,0.19328458338217733,0.5159290982606516,0.914572864321608,100.38477631085024,0.6808740707501725,200.37271118164062,17.244251251220703,174.66815185546875,215.63967895507812,199.45326232910156,14.963194847106934,178.54965209960938,214.77711486816406,194.165771484375,18.662885665893555,167.33639526367188,210.46432495117188,13.106226921081543,5.878787994384766,10.0,18.0,14.556777000427246,6.975721836090088,10.0,22.0,15.560439109802246,7.446574687957764,11.0,23.0
129,grain,1192.0,38.95768906550174,48.6119487984188,31.604178356999064,1.0469566443549836,0.7598213737707111,0.9422924901185771,140.66904755831212,0.7569880532337953,186.950927734375,27.852779388427734,148.360107421875,214.77711486816406,189.4358367919922,22.80461311340332,156.98568725585938,213.8283233642578,184.4739532470703,25.44266700744629,144.9098663330078,209.60177612304688,170.85403442382812,40.46467208862305,114.0,225.9000244140625,163.29698181152344,40.086910247802734,117.0,226.9000244140625,127.07717895507812,53.76904296875,72.0,210.0
130,grain,1388.0,42.038749839789546,47.86466433033058,38.21774311271306,-0.30456770571839503,0.6020555308758799,0.9378378378378378,155.98275605729688,0.7168794826646034,177.90087890625,29.809152603149414,135.42172241210938,207.87664794921875,160.12582397460938,33.309810638427734,112.99519348144531,198.3885040283203,141.01095581054688,32.3482666015625,96.60657501220703,185.4501190185547,44.062679290771484,18.802200317382812,23.0,70.0,44.8904914855957,19.833553314208984,24.0,73.0,44.218299865722656,19.250600814819336,25.0,74.0
131,grain,157.0,14.138550439257221,15.903621822331164,13.933043586998773,-1.0791361332503526,0.48214308567407815,0.8971428571428571,57.17766952966369,0.6034712934629466,64.49412536621094,27.606149673461914,35.364906311035156,96.95159912109375,38.61186218261719,17.63536262512207,22.42652702331543,60.20658874511719,43.42461013793945,15.183703422546387,29.326995849609375,61.069149017333984,77.07643127441406,29.783838272094727,43.599998474121094,110.79995727539062,47.980892181396484,20.120487213134766,29.0,72.79998779296875,51.47770690917969,15.390702247619629,35.0,69.19998168945312
132,grain,1837.0,48.36259963730748,50.12510292968339,48.411351970486166,0.5886210561504721,0.2592489730341857,0.9562727745965642,172.08326112068522,0.7795460314030859,183.23760986328125,29.974153518676758,140.59707641601562,211.32688903808594,183.6790008544922,24.811100006103516,149.22265625,208.7392120361328,181.7937469482422,25.127132415771484,146.63497924804688,205.28897094726562,89.77027893066406,50.12730026245117,38.0,161.0,102.60696411132812,57.04815673828125,41.0,199.39990234375,112.32825469970703,58.653995513916016,44.0,211.39990234375
133,grain,678.0,29.381225490616288,45.17486085076488,20.112485208929655,-0.20101818156867116,0.895424146069501,0.9249658935879945,117.94112549695427,0.6125041310171315,173.48626708984375,26.445478439331055,137.14683532714844,202.7012939453125,167.30712890625,26.06369972229004,131.1089324951172,198.3885040283203,158.9716033935547,26.45079803466797,120.75822448730469,189.76292419433594,109.85103607177734,47.74381637573242,50.0,174.0,124.61357116699219,49.36354064941406,57.70000457763672,189.0,130.12242126464844,42.649818420410156,74.0,191.29998779296875
134,grain,4.0,2.256758334191025,2.8284271247461903,1.7320508075688772,1.5707963267948966,0.7905694150420949,1.0,4.621320343559642,2.3536273758173025,164.10179138183594,7.699880123138428,155.6055908203125,169.66529846191406,187.390869140625,6.747148513793945,179.84349060058594,192.35060119628906,196.6633758544922,4.645020961761475,191.488037109375,200.45864868164062,19.25,0.829156219959259,18.299999237060547,20.0,31.25,1.785357117652893,29.299999237060547,33.0,36.5,1.5,34.900001525878906,37.70000076293945
135,grain,664.0,29.076297180076903,30.89070761602141,28.593286287059975,-0.04682611392074465,0.37843607346146757,0.9365303244005642,103.69848480983501,0.7759489001855678,183.71331787109375,29.559268951416016,136.5430450439453,213.052001953125,178.378173828125,29.053916931152344,133.6966094970703,210.46432495117188,171.07369995117188,32.00935363769531,122.74210357666016,205.28897094726562,24.376506805419922,9.94577693939209,18.0,35.0,23.174697875976562,11.388256072998047,16.0,35.0,24.721385955810547,9.486154556274414,18.0,36.70001220703125
136,grain,24.0,5.527906391541368,9.592415814102132,3.151190773946855,-0.02268090735888031,0.9445009906578351,0.96,18.242640687119284,0.9062451540853318,181.2451629638672,22.957019805908203,150.34397888183594,208.48043823242188,188.3253173828125,14.862287521362305,169.06150817871094,204.42642211914062,186.42051696777344,13.207087516784668,168.97525024414062,203.30508422851562,40.29166793823242,17.429569244384766,21.299999237060547,64.0,55.29166793823242,19.210411071777344,33.900001525878906,82.0999984741211,54.95833206176758,18.689298629760742,33.5,82.19999694824219
137,grain,203.0,16.07692842495848,17.73246590164922,16.70698042710198,-0.8350169893894596,0.3351380231639906,0.8185483870967742,63.9350288425444,0.624062621449542,177.57662963867188,26.43755531311035,134.73167419433594,203.56385803222656,156.9346923828125,32.2545280456543,107.64733123779297,189.76292419433594,154.30877685546875,25.509647369384766,115.75537872314453,182.68992614746094,65.1970443725586,37.12010192871094,25.0,119.0,64.54679870605469,40.62409210205078,22.0,123.0,73.21182250976562,36.91261672973633,30.0,128.5999755859375
138,grain,23.0,5.4115163798060095,8.983075874883449,3.1207579904219758,1.5707963267948966,0.9377154924749757,1.0,17.65685424949238,0.927066815777363,196.4758758544922,8.265379905700684,185.6226348876953,206.84158325195312,197.78846740722656,8.399231910705566,187.1752471923828,208.7392120361328,193.88819885253906,9.604901313781738,182.34490966796875,206.1515350341797,20.869565963745117,10.431159019470215,12.199999809265137,36.19999694824219,27.826086044311523,13.867860794067383,15.199999809265137,49.39999771118164,29.65217399597168,12.767515182495117,17.0,48.599998474121094
139,grain,398.0,22.511093682995384,33.402684332250956,17.75856302082502,0.3711940204700427,0.8469636669723271,0.8105906313645621,133.84062043356593,0.2792010541884159,210.9411163330078,6.646340370178223,202.44253540039062,215.63967895507812,209.5367431640625,6.82689905166626,201.8387451171875,214.77711486816406,206.9837646484375,6.818373203277588,199.25106811523438,211.32688903808594,11.69095516204834,2.512775182723999,10.0,15.0,12.743718147277832,3.71262264251709,11.0,18.0,13.276381492614746,3.895493507385254,11.0,18.0
140,grain,6222.0,89.00615960337903,121.12646464246404,66.09937871542473,1.0036542638926733,0.8379770285523509,0.9592969472710453,334.79393923934,0.6975650226353763,204.6649932861328,19.311002731323242,184.5875701904297,215.63967895507812,200.09976196289062,20.85873031616211,176.8245391845703,213.052001953125,195.5647430419922,22.172456741333008,168.19894409179688,209.60177612304688,42.224525451660156,28.551170349121094,26.0,52.0,45.10301971435547,27.700326919555664,26.0,57.0,48.39955139160156,24.333192825317383,31.0,61.0
141,grain,2086.0,51.536178460548946,57.020207960403965,47.103435283340396,0.5313612920320642,0.5635481907413947,0.9765917602996255,175.88225099390854,0.8473837622171034,183.19613647460938,30.255718231201172,138.8719482421875,210.46432495117188,178.59266662597656,30.013343811035156,134.99044799804688,207.87664794921875,171.9055633544922,30.72224998474121,125.07101440429688,202.7012939453125,187.66970825195312,37.95296096801758,132.0,225.0,200.9434356689453,35.210758209228516,151.0,235.0,200.9381561279297,34.43796920776367,151.0,235.0
142,grain,1685.0,46.318556031883695,68.85591113190418,31.63579429555351,1.4151657489713385,0.8882040413840403,0.9445067264573991,178.8111831820431,0.6622476341140862,169.44186401367188,31.236106872558594,124.20845794677734,205.28897094726562,167.39732360839844,28.76510238647461,130.24636840820312,201.8387451171875,157.44384765625,28.602027893066406,118.17054748535156,192.35060119628906,50.12284851074219,46.85514831542969,16.0,126.0,55.96320343017578,49.86126708984375,18.0,136.199951171875,56.70741653442383,44.98597717285156,20.0,127.0
143,grain,2673.0,58.33840332985717,75.02374055608887,47.80497308378552,0.09783928100815385,0.7707001898960482,0.9498933901918977,222.81118318204307,0.6766044551051398,184.39942932128906,23.79585838317871,150.94776916503906,208.7392120361328,171.25033569335938,28.29611587524414,131.1089324951172,202.7012939453125,163.83355712890625,27.723583221435547,123.34589385986328,196.66339111328125,56.20650863647461,29.23020362854004,35.0,74.0,57.78226852416992,24.37270736694336,37.0,76.0,62.2143669128418,18.739776611328125,43.0,81.0
144,grain,487.0,24.901157769991823,29.671305222999955,21.370668970869673,-1.2213728021740942,0.6937176945073869,0.9662698412698413,86.62741699796952,0.81550775464789,159.28997802734375,34.75499725341797,108.33737182617188,201.8387451171875,144.9098663330078,35.407325744628906,92.29378509521484,190.62547302246094,131.53224182128906,32.05244827270508,87.98098754882812,173.7193145751953,214.18275451660156,33.452186584472656,163.0,249.0,191.59136962890625,36.50393295288086,135.60000610351562,237.0,163.1991729736328,36.44611740112305,115.60000610351562,209.0
145,grain,2348.0,54.67692795904102,58.26417681803508,51.868649352224935,0.3119199720839495,0.45550690128098165,0.9622950819672131,191.49747468305833,0.8046033828540763,181.55796813964844,32.178009033203125,133.43783569335938,211.32688903808594,177.10667419433594,29.410930633544922,134.5591583251953,207.87664794921875,165.92498779296875,30.724205017089844,121.62078094482422,200.11361694335938,149.49105834960938,54.58390426635742,74.69999694824219,221.0,153.99574279785156,46.91046905517578,91.0,217.0,145.44122314453125,42.616085052490234,91.0,204.0
146,grain,3679.0,68.44156840021029,82.52678778271596,58.09484820945541,1.154783100242073,0.710248139317562,0.9656167979002624,246.81118318204307,0.7589444403410855,203.56149291992188,21.229684829711914,181.827392578125,216.5022430419922,197.5817413330078,25.0897274017334,167.33639526367188,213.052001953125,194.33009338378906,24.627927780151367,161.29847717285156,210.46432495117188,228.8529510498047,36.22836685180664,192.0,249.0,231.23294067382812,38.001060485839844,196.0,252.0,231.73390197753906,33.89146423339844,200.0,251.0
147,grain,19.0,4.918490759365935,5.745955285168689,4.371027512765357,0.5179206265044005,0.649087440727986,0.95,14.242640687119286,1.1770161688565013,109.81734466552734,25.125965118408203,82.80563354492188,141.97715759277344,169.83328247070312,23.847991943359375,142.66722106933594,197.69845581054688,183.1348419189453,15.33076000213623,167.16387939453125,202.01126098632812,17.36842155456543,2.1078929901123047,15.0,20.0,23.36842155456543,5.498425483703613,16.799999237060547,31.19999885559082,31.052631378173828,3.7902045249938965,26.0,36.19999694824219
148,grain,39.0,7.046725639945928,14.966629547095765,3.265986323710904,0.0,0.9759000729485332,1.0,28.0,0.6251128239285813,28.42020606994629,6.92516565322876,19.838850021362305,36.39997863769531,107.70925903320312,15.908611297607422,90.56866455078125,131.1089324951172,146.98887634277344,15.45798110961914,126.45111083984375,167.5089111328125,16.102563858032227,1.8087375164031982,14.0,18.0,32.10256576538086,4.12493896484375,26.799999237060547,37.0,53.46154022216797,6.420504570007324,44.79999923706055,60.0
149,grain,11.0,3.742410318509555,5.158872581496354,2.9705302921887147,-1.2043887759016434,0.8175835570071508,0.9166666666666666,8.0,2.1598449493429825,55.9879035949707,8.398768424987793,45.71561050415039,65.5544662475586,51.04779052734375,7.826529502868652,43.12793731689453,59.51655197143555,53.79229736328125,6.684111595153809,47.440731048583984,61.241668701171875,32.3636360168457,2.672170639038086,30.0,36.0,29.363636016845703,4.753424167633057,25.0,37.0,38.272727966308594,2.0928843021392822,36.0,40.0
150,grain,1.0,1.1283791670955126,0.0,0.0,-0.7853981633974483,0.0,1.0,0.0,0.0,69.00469970703125,0.0,69.00469970703125,69.00469970703125,68.14213562011719,0.0,68.14213562011719,68.14213562011719,69.00469970703125,0.0,69.00469970703125,69.00469970703125,56.0,0.0,56.0,56.0,67.0,0.0,67.0,67.0,71.0,0.0,71.0,71.0
151,grain,467.0,24.384480051691096,33.12348196580394,18.194604866474286,0.7039604237309913,0.8356276774286165,0.9229249011857708,95.59797974644667,0.6421393965290464,180.86582946777344,26.057775497436523,144.56484985351562,208.7392120361328,189.24205017089844,12.956636428833008,169.924072265625,203.56385803222656,193.2537841796875,10.530835151672363,178.54965209960938,205.28897094726562,219.45396423339844,29.074363708496094,177.0,249.0,223.82012939453125,13.310563087463379,205.0,238.0,205.24411010742188,15.99679946899414,185.0,223.39999389648438
152,grain,963.0,35.01613458935697,41.07544151766518,30.52881588422885,-0.9841175985297124,0.6690274658782526,0.9331395348837209,127.59797974644665,0.7432733382059468,177.236572265625,31.998821258544922,129.38380432128906,210.46432495117188,164.63406372070312,34.22442626953125,112.99519348144531,205.28897094726562,149.5925750732422,34.845863342285156,98.33169555664062,194.07571411132812,220.49740600585938,33.78935241699219,166.0,255.0,200.43093872070312,43.70965576171875,132.0,249.0,156.96780395507812,39.6129264831543,99.20000457763672,207.0
153,grain,802.0,31.955251757380985,37.37196312947862,27.722726656289222,0.3439497363924396,0.6706151246315334,0.9733009708737864,108.66904755831213,0.853439050817793,180.12957763671875,34.79008865356445,128.52125549316406,213.052001953125,183.181884765625,27.430627822875977,144.99612426757812,209.60177612304688,181.8353271484375,26.785627365112305,144.04730224609375,207.87664794921875,206.16583251953125,50.848079681396484,127.0,254.0,225.52992248535156,34.44297790527344,176.1999969482422,255.0,226.66209411621094,33.59861755371094,179.0,255.0
154,grain,850.0,32.897623212397704,38.98246137925807,28.914602499197976,1.225654547919266,0.6706945842920888,0.9259259259259259,124.2842712474619,0.6915067909674332,47.89230728149414,29.044574737548828,23.289085388183594,96.60657501220703,59.474945068359375,26.142467498779297,34.41609573364258,98.33169555664062,65.05011749267578,23.024499893188477,40.45400619506836,97.55537414550781,36.908233642578125,23.336383819580078,17.0,75.0,49.73882293701172,27.395835876464844,25.900001525878906,90.0,54.22588348388672,24.339332580566406,32.0,90.0
155,grain,1493.0,43.59984679204272,48.135431226371736,40.774164550733445,0.2686789438276142,0.5314785318048889,0.9461343472750317,161.63961030678928,0.7180820690527977,197.44448852539062,19.875272750854492,170.78662109375,213.91456604003906,191.35516357421875,21.749908447265625,161.4709930419922,211.32688903808594,184.38421630859375,22.810489654541016,150.08522033691406,206.1515350341797,73.09042358398438,62.33478546142578,26.0,187.0,69.5472183227539,57.687381744384766,28.0,173.0,67.54788970947266,47.80100631713867,31.0,148.7999267578125
156,grain,1909.0,49.301260540674065,64.21578585569743,38.46653808083697,0.9290984798294729,0.8007340858314075,0.9568922305764411,183.49747468305833,0.7124519980872743,203.3731689453125,19.88096046447754,173.20179748535156,215.63967895507812,202.3836669921875,16.644113540649414,178.3771514892578,213.91456604003906,200.85328674316406,15.181488990783691,179.41221618652344,211.32688903808594,135.1246795654297,42.96303176879883,60.0,174.0,155.10267639160156,45.605072021484375,76.0,198.0,163.57412719726562,41.837337493896484,92.80000305175781,200.0
157,grain,1216.0,39.34792607492748,54.58419383216628,33.753260856393304,0.838967748448546,0.7858866313261771,0.7710843373493976,189.0538238691624,0.42753582014983627,157.24317932128906,44.71831130981445,90.56866455078125,204.42642211914062,165.7410888671875,36.03361511230469,112.13263702392578,201.8387451171875,161.7637939453125,34.29729080200195,110.40751647949219,199.25106811523438,108.38897705078125,73.97203826904297,18.0,209.0,109.5370101928711,66.5940933227539,24.0,196.0,98.53865051269531,54.412986755371094,28.0,173.0
158,grain,863.0,33.14823867276277,43.83903287312808,25.37537004050318,0.9869666853375978,0.815447872752471,0.9442013129102844,123.0477272147525,0.7162645661762777,179.15335083007812,32.4375,136.28427124023438,207.01409912109375,169.51828002929688,32.20683288574219,125.2435302734375,200.11361694335938,152.26409912109375,34.734588623046875,105.40467834472656,192.35060119628906,193.90382385253906,52.376399993896484,114.20000457763672,245.79998779296875,189.7137908935547,47.510887145996094,120.0,238.0,169.0220184326172,47.10791015625,100.20000457763672,228.0
159,grain,513.0,25.557227675339483,32.53795921036001,20.89538150060861,0.902130175360437,0.7665498907713709,0.903169014084507,103.698484809835,0.5994906412578258,159.78689575195312,32.79792404174805,116.61793518066406,193.21315002441406,147.92294311523438,30.628599166870117,107.99234771728516,183.72500610351562,129.8562774658203,32.78194808959961,85.73833465576172,171.47666931152344,170.06822204589844,54.97290802001953,86.19999694824219,237.0,163.6608123779297,49.348602294921875,89.19999694824219,228.0,137.3996124267578,43.96385955810547,73.19999694824219,195.79998779296875
160,grain,48.0,7.817640190446719,16.68143718875654,3.778659078123011,-0.03802177963955854,0.9740067940068378,0.9056603773584906,33.071067811865476,0.5515116182065827,77.8459243774414,22.852041244506836,48.648311614990234,113.1677017211914,90.67648315429688,17.041107177734375,69.17720794677734,110.925048828125,78.5467529296875,15.699206352233887,55.37627029418945,99.45301818847656,44.22916793823242,24.72704315185547,17.0,80.5,55.33333206176758,23.79367446899414,31.400001525878906,87.30000305175781,54.1875,19.160133361816406,34.0,75.30000305175781
161,grain,367.0,21.616635097022034,32.8551927711504,16.670538175328183,-1.4242459584765337,0.8617139923585853,0.8065934065934066,117.11269837220809,0.33625438231351273,142.43499755859375,42.636077880859375,79.35540008544922,186.65769958496094,135.9834442138672,52.42490768432617,45.37059020996094,187.1752471923828,132.93508911132812,43.333473205566406,63.48432540893555,180.96481323242188,46.20163345336914,21.001951217651367,21.0,76.0,56.55585861206055,28.308855056762695,19.60000228881836,95.0,61.659400939941406,22.469139099121094,32.60000228881836,93.39999389648438
162,grain,5.0,2.5231325220201604,2.5298221281347035,2.5298221281347035,-0.7853981633974483,0.0,1.0,5.656854249492381,1.9634954084936203,112.3051528930664,8.117223739624023,104.71463012695312,121.62078094482422,117.65299987792969,7.590518951416016,108.85491180419922,125.76106262207031,110.58003234863281,6.300814151763916,104.02458190917969,117.99803161621094,120.4000015258789,15.982489585876465,101.4000015258789,136.8000030517578,156.0,16.601205825805664,135.8000030517578,172.8000030517578,142.60000610351562,12.939861297607422,126.5999984741211,154.8000030517578
163,grain,11.0,3.742410318509555,5.158872581496354,2.9705302921887147,-1.2043887759016434,0.8175835570071508,0.9166666666666666,8.0,2.1598449493429825,90.33342742919922,14.624659538269043,71.59237670898438,110.40751647949219,82.49197387695312,13.118900299072266,66.41702270507812,100.91937255859375,69.16152954101562,13.492751121520996,54.3411979675293,91.43122100830078,41.272727966308594,6.368828773498535,31.0,47.0,36.3636360168457,4.354156494140625,30.0,42.0,40.54545593261719,3.085556983947754,36.0,44.0
164,grain,2211.0,53.05782348918437,62.772550324919905,47.06469037766663,0.7332618373532623,0.6617036705618758,0.8697875688434303,224.8528137423857,0.5495433456979083,151.7447967529297,38.080467224121094,96.60657501220703,198.3885040283203,160.92514038085938,27.682363510131836,122.48333740234375,194.9382781982422,159.29949951171875,26.441892623901367,120.75822448730469,191.488037109375,70.11125946044922,56.67281723022461,23.0,176.0,78.51786804199219,56.681278228759766,34.0,189.0,74.13387298583984,51.34943389892578,35.0,170.0
165,grain,348.0,21.049640414216977,25.38830806523419,17.666044212454768,-1.347912227299525,0.7182027913844556,0.9693593314763231,70.04163056034261,0.8914081742538719,175.75624084472656,24.268970489501953,144.9098663330078,204.42642211914062,175.7983856201172,21.49552345275879,147.49754333496094,200.37237548828125,174.35086059570312,20.45475959777832,146.63497924804688,199.25106811523438,199.35919189453125,36.36603927612305,144.6999969482422,241.0,218.62930297851562,25.664793014526367,179.0,245.29998779296875,219.73562622070312,25.906423568725586,178.0,246.29998779296875
166,grain,774.0,31.39247374172695,42.98384970322784,23.705606327785326,-0.9564066808505665,0.8341746884526547,0.9302884615384616,121.15432893255071,0.6626328342434435,177.10870361328125,27.141847610473633,138.26817321777344,206.1515350341797,190.0103302001953,18.347900390625,166.73260498046875,207.87664794921875,193.6633758544922,12.711695671081543,177.68710327148438,206.1515350341797,237.1718292236328,21.460742950439453,204.0,255.0,250.14987182617188,10.04412841796875,243.0,255.0,251.17958068847656,6.010761260986328,245.3000030517578,255.0
167,grain,3.0,1.9544100476116797,3.265986323710904,0.0,1.5707963267948966,1.0,1.0,1.0,37.69911184307752,100.91937255859375,3.2273974418640137,97.9866714477539,104.19709014892578,108.3948745727539,4.793909549713135,103.50704956054688,112.4776611328125,96.03153228759766,2.473336696624756,93.67387390136719,98.50420379638672,23.66666603088379,5.436501979827881,18.799999237060547,29.19999885559082,27.0,5.887840747833252,21.799999237060547,33.0,31.66666603088379,5.249338626861572,27.399999618530273,37.0
168,grain,3590.0,67.60865303790067,75.39312968996434,66.84300016674786,0.9999568246814138,0.46255090862137754,0.9104742581790515,291.095454429505,0.5323943831860666,158.59716796875,42.531131744384766,88.84355163574219,202.7012939453125,152.41917419433594,39.95283889770508,87.98098754882812,196.66339111328125,139.28472900390625,42.757564544677734,69.86725616455078,186.31268310546875,133.5203399658203,61.466552734375,61.0,231.099853515625,140.11671447753906,59.80750274658203,68.0,233.0,130.142333984375,59.17804718017578,54.0,221.0
169,grain,6531.0,91.18951401704774,131.32233048295322,72.24126705897203,-1.2667499254021999,0.8350945115007581,0.807193177604746,509.14927829866735,0.31659152349673975,138.70791625976562,50.520294189453125,65.5544662475586,205.28897094726562,144.51905822753906,43.66108322143555,81.94307708740234,200.97618103027344,138.2602081298828,41.74679946899414,78.49284362792969,194.9382781982422,72.94074249267578,60.55085372924805,13.0,169.0,90.2535629272461,69.82350158691406,15.0,202.0,93.21880340576172,67.82733917236328,17.0,204.0
170,grain,1243.0,39.7823673768393,42.93599854193809,37.77964263946746,0.9950541349513308,0.4751478033195046,0.9503058103975535,139.69848480983498,0.8003825309813012,166.63621520996094,31.518348693847656,119.89566040039062,203.3912811279297,159.4193115234375,30.66560173034668,116.44542694091797,195.8008270263672,147.53431701660156,30.982379913330078,104.3696060180664,185.2775421142578,182.1834259033203,46.99055862426758,115.0,239.0,181.59371948242188,41.104068756103516,124.0,231.0,160.31536865234375,36.75526428222656,113.0,207.0
171,grain,44.0,7.48482063701911,10.16185995702076,5.578240538301862,1.5295110989475382,0.8358624590255322,1.0,23.414213562373096,1.0085638321669657,123.3851089477539,16.47500991821289,100.83311462402344,146.376220703125,118.11172485351562,17.942462921142578,93.67388153076172,142.66722106933594,114.9555435180664,15.640384674072266,96.0027847290039,137.75062561035156,48.70454406738281,12.8267822265625,37.0,65.0,61.1363639831543,13.67078971862793,46.0,81.10000610351562,77.43181610107422,14.38812255859375,58.29999923706055,95.69999694824219
172,grain,20.0,5.046265044040321,7.731010827707836,3.198667157092813,-1.5198371430544597,0.9103928087251936,1.0,15.414213562373096,1.0577842983151127,132.66152954101562,17.63210105895996,109.11367797851562,157.0719451904297,117.0492172241211,18.253055572509766,87.98098754882812,139.9932861328125,96.52031707763672,13.484360694885254,76.50895690917969,114.11651611328125,22.850000381469727,3.409912109375,17.899999618530273,27.100000381469727,27.600000381469727,4.892851829528809,21.0,33.20000076293945,30.649999618530273,4.901785373687744,23.899999618530273,37.0
173,grain,3.0,1.9544100476116797,3.265986323710904,0.0,0.0,1.0,1.0,1.0,37.69911184307752,87.98098754882812,3.7266790866851807,84.87577819824219,91.7762451171875,88.84354400634766,2.439685344696045,87.1184310913086,91.25871276855469,67.56710052490234,2.8462982177734375,65.5544662475586,70.38479614257812,124.0,10.424330711364746,114.5999984741211,134.60000610351562,127.66666412353516,8.178563117980957,119.80000305175781,135.8000030517578,94.33333587646484,6.342099666595459,88.80000305175781,100.80000305175781
174,grain,663.0,29.054394128245264,34.91999317026014,24.431760366755665,0.4426610786147816,0.71448610386273,0.958092485549133,101.94112549695429,0.8017233713624546,181.20758056640625,27.189794540405273,145.08238220214844,208.7392120361328,189.30886840820312,16.071958541870117,165.61126708984375,207.01409912109375,193.7895050048828,12.600480079650879,175.09942626953125,207.01409912109375,74.4781265258789,29.700044631958008,36.0,114.0,91.6651611328125,28.008447647094727,55.0,126.0,98.84011840820312,26.926498413085938,62.0,132.0
175,grain,181.0,15.180789096653193,19.863236631238188,11.692006386427654,0.6985512069094253,0.8084058957609291,0.9576719576719577,51.79898987322333,0.8477071719844421,195.64833068847656,12.777472496032715,179.41221618652344,208.7392120361328,192.23623657226562,12.921820640563965,175.96197509765625,205.28897094726562,184.049072265625,15.787345886230469,159.5733642578125,200.97618103027344,235.9060821533203,16.934289932250977,213.0,250.0,242.7569122314453,12.195756912231445,228.0,253.0,237.9779052734375,15.75501537322998,217.0,251.0
176,grain,10.0,3.5682482323055424,4.890328996215119,2.9807184215852436,-1.3270700092019585,0.7927761798330488,0.9090909090909091,7.414213562373095,2.286018186107673,64.17436981201172,8.148327827453613,57.79143524169922,75.12886047363281,62.36299514770508,7.73470401763916,56.5838508605957,70.29853057861328,53.13361358642578,6.480106353759766,47.18196487426758,60.37910461425781,52.099998474121094,15.507740020751953,38.79999923706055,66.69998168945312,61.5,15.45477294921875,48.599998474121094,77.29998779296875,57.20000076293945,11.813551902770996,46.70000076293945,67.89998626708984
177,grain,2305.0,54.17395269513339,82.97872619403498,36.4482210752888,-0.9298683162590227,0.8983659553905952,0.9283125251711639,212.2670273047588,0.6428589846364084,196.72586059570312,25.50217628479004,161.6435089111328,216.5022430419922,193.04026794433594,26.337661743164062,158.71080017089844,213.91456604003906,190.33734130859375,24.35114860534668,158.71080017089844,212.189453125,207.4056396484375,43.0115852355957,146.0,250.0,214.4403533935547,40.26628112792969,158.0,253.0,217.46768188476562,34.08185958862305,171.0,251.0
178,grain,1.0,1.1283791670955126,0.0,0.0,-0.7853981633974483,0.0,1.0,0.0,0.0,105.23216247558594,0.0,105.23216247558594,105.23216247558594,72.4549331665039,0.0,72.4549331665039,72.4549331665039,72.4549331665039,0.0,72.4549331665039,72.4549331665039,42.0,0.0,42.0,42.0,33.0,0.0,33.0,33.0,36.0,0.0,36.0,36.0
179,grain,7.0,2.985410660720923,3.0237157840738176,2.7994168488950604,1.5707963267948966,0.3779644730092273,1.0,6.82842712474619,1.8865422955842652,75.90516662597656,10.401920318603516,64.86441802978516,87.29093170166016,48.67295455932617,4.9196577072143555,43.8179817199707,54.513710021972656,57.29854202270508,6.663146495819092,50.71845245361328,64.34687805175781,49.0,3.964124917984009,44.599998474121094,53.400001525878906,36.14285659790039,4.223355770111084,30.600000381469727,39.0,49.71428680419922,2.864276647567749,46.79999923706055,52.79999923706055
180,grain,1340.0,41.30545956583848,55.62302181944029,31.85645286850899,0.3238747723535328,0.8197506109327316,0.9165526675786594,157.25483399593907,0.6809365615843106,179.6774139404297,24.961645126342773,144.9098663330078,207.01409912109375,172.93014526367188,25.825050354003906,137.14683532714844,202.7012939453125,165.5385284423828,25.639299392700195,128.4350128173828,196.66339111328125,92.75895690917969,86.0657958984375,20.0,236.0,89.01268768310547,77.86297607421875,23.0,220.0,81.47686767578125,61.848331451416016,27.0,177.0
181,grain,3.0,1.9544100476116797,3.265986323710904,0.0,1.5707963267948966,1.0,1.0,1.0,37.69911184307752,98.61920928955078,19.44533920288086,78.8378677368164,116.10040283203125,97.1816177368164,21.37723159790039,75.56014251708984,116.96296691894531,76.7677230834961,18.67328453063965,58.3089714050293,94.88145446777344,33.0,7.4833149909973145,26.200000762939453,40.599998474121094,44.0,11.518101692199707,33.20000076293945,55.599998474121094,47.33333206176758,9.53356647491455,38.599998474121094,57.0
182,grain,1.0,1.1283791670955126,0.0,0.0,-0.7853981633974483,0.0,1.0,0.0,0.0,98.33169555664062,0.0,98.33169555664062,98.33169555664062,65.5544662475586,0.0,65.5544662475586,65.5544662475586,72.4549331665039,0.0,72.4549331665039,72.4549331665039,42.0,0.0,42.0,42.0,29.0,0.0,29.0,29.0,36.0,0.0,36.0,36.0
183,grain,261.0,18.229523339239496,22.912039391000857,15.278405236680788,1.1459920067979998,0.7452110417696796,0.9388489208633094,64.2842712474619,0.7936717485818411,17.280916213989258,6.560951232910156,12.075821876525879,24.151643753051758,17.93857765197754,8.298871040344238,12.075821876525879,25.014202117919922,17.409807205200195,6.1064910888671875,12.075821876525879,24.151643753051758,24.268199920654297,10.302555084228516,16.0,36.0,24.187740325927734,12.496098518371582,15.0,41.0,22.869731903076172,8.587518692016602,15.0,31.0
184,grain,2885.0,60.60772299435893,88.1933024010546,49.737558799886244,1.4912338271637837,0.8258016106644788,0.7914951989026063,281.0660171779821,0.45892213183926656,159.1287841796875,41.555946350097656,92.29378509521484,203.56385803222656,166.35693359375,30.289764404296875,124.20845794677734,199.25106811523438,163.8215789794922,29.982364654541016,119.89566040039062,197.52593994140625,102.34142303466797,84.89313507080078,20.0,248.0,113.58267211914062,84.17803955078125,28.0,242.0,108.48284149169922,77.12890625,30.0,231.0
185,grain,3301.0,64.83026868038395,83.50973656968038,50.82072238510408,1.4217381275844085,0.7935075208893476,0.9618298368298368,236.95331880577402,0.7388049500791893,125.5152359008789,40.273677825927734,68.14213562011719,177.68710327148438,105.15220642089844,38.2477912902832,52.61608123779297,156.1231231689453,81.30889892578125,29.728933334350586,43.12793731689453,121.62078094482422,57.46955490112305,41.99097442626953,22.0,115.0,56.85580062866211,41.53801345825195,22.0,114.0,48.95304489135742,30.72882080078125,23.0,89.0
186,grain,201.0,15.99753570059363,23.132568620112814,11.299476106266512,1.2152577960136572,0.8725828595568905,0.9392523364485982,58.14213562373095,0.7471778034946798,203.90716552734375,18.165477752685547,175.96197509765625,215.63967895507812,198.56443786621094,18.614778518676758,168.19894409179688,212.189453125,196.92945861816406,17.621498107910156,171.64918518066406,210.46432495117188,126.11940002441406,39.24037170410156,71.0,169.0,126.57213592529297,35.21993637084961,75.0,157.0,132.69651794433594,27.275676727294922,91.0,159.0
187,grain,3.0,1.9544100476116797,3.265986323710904,0.0,0.0,1.0,1.0,1.0,37.69911184307752,72.4549331665039,15.494074821472168,57.27389907836914,87.6359634399414,136.57179260253906,17.611604690551758,119.20561218261719,153.7079620361328,157.27320861816406,16.446521759033203,140.59707641601562,172.3392333984375,13.333333015441895,0.471404492855072,13.0,13.800000190734863,22.33333396911621,0.471404492855072,22.0,22.799999237060547,47.33333206176758,4.496912479400635,43.0,51.79999923706055
188,grain,137.0,13.207339536360731,18.95512787910815,9.47130567639995,0.21285865762092737,0.8662159390156859,0.8726114649681529,49.55634918610404,0.7010222821307356,155.73907470703125,23.946582794189453,119.0331039428711,183.20745849609375,150.4315185546875,24.197574615478516,116.61793518066406,181.1373291015625,135.7742919921875,27.752487182617188,98.84922790527344,174.2368621826172,35.31386947631836,15.869335174560547,24.0,55.0,45.080291748046875,23.300342559814453,31.600000381469727,72.39999389648438,49.1751823425293,25.003326416015625,33.0,87.79998779296875
189,grain,182.0,15.222667215103916,20.22177714788548,12.954096898564826,0.5363036682937972,0.7678736638996443,0.8708133971291866,60.97056274847714,0.6152347322404631,18.563968658447266,12.181891441345215,11.213263511657715,27.51561737060547,14.473925590515137,13.626136779785156,8.625587463378906,23.202823638916016,20.80093765258789,8.78305435180664,13.800939559936523,26.739320755004883,33.67582321166992,27.1448974609375,14.0,67.79998779296875,26.181318283081055,31.640409469604492,11.0,62.899993896484375,36.86263656616211,19.315990447998047,21.0,57.699981689453125
190,grain,57.0,8.51907589177983,12.810532899860045,5.970879675622866,-1.4691588637371344,0.8847365558505064,0.8769230769230769,30.14213562373095,0.7883819644098283,191.26104736328125,13.776825904846191,173.37429809570312,203.0463104248047,188.9306182861328,13.252813339233398,171.47666931152344,199.25106811523438,193.8638458251953,14.258934020996094,175.96197509765625,205.28897094726562,25.6842098236084,24.058523178100586,15.0,49.79999542236328,25.824562072753906,20.815919876098633,16.0,46.9999885559082,24.491228103637695,11.627437591552734,18.0,31.79999542236328
191,grain,159.0,14.228319915326999,16.65401118644527,12.477937848837335,1.0634548888918232,0.6622927137426929,0.9695121951219512,46.72792206135786,0.9150694376531622,201.16062927246094,13.449739456176758,180.6197967529297,213.052001953125,195.58383178710938,14.976545333862305,170.4416046142578,208.91172790527344,186.89315795898438,15.011974334716797,165.61126708984375,203.56385803222656,239.90565490722656,15.24673080444336,216.0,253.0,239.93710327148438,14.01871395111084,222.8000030517578,254.0,220.5471649169922,21.15878677368164,190.8000030517578,247.0
192,grain,483.0,24.798683434954437,33.02409146096307,19.20841188003557,1.2465593091788183,0.8134402689399343,0.936046511627907,88.76955262170047,0.7702450792622147,154.0408477783203,32.731502532958984,107.30230712890625,197.35342407226562,149.16551208496094,33.258827209472656,104.5421142578125,194.07571411132812,138.93624877929688,34.78547668457031,93.15634155273438,187.8652801513672,140.74740600585938,24.957155227661133,106.19999694824219,173.0,133.40994262695312,24.809703826904297,102.19999694824219,168.0,116.21739196777344,23.125732421875,89.19999694824219,150.0
193,grain,96.0,11.055812783082736,15.049584786377258,9.093339166779531,1.0940359412291383,0.7968135568027822,0.8067226890756303,47.76345596729059,0.5287977651376127,121.32427215576172,27.779834747314453,83.66819763183594,158.27952575683594,141.46861267089844,28.560251235961914,105.23216247558594,178.11837768554688,138.42271423339844,31.691448211669922,96.60658264160156,180.7060546875,43.47916793823242,20.217041015625,22.5,72.0,62.54166793823242,27.54425048828125,31.5,99.5,65.89583587646484,28.235424041748047,33.5,105.5
194,grain,466.0,24.35835848013133,37.238395007417765,16.310413805051933,1.3195884164457514,0.8989750138184955,0.9155206286836935,92.76955262170047,0.6804321980654202,195.11598205566406,15.65489673614502,175.09942626953125,210.46432495117188,193.41676330566406,16.56150245666504,169.06150817871094,209.60177612304688,194.65321350097656,14.395992279052734,176.39324951171875,207.87664794921875,98.14591979980469,41.51301956176758,49.0,160.0,114.5214614868164,39.70087432861328,67.5,172.0,126.25321960449219,39.706329345703125,80.5,185.0
195,grain,823.0,32.37091511398834,43.92832047716734,24.051215318817263,1.0899886477033813,0.8367988330738998,0.9693757361601885,116.66904755831213,0.7597984343390333,187.401611328125,28.86014747619629,143.18475341796875,214.77711486816406,187.65525817871094,25.79942512512207,150.2577362060547,213.052001953125,185.96157836914062,25.56395721435547,149.39517211914062,212.189453125,240.52854919433594,23.549877166748047,203.20001220703125,255.0,246.45928955078125,16.387338638305664,228.20001220703125,255.0,245.38275146484375,17.853271484375,225.0,255.0
196,grain,10437.0,115.27706245563726,146.89587392448772,105.24524200174045,-1.1060643252639086,0.6976266062131021,0.8364321205321366,619.1320343559643,0.34215193217608075,176.57586669921875,42.53268814086914,106.0947265625,216.5022430419922,171.66348266601562,51.43348693847656,81.94307708740234,213.052001953125,171.59744262695312,45.544036865234375,97.4691390991211,211.32688903808594,174.62135314941406,86.54570007324219,48.0,255.0,175.439208984375,85.08424377441406,52.0,255.0,180.77857971191406,78.9055404663086,66.0,255.0
197,grain,440.0,23.66908109081279,34.56490295021412,17.489563728526214,-1.3740379199895554,0.8625381816603184,0.842911877394636,103.18376618407356,0.5193256693745856,101.09384155273438,49.63667678833008,37.866329193115234,163.0236053466797,108.78826141357422,58.118289947509766,33.63978958129883,182.08612060546875,104.75971221923828,59.258262634277344,32.7772331237793,182.08612060546875,35.81591033935547,20.719013214111328,16.0,58.0,52.29999923706055,33.31462860107422,17.900001525878906,89.0,57.3863639831543,35.79220962524414,21.0,100.0
198,grain,310.0,19.867165345562018,22.30020897451191,18.31969971629393,-0.7979929669975416,0.5702034724582224,0.8959537572254336,75.76955262170047,0.6785504016352173,44.282649993896484,19.646987915039062,18.97629165649414,69.00469970703125,39.59701156616211,17.529420852661133,15.526057243347168,63.91560745239258,30.19790267944336,10.904326438903809,16.38861656188965,45.80187225341797,55.609676361083984,36.131649017333984,15.0,103.0,51.65806579589844,31.004253387451172,15.0,94.0,34.280643463134766,15.947351455688477,15.899999618530273,55.100006103515625
199,grain,2315.0,54.2913395125033,70.49639562137197,46.24266100064351,0.5823078441692041,0.7547975601351636,0.858679525222552,246.85281374238568,0.47740250736085116,74.79743957519531,36.39221954345703,35.364906311035156,134.5591583251953,68.04191589355469,32.33238983154297,35.364906311035156,119.5505142211914,49.65357208251953,23.923837661743164,25.014202117919922,86.25587463378906,30.96155548095703,19.93628692626953,14.0,57.599853515625,34.70799255371094,22.008270263671875,16.0,64.0,31.489849090576172,18.136945724487305,15.0,54.599853515625
200,grain,98.0,11.170383851240114,12.952474641211035,10.494646599546671,-1.1494635594334814,0.5860946556933864,0.875,40.520815280171306,0.7500316498115454,102.2572250366211,27.760982513427734,66.76204681396484,139.13070678710938,156.924072265625,27.917551040649414,118.77433776855469,187.1752471923828,174.8353729248047,22.936107635498047,145.85867309570312,197.52593994140625,61.836734771728516,17.924270629882812,40.70000076293945,88.0,123.46939086914062,32.26807403564453,75.80000305175781,166.0,159.11224365234375,31.17229461669922,117.0999984741211,199.0
201,grain,3651.0,68.1806246512019,73.33322971207885,64.1345536143369,1.540993869343303,0.48491131242777474,0.9715274081958488,240.8528137423857,0.79089394090976,59.28525924682617,25.13637924194336,30.189556121826172,92.29378509521484,49.52825927734375,22.89000701904297,25.014202117919922,81.08052062988281,40.31180191040039,16.896244049072266,22.42652702331543,62.9667854309082,57.36893844604492,30.68470001220703,27.0,97.0,52.41741943359375,29.70798110961914,25.0,90.0,42.262393951416016,20.2948055267334,22.0,68.0
202,grain,805.0,32.01496265048276,41.869825797157496,25.249677174535172,1.2407746316548152,0.7977019679520231,0.9560570071258907,114.62741699796952,0.7698900946163919,189.44790649414062,22.55991554260254,156.98568725585938,210.46432495117188,196.30551147460938,16.816272735595703,170.78662109375,211.32688903808594,195.55116271972656,17.223228454589844,171.13165283203125,210.46432495117188,216.88819885253906,61.316768646240234,106.0,255.0,221.4409942626953,57.36073684692383,120.4000015258789,255.0,212.9975128173828,44.75093460083008,140.39999389648438,245.0
203,grain,8.0,3.1915382432114616,4.898979485566356,1.9364916731037085,0.0,0.9185586535436918,1.0,8.414213562373096,1.4199491418576702,20.162309646606445,7.3689165115356445,11.817054748535156,31.052114486694336,58.65399169921875,8.137362480163574,51.40850067138672,70.98857879638672,86.25587463378906,4.917342662811279,82.54686737060547,92.12126922607422,9.0,1.0,8.0,10.299999237060547,11.75,1.198957920074463,10.699999809265137,13.299999237060547,14.5,0.8660253882408142,13.699999809265137,15.299999237060547
204,grain,12.0,3.9088200952233594,4.894994431930091,2.9693109114997,0.16435549941648442,0.7950060587397373,1.0,10.242640687119284,1.4373655585403928,18.97629165649414,4.631654262542725,13.887195587158203,25.53173828125,58.22271728515625,5.748593807220459,50.97722244262695,63.74308776855469,88.124755859375,6.726053237915039,81.33928680419922,97.64164733886719,9.0,0.5773502588272095,8.100000381469727,9.899999618530273,11.416666984558105,0.6400954723358154,11.0,12.0,13.5,0.64549720287323,13.0,14.0
205,grain,65.0,9.09728368293446,11.16036944522206,7.55796535032322,0.0,0.7357855385719829,0.9701492537313433,28.48528137423857,1.006658565469376,67.27957916259766,16.30213165283203,46.57817077636719,88.67103576660156,120.41320037841797,19.284313201904297,91.25871276855469,140.42454528808594,131.44068908691406,23.37405014038086,94.0188980102539,162.3335418701172,51.86153793334961,16.101482391357422,32.0,70.0,115.38461303710938,30.606027603149414,74.80000305175781,151.60000610351562,122.26153564453125,34.98978805541992,70.5999984741211,163.79998779296875
206,grain,1396.0,42.15972490956609,45.86061853883097,39.486620468931434,1.2659824757125344,0.5085817759333396,0.9561643835616438,147.01219330881975,0.811686958903164,183.64283752441406,28.4592342376709,141.89089965820312,214.77711486816406,178.03929138183594,28.665542602539062,134.5591583251953,209.60177612304688,173.35205078125,29.0185546875,131.9714813232422,205.28897094726562,225.7571563720703,48.29338836669922,148.5,255.0,222.34097290039062,42.56441116333008,163.0,255.0,185.92120361328125,35.4816780090332,136.0,227.0
207,grain,947.0,34.72402408800281,44.3962033248344,29.1667496513525,0.7115722800628351,0.7539211165087782,0.887535145267104,153.59797974644667,0.5044159792301846,171.59361267089844,29.974246978759766,129.38380432128906,207.87664794921875,171.68927001953125,29.057842254638672,127.65869140625,205.28897094726562,167.21798706054688,29.549976348876953,126.45111083984375,203.56385803222656,202.99789428710938,57.18061065673828,106.5999984741211,255.0,214.1964111328125,47.41084671020508,140.0,255.0,212.86378479003906,41.74199676513672,151.60000610351562,255.0
208,grain,1177.0,38.71179334716084,77.43517945544517,20.321272790287182,1.2165943611942394,0.9649511777291343,0.9088803088803089,184.46803743153546,0.4346543919203239,186.99423217773438,24.956775665283203,150.94776916503906,208.7392120361328,177.38442993164062,25.308155059814453,140.59707641601562,201.8387451171875,161.26771545410156,28.763065338134766,120.75822448730469,193.21315002441406,32.79779052734375,27.586673736572266,17.0,64.0,33.10535430908203,27.513322830200195,17.0,65.4000244140625,37.203060150146484,26.4822998046875,21.0,67.4000244140625
209,grain,198.0,15.877702285203682,21.952841648862265,11.677077690806719,1.3658031966368036,0.8467968384960209,0.9124423963133641,57.21320343559643,0.7601206377470126,187.43663024902344,23.361082077026367,156.72691345214844,207.27285766601562,168.2642822265625,20.606609344482422,138.0093994140625,190.8842315673828,126.92247009277344,18.094093322753906,100.66060638427734,147.7563018798828,25.590909957885742,7.173134803771973,20.0,31.5999755859375,26.545454025268555,7.558890342712402,20.0,36.0,25.81818199157715,7.815890789031982,20.0,37.0
210,grain,727.0,30.424416987387996,40.56866424124942,23.286256809324954,-1.2555545139775273,0.8188580020916244,0.9284802043422733,113.35533905932738,0.7109847969582114,153.2957763671875,34.19816207885742,104.02458190917969,194.9382781982422,150.0330047607422,34.73431396484375,99.19425201416016,193.21315002441406,138.67262268066406,33.80830383300781,92.29378509521484,182.86244201660156,143.10867309570312,56.80992889404297,71.0,223.7999267578125,154.10316467285156,55.82754135131836,82.5999984741211,233.0,149.15956115722656,44.6976318359375,94.0,209.39996337890625
211,grain,2864.0,60.38673741908488,67.2119321990052,54.47233888608714,0.751028057500971,0.5857989972700021,0.9778081256401502,207.88225099390854,0.8328140743569352,194.765380859375,21.57022476196289,163.28237915039062,212.189453125,190.89743041992188,24.089588165283203,153.5354461669922,210.46432495117188,185.69166564941406,26.496803283691406,145.77243041992188,206.1515350341797,147.23114013671875,57.57685852050781,56.0,210.0,161.71194458007812,52.51077651977539,79.0,220.0,163.5691375732422,47.63872528076172,91.0,217.0
212,grain,1016.0,35.96680938658481,44.19669373205021,29.61182501250452,0.7178968515010427,0.742360276961399,0.9495327102803738,127.53300858899107,0.7849795842487096,149.24302673339844,32.23234558105469,103.93832397460938,190.62547302246094,148.43650817871094,30.369365692138672,105.23216247558594,188.90036010742188,140.18702697753906,31.196380615234375,99.19425201416016,183.72500610351562,116.37992095947266,50.78495788574219,50.0,189.0,117.76377868652344,47.690555572509766,59.0,185.0,110.48622131347656,34.50516128540039,70.0,163.0
213,grain,99.0,11.227230955528665,16.43066633241159,9.546172978996792,0.28775786119432784,0.8139054755068538,0.7443609022556391,48.520815280171306,0.5284317206063129,54.951087951660156,36.168975830078125,18.113733291625977,111.44258117675781,105.676513671875,42.46580505371094,51.58101272583008,165.78378295898438,116.66324615478516,40.856178283691406,56.92887496948242,168.3714599609375,15.020201683044434,5.590359687805176,10.0,24.199996948242188,28.29292869567871,11.119418144226074,16.0,45.19999694824219,33.75757598876953,8.969184875488281,23.0,48.0
214,grain,1877.0,48.886303045616984,105.13853937757908,28.43634642094348,1.458854216834811,0.9627296710340059,0.7772256728778468,259.88225099390854,0.34923752121243207,141.1282958984375,48.38994216918945,72.4549331665039,197.52593994140625,139.35906982421875,41.477108001708984,79.35540008544922,189.76292419433594,124.52645874023438,33.36583709716797,78.49284362792969,169.924072265625,59.39531326293945,46.2987060546875,18.0,134.0,61.84922790527344,42.52538299560547,21.0,127.0,57.69525909423828,33.103858947753906,26.0,106.0
215,grain,1850.0,48.53342309955121,69.90042055453067,34.524012666050766,-0.6287750461786268,0.8695171274858478,0.9352881698685541,189.63961030678928,0.6464329482188028,117.23431396484375,47.704742431640625,53.39239501953125,184.5875701904297,104.00452423095703,47.51356887817383,42.265377044677734,170.78662109375,94.8353042602539,49.113155364990234,34.502349853515625,171.64918518066406,59.75946044921875,33.32936477661133,29.0,102.0,61.960540771484375,35.95616149902344,27.0,110.0,61.272972106933594,31.478086471557617,29.0,106.0
216,grain,1760.0,47.33816218162558,51.32890685490617,44.08400056941672,0.32497039999978516,0.5122216558786186,0.9675645959318306,165.63961030678928,0.8061096713621246,197.7499237060547,24.068397521972656,162.16104125976562,217.3647918701172,195.39112854003906,22.50877571105957,164.74871826171875,213.052001953125,189.1894989013672,24.475610733032227,152.6728973388672,210.46432495117188,250.18862915039062,10.136157989501953,238.0,255.0,243.60340881347656,16.467687606811523,228.0,255.0,168.38125610351562,55.7109489440918,93.0,236.0
217,grain,379.0,21.967197988242077,24.376243594639185,19.903723617127483,-0.17637091826473109,0.5773152220518575,0.969309462915601,72.38477631085024,0.9089805714167877,160.19012451171875,36.292518615722656,106.0947265625,200.11361694335938,168.94772338867188,27.858125686645508,129.21128845214844,199.42356872558594,167.6709442138672,29.38029670715332,125.9335708618164,201.8387451171875,40.36411666870117,21.74836540222168,16.0,68.0,53.102901458740234,26.31245994567871,23.0,86.19998168945312,61.11609649658203,23.660911560058594,34.0,91.19998168945312
218,grain,334.0,20.62188177498708,29.40327635900375,14.676692938775204,-0.3377383027482681,0.8665146642022283,0.9408450704225352,75.79898987322333,0.7305156000231864,137.8544464111328,37.30313491821289,84.78952026367188,185.7951202392578,176.72122192382812,17.847326278686523,149.48143005371094,193.81692504882812,183.9677734375,15.274049758911133,160.69468688964844,200.11361694335938,41.940120697021484,29.185489654541016,13.0,89.0,67.0898208618164,30.575483322143555,33.0,115.0,75.20957946777344,32.840721130371094,41.0,131.0
219,grain,1155.0,38.34829427978659,55.69959860645209,26.900012129412733,1.406130992542466,0.875649009589951,0.9181240063593005,150.42640687119285,0.6414217529615303,81.88407897949219,19.773813247680664,55.203758239746094,107.81983947753906,58.251468658447266,14.570478439331055,38.81514358520508,76.7677230834961,37.82488250732422,8.659786224365234,26.739320755004883,48.303287506103516,17.75238037109375,8.549887657165527,13.0,24.0,17.368831634521484,7.615140914916992,13.0,23.0,16.296104431152344,6.464336395263672,13.0,22.0
220,grain,702.0,29.896724911001275,40.98401720659233,23.528988027098706,-1.4096644134930336,0.8187841009839907,0.8976982097186701,114.56244584051392,0.6721441485419616,194.38287353515625,29.645793914794922,156.20938110351562,213.91456604003906,193.060791015625,24.6262264251709,158.88331604003906,211.32688903808594,186.21194458007812,27.24155616760254,147.58380126953125,208.7392120361328,56.434471130371094,33.79881286621094,27.0,105.0,66.74786376953125,36.813777923583984,34.0,119.0,76.53418731689453,32.821556091308594,45.0,130.0
221,grain,958.0,34.92511251028815,57.34627160315435,22.023114536510853,-0.7956658305927148,0.9233175268780256,0.9211538461538461,149.1543289325507,0.5411325374050431,191.73202514648438,31.049591064453125,139.73451232910156,216.5022430419922,187.0266876220703,30.45549201965332,139.4757537841797,213.052001953125,184.30577087402344,30.21995735168457,137.14683532714844,210.46432495117188,140.8496856689453,59.2840576171875,50.0,202.0,156.61273193359375,59.869056701660156,68.0,218.0,162.53445434570312,56.960235595703125,76.70000457763672,221.0
222,grain,1263.0,40.1011414426137,60.392820820921244,28.153236205686028,-0.8878634877495796,0.8846959051003737,0.9266324284666178,167.39696961967,0.5663932006354743,194.8460693359375,24.679887771606445,156.98568725585938,216.5022430419922,189.75473022460938,26.373523712158203,150.08522033691406,213.052001953125,183.52491760253906,28.118022918701172,139.73451232910156,210.46432495117188,130.3800506591797,42.176658630371094,73.0,188.0,121.60649108886719,44.90263366699219,72.0,198.7999267578125,103.53443908691406,52.58416748046875,59.0,203.0
223,grain,7221.0,95.88567542929763,127.61302514048985,74.34960245582674,1.0730137522892897,0.8127463681506026,0.9656325220647232,359.96551211459376,0.7003020892657827,207.90194702148438,18.400039672851562,191.488037109375,217.3647918701172,206.93728637695312,13.95226764678955,193.21315002441406,214.77711486816406,205.0380096435547,13.054021835327148,189.76292419433594,212.189453125,242.6824493408203,29.17522430419922,227.0,255.0,247.49661254882812,18.592330932617188,237.0,255.0,246.41738891601562,19.245216369628906,233.0,255.0
224,grain,3196.0,63.79085816144489,86.89732113138886,47.7991295086442,1.3044842520703874,0.8351221892896243,0.9517569982132221,242.61017305526642,0.6823365250780818,179.44297790527344,27.217514038085938,141.45962524414062,207.01409912109375,178.3580322265625,27.00747299194336,141.45962524414062,205.28897094726562,172.693115234375,27.413591384887695,133.6966094970703,202.7012939453125,140.0525665283203,51.18896484375,70.0,211.0,139.73060607910156,45.484806060791016,79.5,205.5,126.38986206054688,35.70382308959961,84.0,178.0
225,grain,3425.0,66.03669768180366,116.03642697324827,46.24029263035436,0.22498534680704993,0.9171691693686213,0.7221168037107316,429.5990257669732,0.23320822541752642,153.64073181152344,48.16317367553711,82.80563354492188,208.7392120361328,167.03671264648438,41.184085845947266,111.27007293701172,207.01409912109375,163.37818908691406,42.55529022216797,98.33169555664062,206.1515350341797,86.3071517944336,85.82720184326172,15.0,228.0,98.92467498779297,92.34668731689453,18.0,241.0,97.16846466064453,88.33966064453125,19.0,236.0
226,grain,2891.0,60.67071388923453,80.63858064235617,46.696371769424715,-1.416319473203263,0.8152691166685208,0.9506741203551463,223.39696961967,0.7279531010722543,187.08604431152344,26.67237091064453,150.08522033691406,210.46432495117188,176.7397918701172,29.013029098510742,134.5591583251953,205.28897094726562,159.8004150390625,34.924888610839844,108.6823959350586,196.66339111328125,82.05292510986328,55.031497955322266,32.0,171.0,88.94984436035156,54.11442184448242,36.0,175.0,89.38429260253906,48.621864318847656,39.0,163.0
227,grain,3.0,1.9544100476116797,3.265986323710904,0.0,1.5707963267948966,1.0,1.0,1.0,37.69911184307752,77.91780853271484,7.397694110870361,70.72982025146484,85.2208023071289,42.84041213989258,5.989799499511719,36.917510986328125,48.648311614990234,62.679264068603516,6.69371223449707,56.066314697265625,69.17720794677734,87.0,5.715476036071777,81.4000015258789,92.5999984741211,44.66666793823242,4.921607971191406,40.0,49.599998474121094,67.0,4.546060562133789,62.79999923706055,71.5999984741211
228,grain,3.0,1.9544100476116797,3.265986323710904,0.0,0.0,1.0,1.0,1.0,37.69911184307752,162.4485626220703,2.4733333587646484,160.0908966064453,164.9212188720703,159.2858428955078,8.162720680236816,151.63783264160156,167.5089111328125,165.61126708984375,2.817103862762451,162.85108947753906,168.3714599609375,10.666666984558105,0.471404492855072,10.199999809265137,11.0,11.333333015441895,0.471404492855072,11.0,11.800000190734863,15.666666984558105,0.471404492855072,15.199999809265137,16.0
229,grain,567.0,26.86869594648831,34.170535779551244,21.72155409068302,1.083416307783971,0.771952005831389,0.945,98.62741699796953,0.7324830920118681,190.803466796875,20.447988510131836,162.33355712890625,208.7392120361328,194.6051025390625,17.548246383666992,169.06150817871094,209.60177612304688,194.30999755859375,17.115713119506836,166.4738311767578,209.60177612304688,160.5079345703125,50.8571662902832,83.0,216.0,192.70899963378906,50.66658020019531,114.20000457763672,238.0,200.3086395263672,44.67730712890625,131.0,241.0
230,grain,2613.0,57.67993524955607,64.81052641601192,52.37766732744375,1.2413465576711074,0.5889546932951469,0.9406047516198704,229.78174593052023,0.6218966591803003,171.63697814941406,36.596195220947266,119.20562744140625,211.32688903808594,172.72862243652344,32.338409423828125,125.9335708618164,208.7392120361328,165.89418029785156,32.95893478393555,117.48050689697266,203.56385803222656,217.35821533203125,52.57382583618164,125.0,255.0,224.77381896972656,44.25063705444336,151.0,255.0,215.86375427246094,43.865882873535156,139.0,254.0
231,grain,142.0,13.446189622059965,14.343823348077862,12.93612788439806,-1.430565117193872,0.43202733122511044,0.9102564102564102,45.55634918610404,0.8598058232327228,171.8678436279297,37.40475845336914,109.80372619628906,207.01409912109375,149.76329040527344,45.91729736328125,74.69759368896484,193.9894561767578,137.11647033691406,31.256521224975586,90.74118041992188,172.3392333984375,208.8098602294922,35.249996185302734,144.8000030517578,236.0,177.9014129638672,46.980865478515625,94.19999694824219,220.0,156.85211181640625,29.641510009765625,107.0999984741211,185.89999389648438
232,grain,2686.0,58.480094195877,71.80590810357616,47.84779394484915,0.8888928999454473,0.7456400142667116,0.9627240143369176,210.12489168102786,0.7644707394782565,183.80079650878906,23.8856201171875,150.94776916503906,207.87664794921875,172.98155212402344,25.188974380493164,137.14683532714844,200.11361694335938,158.0916748046875,28.06524658203125,117.3079833984375,190.62547302246094,224.0294189453125,43.79717254638672,156.0,255.0,224.46612548828125,40.77033996582031,164.0,255.0,210.61727905273438,41.49382400512695,147.0,247.0
233,grain,275.0,18.712051592547777,25.398619071934462,14.062773099758667,1.0647513642917914,0.8327278027500128,0.9322033898305084,67.698484809835,0.7540231166145857,181.4666748046875,24.077987670898438,146.4624786376953,206.1515350341797,171.7087860107422,23.61594009399414,136.28427124023438,199.25106811523438,164.3974151611328,24.092222213745117,129.7288360595703,192.8681182861328,64.67636108398438,34.97709274291992,30.399999618530273,111.59999084472656,73.65454864501953,39.67945098876953,36.0,126.59999084472656,75.95635986328125,34.73701095581055,40.0,121.59999084472656
234,grain,160.0,14.27299292922217,16.722246763451444,12.853145069679936,0.9691727181586385,0.6396990386540023,0.8839779005524862,51.21320343559643,0.766594964554876,93.12939453125,19.45146942138672,68.91844177246094,116.53167724609375,94.25071716308594,18.519350051879883,67.88336944580078,113.85774993896484,76.89171600341797,13.364041328430176,58.65399169921875,94.0188980102539,45.36249923706055,13.396589279174805,29.0,62.09999084472656,49.318748474121094,16.614891052246094,29.0,71.09999084472656,39.368751525878906,10.863138198852539,25.0,55.0
235,grain,10183.0,113.86570284347329,172.79920481267962,121.65152198392616,-0.7174094398287527,0.7101949133428674,0.6838358740178632,829.1686142824235,0.18612293749115943,161.45654296875,49.9657096862793,81.08052062988281,207.87664794921875,158.8556365966797,41.96885299682617,94.0188980102539,202.7012939453125,152.9866485595703,39.053340911865234,95.7440185546875,197.52593994140625,33.642738342285156,31.5329647064209,9.0,79.0,37.388587951660156,34.393123626708984,10.0,90.0,38.00520324707031,32.09246063232422,11.0,86.0
236,grain,1799.0,47.85977372469032,55.89842918510762,41.27367637004724,0.2566217495732745,0.6743967520240574,0.9589552238805971,168.46803743153546,0.7965370736531419,197.66165161132812,23.065948486328125,161.29847717285156,213.91456604003906,188.5508270263672,20.967082977294922,157.84825134277344,206.1515350341797,157.19235229492188,26.6553955078125,119.89566040039062,186.31268310546875,184.17955017089844,39.79208755493164,124.0,224.0,187.18954467773438,34.73006057739258,138.0,223.0,152.7837677001953,32.63248062133789,112.0,191.0
237,grain,2438.0,55.71497114837561,72.69097678630833,46.392808511431014,1.4175289925371382,0.7698543370834466,0.862093352192362,264.8883476483184,0.43663430794858143,185.28701782226562,28.66494369506836,144.04730224609375,211.32688903808594,179.6924285888672,27.65369987487793,140.59707641601562,207.01409912109375,173.12063598632812,28.698015213012695,132.83404541015625,202.7012939453125,123.98974609375,57.87617874145508,37.0,193.0,126.43437194824219,52.56236267089844,49.0,190.0,119.33879852294922,45.197505950927734,55.69999694824219,176.0
238,grain,2441.0,55.74923971408518,67.52078738531073,46.34445255842788,-0.6167767345727151,0.7272495853112486,0.9725099601593625,199.1959594928933,0.7730660365062049,194.74710083007812,27.07967758178711,154.39801025390625,216.5022430419922,191.28590393066406,26.482175827026367,153.5354461669922,213.91456604003906,186.98406982421875,24.496158599853516,151.81033325195312,209.60177612304688,60.00164031982422,44.04352569580078,21.0,118.0,66.95411682128906,47.38801956176758,23.0,132.0,74.87792205810547,41.52958297729492,32.0,130.0
239,grain,2336.0,54.53702940664572,57.12793957986947,52.816418325987335,1.301934301070389,0.38111248704866674,0.9684908789386402,191.9827560572969,0.7964495265689213,191.0371856689453,30.9561710357666,141.89089965820312,216.5022430419922,191.57186889648438,24.104999542236328,159.5733642578125,213.91456604003906,189.3253631591797,22.726730346679688,156.98568725585938,210.46432495117188,210.44049072265625,55.232601165771484,120.5,255.0,220.7919464111328,43.82942581176758,151.0,255.0,217.64425659179688,42.24594497680664,147.0,252.0
240,grain,200.0,15.957691216057308,17.982683418624475,15.097082402422275,-0.6437706389348608,0.5433064434362862,0.9090909090909091,62.04163056034261,0.6529402679175342,154.8292999267578,25.498205184936523,122.48333740234375,188.90036010742188,184.1088409423828,17.997055053710938,158.71080017089844,207.01409912109375,192.76031494140625,12.246491432189941,176.8245391845703,207.962890625,138.5449981689453,28.777212142944336,103.9000015258789,180.0,208.56500244140625,19.632009506225586,183.89999389648438,235.0,222.98500061035156,11.897679328918457,208.0,240.0
241,grain,313.0,19.963065333312567,26.091402889739815,15.44388712622449,0.6498820996023007,0.8060005505908052,0.9601226993865031,69.45584412271572,0.8153359915868968,150.1678924560547,24.902780532836914,117.3079833984375,181.1373291015625,130.695556640625,27.648088455200195,95.05397033691406,169.75155639648438,112.33656311035156,20.370744705200195,89.01605987548828,139.56199645996094,147.6357879638672,49.520912170410156,70.19999694824219,211.0,145.16932678222656,45.80337142944336,79.4000015258789,206.79998779296875,123.37060546875,34.260467529296875,78.19999694824219,169.79998779296875
242,grain,3853.0,70.04135896643199,87.3390708130613,57.21747279314757,0.20289409988360296,0.7555258267870566,0.9608478802992518,256.8528137423857,0.7339056273498363,9.046680450439453,2.5300116539001465,7.763028621673584,10.350704193115234,9.654926300048828,2.7764482498168945,8.625587463378906,11.213263511657715,11.040214538574219,4.305913925170898,8.625587463378906,15.526057243347168,9.37529182434082,2.065833568572998,8.0,10.0,9.572021484375,2.432225227355957,9.0,11.0,10.044899940490723,3.5148725509643555,8.0,12.0
243,grain,957.0,34.906879612929465,40.02690215128822,32.19704356291049,-1.4454734776281375,0.5941082527554227,0.9447186574531096,125.84062043356596,0.7594166245548786,171.7104949951172,22.765275955200195,142.3221893310547,201.8387451171875,156.08438110351562,25.790529251098633,122.48333740234375,191.488037109375,135.48390197753906,28.53774642944336,98.33169555664062,173.37429809570312,206.5663604736328,37.355377197265625,153.0,247.0,198.2100372314453,30.90114402770996,151.1999969482422,235.0,161.20480346679688,35.39220428466797,116.5999984741211,207.0
244,grain,3.0,1.9544100476116797,3.265986323710904,0.0,1.5707963267948966,1.0,1.0,1.0,37.69911184307752,185.45013427734375,8.824554443359375,176.6520233154297,193.9031982421875,189.47540283203125,6.390443801879883,183.0349578857422,195.455810546875,194.6507568359375,6.65656042098999,187.8652801513672,200.2861328125,40.33333206176758,5.734883785247803,34.599998474121094,45.79999923706055,50.33333206176758,5.312459468841553,45.20000076293945,55.599998474121094,58.33333206176758,4.109609603881836,54.20000076293945,62.20000076293945
245,grain,3.0,1.9544100476116797,3.265986323710904,0.0,1.5707963267948966,1.0,1.0,1.0,37.69911184307752,173.6618194580078,13.73488998413086,160.26341247558594,187.17523193359375,162.736083984375,14.795388221740723,148.360107421875,177.34207153320312,170.2115936279297,13.38742733001709,156.98568725585938,183.2074737548828,37.0,4.898979663848877,32.20000076293945,41.79999923706055,40.33333206176758,4.496912479400635,36.0,44.79999923706055,48.33333206176758,2.054804563522339,46.400001525878906,50.400001525878906
246,grain,93.0,10.881694613449236,15.930722823940798,7.610565494324341,-0.5295399100623602,0.8785073533383381,0.8942307692307693,40.62741699796952,0.7080344499809735,206.64308166503906,12.000326156616211,188.38282775878906,217.3647918701172,206.88424682617188,8.47111988067627,195.9733428955078,215.63967895507812,208.4238739013672,8.471912384033203,197.8709716796875,216.5022430419922,225.65591430664062,26.784482955932617,179.0,248.0,243.53762817382812,12.639381408691406,222.8000030517578,254.0,246.9247283935547,9.194711685180664,234.1999969482422,255.0
247,grain,5.0,2.5231325220201604,2.5298221281347035,2.5298221281347035,-0.7853981633974483,0.0,1.0,5.656854249492381,1.9634954084936203,49.16584777832031,4.190295219421387,44.85305404663086,53.99617385864258,42.955421447753906,4.023630619049072,38.297607421875,46.923194885253906,21.218944549560547,2.8135809898376465,17.941221237182617,24.324155807495117,17.200000762939453,2.638181209564209,14.800000190734863,20.0,17.600000381469727,2.416609287261963,15.399999618530273,20.399999618530273,12.0,0.6324555277824402,11.399999618530273,12.600000381469727
248,grain,758.0,31.066309322306914,35.75685197000526,28.00853705983891,-0.0030641033996842318,0.6216370085379536,0.959493670886076,109.94112549695429,0.7880589621204214,153.63673400878906,30.2344970703125,111.01130676269531,191.488037109375,158.62318420410156,27.760578155517578,120.75822448730469,193.21315002441406,155.53253173828125,26.645544052124023,120.2406997680664,189.76292419433594,33.91292953491211,11.172327995300293,22.0,47.29998779296875,42.11741256713867,12.255447387695312,29.0,59.29998779296875,44.0343017578125,10.95451831817627,32.0,62.0
249,grain,413.0,22.93137440223813,26.181346954122326,20.272566784404635,-1.2212857335293366,0.6328023524532309,0.9627039627039627,75.11269837220809,0.9198842598303443,164.1868896484375,28.368417739868164,123.5184097290039,197.52593994140625,158.3599395751953,23.964881896972656,125.07101440429688,188.90036010742188,145.82464599609375,29.2669677734375,110.58002471923828,188.72784423828125,168.4019317626953,46.111961364746094,102.0,227.0,180.58111572265625,38.010398864746094,123.0,228.0,167.06295776367188,42.44313430786133,109.19999694824219,227.0
250,grain,3.0,1.9544100476116797,3.265986323710904,0.0,1.5707963267948966,1.0,1.0,1.0,37.69911184307752,173.6618194580078,6.351517200469971,167.3363800048828,179.75723266601562,177.3995819091797,5.989799499511719,171.4766845703125,183.2074737548828,156.98568725585938,8.567889213562012,148.360107421875,163.5411376953125,66.0,2.1602468490600586,64.19999694824219,68.19999694824219,83.0,2.943920373916626,80.4000015258789,86.0,79.0,1.4142135381698608,78.0,80.4000015258789
251,grain,15.0,4.370193722368317,5.656854249492381,3.265986323710904,0.0,0.816496580927726,1.0,12.0,1.308996938995747,195.0532684326172,7.062922477722168,184.41505432128906,202.7012939453125,190.62548828125,9.406766891479492,177.16957092285156,200.6311492919922,182.80494689941406,11.858083724975586,164.57620239257812,195.8008270263672,51.79999923706055,18.66619110107422,33.0,78.39999389648438,65.73332977294922,25.769405364990234,36.79999923706055,102.5999984741211,84.19999694824219,24.293209075927734,55.20000076293945,119.5999984741211
252,grain,145.0,13.58748446131949,31.072503599230764,7.167001968888078,0.002576537240568843,0.9730357969545153,0.8285714285714286,70.14213562373095,0.3703564365118607,64.86441040039062,23.849042892456055,40.02272415161133,101.43689727783203,147.2595977783203,17.489992141723633,125.9335708618164,169.924072265625,166.9616241455078,20.430662155151367,143.52976989746094,195.8008270263672,23.965517044067383,15.179121017456055,10.0,46.59999084472656,53.22758483886719,29.01765251159668,19.0,93.79997253417969,65.20689392089844,24.012897491455078,36.400001525878906,98.19998168945312
253,grain,1181.0,38.77751800118501,41.20334587331301,36.799908667741306,-1.3614104053010547,0.449800342188068,0.9617263843648208,136.66904755831212,0.7945466958042612,147.0133056640625,31.396183013916016,106.95728302001953,191.488037109375,149.0013427734375,29.155237197875977,109.54496002197266,187.1752471923828,137.12857055664062,29.292978286743164,99.19425201416016,177.68710327148438,74.4403076171875,39.904998779296875,28.0,122.0,89.6562271118164,42.98601150512695,38.0,146.0,86.26079559326172,36.76319122314453,43.0,136.0
254,grain,13.0,4.068428945128219,5.055900530816918,3.1378581622109447,0.0,0.784101278416771,1.0,10.82842712474619,1.3932288539364366,45.251155853271484,13.640833854675293,26.911832809448242,58.48147964477539,92.36012268066406,15.47977066040039,69.52223205566406,106.95728302001953,115.18476104736328,8.649539947509766,106.0947265625,123.34589385986328,33.38461685180664,12.130942344665527,20.799999237060547,51.59999084472656,47.69230651855469,11.983222961425781,36.20000076293945,63.799991607666016,52.38461685180664,8.5353422164917,45.400001525878906,65.39999389648438
255,grain,1099.0,37.40708836121763,49.39382460519223,28.497791024816145,-0.6191307427524065,0.8167791248105198,0.9490500863557858,141.25483399593904,0.6921511077033438,139.842041015625,31.75510597229004,98.33169555664062,185.62258911132812,128.00794982910156,31.15042495727539,88.84355163574219,169.924072265625,107.07579803466797,26.78668975830078,74.1800537109375,142.3221893310547,177.68881225585938,38.392608642578125,129.8000030517578,229.0,162.60873413085938,36.428245544433594,114.0,211.0,126.08007049560547,31.574068069458008,85.0,167.199951171875
256,grain,1613.0,45.31815735064498,64.83200626043227,35.096843162658715,0.6776528419609993,0.8407969830570877,0.9361578641903656,186.61017305526642,0.5820678340325299,194.6072540283203,28.295330047607422,150.94776916503906,218.22735595703125,196.398681640625,23.601408004760742,168.3714599609375,216.5022430419922,195.40188598632812,21.63904571533203,169.06150817871094,213.91456604003906,248.50340270996094,15.184200286865234,232.1999969482422,255.0,251.8084259033203,10.068204879760742,246.1999969482422,255.0,252.15684509277344,8.54981803894043,247.0,255.0
257,grain,1569.0,44.695781072596446,54.973999250191504,36.76864661386561,1.5038679996758328,0.7434090541211842,0.9631675874769797,157.976659402887,0.7900361351030806,188.247802734375,27.293054580688477,146.63497924804688,213.052001953125,187.15655517578125,25.06930923461914,149.91270446777344,210.46432495117188,183.39735412597656,25.682090759277344,142.3221893310547,207.01409912109375,199.45315551757812,53.50200653076172,117.0,247.0,216.82728576660156,47.60834503173828,159.0,252.0,220.4397735595703,44.41603469848633,172.0,252.0
258,grain,15.0,4.370193722368317,5.656854249492381,3.265986323710904,1.5707963267948966,0.816496580927726,1.0,12.0,1.308996938995747,149.6826934814453,18.36221694946289,120.24068450927734,169.57904052734375,181.76988220214844,10.472028732299805,163.36862182617188,191.14300537109375,184.1275177001953,12.03000545501709,165.956298828125,196.318359375,136.6666717529297,36.44661331176758,88.19999694824219,177.1999969482422,201.3333282470703,31.823822021484375,159.1999969482422,231.8000030517578,206.0,32.01874542236328,163.60000610351562,236.39999389648438
259,grain,7.0,2.985410660720923,3.0237157840738176,2.799416848895061,1.5707963267948966,0.377964473009227,1.0,6.82842712474619,1.8865422955842652,167.33639526367188,19.6801700592041,145.2548828125,191.31552124023438,171.52597045898438,16.152982711791992,153.53546142578125,192.17808532714844,156.3695526123047,18.856689453125,133.86911010742188,179.584716796875,105.28571319580078,10.713333129882812,94.0,116.79999542236328,127.71428680419922,10.26386547088623,116.5999984741211,140.39999389648438,133.7142791748047,9.851964950561523,123.4000015258789,142.79998779296875
260,grain,3.0,1.9544100476116797,3.265986323710904,0.0,1.5707963267948966,1.0,1.0,1.0,37.69911184307752,145.4849090576172,5.692596435546875,141.45962524414062,151.1202850341797,154.97305297851562,9.587814331054688,146.8074951171875,164.7487030029297,146.3474578857422,3.878849744796753,143.35726928710938,150.25772094726562,139.3333282470703,31.116268157958984,109.5999984741211,170.39999389648438,165.3333282470703,34.701904296875,131.39999389648438,199.39999389648438,170.0,23.366641998291016,147.8000030517578,193.39999389648438
261,grain,8823.0,105.9895867677497,151.5538241416118,105.27240188845916,0.9929302012483314,0.7193763135096926,0.7359245975477521,827.6000717874997,0.16187698387015007,143.72320556640625,54.05995178222656,63.829345703125,206.1515350341797,148.44114685058594,48.058998107910156,78.49284362792969,201.8387451171875,145.8386993408203,46.340816497802734,75.90516662597656,199.25106811523438,125.94548034667969,85.64947509765625,24.0,254.0,142.72152709960938,84.01622009277344,28.0,254.0,143.24118041992188,80.97990417480469,35.0,249.0
262,grain,6350.0,89.91702346646203,111.69503452070104,77.73130851256734,-0.9050427483193674,0.7181149782140097,0.9527381845461366,346.89444430272835,0.6631150739654655,185.91358947753906,33.69887161254883,132.83404541015625,214.77711486816406,188.27728271484375,26.677900314331055,150.08522033691406,212.189453125,183.7881622314453,27.125783920288086,143.18475341796875,208.7392120361328,89.1244125366211,69.29520416259766,17.0,195.0,103.7947998046875,73.90470123291016,20.0,211.0,107.66866302490234,73.92388153076172,22.0,215.0
263,grain,190.0,15.553633450087505,20.08812878359575,12.51413567406726,-0.1667432299238674,0.7822523056193623,0.9178743961352657,55.79898987322333,0.7668506516917348,81.10775756835938,34.990543365478516,38.81514358520508,133.0065460205078,155.8598175048828,24.74714469909668,122.48333740234375,185.4501190185547,171.2315216064453,22.549240112304688,138.8719482421875,196.66339111328125,44.95789337158203,29.981895446777344,14.0,90.29997253417969,94.42105102539062,42.18345260620117,52.0,160.0,117.37368774414062,40.42631530761719,76.0,180.09999084472656
264,grain,5.0,2.5231325220201604,2.5298221281347035,2.5298221281347035,-0.7853981633974483,0.0,1.0,5.656854249492381,1.9634954084936203,20.011362075805664,2.4639604091644287,17.078662872314453,22.59903907775879,25.876760482788086,4.295507907867432,20.873920440673828,30.534578323364258,30.707088470458984,3.683842658996582,26.566808700561523,33.98481369018555,18.200000762939453,1.8330302238464355,16.200000762939453,20.0,27.0,3.4058773517608643,23.200000762939453,30.799999237060547,27.399999618530273,3.826225519180298,23.200000762939453,31.799999237060547
265,grain,3812.0,69.66770517628983,74.42111578626569,66.28789563669469,-0.18590628665649495,0.45456505168642103,0.9680040629761301,245.18986283848346,0.796815428493224,210.6792755126953,13.98121452331543,199.25106811523438,217.3647918701172,208.83470153808594,13.068746566772461,198.3885040283203,215.63967895507812,207.29920959472656,12.811464309692383,196.66339111328125,213.052001953125,239.76206970214844,25.38570785522461,210.0,253.0,247.6427001953125,17.91033172607422,230.10000610351562,255.0,248.88929748535156,14.41561222076416,235.0,255.0
266,grain,79.0,10.02925341359355,12.168221172286946,8.796608188965324,-1.306981012664839,0.6909353769131613,0.8681318681318682,36.48528137423857,0.7457642413827209,116.98042297363281,30.88250732421875,79.87294006347656,156.4681396484375,100.122314453125,21.65082550048828,75.38763427734375,132.31649780273438,89.44406127929688,17.500150680541992,70.72981262207031,115.58287048339844,31.43037986755371,6.953159332275391,22.799999237060547,40.0,35.20252990722656,7.672703266143799,26.799999237060547,47.0,34.582279205322266,7.389021873474121,26.0,46.0
267,grain,562.0,26.749964937194992,46.5488353657939,16.44428849336552,0.19893734530397242,0.9355215599117647,0.886435331230284,118.76955262170048,0.5006519804034971,144.2698516845703,54.339046478271484,56.92887496948242,203.56385803222656,136.49147033691406,54.8499870300293,48.38954544067383,200.11361694335938,130.5794219970703,48.9996337890625,54.42745590209961,188.0377960205078,115.50889587402344,52.00007629394531,49.0,186.0,122.64234924316406,54.41564178466797,45.20000457763672,193.0,121.50355529785156,50.679412841796875,44.10000228881836,184.0
268,grain,3.0,1.9544100476116797,3.265986323710904,0.0,0.0,1.0,1.0,1.0,37.69911184307752,96.03153228759766,6.693713665008545,89.5335922241211,102.64448547363281,77.05524444580078,2.263932704925537,75.21511840820312,79.35540771484375,66.4170150756836,2.5393052101135254,63.829345703125,68.65967559814453,23.66666603088379,1.247219204902649,22.399999618530273,24.799999237060547,27.33333396911621,1.8856180906295776,26.0,29.200000762939453,28.33333396911621,1.247219204902649,27.200000762939453,29.600000381469727
269,grain,5574.0,84.24391504645186,129.0757142467201,58.7481210875743,1.2856976861987108,0.8904175118660578,0.912573673870334,379.51576464628795,0.4863144644781523,80.40210723876953,56.013084411621094,22.42652702331543,170.78662109375,78.9162368774414,47.67820358276367,25.272958755493164,152.6728973388672,69.70167541503906,40.42855453491211,25.014202117919922,131.1089324951172,34.99658966064453,37.712589263916016,10.0,78.0,34.619483947753906,31.782732009887695,11.0,72.0,29.977214813232422,21.91509246826172,12.0,56.0
270,grain,1289.0,40.511797950271536,48.95495823623941,35.043313652300114,-0.6018637500514048,0.6982769851150222,0.9246771879483501,149.74011537017762,0.7224145003341278,169.71127319335938,38.27243423461914,114.72030639648438,211.32688903808594,164.70321655273438,35.127037048339844,113.68524169921875,205.28897094726562,155.22509765625,33.14665222167969,108.5098876953125,195.8008270263672,219.7284698486328,38.19279479980469,166.0,255.0,196.52288818359375,44.502052307128906,132.0,253.0,141.6477813720703,64.30135345458984,60.80000305175781,233.199951171875
271,grain,3.0,1.9544100476116797,3.265986323710904,0.0,1.5707963267948966,1.0,1.0,1.0,37.69911184307752,98.61920928955078,8.461090087890625,90.22364044189453,106.7847671508789,107.24480438232422,10.5719633102417,96.77909088134766,114.72030639648438,89.9936294555664,9.378607749938965,80.56298065185547,97.12411499023438,34.0,1.632993221282959,32.400001525878906,35.599998474121094,39.66666793823242,0.4714045226573944,39.20000076293945,40.0,36.66666793823242,0.4714045226573944,36.20000076293945,37.0
272,grain,1230.0,39.573787284315486,46.14581190137921,34.70088602021879,0.5906350845530477,0.6591820063798176,0.9262048192771084,150.94722215136414,0.6783670188643305,147.244384765625,37.93196487426758,89.70610809326172,190.62547302246094,148.50526428222656,33.80670928955078,100.83311462402344,188.90036010742188,140.81797790527344,33.285606384277344,93.9326400756836,181.99989318847656,71.3536605834961,57.4775390625,25.0,175.0999755859375,86.44145965576172,67.4165267944336,27.0,213.0999755859375,92.23577117919922,67.7375717163086,32.0,218.0999755859375
273,grain,108.0,11.726460285670077,19.884657646208417,7.392641256766553,-1.5218222239717616,0.9283224127596594,0.9152542372881356,47.89949493661167,0.5915231571910888,58.01505661010742,14.152063369750977,43.12793731689453,81.33928680419922,28.065107345581055,14.864338874816895,14.663497924804688,52.01228713989258,39.50199890136719,11.159538269042969,29.326995849609375,58.567726135253906,13.19444465637207,2.636841297149658,11.0,17.29999542236328,10.972222328186035,0.9949719309806824,10.0,12.0,13.185185432434082,2.082324981689453,11.0,16.0
274,grain,2135.0,52.137955732935794,65.05783497383449,42.079697962060784,1.452360339995115,0.7626558776275775,0.9708958617553434,184.08326112068522,0.7917337245553079,181.79627990722656,33.506980895996094,128.52125549316406,213.052001953125,184.48899841308594,26.713653564453125,148.360107421875,210.46432495117188,179.46189880371094,28.52254867553711,138.0093994140625,206.1515350341797,38.22248077392578,43.200645446777344,15.0,95.0,42.08993148803711,45.624351501464844,17.0,105.5999755859375,45.905853271484375,42.85494613647461,19.0,104.0
275,grain,1716.0,46.74268989655537,65.98190643049381,35.10190911929569,0.6028530988882786,0.8467487821130985,0.9315960912052117,187.29646455628165,0.6147067587931719,166.85435485839844,28.787691116333008,125.07101440429688,199.25106811523438,156.5800323486328,28.584741592407227,119.0331039428711,189.76292419433594,141.90145874023438,27.303308486938477,106.0947265625,176.8245391845703,203.4114227294922,55.08380889892578,112.0,252.0,201.36712646484375,48.22981262207031,122.0,249.0,181.33392333984375,48.08124923706055,109.0,237.0
276,grain,284.0,19.015783725757565,21.92446975820368,16.854513297090445,-0.1624942288478511,0.6395451709960988,0.9435215946843853,64.97056274847714,0.8454636634998889,126.55316162109375,31.061960220336914,85.56582641601562,168.19894409179688,125.2410888671875,28.86659812927246,89.1023178100586,163.0236053466797,113.61781311035156,27.489608764648438,78.49284362792969,151.2928009033203,152.64788818359375,35.69120407104492,106.9000015258789,202.6999969482422,150.27464294433594,35.93669128417969,104.9000015258789,200.39999389648438,119.72183227539062,30.09579849243164,83.0,160.6999969482422
277,grain,570.0,26.939683377854365,30.4153326009899,24.701366913225883,0.761667519035051,0.5834690793469901,0.9484193011647255,93.11269837220809,0.8261651944989543,157.48960876464844,30.51463508605957,113.85774993896484,194.07571411132812,146.39437866210938,27.080476760864258,106.95728302001953,178.54965209960938,129.14471435546875,22.117916107177734,97.4691390991211,156.98568725585938,16.692981719970703,2.8919951915740967,13.0,21.0,18.933332443237305,2.9922313690185547,15.900001525878906,23.0,19.64912223815918,2.3914411067962646,17.0,23.0
278,grain,2015.0,50.65153188839754,64.14116410220694,40.88934520522825,0.27301542087769115,0.7704587005111997,0.9315765141007859,187.74011537017762,0.7184073280656935,172.9813232421875,26.756498336791992,135.42172241210938,202.7012939453125,184.75238037109375,20.776641845703125,156.1231231689453,206.1515350341797,184.75152587890625,21.17130470275879,155.2605743408203,206.1515350341797,62.83374786376953,50.003074645996094,19.0,152.5999755859375,73.87543487548828,47.23540115356445,26.0,154.0,74.56029510498047,38.232967376708984,32.0,131.0
279,grain,478.0,24.669991941291908,30.39641300519019,21.101296357202013,1.4208948549539193,0.7197787839164145,0.9540918163672655,87.698484809835,0.7810045798622892,172.8600311279297,35.48725128173828,118.17054748535156,210.46432495117188,171.49761962890625,33.271060943603516,119.0331039428711,207.01409912109375,168.67172241210938,32.92034149169922,117.3079833984375,203.56385803222656,175.97280883789062,48.57019805908203,112.0,238.29998779296875,191.66526794433594,42.85663604736328,130.6999969482422,241.29998779296875,192.70919799804688,43.890472412109375,127.0,241.0
280,grain,724.0,30.361578193306386,45.90764663442772,23.02338332808474,0.8498299552657637,0.8651488241327691,0.8199320498301246,131.01219330881975,0.5300599552234692,160.2584228515625,29.230518341064453,119.0331039428711,199.25106811523438,153.27334594726562,29.51806640625,108.6823959350586,189.76292419433594,138.14759826660156,30.299901962280273,99.45301818847656,181.99989318847656,138.20303344726562,48.6375846862793,80.30000305175781,213.70001220703125,147.2693328857422,48.23959732055664,89.0,218.0,141.02072143554688,50.492855072021484,81.0,222.70001220703125
281,grain,834.0,32.586527589007176,33.884101392246535,31.578117374586082,1.4967243358196827,0.3625997784669691,0.9731621936989499,109.94112549695429,0.8670727894570336,170.5135955810547,32.1882209777832,119.89566040039062,206.1515350341797,175.26902770996094,25.753908157348633,145.16864013671875,201.8387451171875,176.7107696533203,21.851953506469727,147.49754333496094,200.97618103027344,139.03956604003906,61.56459045410156,56.0,219.0,189.0179901123047,43.86477279663086,126.0,240.0,203.2410125732422,37.667110443115234,145.0,245.0
282,grain,1636.0,45.64011278674415,59.26360441116312,38.81873981089009,-1.0700161279138338,0.7556130957753103,0.9134561697375768,178.81118318204307,0.6429893943089884,194.70944213867188,25.47236442565918,161.29847717285156,213.91456604003906,194.84336853027344,19.365524291992188,172.94302368164062,211.32688903808594,190.9254608154297,19.41462516784668,166.4738311767578,208.7392120361328,31.660146713256836,11.120012283325195,23.0,44.0,37.205989837646484,13.28780460357666,27.0,55.0,41.709659576416016,12.816675186157227,31.0,60.0
283,grain,3.0,1.9544100476116797,3.265986323710904,0.0,1.5707963267948966,1.0,1.0,1.0,37.69911184307752,165.03623962402344,4.689305782318115,160.26341247558594,169.23402404785156,160.43592834472656,3.7266767024993896,156.6406707763672,163.5411376953125,161.01097106933594,9.191635131835938,151.63783264160156,168.88900756835938,13.666666984558105,0.9428090453147888,13.0,14.600000381469727,18.33333396911621,2.624669313430786,16.200000762939453,21.0,20.0,1.4142135381698608,19.0,21.399999618530273
284,grain,1443.0,42.863558683954835,62.692254584070085,29.98495662926067,0.38769976909902526,0.8782030144578945,0.9345854922279793,165.84062043356596,0.6593171420557573,166.94187927246094,46.22636032104492,97.4691390991211,216.5022430419922,172.63128662109375,38.37041091918945,114.89281463623047,214.77711486816406,168.07101440429688,38.54876708984375,110.58002471923828,211.32688903808594,168.978515625,70.74077606201172,53.0,250.0,187.25155639648438,60.24774169921875,85.19999694824219,251.0,183.63479614257812,54.70353698730469,96.0,245.7999267578125
285,grain,3.0,1.9544100476116797,3.265986323710904,0.0,1.5707963267948966,1.0,1.0,1.0,37.69911184307752,101.78192901611328,7.147623538970947,94.53643798828125,108.3373794555664,107.53231811523438,3.614065170288086,103.85206604003906,110.7525405883789,107.24480438232422,3.5447797775268555,103.67955780029297,110.58002471923828,125.0,4.898979663848877,120.19999694824219,129.8000030517578,125.33333587646484,2.357022523880005,123.0,127.0,108.0,1.632993221282959,106.4000015258789,109.5999984741211
286,grain,2063.0,51.251274918665594,84.16438745375372,31.93369703215206,0.39356006592432774,0.9252243277010799,0.923455684870188,215.29646455628165,0.5592877351030652,162.726318359375,35.465938568115234,108.6823959350586,202.7012939453125,148.01390075683594,38.67408752441406,87.1184310913086,191.488037109375,114.224853515625,51.14730453491211,42.265377044677734,175.96197509765625,56.44255828857422,38.030887603759766,22.0,106.0,57.22346115112305,33.773231506347656,27.0,98.0,45.96219253540039,25.719423294067383,26.0,62.0
287,grain,3964.0,71.04309646496404,84.29572098202891,62.93708158427787,-0.011911453913215577,0.6652479603694712,0.908965833524421,286.79393923934,0.6056246889938474,201.23709106445312,21.986888885498047,175.96197509765625,214.77711486816406,199.24127197265625,20.433061599731445,174.2368621826172,213.052001953125,193.9149169921875,21.955610275268555,165.61126708984375,209.60177612304688,107.59586334228516,34.07264709472656,54.0,141.0,116.46341705322266,35.143096923828125,65.0,155.0,112.39353942871094,33.75768280029297,68.0,156.0
288,grain,157.0,14.138550439257221,18.60773934946942,11.077423731013221,0.9642808378965,0.803494105659957,0.9022988505747126,50.17766952966369,0.7835893822443322,137.0369415283203,23.472963333129883,108.33737182617188,165.43875122070312,129.17503356933594,20.11495018005371,106.61225891113281,151.29278564453125,102.89171600341797,17.43671417236328,82.46060943603516,121.9657974243164,182.5923614501953,24.754579544067383,153.1999969482422,215.19998168945312,175.14649963378906,23.52064323425293,140.60000610351562,200.0,129.3439483642578,21.098106384277344,102.0,155.0
289,grain,1186.0,38.85951749643713,63.32476813341677,23.99725871022934,1.277465436192481,0.9254149632535007,0.9572235673930589,154.91168824543144,0.6210494466031427,194.12661743164062,26.06781578063965,153.96673583984375,216.5022430419922,196.28738403320312,22.419248580932617,170.78662109375,214.77711486816406,193.92953491210938,20.065120697021484,167.76766967773438,209.60177612304688,243.5784149169922,17.005285263061523,222.0,255.0,231.7032012939453,24.819915771484375,203.0,252.0,168.10708618164062,53.858158111572266,99.0,240.0
290,grain,316.0,20.0585068271871,25.873094468164172,18.77429588491275,0.5555166963891457,0.6880850031141389,0.7939698492462312,90.76955262170047,0.4819661714577421,103.92741394042969,34.022247314453125,62.10422897338867,157.84825134277344,131.272705078125,26.137969970703125,91.86250305175781,159.5733642578125,139.333251953125,24.231481552124023,104.3696060180664,164.31744384765625,184.417724609375,47.109718322753906,116.5,240.0,221.3987274169922,29.96916961669922,181.0,246.5,219.96835327148438,28.48515510559082,179.0,244.0
291,grain,3.0,1.9544100476116797,3.265986323710904,0.0,0.0,1.0,1.0,1.0,37.69911184307752,121.04573822021484,10.940862655639648,109.88998413085938,130.5913848876953,142.03466796875,8.519512176513672,133.35157775878906,149.22265625,156.1231231689453,10.15721607208252,145.77243041992188,165.09373474121094,74.0,2.943920373916626,71.0,76.5999984741211,122.66666412353516,1.247219204902649,121.4000015258789,123.80000305175781,140.3333282470703,6.018489837646484,134.1999969482422,145.39999389648438
292,grain,5.0,2.5231325220201604,5.656854249492381,0.0,1.5707963267948966,1.0,1.0,3.0,6.981317007977318,10.350704193115234,0.5455300807952881,9.833168983459473,10.868239402770996,12.593358039855957,0.8796408176422119,11.558286666870117,13.455916404724121,17.423686981201172,0.6454795598983765,16.733640670776367,18.113733291625977,12.600000381469727,0.4898979663848877,12.0,13.0,16.0,1.4142135381698608,14.399999618530273,17.600000381469727,17.200000762939453,0.4000000059604645,17.0,17.600000381469727
293,grain,117.0,12.205286835384658,13.56488540914843,13.090368697498105,0.7203437091986922,0.2621808941260581,0.7959183673469388,48.48528137423857,0.6254259331207956,75.3080062866211,17.38353729248047,51.40850067138672,94.88146209716797,98.75928497314453,17.893375396728516,75.21511840820312,122.13829803466797,89.86831665039062,15.199440956115723,70.90232849121094,109.02742004394531,41.96581268310547,18.7552547454834,25.0,72.0,66.66666412353516,24.639972686767578,44.0,105.0,63.05982971191406,19.778383255004883,42.0,94.0
294,grain,23.0,5.4115163798060095,7.397575573942774,4.276576684917849,-1.321520474815034,0.8159622616242237,0.8846153846153846,17.071067811865476,0.9917822353928708,54.528717041015625,12.671757698059082,42.61040115356445,68.4871597290039,103.73206329345703,14.99229907989502,86.77340698242188,122.1383056640625,105.75719451904297,14.275030136108398,89.01605987548828,124.03593444824219,15.260869979858398,2.3259854316711426,13.0,18.599998474121094,31.826086044311523,5.230779647827148,27.0,38.79999923706055,36.434783935546875,5.747029781341553,30.0,44.599998474121094
295,grain,5.0,2.5231325220201604,2.5298221281347035,2.5298221281347035,-0.7853981633974483,0.0,1.0,5.656854249492381,1.9634954084936203,126.9686508178711,4.705493927001953,121.44827270507812,132.1439971923828,110.40751647949219,7.499800682067871,101.09188079833984,117.1354751586914,82.11559295654297,4.445317268371582,77.11274719238281,87.1184310913086,169.0,5.329164981842041,162.60000610351562,174.39999389648438,139.39999389648438,7.088017463684082,132.1999969482422,147.0,92.80000305175781,4.118251800537109,87.80000305175781,97.0
296,grain,7.0,2.985410660720923,3.0237157840738176,2.799416848895061,1.5707963267948966,0.377964473009227,1.0,6.82842712474619,1.8865422955842652,72.70137786865234,7.793285846710205,64.00186157226562,81.42554473876953,163.14683532714844,9.31778621673584,151.46530151367188,172.8567657470703,180.64443969726562,6.285562992095947,174.2368621826172,188.38282775878906,14.0,1.772810459136963,12.199999809265137,15.799999237060547,29.571428298950195,7.306692600250244,21.200000762939453,40.0,49.85714340209961,6.895724773406982,41.400001525878906,58.19999694824219
297,grain,3.0,1.9544100476116797,3.265986323710904,0.0,1.5707963267948966,1.0,1.0,1.0,37.69911184307752,108.96991729736328,6.312349319458008,102.64448547363281,113.68524169921875,56.92887496948242,8.122110366821289,48.648311614990234,63.829345703125,45.4280891418457,4.689301490783691,40.712772369384766,48.99333572387695,130.0,0.8164966106414795,129.1999969482422,130.8000030517578,63.0,6.68331241607666,56.20000076293945,69.0,57.0,1.4142135381698608,55.599998474121094,58.0
298,grain,504.0,25.332049473868512,34.192491835666345,19.17287473621671,-1.3022488090947648,0.8279963592847058,0.9509433962264151,91.11269837220809,0.7629262938543879,189.0561065673828,24.198619842529297,155.5193328857422,212.189453125,187.81703186035156,20.86173439025879,158.71080017089844,207.87664794921875,182.8658905029297,20.876163482666016,152.93165588378906,207.01409912109375,122.21825408935547,53.16244888305664,59.0,209.7999267578125,136.34921264648438,49.259525299072266,76.0,213.69998168945312,140.25396728515625,38.62028884887695,90.0,184.0
299,grain,7.0,2.985410660720923,3.0237157840738176,2.799416848895061,0.0,0.377964473009227,1.0,6.82842712474619,1.8865422955842652,99.81035614013672,12.334583282470703,86.77340698242188,113.68524169921875,49.28907012939453,10.943949699401855,37.95258331298828,62.276737213134766,44.36016082763672,5.774399280548096,37.262535095214844,50.37342834472656,70.85713958740234,14.366912841796875,55.20000076293945,90.19999694824219,31.14285659790039,8.773801803588867,23.0,43.599998474121094,36.57143020629883,4.923910617828369,32.0,42.599998474121094
300,grain,1464.0,43.17432910297829,51.989130103557585,36.60817055315047,0.6216924788543711,0.7100507808441219,0.9378603459320948,156.80508652763322,0.7482223001335425,166.88037109375,36.818302154541016,112.99519348144531,208.7392120361328,168.9330596923828,33.84984588623047,124.20845794677734,205.28897094726562,166.66236877441406,29.60470962524414,124.20845794677734,198.3885040283203,101.35587310791016,51.807098388671875,46.0,185.0,104.6584701538086,43.00646209716797,59.0,172.0,90.63797760009766,32.26271057128906,58.0,141.0
301,grain,3765.0,69.2368896321021,81.67313978351271,61.29180065903972,-1.560393947846726,0.6609245436750604,0.9294001481115773,270.2670273047588,0.647722099526247,147.63316345214844,36.34067153930664,95.7440185546875,194.07571411132812,131.49588012695312,37.24971008300781,80.21796417236328,181.1373291015625,101.45271301269531,29.83659553527832,62.9667854309082,143.18475341796875,144.6127471923828,45.06880187988281,89.0,212.599853515625,144.1803436279297,46.58323287963867,85.0,213.0,118.646484375,43.568050384521484,68.0,186.0
302,grain,3754.0,69.13567278139269,96.91527293204997,63.152645414252234,-1.165907395190066,0.7585392258874923,0.7399960575596294,439.35638507985396,0.24438258127941342,131.42578125,43.138877868652344,69.86725616455078,184.32876586914062,148.81942749023438,31.283355712890625,104.3696060180664,185.4501190185547,142.75369262695312,32.358360290527344,98.33169555664062,186.31268310546875,67.3228530883789,60.577491760253906,13.0,156.699951171875,84.7005844116211,56.53624725341797,21.0,166.0,83.97549438476562,50.8294563293457,27.0,161.0
303,grain,5965.0,87.14857362197758,111.42747287803957,72.91974667456617,-1.3463110345008642,0.7561360642398498,0.9137561274509803,359.86500705120545,0.5788167300494153,203.8743133544922,22.49285316467285,171.64918518066406,217.3647918701172,201.07162475585938,20.661975860595703,174.2368621826172,213.91456604003906,197.2974853515625,19.48070526123047,171.64918518066406,210.46432495117188,246.31802368164062,21.205739974975586,226.0,255.0,241.99765014648438,20.113109588623047,222.0,254.0,192.77267456054688,22.824016571044922,170.0,223.0
304,grain,1.0,1.1283791670955126,0.0,0.0,-0.7853981633974483,0.0,1.0,0.0,0.0,190.62547302246094,0.0,190.62547302246094,190.62547302246094,176.8245391845703,0.0,176.8245391845703,176.8245391845703,170.78662109375,0.0,170.78662109375,170.78662109375,212.0,0.0,212.0,212.0,216.0,0.0,216.0,216.0,217.0,0.0,217.0,217.0
305,grain,3.0,1.9544100476116797,3.265986323710904,0.0,0.0,1.0,1.0,1.0,37.69911184307752,173.0867919921875,3.2529184818267822,170.78662109375,176.3070068359375,159.8608856201172,2.473339796066284,157.5032196044922,162.33355712890625,114.72030639648438,6.718367576599121,109.71746826171875,121.44827270507812,244.3333282470703,2.8674418926239014,241.60000610351562,247.1999969482422,237.0,2.943920373916626,234.0,239.60000610351562,177.6666717529297,11.897712707519531,166.39999389648438,189.60000610351562
306,grain,1057.0,36.68534037984474,50.27364966565326,26.97924332668712,0.813769261831585,0.8438063416827447,0.9626593806921676,134.42640687119285,0.7350479497573377,176.63278198242188,32.658935546875,125.58854675292969,213.052001953125,179.28573608398438,27.655025482177734,142.3221893310547,210.46432495117188,176.52505493164062,24.300804138183594,144.04730224609375,206.1515350341797,22.20245933532715,8.903491020202637,13.0,34.0,26.111637115478516,9.861905097961426,16.0,39.0,28.31504249572754,9.279844284057617,18.0,40.0
307,grain,3.0,1.9544100476116797,3.265986323710904,0.0,0.0,1.0,1.0,1.0,37.69911184307752,208.4517059326172,0.8132332563400269,207.87664794921875,209.25674438476562,200.97618103027344,0.70428067445755,200.2861328125,201.66622924804688,193.50067138671875,1.0758010149002075,192.5231170654297,194.59324645996094,237.6666717529297,2.624669313430786,235.0,239.8000030517578,238.3333282470703,2.494438409805298,235.8000030517578,240.60000610351562,234.3333282470703,4.109609127044678,230.1999969482422,238.1999969482422
308,grain,1515.0,43.9199033500049,55.507880224251316,36.222627703123315,1.121606659911029,0.7577307667118123,0.9351851851851852,165.05382386916236,0.6988296393118217,187.84764099121094,26.51356315612793,147.8425750732422,213.052001953125,183.03041076660156,26.375370025634766,145.25489807128906,209.60177612304688,174.7196807861328,28.01923179626465,135.76675415039062,203.56385803222656,195.5617218017578,42.366676330566406,134.0,247.0,203.6132049560547,38.2991828918457,149.0,246.0,197.8065948486328,39.411399841308594,142.0,242.0
309,grain,1698.0,46.49688964823676,61.62513503517755,35.910340739960446,1.5300033583759591,0.8126713450933652,0.947016174010039,174.32590180780454,0.7021399901782224,183.71739196777344,30.139432907104492,132.83404541015625,212.189453125,189.54855346679688,20.893226623535156,161.29847717285156,210.46432495117188,185.31703186035156,21.62455177307129,152.6728973388672,208.7392120361328,235.53591918945312,32.173614501953125,188.0,255.0,246.3433380126953,18.2188777923584,231.0,255.0,244.26443481445312,17.90930938720703,225.0,255.0
310,grain,1419.0,42.505610382385946,57.66397109821782,37.66577462348521,1.3296537149485446,0.7571903760949884,0.8026018099547512,200.22539674441617,0.444788892937234,176.40451049804688,28.250452041625977,134.5591583251953,204.42642211914062,167.85975646972656,30.526201248168945,122.48333740234375,199.25106811523438,155.80947875976562,28.28313446044922,115.58287048339844,188.0377960205078,211.2565155029297,32.86722183227539,163.8000030517578,246.0,199.55673217773438,36.97055435180664,145.0,240.0,173.86328125,34.59865188598633,127.0,218.0
311,grain,340.0,20.806283791440396,26.201683068065915,17.036889699384734,-1.533096842595931,0.7597449548294268,0.9289617486338798,74.62741699796952,0.7671706171485779,176.38565063476562,24.686052322387695,144.04730224609375,201.8387451171875,171.60098266601562,23.8668212890625,141.3733673095703,197.52593994140625,156.56455993652344,36.295745849609375,101.60942077636719,191.5742950439453,228.00588989257812,35.771907806396484,165.0,254.0,228.23529052734375,32.8419189453125,165.89999389648438,252.0,201.50881958007812,44.780609130859375,117.80000305175781,239.0
312,grain,9.0,3.385137501286538,8.768474513854642,2.2117035239062672,1.3943011328814414,0.9676663848008975,0.6428571428571429,7.0,2.308108888351685,165.32374572753906,9.656550407409668,155.77810668945312,173.54681396484375,158.03993225097656,10.23648738861084,145.08238220214844,167.8539276123047,139.25531005859375,9.674606323242188,127.14115905761719,148.360107421875,153.55555725097656,20.875883102416992,130.0,175.59999084472656,167.88888549804688,20.75489044189453,147.39999389648438,185.8000030517578,167.44444274902344,19.35120391845703,146.39999389648438,184.1999969482422
313,grain,1.0,1.1283791670955126,0.0,0.0,-0.7853981633974483,0.0,1.0,0.0,0.0,183.72500610351562,0.0,183.72500610351562,183.72500610351562,164.74871826171875,0.0,164.74871826171875,164.74871826171875,155.2605743408203,0.0,155.2605743408203,155.2605743408203,172.0,0.0,172.0,172.0,175.0,0.0,175.0,175.0,175.0,0.0,175.0,175.0
314,grain,38.0,6.955796338302048,10.281802079428516,5.609825448917862,-1.2339852308139252,0.8380410261486084,0.8085106382978723,24.86396103067893,0.772418786041766,155.6918487548828,30.590126037597656,106.5260009765625,185.4501190185547,147.49752807617188,25.278152465820312,104.45585632324219,171.907958984375,132.92481994628906,17.43607521057129,104.11083984375,151.46530151367188,133.9736785888672,25.272708892822266,107.69999694824219,166.6999969482422,150.7105255126953,20.67531967163086,126.69999694824219,176.79998779296875,150.9736785888672,18.679410934448242,128.6999969482422,171.60000610351562
315,grain,8.0,3.1915382432114616,3.4641016151377544,2.7386127875258306,0.7853981633974483,0.6123724356957945,1.0,7.414213562373095,1.8288145488861385,170.3553466796875,9.8724365234375,159.22833251953125,182.51742553710938,160.9750213623047,11.30361270904541,149.3089141845703,174.40936279296875,131.9714813232422,10.842195510864258,120.32694244384766,146.8937530517578,203.375,14.806565284729004,180.6999969482422,218.0,207.75,14.872373580932617,184.6999969482422,222.0,182.625,13.819709777832031,161.6999969482422,195.3000030517578
316,grain,24.0,5.527906391541368,8.052537482844139,4.043647429219641,-0.27350079210560807,0.8647757971948767,0.8888888888888888,17.65685424949238,0.9673740686372484,116.5532455444336,13.953542709350586,94.45018005371094,133.86911010742188,95.49243927001953,13.414750099182129,71.85114288330078,111.87386322021484,59.3727912902832,10.98892879486084,43.5592155456543,71.76487731933594,169.3333282470703,23.89851188659668,136.39999389648438,199.39999389648438,119.29166412353516,16.169618606567383,103.30000305175781,138.5,55.54166793823242,13.97014331817627,40.0,72.39999389648438
317,grain,1765.0,47.40535620009159,66.99200958405517,34.138743360170004,0.9788642750318486,0.8604148377739181,0.9571583514099783,178.61017305526642,0.6952519109476473,171.07545471191406,47.77501678466797,91.77625274658203,218.22735595703125,195.0394287109375,23.609119415283203,164.74871826171875,216.5022430419922,199.12156677246094,19.14630126953125,178.89468383789062,214.77711486816406,228.88441467285156,43.1312141418457,167.0,255.0,247.80169677734375,20.07386589050293,235.0,255.0,249.02378845214844,16.512454986572266,239.0,255.0
318,grain,19.0,4.918490759365935,5.74595528516869,4.371027512765358,-1.0528757002904965,0.649087440727986,0.95,14.242640687119286,1.1770161688565013,132.51625061035156,18.993227005004883,110.925048828125,158.19326782226562,103.55245208740234,17.94644546508789,83.49568176269531,126.27859497070312,81.03511810302734,16.512331008911133,64.69190216064453,109.54496002197266,163.42105102539062,39.74698257446289,114.4000015258789,219.59999084472656,134.1052703857422,45.78541946411133,83.5999984741211,200.1999969482422,85.78947448730469,24.088825225830078,57.79999923706055,117.19999694824219
319,grain,1070.0,36.910246719124274,40.06577330381625,34.38702986618882,-0.7503882479502977,0.5132076499586322,0.9402460456942003,130.52691193458116,0.7892116998292369,151.18638610839844,31.922821044921875,100.91937255859375,187.1752471923828,139.94329833984375,29.396696090698242,96.60657501220703,173.37429809570312,123.89325714111328,27.76692008972168,82.71937561035156,158.71080017089844,123.40934753417969,41.806976318359375,77.0,187.0999755859375,116.75981140136719,40.188167572021484,76.0,182.0,99.58037567138672,34.361392974853516,65.0,155.0999755859375
320,grain,3.0,1.9544100476116797,3.265986323710904,0.0,1.5707963267948966,1.0,1.0,1.0,37.69911184307752,132.25901794433594,9.164616584777832,123.17338562011719,141.11460876464844,116.44542694091797,14.450540542602539,102.47197723388672,130.76390075683594,112.99520111083984,11.068570137023926,101.78192901611328,123.17338562011719,121.33333587646484,2.8674418926239014,118.5999984741211,124.19999694824219,127.33333587646484,3.0912060737609863,124.19999694824219,129.8000030517578,129.6666717529297,4.496912479400635,126.19999694824219,134.1999969482422
321,grain,20.0,5.046265044040321,5.706712113467744,4.672626333658674,-0.8753249132936873,0.5740862637032682,0.9523809523809523,14.82842712474619,1.1430090930538366,133.73971557617188,11.65404224395752,119.72315216064453,146.7212371826172,168.4145965576172,9.152374267578125,155.86434936523438,180.3610382080078,176.47952270507812,8.261672973632812,168.7164764404297,184.673828125,181.1999969482422,9.631199836730957,170.6999969482422,192.0,206.6999969482422,9.69587516784668,195.60000610351562,217.5,197.64999389648438,10.090961456298828,183.0,208.8000030517578
322,grain,3.0,1.9544100476116797,3.265986323710904,0.0,0.0,1.0,1.0,1.0,37.69911184307752,155.83560180664062,10.758000373840332,144.9098663330078,165.6112823486328,191.7755584716797,4.689305782318115,187.0027313232422,195.9733428955078,194.36322021484375,4.004683494567871,190.28045654296875,197.8709716796875,192.0,8.83176040649414,183.0,199.8000030517578,224.0,3.5590262413024902,220.39999389648438,226.8000030517578,209.6666717529297,8.498366355895996,201.0,217.0
323,grain,3.0,1.9544100476116797,3.265986323710904,0.0,0.0,1.0,1.0,1.0,37.69911184307752,105.80721282958984,17.024459838867188,88.67103576660156,121.79328918457031,79.6429214477539,14.878962516784668,64.69190216064453,93.67387390136719,52.6160774230957,7.7470383644104,45.02556610107422,60.206600189208984,174.0,37.41657257080078,136.0,208.0,111.33333587646484,31.62628936767578,79.19999694824219,140.0,56.33333206176758,13.474254608154297,42.599998474121094,68.19999694824219
324,grain,38.0,6.955796338302048,9.366014281123688,5.241079299138596,-0.08686737627343503,0.8287730950895063,0.9743589743589743,21.656854249492383,1.0181287778766261,126.47833251953125,31.02777862548828,92.38003540039062,165.35250854492188,119.2146987915039,31.227006912231445,84.09947204589844,161.4709930419922,109.27257537841797,25.984813690185547,78.23407745361328,138.440673828125,91.7631607055664,18.82807731628418,67.69999694824219,123.30000305175781,104.39473724365234,22.567487716674805,81.69999694824219,140.5,108.2368392944336,15.30468463897705,89.69999694824219,130.89999389648438
325,grain,1125.0,37.8469878303024,55.834519144298355,26.623063337186498,0.5006250339348174,0.8790004944013304,0.9422110552763819,156.46803743153546,0.5774456524612183,168.63291931152344,30.42700958251953,125.9335708618164,201.8387451171875,152.69972229003906,33.63291549682617,107.81983947753906,193.7306671142578,137.1361083984375,30.618247985839844,97.4691390991211,177.68710327148438,95.82577514648438,39.51020050048828,46.0,146.5999755859375,97.36266326904297,41.59929656982422,47.0,155.0,93.13866424560547,34.711002349853516,52.0,142.5999755859375
326,grain,3492.0,66.67947577939698,87.71752193312912,52.52081822440222,0.18992290138572682,0.8009363852618269,0.9724310776942355,248.75230867899734,0.7091691891039709,204.6089630126953,21.660188674926758,175.09942626953125,217.3647918701172,203.6394500732422,17.548601150512695,181.99989318847656,214.77711486816406,200.8860321044922,17.515043258666992,180.2747802734375,211.32688903808594,219.7331085205078,40.52536392211914,155.0,247.0,225.20848083496094,30.27281379699707,181.0,248.0,219.5140380859375,28.14158058166504,182.0,241.0
327,grain,1328.0,41.12009381565534,58.04401160156144,29.722795548742543,1.3207380206560262,0.8589416815024714,0.9465431218816821,152.76955262170048,0.715046566201565,202.7974395751953,16.432477951049805,187.77902221679688,213.91456604003906,197.27978515625,18.399810791015625,176.8245391845703,212.189453125,189.4446563720703,18.996875762939453,165.61126708984375,207.01409912109375,100.84487915039062,17.126216888427734,80.0,119.0,106.79894256591797,19.771230697631836,81.0,128.0,104.25828552246094,17.53968048095703,82.0,124.0
328,grain,5.0,2.5231325220201604,2.5298221281347035,2.5298221281347035,-0.7853981633974483,0.0,1.0,5.656854249492381,1.9634954084936203,65.89949035644531,15.094532012939453,54.1686897277832,83.1506576538086,47.44072723388672,15.659658432006836,35.19239807128906,64.86441040039062,62.62176513671875,13.380507469177246,50.54594039916992,78.14781951904297,40.400001525878906,14.853955268859863,27.799999237060547,58.599998474121094,41.400001525878906,15.186836242675781,28.600000381469727,59.39999771118164,52.79999923706055,13.377593040466309,40.400001525878906,68.4000015258789
329,grain,7.0,2.985410660720923,3.0237157840738176,2.799416848895061,1.5707963267948966,0.377964473009227,1.0,6.82842712474619,1.8865422955842652,136.90040588378906,7.227196216583252,129.90133666992188,147.15252685546875,127.16580963134766,4.984048843383789,122.48333740234375,133.0065460205078,120.26532745361328,2.389376640319824,117.82552337646484,123.00086975097656,155.42857360839844,9.317527770996094,146.39999389648438,166.1999969482422,167.14285278320312,10.999072074890137,157.0,182.39999389648438,156.14285278320312,8.526069641113281,147.60000610351562,165.0
330,grain,944.0,34.668979365276876,50.413445106225254,24.319310748327048,1.2451546564871618,0.8759525254602858,0.932806324110672,133.1543289325507,0.669069569655883,145.6353759765625,42.48759460449219,84.53075408935547,195.54202270507812,126.56495666503906,42.13654327392578,71.59237670898438,179.41221618652344,110.37736511230469,34.85466003417969,64.0881118774414,156.1231231689453,114.10804748535156,82.85343933105469,30.0,252.0,114.08474731445312,80.62959289550781,31.0,249.0,108.2658920288086,67.91461944580078,39.0,230.699951171875
331,grain,964.0,35.03431062722223,38.74921076695034,31.93757792047535,0.758600590311847,0.5662808564090597,0.9630369630369631,121.84062043356593,0.816023553405808,157.0152130126953,31.657611846923828,113.85774993896484,197.52593994140625,162.5663604736328,26.720062255859375,122.48333740234375,193.21315002441406,153.97390747070312,29.909276962280273,110.40751647949219,189.76292419433594,82.71576690673828,41.97541809082031,36.30000305175781,143.0,109.3433609008789,43.48805618286133,51.30000305175781,167.0,111.61410522460938,38.390689849853516,60.0,162.0
332,grain,2784.0,59.53737391372493,72.64870832098265,49.324040798103105,1.0115140127145281,0.7341946915714423,0.9673384294649062,212.36753236814715,0.7757161860202341,179.0937042236328,33.980384826660156,128.52125549316406,213.052001953125,171.83570861816406,35.10335159301758,121.01700592041016,209.60177612304688,162.66079711914062,35.3403205871582,111.27007293701172,204.42642211914062,235.41343688964844,33.653709411621094,187.0,255.0,234.19073486328125,35.674072265625,184.30001831054688,255.0,227.42959594726562,37.55374526977539,168.0,255.0
333,grain,4389.0,74.75458756385878,107.67203941902888,53.32322206085128,1.1235910638090585,0.8687576799917969,0.973170731707317,291.27922061357856,0.650064480910945,210.78150939941406,15.492536544799805,194.07571411132812,219.0899200439453,206.1432647705078,16.264188766479492,187.1752471923828,215.63967895507812,201.31166076660156,15.64201831817627,181.99989318847656,210.46432495117188,254.04808044433594,4.000764846801758,253.0,255.0,253.3782196044922,7.012409210205078,252.0,255.0,189.66940307617188,26.656108856201172,158.0,224.0
334,grain,3.0,1.9544100476116797,3.265986323710904,0.0,1.5707963267948966,1.0,1.0,1.0,37.69911184307752,113.57022857666016,3.474113702774048,110.06249237060547,116.27291870117188,97.4691390991211,5.764750003814697,91.6037368774414,102.64449310302734,117.59551239013672,3.614065170288086,114.37528228759766,121.2757568359375,136.0,17.907167434692383,121.4000015258789,154.1999969482422,114.33333587646484,18.3726863861084,99.4000015258789,133.0,118.33333587646484,11.085526466369629,110.19999694824219,129.39999389648438
335,grain,1465.0,43.18907191682884,47.306649454165864,39.98000104014297,0.4634402636647286,0.5345697754692514,0.9556425309849967,152.5685424949238,0.7908925669739867,186.3079833984375,25.599929809570312,148.360107421875,208.7392120361328,175.9619598388672,25.99823570251465,136.28427124023438,201.8387451171875,159.74411010742188,32.375614166259766,110.40751647949219,194.07571411132812,169.91058349609375,48.552913665771484,99.0,231.0,169.4040985107422,49.154537200927734,103.80001831054688,232.5999755859375,152.71536254882812,52.46229553222656,85.40000915527344,226.0
336,grain,2114.0,51.88090590544978,62.01919743583811,44.467445406479555,0.7257372645807952,0.6970784600281661,0.9391381608174145,195.66904755831212,0.6938579759847244,32.72745132446289,21.01969337463379,17.251174926757812,50.89096450805664,27.25179672241211,18.816133499145508,14.663497924804688,41.40281677246094,23.981090545654297,13.42491626739502,14.663497924804688,37.69377517700195,37.56291580200195,26.98847198486328,19.0,60.699951171875,30.131977081298828,23.492630004882812,16.0,47.699951171875,25.428571701049805,15.71237564086914,15.0,40.0
337,grain,2565.0,57.147698398498015,62.13352837985266,52.89330105141505,-0.33371414082428114,0.5247046172889697,0.9745440729483282,199.78174593052023,0.8075801304210016,187.85487365722656,26.28085708618164,150.08522033691406,211.32688903808594,189.0096435546875,23.799365997314453,156.1231231689453,210.46432495117188,187.63427734375,22.80401039123535,153.5354461669922,208.7392120361328,76.47563171386719,30.97014617919922,45.0,110.0,80.62806701660156,34.19860076904297,49.0,117.0,73.69278717041016,32.73109817504883,48.0,108.0
338,grain,4202.0,73.14473711058885,114.18409146763096,47.6041506354059,1.435993330917017,0.9089491333187486,0.952186721051439,290.0243866176395,0.6277646812722504,206.3619384765625,15.16965389251709,187.1752471923828,216.5022430419922,202.30348205566406,16.70438575744629,180.2747802734375,213.91456604003906,197.4627227783203,17.805692672729492,171.64918518066406,210.46432495117188,214.21917724609375,25.04318618774414,179.0,235.0,169.2482147216797,22.505889892578125,146.0,201.0,88.00238037109375,38.29706954956055,48.0,142.0
339,grain,1830.0,48.27036737860349,55.663377467636415,42.46748825942191,0.86662378926908,0.646476274611358,0.9591194968553459,172.5685424949238,0.7722140366108884,169.28965759277344,38.215126037597656,104.28335571289062,203.56385803222656,179.2298126220703,23.444713592529297,144.04730224609375,202.7012939453125,178.26402282714844,20.99224090576172,148.360107421875,199.25106811523438,32.0928955078125,16.540828704833984,17.0,50.0,37.75409698486328,19.26983070373535,22.0,58.0,38.5721321105957,20.202499389648438,23.0,58.0999755859375
340,grain,23.0,5.4115163798060095,5.897678246195885,4.86335007099463,-0.7853981633974483,0.5656854249492381,1.0,14.82842712474619,1.314460457011912,152.8603973388672,37.53602600097656,91.08619689941406,189.76292419433594,134.78416442871094,46.79588317871094,58.48147964477539,184.76007080078125,124.77099609375,37.229400634765625,64.69190216064453,166.81886291503906,176.82608032226562,32.00496292114258,122.0,211.8000030517578,176.0,40.809207916259766,106.4000015258789,216.0,165.6086883544922,38.625,104.0,208.0
341,grain,3.0,1.9544100476116797,3.265986323710904,0.0,1.5707963267948966,1.0,1.0,1.0,37.69911184307752,133.40907287597656,17.723894119262695,115.58287048339844,150.085205078125,112.70767211914062,19.419815063476562,93.32884979248047,131.28143310546875,107.5323257446289,13.068705558776855,95.05397033691406,120.58570861816406,157.6666717529297,19.430788040161133,138.0,175.60000610351562,153.0,25.66450309753418,127.0,176.60000610351562,146.0,16.872066497802734,128.8000030517578,160.8000030517578
342,grain,508.0,25.43237481489809,33.80262272222808,19.59822671861657,1.0491979667852274,0.8147700758078857,0.9639468690702088,89.35533905932738,0.7995259463809987,176.81265258789062,29.422149658203125,132.5752716064453,208.13540649414062,172.06686401367188,26.28492546081543,134.5591583251953,203.56385803222656,159.86709594726562,29.99614715576172,117.0492172241211,197.52593994140625,215.52362060546875,42.66396713256836,156.39999389648438,253.0,215.69094848632812,35.04683303833008,169.39999389648438,249.0,190.6771697998047,38.25162887573242,141.0,233.0
343,grain,2405.0,55.33661631404713,66.35961824097855,52.408729420415845,-1.4069891977108353,0.6134051489824505,0.8950502419054708,267.5391052434009,0.4222312803194757,97.0656509399414,34.62838363647461,56.06631851196289,146.63497924804688,96.99858093261719,37.03598403930664,46.57817077636719,145.77243041992188,90.8555908203125,36.66218185424805,42.265377044677734,139.73451232910156,91.7471923828125,52.38380813598633,38.0,179.599853515625,101.04947662353516,59.42151641845703,38.0,196.0,97.33222198486328,56.017147064208984,39.0,184.0
344,grain,548.0,26.414679072721462,28.48402676286267,25.13849502013168,-1.5349017948681716,0.47022401939088393,0.9464594127806563,92.2842712474619,0.8086024417796193,201.63412475585938,16.06968116760254,181.99989318847656,216.5022430419922,196.15182495117188,19.027814865112305,175.70321655273438,212.189453125,192.07986450195312,20.280141830444336,167.07762145996094,210.46432495117188,249.44708251953125,10.716269493103027,240.6999969482422,255.0,246.46533203125,13.694818496704102,233.0,255.0,220.63504028320312,25.002300262451172,191.0,248.0
345,grain,1545.0,44.352622206762774,64.51301227110949,31.017422459640432,-1.2958921780062091,0.8768339789094712,0.9507692307692308,169.05382386916236,0.6793418202076963,169.97265625,30.507312774658203,125.41604614257812,202.3562469482422,167.32077026367188,26.003847122192383,130.24636840820312,198.3885040283203,164.0994110107422,24.403274536132812,128.52125549316406,193.21315002441406,31.085437774658203,12.358996391296387,18.0,48.0,38.56439971923828,15.047279357910156,23.0,59.0,43.55922317504883,16.262466430664062,25.0,67.0
346,grain,582.0,27.221781995965376,36.33980258660741,21.67382338767188,-0.5662703862797033,0.8026717420373767,0.8831562974203339,117.3908729652601,0.5307184480983571,106.30072784423828,27.305212020874023,72.4549331665039,143.0984649658203,103.25213623046875,32.78068923950195,64.69190216064453,148.360107421875,89.87357330322266,31.943601608276367,54.3411979675293,134.5591583251953,84.96219635009766,34.43408966064453,48.0,134.0,94.9364242553711,41.30168533325195,51.0,158.69989013671875,84.65635681152344,36.33859634399414,51.0,138.0
347,grain,29.0,6.076507779746499,7.616258732285818,4.994143902138786,-1.3322822370900707,0.7550029368538579,0.9666666666666667,18.242640687119284,1.0950462278531092,120.1633529663086,26.556978225708008,87.80847930908203,154.91552734375,114.15518188476562,27.25511932373047,77.97531127929688,152.1553497314453,107.76034545898438,22.65861701965332,80.39047241210938,135.59423828125,149.65516662597656,60.62847900390625,66.0,230.1999969482422,146.34483337402344,59.394805908203125,67.5999984741211,224.0,136.27586364746094,46.48017501831055,77.5999984741211,198.79998779296875
348,grain,249.0,17.805522925178455,19.93966128515506,16.565478231562334,-1.243619014317498,0.5566004454439644,0.8798586572438163,69.11269837220809,0.6550787507342427,158.52374267578125,32.48219680786133,106.78477478027344,195.8008270263672,140.79107666015625,35.77644729614258,84.35824584960938,180.44728088378906,129.48426818847656,34.32390213012695,78.3203353881836,170.78662109375,37.68273162841797,8.88930892944336,26.0,49.0,35.349395751953125,8.497247695922852,25.80000114440918,46.19999694824219,34.28915786743164,6.252768039703369,26.0,42.0
349,grain,3150.0,63.330123684671285,74.41088859504745,57.021009449248915,0.4628517811552654,0.6424837991088563,0.9548347984237647,235.7817459305202,0.7120328971954831,203.7873077392578,20.986623764038086,183.72500610351562,215.63967895507812,202.07888793945312,21.901771545410156,180.2747802734375,214.77711486816406,197.27484130859375,22.467636108398438,173.37429809570312,211.32688903808594,42.21333312988281,14.64303970336914,25.0,57.0,37.48317337036133,12.676870346069336,25.0,47.0,28.82158660888672,11.831727027893066,21.0,39.0
350,grain,5180.0,81.21195011652007,101.40493100157916,66.80125700939108,0.08552606748885214,0.7523553548049824,0.9664179104477612,292.16652224137044,0.7625682544200234,210.065185546875,15.091793060302734,195.8008270263672,219.0899200439453,205.296142578125,15.595720291137695,187.1752471923828,215.63967895507812,200.3179473876953,17.276302337646484,180.2747802734375,211.32688903808594,253.31158447265625,6.6480913162231445,252.0,255.0,252.40501403808594,7.496463298797607,247.0,255.0,197.02760314941406,40.005226135253906,146.0,255.0
351,grain,1175.0,38.678889139475245,40.37947954754181,37.55309160324527,0.1473914933063664,0.36754851409192146,0.9670781893004116,131.01219330881975,0.8602492367231716,174.9144287109375,27.31422233581543,135.42172241210938,203.56385803222656,168.93817138671875,30.3194522857666,127.65869140625,200.97618103027344,157.49148559570312,30.71004867553711,114.72030639648438,196.66339111328125,151.87660217285156,92.15896606445312,23.0,250.0,146.9880828857422,85.88756561279297,27.0,243.0,130.27830505371094,70.49977111816406,35.0,223.0
352,grain,36.0,6.770275002573076,7.405730831987628,6.794666770575301,1.4220698733633537,0.3977642068811248,0.8780487804878049,22.242640687119284,0.9144072744430692,71.80801391601562,14.452506065368652,54.34120178222656,93.15634155273438,70.01102447509766,11.37520694732666,54.34120178222656,84.53075408935547,42.38517761230469,10.325020790100098,28.46443748474121,56.497596740722656,75.16666412353516,23.855466842651367,45.5,109.0,66.94444274902344,19.170209884643555,40.0,89.0,33.16666793823242,11.05164623260498,20.0,49.5
353,grain,3.0,1.9544100476116797,3.265986323710904,0.0,1.5707963267948966,1.0,1.0,1.0,37.69911184307752,142.6096954345703,3.1757583618164062,139.56199645996094,145.7724151611328,119.0331039428711,4.398205280303955,115.23783874511719,123.5184097290039,116.44542694091797,2.817103862762451,113.68524169921875,119.20561218261719,26.0,0.8164966106414795,25.200000762939453,26.799999237060547,25.33333396911621,1.247219204902649,24.200000762939453,26.600000381469727,27.33333396911621,0.942808985710144,26.399999618530273,28.0
354,grain,3.0,1.9544100476116797,3.265986323710904,0.0,1.5707963267948966,1.0,1.0,1.0,37.69911184307752,185.73765563964844,3.1757588386535645,182.68994140625,188.90036010742188,180.5623016357422,3.1757583618164062,177.51458740234375,183.72500610351562,142.6096954345703,5.332694053649902,138.3544158935547,148.01507568359375,28.33333396911621,0.942808985710144,27.399999618530273,29.0,31.33333396911621,0.942808985710144,30.399999618530273,32.0,30.0,1.4142135381698608,28.600000381469727,31.0
355,grain,3339.0,65.20235302403364,90.70726032994344,57.12857088914547,1.042853877258231,0.776747161215561,0.8096508244422891,329.79393923934,0.3857810961351482,174.82997131347656,26.49412727355957,137.14683532714844,204.42642211914062,160.94534301757812,28.62623405456543,120.75822448730469,195.8008270263672,128.00613403320312,32.92467498779297,87.1184310913086,170.78662109375,148.8286895751953,69.14612579345703,43.0,236.0,146.861328125,67.6680679321289,43.0,230.0,116.7052993774414,55.37921142578125,42.0,194.0
356,grain,1695.0,46.45579649867281,51.88262051243928,43.19990314050322,-0.8719595924986147,0.5538042431198034,0.9511784511784511,166.71067811865476,0.7663951195016439,180.8284454345703,38.5134391784668,118.17054748535156,216.5022430419922,173.52391052246094,39.97517395019531,112.99519348144531,213.052001953125,166.66415405273438,38.62161636352539,104.3696060180664,207.87664794921875,228.95516967773438,35.133914947509766,175.0,255.0,227.44424438476562,35.099910736083984,177.0,255.0,216.6584014892578,35.56664276123047,163.40000915527344,252.0
357,grain,3.0,1.9544100476116797,3.265986323710904,0.0,1.5707963267948966,1.0,1.0,1.0,37.69911184307752,159.5733642578125,4.283950328826904,155.26055908203125,162.85108947753906,168.48646545410156,8.162720680236816,160.26341247558594,176.13449096679688,140.30955505371094,9.561921119689941,131.28143310546875,149.91270446777344,25.66666603088379,0.942808985710144,25.0,26.600000381469727,29.66666603088379,1.8856180906295776,27.799999237060547,31.0,30.0,1.632993221282959,28.399999618530273,31.600000381469727
358,grain,241.0,17.517155313611116,20.05936602283032,15.626924996590596,0.0713221576443286,0.6269818751735047,0.9717741935483871,58.72792206135786,0.8780871813133635,101.11621856689453,32.40422439575195,58.65399169921875,145.77243041992188,171.83529663085938,25.672351837158203,132.83404541015625,201.8387451171875,183.15594482421875,18.697525024414062,156.1231231689453,206.1515350341797,131.08714294433594,40.99545669555664,70.0,183.0,200.46058654785156,30.931987762451172,154.0,236.0,206.1742706298828,26.84090805053711,167.0,238.0
359,grain,2855.0,60.29178136544723,91.40429024172934,45.9645891913006,-0.6527631497723997,0.8643613315056228,0.7768707482993197,338.41525958289964,0.3132680481600433,82.50562286376953,45.13658142089844,31.9146728515625,150.60263061523438,85.13832092285156,39.31916427612305,43.12793731689453,144.9098663330078,77.1175765991211,37.98085021972656,37.09002685546875,129.38380432128906,67.55656433105469,70.66584014892578,15.0,206.0,79.9040298461914,70.91732788085938,23.0,217.0,74.69351959228516,66.45356750488281,23.0,204.0
360,grain,1365.0,41.68899109553381,52.24789694868091,34.99696832037541,0.8779921741107133,0.7425186444953954,0.9619450317124736,151.88225099390854,0.7435813102008819,203.58409118652344,19.77043342590332,180.2747802734375,218.22735595703125,202.18690490722656,18.611629486083984,180.2747802734375,215.63967895507812,198.05421447753906,19.633392333984375,169.4065399169922,212.189453125,248.74139404296875,16.764074325561523,238.0,255.0,250.09378051757812,13.757182121276855,242.0,255.0,245.2095184326172,19.077709197998047,226.0,255.0
361,grain,455.0,24.069150231250354,28.752747520534342,20.370124118051674,0.31024982636135284,0.7057526222184086,0.9518828451882845,84.8700576850888,0.7938021410525139,173.00840759277344,27.681005477905273,128.86627197265625,203.56385803222656,161.82359313964844,26.646615982055664,122.48333740234375,192.35060119628906,151.5013427734375,28.66569709777832,108.16486358642578,187.1752471923828,163.1846160888672,67.83526611328125,49.0,236.0,158.4813232421875,59.75568389892578,61.400001525878906,226.5999755859375,144.5230712890625,50.0684700012207,66.0,203.0
362,grain,1957.0,49.91722938071296,64.84136179541369,39.37194612097146,1.2973667414812573,0.7945458325415127,0.972180824639841,182.8111831820431,0.7358599569644315,190.1062469482422,22.827247619628906,157.84825134277344,210.46432495117188,183.3671112060547,26.079545974731445,148.360107421875,207.87664794921875,176.44020080566406,24.697240829467773,142.83973693847656,201.8387451171875,109.5682144165039,35.125396728515625,58.600006103515625,152.0,105.82933044433594,30.165773391723633,66.0,142.0,93.50791931152344,26.665849685668945,62.0,129.0
363,grain,1479.0,43.394945404543435,51.81333335040471,37.06562857285054,0.8429125656711607,0.6987473460381459,0.9566623544631306,156.5685424949238,0.7581742329769053,175.96255493164062,31.248380661010742,129.38380432128906,207.87664794921875,172.17697143554688,31.9692440032959,129.2113037109375,202.7012939453125,165.8078155517578,33.17832565307617,116.27291870117188,196.66339111328125,80.52806091308594,26.07829475402832,47.0,105.0,70.15415954589844,21.2293701171875,47.0,89.0,52.46179962158203,14.335014343261719,36.0,73.0
364,grain,1691.0,46.40094902205299,65.11325126586911,33.74004580949841,0.21327292447054869,0.8552747388492722,0.9548277809147374,176.5685424949238,0.6815956458606612,194.51083374023438,25.04127311706543,156.98568725585938,215.63967895507812,190.59742736816406,24.537425994873047,153.5354461669922,212.189453125,186.7804412841797,23.550397872924805,153.5354461669922,208.7392120361328,95.32820892333984,21.1267032623291,65.0,119.0,78.41218566894531,17.248689651489258,57.0,96.0,54.14784240722656,18.405851364135742,35.0,79.0
365,grain,1156.0,38.36489168124743,42.74952043016812,34.922772702914536,-0.7313120407170857,0.5767564822716379,0.9537953795379538,136.08326112068522,0.7844373820981416,195.41879272460938,20.28184700012207,165.61126708984375,213.91456604003906,191.7029266357422,19.476545333862305,163.8861541748047,209.60177612304688,188.63174438476562,19.473072052001953,157.84825134277344,208.7392120361328,217.60726928710938,37.592857360839844,165.5,249.0,229.5631561279297,30.278844833374023,195.0,253.0,224.46279907226562,32.322654724121094,178.0,254.0
366,grain,1392.0,42.099280828433955,52.95419534356371,33.97009268024974,-0.7006518848529615,0.7671234076620603,0.9686847599164927,149.25483399593904,0.7852216904932503,184.14637756347656,23.336381912231445,151.81033325195312,207.87664794921875,190.78286743164062,17.01422691345215,169.924072265625,206.1515350341797,189.35829162597656,17.46087074279785,165.61126708984375,206.1515350341797,87.23994445800781,41.534847259521484,33.0,148.0,113.82830810546875,42.34133529663086,51.0,167.0,119.3074722290039,44.316280364990234,58.0,176.0
367,grain,3.0,1.9544100476116797,3.265986323710904,0.0,1.5707963267948966,1.0,1.0,1.0,37.69911184307752,73.31749725341797,10.657634735107422,62.449249267578125,82.46061706542969,94.0188980102539,19.377197265625,74.8700942993164,112.82267761230469,89.41858673095703,20.428058624267578,69.52223205566406,109.54495239257812,36.33333206176758,8.17856216430664,28.200000762939453,44.20000076293945,58.0,15.121728897094727,43.0,72.5999984741211,58.66666793823242,16.357126235961914,42.400001525878906,74.4000015258789
368,grain,7.0,2.985410660720923,3.0237157840738176,2.7994168488950604,1.5707963267948966,0.3779644730092273,1.0,6.82842712474619,1.8865422955842652,53.23219680786133,9.40052604675293,41.5753288269043,65.5544662475586,71.96204376220703,9.71351146697998,60.896644592285156,83.49568176269531,73.56394958496094,8.972437858581543,62.96678924560547,84.01321411132812,65.0,9.591663360595703,54.599998474121094,76.39999389648438,87.28571319580078,8.030553817749023,78.19999694824219,97.4000015258789,85.57142639160156,6.044055461883545,78.4000015258789,92.19999694824219
369,grain,3.0,1.9544100476116797,3.265986323710904,0.0,1.5707963267948966,1.0,1.0,1.0,37.69911184307752,41.40281677246094,5.7647504806518555,35.537418365478516,46.57817077636719,54.053680419921875,7.5305986404418945,46.40565872192383,60.89664840698242,51.75352478027344,6.93631649017334,44.6805419921875,57.79143142700195,14.333333015441895,0.9428090453147888,13.399999618530273,15.0,25.0,2.8284270763397217,23.0,27.799999237060547,25.0,2.1602468490600586,23.200000762939453,27.200000762939453
370,grain,1451.0,42.982212360588434,45.32033508492559,41.67175677232982,-1.040147460265934,0.3931050391785269,0.9343206696716033,155.49747468305833,0.7541028735886185,142.04161071777344,49.8307991027832,75.90516662597656,212.189453125,162.98318481445312,31.635841369628906,120.75822448730469,207.01409912109375,167.36788940429688,26.70597267150879,128.52125549316406,201.8387451171875,184.37147521972656,65.1388168334961,89.0,255.0,221.07098388671875,38.338096618652344,170.0,255.0,225.48863220214844,32.56638717651367,178.0,255.0
371,grain,571.0,26.963304323539017,29.01633588566211,25.69360711590139,-0.9463903924692207,0.46466290921640746,0.9677966101694915,89.35533905932738,0.898679754692028,145.2845001220703,28.04476547241211,108.6823959350586,183.72500610351562,146.28302001953125,23.744720458984375,116.44542694091797,177.68710327148438,115.70220947265625,19.419832229614258,90.56866455078125,139.73451232910156,136.06304931640625,48.5494270324707,71.0,202.0,158.45008850097656,47.6040153503418,92.0,217.0,134.7407989501953,43.38274383544922,80.0,195.0
372,grain,2199.0,52.91364435448217,56.80271805799333,51.37216125372271,0.7349494453733476,0.42669374110157143,0.9661687170474517,191.88225099390854,0.7505255547989179,196.98974609375,24.688888549804688,160.43592834472656,216.5022430419922,197.27764892578125,18.025426864624023,173.37429809570312,213.91456604003906,193.95960998535156,19.217493057250977,167.33639526367188,210.46432495117188,223.42201232910156,35.62331771850586,173.0,249.0,218.04501342773438,20.453615188598633,191.0,237.0,181.18417358398438,20.37598419189453,158.0,209.0
373,grain,6.0,2.763953195770684,3.265986323710904,2.0,1.5707963267948966,0.7905694150420949,1.0,6.0,2.0943951023931953,195.6570587158203,3.673617124557495,191.488037109375,199.25106811523438,179.55596923828125,5.4874067306518555,172.94302368164062,185.88140869140625,186.31268310546875,5.317171096801758,181.1373291015625,190.62548828125,253.0,0.5773502588272095,252.5,253.5,245.0,1.7320507764816284,243.0,247.0,235.8333282470703,1.771690845489502,234.0,237.5
374,grain,5.0,2.5231325220201604,2.5298221281347035,2.5298221281347035,-0.7853981633974483,0.0,1.0,5.656854249492381,1.9634954084936203,198.21600341796875,3.467440605163574,194.42074584960938,202.1837615966797,189.76290893554688,3.6186368465423584,186.14016723632812,194.07571411132812,188.38284301757812,3.8805558681488037,184.41505432128906,192.35060119628906,252.0,2.190890312194824,249.8000030517578,254.60000610351562,248.8000030517578,1.7204651832580566,247.39999389648438,250.8000030517578,239.60000610351562,1.0198038816452026,238.39999389648438,240.60000610351562
375,grain,2675.0,58.360224315594955,74.49688468877588,47.846434441819866,1.2600242733886955,0.7664861164917384,0.9506041222459133,220.85281374238568,0.6891722421180096,180.30410766601562,25.01947784423828,145.77243041992188,208.7392120361328,171.359619140625,24.154285430908203,139.73451232910156,200.11361694335938,139.79383850097656,29.720766067504883,99.19425201416016,176.8245391845703,126.45084381103516,54.34038162231445,52.0,205.0,126.69046783447266,49.16917037963867,62.0,198.0,99.7005615234375,36.07402038574219,54.0,149.0
376,grain,36.0,6.770275002573076,9.087297459695566,5.181999965693036,1.490698657808572,0.8214736025481089,0.972972972972973,21.899494936611667,0.9432876901559158,204.28265380859375,4.791754245758057,197.52593994140625,210.03305053710938,198.74790954589844,6.247764587402344,190.62548828125,206.1515350341797,192.13494873046875,8.757259368896484,181.568603515625,202.7012939453125,252.4166717529297,2.9380171298980713,250.0,255.0,251.19444274902344,3.3978707790374756,248.5,255.0,241.52777099609375,6.877847671508789,237.0,250.0
377,grain,1485.0,43.482878514786904,73.25442353926287,28.451939344145448,0.6951870957366573,0.9214913321159751,0.9071472205253512,194.71067811865476,0.49221719263283803,198.2978973388672,25.848087310791016,165.09375,216.5022430419922,198.23110961914062,18.90860366821289,173.37429809570312,214.77711486816406,196.63900756835938,16.872737884521484,170.78662109375,211.32688903808594,222.94882202148438,49.25233840942383,145.0,255.0,232.58047485351562,36.943763732910156,181.0,255.0,235.03097534179688,32.380550384521484,191.0,255.0
378,grain,1733.0,46.97365358396169,57.777392370981865,39.460300907872536,1.1679024476694393,0.7304452069191247,0.9638487208008899,171.4386001800126,0.740953924756883,133.4567108154297,33.55487060546875,87.98098754882812,179.41221618652344,135.18728637695312,29.51790428161621,94.0188980102539,171.64918518066406,107.78649139404297,27.841861724853516,69.00469970703125,144.73728942871094,30.144258499145508,23.53816032409668,12.0,64.7999267578125,37.37103271484375,28.15020751953125,14.0,76.0,34.514713287353516,20.771404266357422,16.0,62.0
379,grain,5.0,2.5231325220201604,2.5298221281347035,2.5298221281347035,-0.7853981633974483,0.0,1.0,5.656854249492381,1.9634954084936203,180.27476501464844,4.970014572143555,174.4093780517578,185.1051025390625,188.0377960205078,1.809317946434021,186.65771484375,190.10794067382812,187.17526245117188,2.672539234161377,184.5875701904297,190.45297241210938,58.400001525878906,3.6110942363739014,54.400001525878906,62.400001525878906,83.0,3.0331501960754395,79.80000305175781,86.5999984741211,93.5999984741211,6.15142297744751,86.4000015258789,98.5999984741211
380,grain,11.0,3.742410318509555,4.51260859854213,2.9541957835039856,1.5707963267948966,0.7559289460184544,1.0,9.65685424949238,1.4822832322447796,191.5664520263672,9.409077644348145,179.41221618652344,203.56385803222656,176.3540496826172,14.141579627990723,156.1231231689453,191.488037109375,165.21922302246094,13.036620140075684,148.360107421875,179.41221618652344,250.63636779785156,3.2269527912139893,245.0,254.0,246.4545440673828,7.797011852264404,234.0,254.0,224.5454559326172,13.472960472106934,205.0,239.0
381,grain,2.0,1.5957691216057308,2.0,0.0,0.0,1.0,1.0,0.0,0.0,77.63028717041016,6.037910461425781,72.79995727539062,82.46061706542969,109.11367797851562,7.331748962402344,103.24827575683594,114.97908020019531,111.27008056640625,6.900470733642578,105.74970245361328,116.79045104980469,126.0,4.0,122.80000305175781,129.1999969482422,189.5,4.5,185.89999389648438,193.10000610351562,183.5,3.5,180.6999969482422,186.3000030517578
382,grain,606.0,27.777385840094972,36.41520472007924,22.616308666304768,0.49713420338011827,0.7837568948373337,0.8846715328467153,108.18376618407356,0.6506662723228156,139.51390075683594,38.78791809082031,83.66819763183594,192.35060119628906,168.52915954589844,28.009536743164062,130.67764282226562,203.132568359375,174.10450744628906,27.592330932617188,137.14683532714844,208.7392120361328,214.5858154296875,46.161739349365234,135.5,253.0,240.0,21.836929321289062,209.5,255.0,239.21287536621094,21.67801856994629,206.0,255.0
383,grain,7135.0,95.31297997484596,129.447822169699,78.837269529076,-1.534379362771442,0.7931491889043902,0.8849063623961305,523.4041122946064,0.3272876218956998,142.10000610351562,79.75736999511719,17.251174926757812,213.052001953125,141.25967407226562,76.85708618164062,19.838850021362305,211.32688903808594,136.2318115234375,76.2440414428711,17.251174926757812,207.87664794921875,141.10104370117188,94.87214660644531,17.0,251.0,151.13734436035156,94.20613861083984,21.0,255.0,151.961181640625,95.12257385253906,20.0,254.0
384,grain,1282.0,40.4016471984804,60.48129589532778,27.339949904705175,0.9401589819186634,0.8919977937157915,0.9378200438917337,158.81118318204307,0.6387570793858252,205.52178955078125,15.895463943481445,186.31268310546875,218.22735595703125,202.4308319091797,13.68429946899414,185.4501190185547,214.77711486816406,197.7183837890625,14.285043716430664,178.54965209960938,210.46432495117188,251.43214416503906,10.04601764678955,245.0,255.0,247.36660766601562,10.14826488494873,235.0,255.0,184.49844360351562,28.288909912109375,153.0,224.9000244140625
385,grain,308.0,19.802974013476614,22.127948874913265,17.84849918858134,0.5467362068491088,0.5910917598198578,0.9476923076923077,66.62741699796952,0.8718758064613388,179.58583068847656,31.311229705810547,132.92030334472656,212.189453125,200.0716094970703,17.82323455810547,175.96197509765625,215.8984375,199.62353515625,15.174786567687988,180.2747802734375,213.052001953125,243.19805908203125,16.62466812133789,224.0,255.0,253.2987060546875,4.332944869995117,249.0,255.0,253.65260314941406,3.829918146133423,252.0,255.0
386,grain,479.0,24.695783889727878,29.652819733696994,20.77745449716963,0.06104371105396341,0.7134651830759882,0.9466403162055336,86.5269119345812,0.8039757853492923,142.4968719482422,36.102298736572266,94.88146209716797,191.488037109375,141.11029052734375,33.02351760864258,96.60657501220703,185.4501190185547,139.358154296875,29.085651397705078,100.74685668945312,179.41221618652344,127.06889343261719,32.69300079345703,81.0,170.0,130.74530029296875,31.024972915649414,91.0,174.0,123.59498596191406,29.750158309936523,83.0,165.19998168945312
387,grain,901.0,33.87017611123954,42.86996761947625,26.947410903586114,-1.3230798623570965,0.7777410387520199,0.9646680942184154,120.08326112068524,0.7851808660427262,176.4856414794922,40.50614547729492,112.13263702392578,211.32688903808594,177.9436492919922,30.814855575561523,130.24636840820312,207.87664794921875,169.8656768798828,31.39655876159668,122.48333740234375,204.42642211914062,93.8213119506836,45.96249008178711,34.0,161.0,99.26637268066406,45.39105987548828,41.0,167.0,96.73140716552734,41.80918502807617,46.0,160.0
388,grain,1758.0,47.311257853120075,63.20085895632663,38.20622251413775,-1.1529810049524984,0.7965894918915684,0.9262381454162276,183.01219330881975,0.6595818296303464,147.83363342285156,29.516368865966797,110.14875030517578,188.90036010742188,147.049072265625,25.82297134399414,115.58287048339844,183.72500610351562,139.60841369628906,25.648679733276367,108.6823959350586,175.09942626953125,43.737770080566406,29.857072830200195,15.0,84.0,53.417518615722656,33.69166564941406,17.0,101.0,54.816837310791016,31.34235191345215,19.0,98.0
389,grain,1259.0,40.03758967297569,43.05820616997982,40.51441786792422,-0.45814439410378366,0.3386230906564439,0.9051042415528396,156.118795026618,0.649120332657754,167.5145263671875,28.741138458251953,127.65869140625,204.42642211914062,163.58197021484375,29.577560424804688,123.34589385986328,200.97618103027344,155.95184326171875,29.21001434326172,117.3079833984375,196.66339111328125,111.12947082519531,51.13508987426758,39.0,180.0,119.85543823242188,51.29484176635742,47.0,190.0,119.02780151367188,45.88972091674805,57.80000305175781,186.0
390,grain,1315.0,40.91833331560242,57.80097011166781,29.157753417104686,-1.200753844626957,0.863440359359709,0.9612573099415205,153.1543289325507,0.7044936183408724,174.197509765625,32.32503128051758,121.10325622558594,207.87664794921875,180.54698181152344,21.286571502685547,151.81033325195312,204.42642211914062,175.85899353027344,23.024076461791992,142.66722106933594,201.8387451171875,134.45855712890625,50.24325942993164,56.0,196.0,148.45399475097656,37.08711242675781,102.0,198.0,139.50038146972656,33.171142578125,98.40000915527344,184.5999755859375
391,grain,3113.0,62.95708619973261,68.53844377632362,60.863173780508056,0.7233672483924911,0.4598142690774255,0.9673710379117464,222.71067811865476,0.7886910347969799,202.84121704101562,21.89836311340332,173.37429809570312,219.0899200439453,201.1790008544922,18.723392486572266,177.68710327148438,215.63967895507812,194.75096130371094,22.365354537963867,164.92123413085938,211.32688903808594,252.2222900390625,10.407967567443848,249.0,255.0,253.4336700439453,7.382543087005615,253.0,255.0,250.05397033691406,13.036295890808105,243.0,255.0
392,grain,942.0,34.63223427878316,40.97643393012353,30.46504245166242,-1.2758484157108432,0.6687613344743811,0.898854961832061,132.66904755831214,0.6725453033466942,171.01187133789062,34.744266510009766,117.3079833984375,208.7392120361328,173.81382751464844,28.294384002685547,132.0577392578125,205.28897094726562,169.91673278808594,28.74015998840332,125.07101440429688,202.61500549316406,217.80148315429688,47.1770133972168,138.0,255.0,232.28131103515625,32.958839416503906,180.0,255.0,230.7017059326172,30.28725242614746,183.10000610351562,255.0
393,grain,3577.0,67.48613080861635,79.74062508213777,59.83061047046164,0.30196151716535746,0.6610801472808134,0.9613007256113948,252.16652224137047,0.7068934317901217,180.88726806640625,23.210866928100586,147.49754333496094,204.42642211914062,165.73883056640625,24.849374771118164,131.9714813232422,193.21315002441406,139.24668884277344,25.63782501220703,104.3696060180664,169.924072265625,170.39501953125,40.545501708984375,114.0,218.0,147.19680786132812,42.56996154785156,92.0,202.0,100.57170867919922,47.04072952270508,49.0,168.0
394,grain,1353.0,41.50533825939352,50.522411147479296,36.02264956881582,0.14773940386783363,0.7011606020368834,0.9588944011339475,154.22539674441617,0.7148186391135776,107.4806900024414,34.49615478515625,62.10422897338867,155.95054626464844,93.71097564697266,36.416141510009766,46.57817077636719,146.63497924804688,63.56414031982422,30.940954208374023,28.636945724487305,112.13263702392578,53.61862564086914,51.32457733154297,17.0,125.9996337890625,55.963783264160156,49.29039001464844,19.0,132.0,42.44198226928711,26.728130340576172,19.0,83.0
395,grain,1054.0,36.63324282875953,42.85653140185967,32.95626354212959,-0.841800134818482,0.6392602612124618,0.9117647058823529,143.39696961967,0.6441255521690364,166.27333068847656,31.884931564331055,121.62078094482422,200.97618103027344,179.9130401611328,23.28439712524414,151.81033325195312,203.56385803222656,180.67904663085938,20.4678897857666,157.84825134277344,200.97618103027344,221.74192810058594,41.353633880615234,159.3000030517578,255.0,236.99525451660156,30.10854721069336,196.3000030517578,255.0,236.12713623046875,25.957141876220703,199.0,255.0
396,grain,875.0,33.37790589062273,45.49710888770847,24.763973162204113,0.11048585562510703,0.838892114260663,0.9521218715995647,122.42640687119284,0.7336141680986066,202.93789672851562,17.821250915527344,180.2747802734375,216.5022430419922,199.0263214111328,18.64738655090332,172.51174926757812,213.91456604003906,195.50018310546875,18.518857955932617,170.2690887451172,211.32688903808594,162.01828002929688,38.302223205566406,100.0,199.0,164.0114288330078,33.69828796386719,109.0,196.0,151.15428161621094,27.774194717407227,109.0,178.5999755859375
397,grain,625.0,28.209479177387816,31.301634162636926,25.915552424527657,1.5420064132308837,0.560831900106142,0.9750390015600624,95.698484809835,0.8575900983107728,140.0795440673828,42.487369537353516,69.86725616455078,192.35060119628906,135.49761962890625,41.57365417480469,76.25019073486328,190.62547302246094,115.25579071044922,48.02296829223633,49.16584777832031,186.31268310546875,135.53439331054688,72.57997131347656,34.400001525878906,227.5999755859375,150.28799438476562,69.97364044189453,46.0,233.0,136.27999877929688,62.4798469543457,43.400001525878906,215.0
398,grain,56.0,8.444016491289505,10.691633696185328,6.924902528486841,-0.7433678126965689,0.7619009276464621,0.9180327868852459,29.071067811865472,0.8326757611084991,107.804443359375,29.29004669189453,72.88621520996094,147.92881774902344,84.54615783691406,23.240825653076172,55.635040283203125,116.876708984375,90.75350189208984,23.990318298339844,61.241668701171875,121.62078094482422,92.05357360839844,20.385936737060547,64.0,117.5,83.89286041259766,20.492752075195312,56.5,110.0,86.55357360839844,17.876480102539062,65.0,108.0
399,grain,3216.0,63.99014280237452,78.60341893146112,59.26436675240927,0.12488256737407404,0.6569125459689485,0.8813373526993696,325.33809511662423,0.38181770692964045,148.36813354492188,42.33972930908203,90.56866455078125,202.7012939453125,141.3550262451172,41.649112701416016,81.94307708740234,195.8008270263672,122.24247741699219,46.499122619628906,58.65399169921875,190.62547302246094,193.97108459472656,66.37078094482422,72.0,254.0,195.2985076904297,63.03013610839844,81.5,253.0,165.85696411132812,60.59441375732422,72.0,239.0
400,grain,23742.0,173.86561842728491,219.33219778298934,163.9167299586379,-0.358991442908165,0.6644366589803035,0.781706835242987,1241.7077195258244,0.19350331187495368,122.68801879882812,48.839881896972656,55.203758239746094,191.488037109375,106.76927947998047,57.20492172241211,30.189556121826172,184.5875701904297,100.18745422363281,52.114593505859375,35.364906311035156,175.96197509765625,92.01752471923828,71.54417419433594,17.0,209.0,84.63208770751953,71.86431884765625,15.0,202.0,77.23140716552734,60.92986297607422,17.0,174.0
401,grain,3005.0,61.855354108833325,79.77682228267761,50.73608680621258,-0.6602103044183045,0.7717094301255271,0.9089534180278281,298.40916292848976,0.4240626583642212,163.33877563476562,38.07267379760742,105.57718658447266,203.56385803222656,185.3936004638672,22.59822654724121,156.98568725585938,206.1515350341797,187.2501678466797,20.49226188659668,162.16104125976562,205.28897094726562,90.7900161743164,44.16952133178711,37.0,151.0,129.91148376464844,41.11559295654297,70.0,178.0,134.3893585205078,40.92637634277344,69.39999389648438,178.599853515625
402,grain,1190.0,38.92499271977894,71.84858393798365,21.569013859954882,1.3312239051862804,0.9538759792146004,0.9275136399064692,175.6335136523794,0.4847770437367946,188.43572998046875,19.09642791748047,158.71080017089844,206.1515350341797,193.0159912109375,14.266274452209473,173.37429809570312,207.87664794921875,191.6090850830078,13.929981231689453,172.51174926757812,207.01409912109375,33.954620361328125,11.566524505615234,21.0,51.0,46.371429443359375,16.394397735595703,29.0,71.0,53.152099609375,17.999568939208984,33.0,79.0
403,grain,4186.0,73.00534729909441,89.59117703330013,60.476091829486975,0.42299685482979543,0.7377968211924558,0.9561443581544085,268.1665222413705,0.7314758097679079,158.55667114257812,46.96184539794922,93.58761596679688,207.01409912109375,163.07716369628906,40.838680267333984,106.0947265625,205.28897094726562,156.86492919921875,41.446327209472656,98.33169555664062,201.8387451171875,115.5602035522461,80.23312377929688,19.0,236.0,124.47037506103516,78.50836944580078,25.0,237.0,118.4546127319336,70.07852935791016,30.0,225.0
404,grain,644.0,28.635053113438516,34.905217872121185,23.69683044727661,0.8707659118401632,0.7342392759017834,0.9554896142433235,99.59797974644667,0.8158206104219512,147.24172973632812,39.74845504760742,91.43122100830078,196.66339111328125,134.2725372314453,38.41740798950195,81.94307708740234,183.72500610351562,121.25914764404297,38.632568359375,70.72981262207031,175.96197509765625,88.9844741821289,44.126895904541016,32.0,155.0,99.5279541015625,50.54679870605469,36.0,176.0,102.35869598388672,47.96052169799805,43.0,171.70001220703125
405,grain,504.0,25.332049473868512,27.62280342152372,24.010345002516907,-1.3029637768364906,0.49442221914213536,0.9509433962264151,88.87005768508881,0.8019171035218648,200.6732635498047,17.02215576171875,176.2207489013672,215.63967895507812,190.7692413330078,22.53998374938965,157.2444610595703,211.32688903808594,182.5424041748047,22.07234764099121,150.94776916503906,205.0301971435547,207.07142639160156,25.641510009765625,169.0,233.0,190.0416717529297,27.323970794677734,147.0,220.0,150.125,26.090925216674805,118.0,187.69998168945312
406,grain,1709.0,46.64725481689563,67.04639490902714,33.54123681373276,-1.536918689262891,0.8658700074217722,0.9468144044321329,173.84062043356596,0.7106395926172095,143.26095581054688,36.74705505371094,94.0188980102539,192.35060119628906,139.72996520996094,34.12367248535156,92.29378509521484,184.5875701904297,128.80389404296875,31.604755401611328,86.25587463378906,169.924072265625,184.82855224609375,56.82658386230469,102.0,252.0,188.64540100097656,52.2355842590332,115.0,251.0,172.6418914794922,50.30767059326172,103.80000305175781,240.199951171875
407,grain,136.0,13.159049284959082,14.506379248676238,12.341734938864468,0.45411483120864554,0.5255222858424593,0.9066666666666666,46.384776310850235,0.7943242827201472,39.06249237060547,10.751450538635254,24.582923889160156,51.75352478027344,32.66307067871094,6.433413028717041,24.151643753051758,40.97153854370117,27.918994903564453,4.690505027770996,21.563968658447266,34.502349853515625,37.41911697387695,7.682633876800537,27.5,49.0,34.95588302612305,6.333695411682129,28.0,44.5,29.227941513061523,6.303555011749268,23.0,39.0
408,grain,69.0,9.373021315815206,11.98203048810095,7.651127110063393,1.0026730975705413,0.7695802317878331,0.9078947368421053,33.69238815542512,0.763827629882978,206.95159912109375,5.404301643371582,199.94110107421875,211.49940490722656,202.91380310058594,8.834820747375488,194.24822998046875,209.77427673339844,192.71311950683594,8.998076438903809,184.07003784179688,202.01124572753906,99.14492797851562,34.086116790771484,59.0,139.1999969482422,123.44927215576172,34.564170837402344,88.0,169.39999389648438,131.27536010742188,26.398223876953125,95.80000305175781,161.39999389648438
409,grain,1030.0,36.21376438700094,52.13773651674539,25.560099667759655,1.388670558001313,0.8715864514600681,0.9484346224677717,139.59797974644667,0.6641846314173997,107.14989471435547,32.990814208984375,62.10422897338867,150.94776916503906,90.70098876953125,30.904932022094727,49.079593658447266,133.6966094970703,80.01278686523438,23.769512176513672,51.75352478027344,114.8065414428711,63.9980583190918,31.797386169433594,26.0,107.0,62.23495101928711,29.62973976135254,25.0,101.0,58.999027252197266,21.495607376098633,31.0,85.0
410,grain,3.0,1.9544100476116797,3.265986323710904,0.0,1.5707963267948966,1.0,1.0,1.0,37.69911184307752,181.99989318847656,9.682201385498047,172.16671752929688,190.79798889160156,161.29847717285156,15.68497371673584,145.42739868164062,175.78945922851562,156.9856719970703,9.935038566589355,146.97999572753906,166.3013153076172,108.0,22.730302810668945,87.0,131.0,117.66666412353516,22.005048751831055,97.5999984741211,140.0,128.3333282470703,14.613540649414062,115.19999694824219,143.1999969482422
411,grain,3.0,1.9544100476116797,3.265986323710904,0.0,1.5707963267948966,1.0,1.0,1.0,37.69911184307752,198.3885040283203,1.4085488319396973,197.00840759277344,199.7686004638672,193.50067138671875,5.191300392150879,188.21031188964844,197.8709716796875,184.300048828125,2.2639312744140625,181.99989318847656,186.14016723632812,71.33333587646484,6.944222450256348,64.5999984741211,78.19999694824219,100.66666412353516,3.399346113204956,97.19999694824219,103.5999984741211,107.33333587646484,7.760297775268555,99.80000305175781,115.0
412,grain,1035.0,36.301555459799424,40.65486605485861,33.46770143154518,0.43763907958760995,0.5677295359274441,0.9400544959128065,131.49747468305833,0.7521689277186719,186.734375,23.939516067504883,150.08522033691406,208.7392120361328,176.3678436279297,24.147356033325195,138.8719482421875,201.8387451171875,154.35049438476562,36.644283294677734,96.60657501220703,195.8008270263672,113.32077026367188,70.69776153564453,28.0,224.5999755859375,119.58357238769531,71.33568572998047,31.0,230.0,106.02802276611328,64.03568267822266,32.400001525878906,215.0
413,grain,4726.0,77.57145150387724,95.20365953159443,70.21320478346716,-1.2217642646863855,0.6753413302457932,0.9135897931567756,309.03657992645924,0.6218473724020647,205.1623077392578,16.648029327392578,181.99989318847656,218.22735595703125,198.7261505126953,19.582435607910156,172.08047485351562,215.63967895507812,189.9390411376953,23.150659561157227,155.2605743408203,211.32688903808594,252.91049194335938,6.587815284729004,249.0,255.0,252.5624237060547,7.735895156860352,248.0,255.0,246.2039794921875,15.026407241821289,229.5,255.0
414,grain,7718.0,99.13053417724524,115.08460066423149,87.23373568241617,-0.6717971645914437,0.6522585061006516,0.9430596285434996,371.072113832392,0.7043653797148585,194.3335418701172,22.453598022460938,163.6273956298828,213.91456604003906,188.10585021972656,24.487369537353516,153.5354461669922,212.189453125,178.35353088378906,28.850311279296875,135.42172241210938,207.01409912109375,83.34944152832031,40.81124496459961,28.0,131.0,92.44234466552734,45.38407516479492,32.0,143.0,93.40087890625,43.47595977783203,37.0,142.0
415,grain,4227.0,73.36200348678827,97.72297055317026,59.29558642117179,0.36049259380724996,0.7948757389248322,0.9372505543237251,282.0243866176395,0.6678343991806721,180.96510314941406,34.31875991821289,138.0093994140625,212.189453125,192.80198669433594,22.3873233795166,166.9913787841797,212.189453125,194.686279296875,18.57631492614746,171.64918518066406,211.32688903808594,235.29949951171875,38.064544677734375,196.60000610351562,255.0,246.1847686767578,26.082029342651367,232.0,255.0,247.44381713867188,21.505142211914062,236.0,255.0
416,grain,3349.0,65.29991757512455,77.94769669336284,60.61058360091935,-0.697237468507557,0.6287838039742525,0.9182890046613655,287.99494936611666,0.5074056146467462,208.8563995361328,13.739222526550293,192.35060119628906,216.5022430419922,205.80255126953125,14.345991134643555,185.27761840820312,214.77711486816406,201.55003356933594,21.79391860961914,178.54965209960938,212.189453125,200.84413146972656,35.50123596191406,152.80001831054688,223.0,218.78829956054688,34.27383804321289,174.0,239.0,221.950439453125,36.8071174621582,174.0,241.0
417,grain,4968.0,79.53272319142788,86.34364193794684,74.73707577970076,-0.4571004173180943,0.5007757505835371,0.9575944487278335,289.03657992645924,0.7472842546619648,199.21963500976562,21.99598503112793,167.33639526367188,215.63967895507812,198.61907958984375,18.31220817565918,173.37429809570312,213.052001953125,193.90972900390625,21.233137130737305,163.8861541748047,210.46432495117188,57.331119537353516,65.37429809570312,17.0,184.2998046875,56.234703063964844,64.83037567138672,15.0,178.0,53.617149353027344,63.73345947265625,12.0,173.2998046875
418,grain,801.0,31.935323316554435,34.169520124032125,31.027131972437207,0.7467158289796587,0.41889355854828103,0.9697336561743342,109.94112549695429,0.8327641539029783,166.59873962402344,32.56073760986328,119.89566040039062,198.3885040283203,171.77410888671875,26.07541847229004,136.28427124023438,198.3885040283203,169.8174591064453,24.790699005126953,136.28427124023438,194.07571411132812,124.96005249023438,55.059051513671875,45.0,195.0,156.5418243408203,52.063331604003906,76.0,218.0,161.1997528076172,50.02598571777344,84.0,220.0
419,grain,8.0,3.1915382432114616,3.4641016151377544,2.7386127875258306,-0.7853981633974483,0.6123724356957945,1.0,7.414213562373095,1.8288145488861385,62.10422897338867,14.061294555664062,50.37342834472656,78.40658569335938,58.761810302734375,14.064188003540039,46.57817077636719,75.56014251708984,54.3411979675293,9.448858261108398,43.8179817199707,62.96678161621094,102.125,20.176952362060547,82.0,126.79999542236328,101.875,22.290342330932617,79.69999694824219,129.39999389648438,93.25,14.280669212341309,76.19999694824219,109.89999389648438
420,grain,7.0,2.985410660720923,3.0237157840738176,2.799416848895061,0.0,0.377964473009227,1.0,6.82842712474619,1.8865422955842652,23.5355281829834,3.4414219856262207,20.011362075805664,27.946901321411133,17.86728858947754,1.9405125379562378,16.04359245300293,20.011362075805664,32.7772331237793,2.3052852153778076,29.844532012939453,34.847373962402344,36.85714340209961,5.890150547027588,30.600000381469727,43.19999694824219,33.85714340209961,5.026460647583008,28.200000762939453,40.19999694824219,54.28571319580078,3.574284553527832,50.0,58.19999694824219
421,grain,180.0,15.138795132120961,23.34383103204534,10.74801720016169,0.9315975625859515,0.8877000793535296,0.8144796380090498,64.21320343559643,0.5485720754652293,107.28793334960938,18.810962677001953,83.40943145751953,132.05772399902344,114.95032501220703,23.0093994140625,83.58193969726562,146.80747985839844,110.40750885009766,23.944011688232422,75.81890869140625,144.99610900878906,66.50555419921875,38.93491744995117,20.799999237060547,129.09999084472656,82.01667022705078,47.993228912353516,27.0,152.09999084472656,94.28888702392578,37.333404541015625,50.900001525878906,149.0
422,grain,2199.0,52.91364435448217,65.41223683307923,43.57604956146452,0.055210413744203,0.7457947413155567,0.9661687170474517,190.91168824543144,0.7581760424659679,195.75572204589844,27.136802673339844,151.81033325195312,213.91456604003906,192.34078979492188,22.21442222595215,160.43592834472656,210.46432495117188,188.61795043945312,20.264240264892578,160.43592834472656,206.1515350341797,48.33015060424805,36.192527770996094,21.0,99.199951171875,57.192359924316406,42.776668548583984,24.0,121.0,65.40018463134766,45.804931640625,27.0,140.0
423,grain,2712.0,58.762450981232575,88.96432806665405,41.351091513924295,-1.5471658695998163,0.8854129148443557,0.9243353783231084,234.22539674441617,0.6212001940287782,198.94955444335938,22.165678024291992,169.06150817871094,215.63967895507812,196.9108123779297,21.289928436279297,167.33639526367188,213.91456604003906,190.30807495117188,24.921415328979492,151.81033325195312,211.32688903808594,35.544986724853516,31.966707229614258,22.0,37.0,41.05125427246094,30.676433563232422,26.0,47.0,41.5014762878418,23.597862243652344,28.0,49.0
424,grain,2565.0,57.147698398498015,69.6975390875438,47.818463587827644,-1.41771596644194,0.7275210180499131,0.9613943028485757,208.5035713374682,0.7414301409111492,111.51051330566406,29.73445701599121,74.1800537109375,153.5354461669922,96.82919311523438,25.413759231567383,66.41702270507812,131.9714813232422,74.69691467285156,19.928937911987305,51.75352478027344,102.64448547363281,66.74385833740234,38.239986419677734,30.0,124.0,65.59064483642578,35.991573333740234,30.0,118.0,55.07836151123047,23.443077087402344,31.0,88.0
425,grain,7.0,2.985410660720923,3.0237157840738176,2.799416848895061,0.0,0.377964473009227,1.0,6.82842712474619,1.8865422955842652,198.26528930664062,12.1497802734375,183.37998962402344,212.01693725585938,194.6918182373047,12.471692085266113,180.44728088378906,208.91171264648438,196.04727172851562,12.204645156860352,179.58473205566406,209.94679260253906,253.14285278320312,1.7261494398117065,251.1999969482422,255.0,254.42857360839844,1.049781322479248,253.1999969482422,255.0,253.57142639160156,1.9897698163986206,250.60000610351562,255.0
426,grain,2263.0,53.678124871642765,62.63007903783955,46.3202133980854,-1.4234345415955574,0.6730641082718838,0.96875,190.71067811865476,0.7818877287370406,169.26620483398438,30.29130744934082,127.65869140625,205.28897094726562,160.69244384765625,29.199935913085938,121.62078094482422,199.25106811523438,147.0111846923828,33.70098114013672,101.78192901611328,189.76292419433594,58.53778076171875,45.65971755981445,20.0,128.0,66.45470428466797,48.176143646240234,22.0,142.7999267578125,68.39682006835938,46.011207580566406,27.0,138.0
427,grain,1318.0,40.96498163017951,58.6610399435532,30.70321547695938,1.2023958931333962,0.8520868237128459,0.8541801685029164,184.95331880577402,0.48417350123094277,162.445068359375,41.96397399902344,97.21036529541016,205.28897094726562,156.82469177246094,36.44355010986328,100.91937255859375,197.52593994140625,143.20111083984375,32.298912048339844,94.88146209716797,181.99989318847656,167.76934814453125,54.76240539550781,77.69999694824219,227.0,158.93399047851562,43.116729736328125,92.69999694824219,211.0,122.61532592773438,35.0124626159668,80.0,173.2999267578125
428,grain,19.0,4.918490759365935,7.347338259627431,3.178877656956105,1.5707963267948966,0.9015585847705068,1.0,14.828427124746192,1.0858586384011444,36.00048065185547,7.398035526275635,27.256855010986328,45.02556610107422,29.780973434448242,6.8341450691223145,20.87392234802246,38.125091552734375,36.22746658325195,5.742062568664551,29.499509811401367,43.472957611083984,36.842105865478516,8.298783302307129,27.0,48.19999694824219,30.842105865478516,8.455849647521973,20.0,42.39999771118164,35.157894134521484,6.722023010253906,26.0,44.0
429,grain,2018.0,50.689223719401724,60.8754861931475,43.512732054986905,-0.9686526252981362,0.6993468247804856,0.971126082771896,183.88225099390857,0.7499829716802898,192.93106079101562,22.862577438354492,163.0236053466797,214.77711486816406,195.55079650878906,21.986116409301758,169.924072265625,214.77711486816406,191.83340454101562,22.622344970703125,160.43592834472656,210.46432495117188,228.09811401367188,34.892147064208984,186.0,255.0,229.28741455078125,24.571603775024414,199.0,249.0,192.7913818359375,32.706787109375,152.0,237.0
430,grain,2066.0,51.28852600165895,55.520929713744444,48.20742285732163,-0.34594294295315425,0.49608357350158705,0.9516351911561493,184.56854249492378,0.7621225568963018,192.2328643798828,34.590763092041016,147.49754333496094,214.77711486816406,185.16748046875,37.26615905761719,134.99044799804688,211.32688903808594,173.7630157470703,44.183101654052734,108.6823959350586,207.87664794921875,36.19118881225586,13.896092414855957,18.0,53.0,40.381412506103516,15.827993392944336,20.0,61.0,41.65053176879883,17.07159423828125,21.0,65.0
431,grain,156.0,14.093451279891855,23.142776957392943,9.331024701065475,0.8464971270861309,0.9151146057325519,0.8167539267015707,70.18376618407356,0.397979886072432,155.1057586669922,27.742599487304688,114.72030639648438,185.4501190185547,164.68789672851562,21.95262336730957,137.14683532714844,194.9382781982422,164.15707397460938,21.416118621826172,134.99044799804688,189.76292419433594,99.91666412353516,24.858564376831055,66.0,133.5,143.21153259277344,21.56534767150879,116.0,171.0,147.92308044433594,22.581912994384766,118.5,180.0
432,grain,324.0,20.310825007719227,25.24622464142029,16.877799565931053,0.6666605289792679,0.7436872752992839,0.9257142857142857,72.38477631085024,0.7770704621082829,37.98985290527344,15.122621536254883,18.113733291625977,59.25776672363281,119.802490234375,25.16974449157715,86.25587463378906,152.4141082763672,170.7174072265625,29.865224838256836,119.89566040039062,200.97618103027344,11.84567928314209,5.589419841766357,8.0,18.0,25.00308609008789,15.35415267944336,13.0,44.0,44.73456954956055,20.850967407226562,25.299999237060547,68.69998168945312
433,grain,3.0,1.9544100476116797,3.265986323710904,0.0,0.0,1.0,1.0,1.0,37.69911184307752,52.04104232788086,2.2639319896698,50.2009162902832,54.3411979675293,51.17848205566406,1.7723898887634277,49.51087188720703,52.96110534667969,45.71561813354492,2.53930401802063,43.47296142578125,48.303287506103516,61.66666793823242,1.2472190856933594,60.400001525878906,62.79999923706055,56.0,0.8164966106414795,55.20000076293945,56.79999923706055,50.0,2.1602468490600586,47.79999923706055,51.79999923706055
434,grain,3701.0,68.64589976877598,102.42178518291388,49.41437835810981,-1.3930678533195697,0.8759181974931248,0.905111274150159,275.88225099390854,0.6110565833346937,205.80636596679688,14.611496925354004,183.72500610351562,215.63967895507812,204.68606567382812,11.825115203857422,190.62547302246094,213.052001953125,201.22604370117188,12.569489479064941,186.31268310546875,209.60177612304688,106.6503677368164,31.06082534790039,64.0,126.0,111.8594970703125,27.24085235595703,81.0,129.0,105.0883560180664,23.33469581604004,83.0,120.0
435,grain,6431.0,90.48869273114643,111.18413335807787,77.13361089787838,0.5630166098074824,0.7202192026246371,0.9079486093463222,353.03657992645924,0.6484088879311436,177.6299591064453,38.0261344909668,116.44542694091797,212.189453125,164.74884033203125,42.46123123168945,94.0188980102539,206.1515350341797,149.0808868408203,45.11280059814453,75.04261016845703,197.52593994140625,211.94805908203125,62.89065170288086,91.0,255.0,202.79428100585938,63.277442932128906,81.0,251.0,151.4678955078125,58.778785705566406,65.0,231.0
436,grain,18.0,4.787307364817192,5.033222956847166,4.888888888888889,-0.3805063771123662,0.2377608345059192,0.9,13.828427124746192,1.182869403904479,8.86518669128418,0.5608882308006287,8.366819381713867,9.48814582824707,9.631905555725098,0.43127915263175964,9.48814582824707,10.350704193115234,13.32174015045166,1.9547573328018188,11.213263511657715,15.78482437133789,10.05555534362793,0.22906142473220825,10.0,10.0,9.5,0.5,9.0,10.0,10.722222328186035,0.8031573295593262,10.0,11.299999237060547
437,grain,48.0,7.817640190446719,10.727034271292853,6.978153382621904,0.7190809143747199,0.7594888806717844,0.8727272727272727,32.935028842544405,0.5560770930436,8.78731632232666,0.37992775440216064,8.625587463378906,9.48814582824707,8.715436935424805,0.3625304400920868,8.625587463378906,8.625587463378906,9.991305351257324,1.0829797983169556,9.48814582824707,11.213263511657715,11.25,0.6922186613082886,10.0,12.0,8.3125,0.7946763038635254,7.0,9.0,9.729166984558105,0.6689414381980896,9.0,10.0
438,grain,1670.0,46.111929472835136,53.20645376394015,40.65587735879725,-0.48291895899644977,0.6450794247504523,0.9548313321898227,165.1543289325507,0.7693897776704021,162.56492614746094,42.20085906982422,111.18382263183594,213.91456604003906,153.6960906982422,45.707557678222656,98.33169555664062,209.60177612304688,146.49758911132812,42.46568298339844,94.0188980102539,204.42642211914062,221.4149627685547,39.529823303222656,169.90000915527344,255.0,207.64251708984375,49.692138671875,141.0,255.0,177.84910583496094,43.62458419799805,121.0,228.0999755859375
439,grain,4204.0,73.16214216428209,102.24143904370868,63.22616716136906,0.1409281364098786,0.7858630281325507,0.8364504576203741,376.62846301849606,0.372431405066086,140.3397674560547,66.4049301147461,20.70140838623047,210.46432495117188,135.27993774414062,65.8985595703125,20.70140838623047,207.87664794921875,128.32571411132812,62.125701904296875,24.151643753051758,201.8387451171875,121.7000503540039,74.5484390258789,17.0,217.0,126.71527099609375,74.26920318603516,21.0,220.0,121.34419250488281,68.06429290771484,25.0,206.0
440,grain,1587.0,44.951431095068635,62.83841846019259,33.15595382217056,0.6587873905704933,0.8494691670883614,0.9468973747016707,174.22539674441617,0.6569977260992755,195.7084503173828,19.820655822753906,169.924072265625,213.052001953125,190.76571655273438,20.50410270690918,163.0236053466797,210.46432495117188,180.19650268554688,23.644073486328125,145.77243041992188,204.42642211914062,218.74354553222656,48.164642333984375,134.0,255.0,226.15122985839844,39.161468505859375,165.0,255.0,218.2388153076172,34.87148666381836,163.0,250.0
441,grain,28.0,5.970821321441846,9.495297269732124,5.000259499819996,-0.12146380884469529,0.8501108466785771,0.7368421052631579,21.10660171779821,0.7898257075715787,215.5164794921875,1.4343656301498413,213.39703369140625,216.5022430419922,213.390869140625,1.4274029731750488,211.6719207763672,214.77711486816406,210.833984375,1.3721517324447632,209.08424377441406,211.58566284179688,220.10714721679688,2.9318361282348633,217.10000610351562,223.0,236.60714721679688,1.8772945404052734,234.39999389648438,239.0,239.32142639160156,1.2832316160202026,237.6999969482422,241.0
442,grain,3.0,1.9544100476116797,3.265986323710904,0.0,1.5707963267948966,1.0,1.0,1.0,37.69911184307752,215.6396942138672,1.52587890625e-05,215.63967895507812,215.63967895507812,213.052001953125,0.0,213.052001953125,213.052001953125,210.4643096923828,1.52587890625e-05,210.46432495117188,210.46432495117188,222.0,0.0,222.0,222.0,238.0,0.0,238.0,238.0,240.0,0.0,240.0,240.0
443,grain,4.0,2.256758334191025,2.8284271247461903,1.7320508075688772,1.5707963267948966,0.7905694150420949,1.0,4.621320343559642,2.3536273758173025,216.9335174560547,0.4312744140625,216.5022430419922,217.3647918701172,214.5614776611328,0.7151934504508972,213.91456604003906,215.3809051513672,211.7581787109375,0.43128204345703125,211.32688903808594,212.189453125,221.0,1.0,220.0,222.0,236.5,0.5,236.0,237.0,239.0,0.0,239.0,239.0
444,grain,2469.0,56.06806966492709,69.3001432360611,47.309533420614514,-1.0757075145911357,0.7307213552111135,0.9569767441860465,210.91168824543144,0.6974766258520096,149.9287109375,40.22077941894531,88.84355163574219,197.52593994140625,152.0653533935547,33.28369903564453,102.64448547363281,191.488037109375,128.28578186035156,33.31188201904297,84.53075408935547,173.37429809570312,22.64196014404297,26.701501846313477,10.0,42.0,28.33495330810547,31.929611206054688,12.0,56.0,29.532604217529297,29.811738967895508,12.0,54.0
445,grain,19.0,4.918490759365935,7.347338259627431,3.178877656956105,0.0,0.9015585847705068,1.0,14.828427124746192,1.0858586384011444,214.867919921875,1.3963054418563843,213.052001953125,216.5022430419922,212.7796173095703,1.189039945602417,211.32688903808594,214.0870819091797,210.32814025878906,1.290448784828186,208.7392120361328,211.49940490722656,213.1052703857422,3.1438281536102295,210.0,217.1999969482422,231.2105255126953,2.1903843879699707,229.0,234.1999969482422,237.1052703857422,1.1650495529174805,236.0,239.0
446,grain,16286.0,143.9999278664988,221.56590083530804,130.54661799467547,1.4804783676167748,0.8079872630927749,0.7438907413328462,1254.471175493115,0.13004777340391274,125.04251861572266,52.06315231323242,52.61608123779297,195.8008270263672,118.16132354736328,57.88361740112305,36.22746658325195,195.8008270263672,113.30232238769531,57.594505310058594,34.502349853515625,191.488037109375,131.3870849609375,80.77803039550781,32.0,252.0,130.34249877929688,85.7189712524414,27.0,255.0,127.51172637939453,83.60874938964844,24.0,252.0
447,grain,1440.0,42.81897878766651,51.503412599175874,38.03497054640917,0.7103629489739139,0.6742598486296907,0.8994378513429107,181.9827560572969,0.5464014965723674,128.21994018554688,39.389808654785156,73.31748962402344,181.99989318847656,111.25031280517578,40.44364547729492,56.06631851196289,167.33639526367188,95.48704528808594,31.5513858795166,53.478641510009766,139.8207550048828,107.40069580078125,47.254615783691406,50.0,176.0,91.67430877685547,42.222869873046875,40.0,150.0,72.92986297607422,26.834186553955078,41.0,109.0
448,grain,4702.0,77.37423563011615,101.2787278310505,72.54083385253952,-0.8011997690890644,0.6978443342258785,0.8059650325677066,443.66399692442883,0.3001816317248682,121.48722839355469,55.84785842895508,42.265377044677734,194.07571411132812,128.3049774169922,47.13254928588867,57.79143524169922,188.0377960205078,120.6573257446289,46.67454147338867,56.92887496948242,182.86244201660156,112.20501708984375,87.43286895751953,19.100006103515625,248.0,126.61144256591797,82.3582763671875,32.0,249.89990234375,121.58868408203125,77.1347427368164,35.0,241.0
449,grain,3463.0,66.40202213350034,70.16886547278544,66.05804484965611,-1.564597836895441,0.3372494592681265,0.9433396894579134,249.92388155425115,0.696701653189116,142.96531677246094,42.78028106689453,83.66819763183594,198.3885040283203,146.41928100585938,35.50638961791992,98.33169555664062,193.9030303955078,137.89730834960938,33.46754837036133,90.56866455078125,180.2747802734375,102.70719146728516,65.2511978149414,33.0,209.0,124.6104507446289,70.85336303710938,40.20001220703125,234.0,127.64077758789062,67.33036041259766,50.0,233.0
450,grain,13.0,4.068428945128219,5.055900530816918,3.1378581622109447,1.5707963267948966,0.784101278416771,1.0,10.82842712474619,1.3932288539364366,171.11837768554688,9.69719123840332,158.7108154296875,181.65487670898438,124.40750122070312,13.337639808654785,107.12979888916016,139.90701293945312,133.23214721679688,9.89626407623291,121.96580505371094,145.42739868164062,123.0,16.56688117980957,99.5999984741211,146.0,95.23076629638672,21.122915267944336,65.5999984741211,122.39999389648438,110.38461303710938,16.184221267700195,88.19999694824219,131.0
451,grain,837.0,32.64508384034771,47.36548771767098,22.888531292679097,0.7840815869364112,0.8754921991159593,0.9289678135405105,126.91168824543142,0.6530284154566842,183.73220825195312,25.170143127441406,151.81033325195312,209.60177612304688,186.01690673828125,22.53748321533203,154.39801025390625,208.7392120361328,178.48062133789062,25.097158432006836,144.04730224609375,205.28897094726562,217.5543670654297,38.435264587402344,157.0,250.0,213.08004760742188,29.87272071838379,169.60000610351562,240.0,166.18995666503906,36.934810638427734,120.0,214.0
452,grain,5.0,2.5231325220201604,2.5298221281347035,2.5298221281347035,-0.7853981633974483,0.0,1.0,5.656854249492381,1.9634954084936203,123.17338562011719,10.555689811706543,111.61509704589844,135.59423828125,120.93074035644531,10.929679870605469,108.85491180419922,133.6966094970703,52.788597106933594,10.313260078430176,42.437889099121094,65.20944213867188,57.79999923706055,8.304215431213379,50.0,66.4000015258789,67.0,10.139033317565918,57.0,78.4000015258789,49.0,7.6157732009887695,42.400001525878906,57.39999771118164
453,grain,4031.0,71.64097015554326,80.25408451678655,65.4131237947757,0.41049013539734075,0.5793550026995188,0.9442492386975873,264.3025612106915,0.7251367551462896,182.88833618164062,30.9029598236084,138.0093994140625,214.77711486816406,190.94451904296875,21.320186614990234,163.0236053466797,211.32688903808594,192.46400451660156,18.327016830444336,166.4738311767578,209.60177612304688,159.51673889160156,70.11074829101562,51.0,240.0,186.04737854003906,55.448421478271484,97.0,241.0,194.65045166015625,42.28105545043945,130.0,238.0
454,grain,2118.0,51.929965874715094,60.95690973848734,44.5184080559403,0.87851012990008,0.6830989134507696,0.9715596330275229,184.46803743153546,0.782156331425018,135.800048828125,28.630908966064453,100.05680847167969,171.90789794921875,123.24694061279297,28.38058853149414,86.85966491699219,159.5733642578125,109.46064758300781,26.138782501220703,76.7677230834961,142.3221893310547,33.26581573486328,20.544126510620117,19.0,55.0,36.42304229736328,24.5607967376709,19.699996948242188,61.0,36.51369094848633,20.98415756225586,21.0,57.0
455,grain,13.0,4.068428945128219,5.203549084703927,3.076923076923076,1.5707963267948966,0.8064425896179159,1.0,10.82842712474619,1.3932288539364366,180.27476501464844,12.536239624023438,164.0586700439453,194.24822998046875,174.83399963378906,13.991969108581543,154.57052612304688,190.9705047607422,175.96197509765625,7.27985143661499,163.36862182617188,183.2074737548828,61.38461685180664,13.240605354309082,43.0,75.80000305175781,92.92308044433594,16.059799194335938,71.0,109.19999694824219,102.30769348144531,16.414743423461914,78.5999984741211,121.39999389648438
456,grain,273.0,18.643883600599406,27.942778530359302,15.879959025312097,-0.974966147425147,0.8228195050035316,0.7822349570200573,89.62741699796952,0.4270618233988375,170.42642211914062,30.996612548828125,123.86343383789062,201.8387451171875,181.57334899902344,17.94133758544922,158.88331604003906,202.7012939453125,181.17208862304688,19.092876434326172,154.57052612304688,201.8387451171875,82.4945068359375,43.508758544921875,28.200000762939453,145.0,116.04395294189453,55.6302375793457,46.0,195.0,127.24176025390625,55.086612701416016,57.20000076293945,210.0
457,grain,105.0,11.562445770562215,14.64624277135457,10.034283584738935,0.08356786479926369,0.7284398694735883,0.9375,48.48528137423857,0.5612796835699448,185.91839599609375,17.087345123291016,158.19326782226562,207.01409912109375,176.20022583007812,22.924781799316406,142.14967346191406,204.94395446777344,168.10037231445312,15.923637390136719,147.8425750732422,188.55532836914062,83.82857513427734,39.73518371582031,45.400001525878906,153.39999389648438,94.29523468017578,44.409549713134766,52.0,172.60000610351562,95.98094940185547,41.106361389160156,55.400001525878906,163.60000610351562
458,grain,159.0,14.228319915326999,18.400074475571188,11.49423224035403,-1.4258613307930397,0.7808776422865603,0.9034090909090909,51.21320343559643,0.761803746026408,169.14828491210938,23.27012825012207,139.21697998046875,194.9382781982422,158.2822265625,26.174837112426758,124.38096618652344,190.62547302246094,152.00564575195312,21.723827362060547,126.45111083984375,176.47950744628906,152.29559326171875,31.61910629272461,112.0,191.1999969482422,159.91824340820312,33.62818908691406,117.5999984741211,202.1999969482422,156.9685516357422,27.16949462890625,119.4000015258789,193.0
459,grain,1274.0,40.27539174226115,64.19033755167499,31.714741766553132,-0.2662470170655888,0.869420164463781,0.7574316290130797,214.2020561473032,0.34892494709116545,89.01213836669922,45.054508209228516,30.189556121826172,152.41409301757812,79.68986511230469,44.63939666748047,21.563968658447266,144.65106201171875,62.8787727355957,34.62342071533203,22.42652702331543,113.85774993896484,70.78022003173828,41.783912658691406,27.0,128.0,67.63735961914062,40.1365852355957,24.0,115.0,52.50706481933594,27.674612045288086,22.0,85.0
460,grain,479.0,24.695783889727878,27.15664908278308,23.086961794406378,1.3356297529293684,0.5265562368403096,0.9410609037328095,87.11269837220809,0.7931995231293082,190.40037536621094,23.026206970214844,158.5382843017578,212.189453125,184.9855499267578,20.561115264892578,156.81317138671875,207.01409912109375,151.09182739257812,24.854219436645508,117.3079833984375,184.5875701904297,118.1064682006836,47.16027069091797,49.0,173.0,129.34237670898438,46.0692024230957,60.0,182.19998168945312,109.92484283447266,39.00632095336914,51.0,156.0
461,grain,1622.0,45.444411554782334,61.20124942575983,34.819982907248395,0.38356549684572405,0.8223774060540973,0.9397450753186558,171.39696961967,0.6938321753095859,193.12806701660156,25.09996795654297,156.98568725585938,215.63967895507812,187.19651794433594,26.939559936523438,146.63497924804688,212.189453125,179.03306579589844,29.245485305786133,135.42172241210938,208.7392120361328,182.66091918945312,42.904632568359375,113.0,230.0,182.048095703125,37.65138244628906,126.0,225.0,160.80271911621094,33.45188903808594,112.0,202.0
462,grain,51.0,8.058239062071396,9.777751672938074,7.131782090230034,0.2732514480524051,0.6840994433816053,0.9272727272727272,26.86396103067893,0.8880551609390005,150.42347717285156,18.236202239990234,131.9714813232422,175.96197509765625,143.96275329589844,19.64432144165039,121.62078094482422,172.51174926757812,128.6734619140625,17.38318634033203,110.40751647949219,153.5354461669922,180.78431701660156,27.38134002685547,143.0,214.0,168.4705810546875,26.97664451599121,128.0,205.0,134.94117736816406,23.57500457763672,104.0,167.0
463,grain,3.0,1.9544100476116797,3.265986323710904,0.0,1.5707963267948966,1.0,1.0,1.0,37.69911184307752,61.52919006347656,3.544780969619751,57.96394729614258,64.86441802978516,44.56553268432617,2.932135820388794,41.5753288269043,47.095706939697266,18.976293563842773,1.8633390665054321,17.078662872314453,20.52889633178711,69.33333587646484,7.930251598358154,62.20000076293945,77.4000015258789,50.66666793823242,7.586537837982178,44.0,58.39999771118164,22.33333396911621,3.399346113204956,19.399999618530273,25.799999237060547
464,grain,3.0,1.9544100476116797,3.265986323710904,0.0,1.5707963267948966,1.0,1.0,1.0,37.69911184307752,180.5623016357422,10.688617706298828,169.75155639648438,190.45297241210938,181.7123565673828,12.83896255493164,168.71649169921875,193.5581817626953,180.5623016357422,11.143012046813965,169.2340087890625,190.62548828125,42.66666793823242,3.2998316287994385,39.400001525878906,45.0,61.33333206176758,5.436502456665039,55.79999923706055,66.19999694824219,78.66666412353516,4.027682304382324,74.5999984741211,81.80000305175781
465,grain,1.0,1.1283791670955126,0.0,0.0,-0.7853981633974483,0.0,1.0,0.0,0.0,40.540260314941406,0.0,40.540260314941406,40.540260314941406,31.052114486694336,0.0,31.052114486694336,31.052114486694336,21.563968658447266,0.0,21.563968658447266,21.563968658447266,18.0,0.0,18.0,18.0,14.0,0.0,14.0,14.0,13.0,0.0,13.0,13.0
466,grain,3.0,1.9544100476116797,3.265986323710904,0.0,1.5707963267948966,1.0,1.0,1.0,37.69911184307752,149.5101776123047,4.245177268981934,145.2548828125,153.5354461669922,131.9714813232422,1.863344430923462,130.0738525390625,133.5240936279297,107.81983184814453,2.817103862762451,105.05965423583984,110.58002471923828,81.33333587646484,0.471404492855072,81.0,81.80000305175781,88.33333587646484,2.4944381713867188,85.80000305175781,90.5999984741211,81.66666412353516,0.471404492855072,81.19999694824219,82.0
467,grain,3.0,1.9544100476116797,3.265986323710904,0.0,1.5707963267948966,1.0,1.0,1.0,37.69911184307752,177.3995819091797,7.725665092468262,169.75155639648438,182.86244201660156,161.87351989746094,5.906411647796631,155.9506072998047,166.3013153076172,145.1973876953125,10.116437911987305,134.90419006347656,153.5354461669922,97.66666412353516,2.8674418926239014,94.80000305175781,100.4000015258789,102.33333587646484,2.054804563522339,100.4000015258789,104.4000015258789,103.0,4.966554641723633,98.0,106.80000305175781
468,grain,892.0,33.70058862844632,47.17527304754668,33.455779844425216,-0.27839337186899465,0.7050270456991379,0.7210994341147938,235.2903679018718,0.20247267507245983,76.09565734863281,41.89942932128906,31.9146728515625,138.8719482421875,117.28380584716797,42.23987579345703,63.829345703125,179.41221618652344,130.77047729492188,49.195838928222656,63.829345703125,195.71453857421875,104.30156707763672,68.4903335571289,19.0,200.0,130.2657012939453,69.90177154541016,48.099998474121094,241.0,131.9349822998047,67.85009765625,55.0,245.0
469,grain,91.0,10.764051215546116,11.286564382522192,10.479761226545103,-0.8394145685988894,0.37129114495002935,0.9285714285714286,34.14213562373095,0.9810019937038179,202.72027587890625,9.679646492004395,188.90036010742188,210.46432495117188,200.0377960205078,11.64262866973877,181.99989318847656,208.7392120361328,200.07571411132812,9.928106307983398,181.99989318847656,208.7392120361328,25.120878219604492,3.8081326484680176,20.0,30.0,30.615385055541992,4.075575351715088,26.0,36.0,37.769229888916016,4.345205783843994,32.0,44.0
470,grain,271.0,18.575465448360347,26.712694858499706,14.127442833447265,-1.537541709086882,0.8487051823761655,0.8287461773700305,78.04163056034261,0.5591476261190373,187.11795043945312,13.540550231933594,169.06150817871094,201.8387451171875,177.7412109375,16.9721622467041,155.2605743408203,196.66339111328125,165.49034118652344,19.239131927490234,139.73451232910156,189.76292419433594,122.8228759765625,25.755558013916016,86.0,157.0,127.95571899414062,24.0860595703125,95.0,158.0,124.34317016601562,23.5863094329834,91.0,154.0
471,grain,622.0,28.14169498849121,31.559114751017393,25.9584442213944,-1.4315448349477398,0.5687159693839553,0.948170731707317,97.94112549695429,0.8148357367095236,145.40493774414062,47.889427185058594,64.00186157226562,203.56385803222656,153.072265625,35.8671760559082,98.33169555664062,197.4396514892578,151.42759704589844,31.15140724182129,107.04354095458984,191.488037109375,43.655948638916016,19.628067016601562,26.0,67.89996337890625,61.3199348449707,31.044448852539062,33.0,111.0,68.32637023925781,27.166000366210938,40.0,109.0
472,grain,1223.0,39.46101827387509,55.15772839872784,29.31133369437736,1.4881702013271654,0.8471151524823869,0.9451313755795981,146.42640687119285,0.7167991970756072,186.89735412597656,22.798664093017578,154.39801025390625,209.60177612304688,176.7681121826172,26.344749450683594,137.31935119628906,205.28897094726562,164.52586364746094,29.42327880859375,120.06817626953125,198.3885040283203,162.15863037109375,48.199954986572266,90.0,220.0,170.16680908203125,52.0738525390625,89.0,231.0,169.40965270996094,48.3651123046875,97.0,229.0
473,grain,499.0,25.206081266687335,27.7232674652832,23.43052931161427,1.3724460766157593,0.5345172448389942,0.9172794117647058,92.2842712474619,0.736300398627792,119.39092254638672,35.580326080322266,76.7677230834961,173.71929931640625,80.88691711425781,39.00168228149414,37.95258331298828,140.07949829101562,91.1875,32.01305389404297,53.99617385864258,141.6321258544922,46.216434478759766,20.45233154296875,22.799999237060547,75.0,38.64529037475586,23.647640228271484,14.0,75.0,45.909820556640625,20.317665100097656,20.0,74.0
474,grain,1505.0,43.77471318953923,51.12361506452079,40.47530171084417,0.7828654301226583,0.6108914181817356,0.9104658197217181,172.46803743153544,0.6358125867745921,104.3105697631836,48.236515045166016,42.265377044677734,171.64918518066406,108.20784759521484,37.35012435913086,57.79143524169922,159.5733642578125,90.05400085449219,25.94965934753418,57.27390670776367,123.34589385986328,36.489036560058594,21.90723419189453,17.0,66.0,45.30564880371094,28.232816696166992,20.0,88.5999755859375,40.15614700317383,22.763675689697266,21.0,73.0
475,grain,8.0,3.1915382432114616,3.4641016151377544,2.7386127875258306,-0.7853981633974483,0.6123724356957945,1.0,7.414213562373095,1.8288145488861385,74.93478393554688,3.819624423980713,70.2122802734375,80.21796417236328,172.72738647460938,3.653172254562378,169.2340087890625,177.08331298828125,188.79254150390625,4.257175922393799,182.68994140625,192.60935974121094,11.375,1.111024260520935,10.0,13.0,16.75,1.9843134880065918,14.699999809265137,19.299999237060547,21.125,2.0271594524383545,18.700000762939453,24.0
476,grain,1.0,1.1283791670955126,0.0,0.0,-0.7853981633974483,0.0,1.0,0.0,0.0,177.68710327148438,0.0,177.68710327148438,177.68710327148438,168.19894409179688,0.0,168.19894409179688,168.19894409179688,138.8719482421875,0.0,138.8719482421875,138.8719482421875,80.0,0.0,80.0,80.0,88.0,0.0,88.0,88.0,81.0,0.0,81.0,81.0
477,grain,3.0,1.9544100476116797,3.265986323710904,0.0,1.5707963267948966,1.0,1.0,1.0,37.69911184307752,48.303287506103516,1.2198408842086792,47.440731048583984,49.510868072509766,49.74088668823242,2.1515984535217285,47.7857551574707,51.92603302001953,50.02840805053711,2.112827777862549,47.95826721191406,52.09854507446289,37.33333206176758,6.236095905303955,31.0,43.0,39.0,5.3541259765625,33.599998474121094,44.0,39.66666793823242,4.988876819610596,34.599998474121094,44.20000076293945
478,grain,3.0,1.9544100476116797,3.265986323710904,0.0,1.5707963267948966,1.0,1.0,1.0,37.69911184307752,188.3253173828125,15.044720649719238,173.02928161621094,200.63116455078125,182.57493591308594,17.709896087646484,164.57620239257812,197.00840759277344,173.37428283691406,16.606590270996094,156.4681396484375,188.21031188964844,31.33333396911621,0.942808985710144,30.399999618530273,32.0,32.0,0.8164966106414795,31.200000762939453,32.79999923706055,31.33333396911621,1.247219204902649,30.200000762939453,32.599998474121094
479,grain,5.0,2.5231325220201604,5.656854249492381,0.0,0.0,1.0,1.0,3.0,6.981317007977318,123.86344146728516,36.72758102416992,80.56298828125,163.8861541748047,140.25204467773438,38.01761245727539,94.88145446777344,180.96481323242188,125.9335708618164,32.121482849121094,88.32601165771484,161.29847717285156,65.0,15.375304222106934,48.0,82.19999694824219,90.5999984741211,21.237701416015625,67.5999984741211,113.19999694824219,85.5999984741211,17.41952896118164,65.80000305175781,104.5999984741211
480,grain,967.0,35.088782249586586,38.046505662768425,32.88213117427527,1.2280968695685297,0.5030427503854308,0.967,120.76955262170047,0.8331465937770471,169.84823608398438,34.47280502319336,122.13831329345703,208.7392120361328,175.3670196533203,24.38237762451172,140.59707641601562,204.42642211914062,173.53575134277344,22.953996658325195,141.45962524414062,198.73350524902344,44.401241302490234,41.13154602050781,16.0,95.39996337890625,51.425025939941406,36.94598388671875,22.0,102.0,54.926578521728516,31.92642593383789,27.0,101.0
481,grain,3653.0,68.19929660134002,87.00146221732824,55.36208400421757,0.7540753145089351,0.771412757730819,0.9587926509186352,254.0243866176395,0.7113915683958374,202.68853759765625,20.42568588256836,173.37429809570312,215.63967895507812,197.93043518066406,23.372337341308594,163.0236053466797,213.052001953125,192.56405639648438,24.314260482788086,153.5354461669922,209.60177612304688,27.131946563720703,7.694310188293457,20.0,36.0,24.21845054626465,9.051812171936035,17.0,35.0,20.160415649414062,10.67017936706543,12.0,34.0
482,grain,799.0,31.895429080722444,37.43682010001338,27.378234929397586,-0.1044986534756865,0.6820362272596373,0.9626506024096385,110.5269119345812,0.8219030098974455,181.6674041748047,24.424409866333008,144.9098663330078,207.87664794921875,171.55526733398438,27.267240524291992,131.9714813232422,202.87376403808594,159.3045654296875,29.425029754638672,119.72315216064453,195.8008270263672,142.53317260742188,85.91563415527344,24.0,240.0,129.99249267578125,73.68049621582031,26.0,219.0,109.60700988769531,59.24644088745117,30.0,185.199951171875
483,grain,116.0,12.153015559492998,16.879858937034356,9.217491944525415,-1.4249936033619093,0.8377431276911287,0.928,44.384776310850235,0.7399455833906163,157.03030395507812,12.976419448852539,139.30322265625,172.94302368164062,189.94139099121094,9.68386459350586,176.8245391845703,200.97618103027344,194.40289306640625,8.904860496520996,183.72500610351562,203.56385803222656,41.405174255371094,21.123193740844727,21.0,74.5,68.18965148925781,34.4701042175293,35.5,126.5,80.64655303955078,30.26869773864746,51.5,131.0
484,grain,322.0,20.248040236149336,25.285466001845315,16.459346609924403,0.8383599660725727,0.7591283225722713,0.9611940298507463,70.04163056034261,0.8248087129590423,191.295166015625,16.517667770385742,169.14776611328125,206.1515350341797,176.3986053466797,24.61917495727539,138.9582061767578,200.02735900878906,150.83526611328125,23.48384666442871,116.53168487548828,179.41221618652344,241.0279541015625,15.428934097290039,221.10000610351562,253.0,225.2577667236328,22.824853897094727,193.10000610351562,243.89999389648438,164.70497131347656,24.125383377075195,133.0,196.0
485,grain,4081.0,72.08391347633811,123.92675532109037,51.64483034191478,-0.9920210207371656,0.9090272277339126,0.7806044376434583,400.00104602052653,0.32051931413139817,150.6015625,55.550086975097656,62.9667854309082,209.60177612304688,140.4962615966797,65.47222900390625,37.09002685546875,207.87664794921875,134.49722290039062,58.55073165893555,47.440731048583984,200.97618103027344,176.45037841796875,63.79645538330078,81.0,249.0,172.38250732421875,75.87297821044922,52.0,250.0,164.86865234375,68.8047866821289,63.0,243.0
486,grain,786.0,31.634890266315733,40.47319805369105,26.49801170003256,-1.3905070163517068,0.7558843499333793,0.904487917146145,119.698484809835,0.6893743243203259,175.71177673339844,30.312339782714844,132.83404541015625,207.87664794921875,172.29006958007812,30.86542320251465,127.2274169921875,205.28897094726562,162.80740356445312,29.177684783935547,123.34590148925781,196.66339111328125,193.31678771972656,68.86419677734375,65.0,251.0,191.32315063476562,62.76510238647461,84.5,247.0,176.64376831054688,49.19013595581055,98.5,229.0
487,grain,1486.0,43.49751675068879,66.27040283400193,29.963676473646093,1.2359413660892444,0.8919456325926699,0.9405063291139241,172.5685424949238,0.6270546767233771,184.59568786621094,30.249217987060547,140.59707641601562,212.189453125,183.91249084472656,24.295406341552734,153.5354461669922,208.7392120361328,176.2562713623047,25.507646560668945,140.59707641601562,203.56385803222656,38.78532791137695,24.123010635375977,20.0,64.5,45.11978530883789,26.674962997436523,23.0,75.0,49.51547622680664,27.413232803344727,26.0,81.5
488,grain,1314.0,40.90277205498429,58.79402887354805,31.12461498458007,-1.4277612344523785,0.8483823655103317,0.9062068965517242,162.8111831820431,0.6229264394199844,172.83799743652344,29.934123992919922,131.9714813232422,208.7392120361328,184.3249969482422,20.840900421142578,151.81033325195312,207.87664794921875,182.6143035888672,22.099729537963867,149.48143005371094,206.1515350341797,160.2130889892578,33.97871017456055,114.30000305175781,206.0,189.20396423339844,28.266149520874023,152.0,222.0,184.4946746826172,29.968965530395508,144.0,218.0
489,grain,2836.0,60.090825829480174,71.83591805273281,50.74075923814509,1.363524206429847,0.7078702748157808,0.963642541624193,215.05382386916236,0.7705871315979802,153.6598358154297,29.68938446044922,113.85774993896484,191.9193115234375,141.16795349121094,32.20364761352539,97.4691390991211,182.86244201660156,119.706787109375,33.1994743347168,77.63028717041016,163.8861541748047,124.91537475585938,39.6373176574707,76.0,179.0,123.82157897949219,40.71730041503906,72.0,180.0,107.33885955810547,34.794952392578125,68.5,158.0
490,grain,1088.0,37.219411933450225,53.35835268090488,26.649109148043273,1.0216358540248618,0.8663504937307629,0.948561464690497,143.01219330881975,0.6684864749031099,173.84442138671875,31.758020401000977,129.38380432128906,207.01409912109375,174.37481689453125,25.448360443115234,137.75064086914062,203.82261657714844,166.9479217529297,27.591564178466797,128.52125549316406,200.11361694335938,125.46875,41.01729202270508,69.0,178.0,148.16175842285156,40.53132247924805,91.0,201.0,153.0284881591797,39.88888931274414,98.0,206.0
491,grain,394.0,22.397686948112614,25.140250637112853,20.627746760800505,0.006567747068567933,0.5716367559496267,0.9680589680589681,75.698484809835,0.8640357508161601,170.08387756347656,26.98982048034668,129.38380432128906,203.56385803222656,178.2563018798828,19.19270896911621,150.94776916503906,202.44252014160156,175.116943359375,18.305055618286133,148.360107421875,196.66339111328125,154.14466857910156,56.268272399902344,81.30000305175781,228.0,181.2360382080078,49.1368408203125,110.5999984741211,236.0,182.45431518554688,42.087642669677734,125.30000305175781,229.0
492,grain,902.0,33.88896677904354,38.84725145750424,31.175926043706124,0.1896703899841795,0.5966172599097624,0.9138804457953394,128.5685424949238,0.6857202272230084,166.89651489257812,32.71369934082031,114.72030639648438,202.7012939453125,169.4095916748047,24.327489852905273,138.0093994140625,196.66339111328125,158.48989868164062,30.740234375,117.39424133300781,194.07571411132812,164.5188446044922,53.5435791015625,92.0,236.0,190.0631866455078,38.73944091796875,138.0,239.0,184.72727966308594,40.11644744873047,131.0,234.89996337890625
493,grain,6.0,2.763953195770684,3.055050463303893,2.666666666666666,1.1071487177940906,0.48795003647426677,0.8571428571428571,6.414213562373095,1.8326278532479736,164.46119689941406,15.159669876098633,147.06626892089844,177.25582885742188,134.1278839111328,18.383832931518555,112.56391906738281,149.6539306640625,115.29534912109375,16.44651985168457,95.312744140625,130.67764282226562,125.16666412353516,11.15671157836914,112.0,135.5,109.5,12.789969444274902,93.5,121.5,99.5,8.578072547912598,88.5,107.0
494,grain,5.0,2.5231325220201604,2.5298221281347035,2.5298221281347035,-0.7853981633974483,0.0,1.0,5.656854249492381,1.9634954084936203,125.0710220336914,21.46367645263672,100.74686431884766,148.7051239013672,93.84638977050781,21.313404083251953,70.03976440429688,117.65300750732422,90.7411880493164,15.672956466674805,73.31748962402344,105.74970245361328,107.0,10.658329963684082,94.5999984741211,117.0,81.5999984741211,12.955307960510254,66.80000305175781,95.4000015258789,83.19999694824219,10.647065162658691,70.80000305175781,94.4000015258789
495,grain,3.0,1.9544100476116797,3.265986323710904,0.0,1.5707963267948966,1.0,1.0,1.0,37.69911184307752,174.5243682861328,19.736495971679688,154.39801025390625,191.66055297851562,185.7376251220703,14.660680770874023,170.78662109375,198.3885040283203,199.8260955810547,11.579580307006836,188.0377960205078,209.42926025390625,241.0,2.4494898319244385,238.60000610351562,243.39999389648438,246.6666717529297,1.247219204902649,245.39999389648438,247.8000030517578,245.0,2.8284270763397217,242.1999969482422,247.0
496,grain,1855.0,48.5989645515594,61.89274158089668,39.196047375012,-0.6683453378733721,0.773914670965964,0.9373420919656392,183.9827560572969,0.6886515627930302,189.62388610839844,31.284866333007812,146.11746215820312,214.77711486816406,181.33218383789062,34.88613510131836,132.31651306152344,212.189453125,170.9321746826172,39.86162567138672,111.27007293701172,207.87664794921875,36.653907775878906,37.117733001708984,13.0,94.0,37.644744873046875,37.779747009277344,14.0,94.0,35.87062072753906,26.980127334594727,17.0,76.0
497,grain,3109.0,62.91662534323993,80.82788710817783,49.30290570709067,0.4386176057715256,0.7924214650330734,0.9724741945573976,225.53910524340097,0.7680453775603112,205.69125366210938,16.704959869384766,186.31268310546875,215.63967895507812,202.6172332763672,16.735628128051758,181.99989318847656,213.052001953125,197.77842712402344,17.824758529663086,174.2368621826172,209.60177612304688,36.087486267089844,8.238683700561523,25.0,45.0,39.04663848876953,8.956746101379395,28.0,48.0,40.522674560546875,8.543451309204102,30.0,49.0
498,grain,2.0,1.5957691216057308,2.0,0.0,1.5707963267948966,1.0,1.0,0.0,0.0,197.09466552734375,3.018951416015625,194.67950439453125,199.50982666015625,189.33163452148438,4.744071960449219,185.536376953125,193.12689208984375,175.53070068359375,3.8815155029296875,172.4254913330078,178.6359100341797,179.5,2.5,177.5,181.5,192.5,3.5,189.6999969482422,195.3000030517578,188.0,3.0,185.60000610351562,190.39999389648438
499,grain,3.0,1.9544100476116797,3.265986323710904,0.0,1.5707963267948966,1.0,1.0,1.0,37.69911184307752,207.87664794921875,1.408555030822754,206.49655151367188,209.25674438476562,205.00146484375,1.7723941802978516,203.2188262939453,206.6690673828125,191.7755584716797,3.3282792568206787,188.38282775878906,194.59324645996094,182.6666717529297,8.259674072265625,174.39999389648438,188.8000030517578,200.6666717529297,7.586537837982178,193.0,206.60000610351562,192.6666717529297,8.259674072265625,184.39999389648438,198.8000030517578
500,grain,31.0,6.282549314314218,7.439740792095125,6.144369344069588,0.9411868416938495,0.563838792880212,0.8378378378378378,21.106601717798213,0.874449890525676,39.260337829589844,26.558631896972656,16.38861656188965,86.25587463378906,68.89339447021484,28.381046295166016,43.99049377441406,120.75822448730469,99.77857208251953,24.837894439697266,75.04261016845703,143.18475341796875,68.7741928100586,54.27986145019531,21.0,154.0,112.48387145996094,54.542598724365234,52.0,204.0,133.1290283203125,42.541622161865234,85.0,205.0
501,grain,3.0,1.9544100476116797,3.265986323710904,0.0,0.0,1.0,1.0,1.0,37.69911184307752,86.25586700439453,1.2198426723480225,85.393310546875,87.46345520019531,189.1878662109375,0.4066166281700134,188.90036010742188,189.5904083251953,201.5512237548828,0.4066166281700134,201.14869689941406,201.8387451171875,125.0,2.943920373916626,122.0,127.5999984741211,242.3333282470703,0.471404492855072,242.0,242.8000030517578,249.6666717529297,0.471404492855072,249.1999969482422,250.0
502,grain,771.0,31.331576548121713,42.84613205020392,23.931559753379876,0.7118303404363256,0.8294731689648571,0.9356796116504854,117.74011537017762,0.6989004627331645,121.57266998291016,29.962966918945312,82.80563354492188,158.71080017089844,152.02403259277344,28.37766456604004,115.58287048339844,188.90036010742188,159.85194396972656,24.34109878540039,125.9335708618164,192.35060119628906,139.9066162109375,50.34499740600586,73.0,206.0,187.39947509765625,45.734230041503906,116.0,240.0,196.4993438720703,34.8292236328125,144.0,240.0
503,grain,3.0,1.9544100476116797,3.265986323710904,0.0,0.0,1.0,1.0,1.0,37.69911184307752,74.75508880615234,3.1757586002349854,71.59236907958984,77.80279541015625,172.2242431640625,1.7723883390426636,170.4416046142578,173.891845703125,190.62548828125,2.5393009185791016,188.03781127929688,192.86813354492188,96.0,0.0,96.0,96.0,218.6666717529297,1.247219204902649,217.39999389648438,219.8000030517578,234.6666717529297,1.247219204902649,233.39999389648438,235.8000030517578
504,grain,1317.0,40.94943809646488,49.490637013756334,35.36116327963125,1.4987141254475513,0.6996333126069508,0.9255094869992972,151.59797974644667,0.72012653086118,200.8203125,23.854257583618164,168.19894409179688,216.5022430419922,198.0564422607422,23.097990036010742,168.19894409179688,213.91456604003906,193.53538513183594,23.34114646911621,162.16104125976562,211.32688903808594,232.65830993652344,28.22711753845215,192.0,253.0,197.6446533203125,22.381004333496094,167.0,218.0,105.45558166503906,24.432117462158203,75.0,138.0
505,grain,24.0,5.527906391541368,9.16515138991168,3.265986323710904,1.5707963267948966,0.9343531843023135,1.0,18.0,0.9308422677303091,118.92529296875,24.92395782470703,93.0700912475586,151.1202850341797,115.8703842163086,22.854639053344727,91.08619689941406,141.45962524414062,115.79850006103516,18.151771545410156,95.05397033691406,138.69943237304688,109.41666412353516,19.24603271484375,85.5999984741211,133.6999969482422,124.75,18.42609214782715,101.9000015258789,149.09999084472656,129.6666717529297,15.007406234741211,112.19999694824219,152.79998779296875
506,grain,11.0,3.742410318509555,4.51260859854213,2.9541957835039856,1.5707963267948966,0.7559289460184544,1.0,9.65685424949238,1.4822832322447796,85.6285629272461,14.582976341247559,67.27957916259766,101.78192901611328,75.98358917236328,14.575384140014648,57.79143524169922,93.15634155273438,77.78711700439453,13.562748908996582,62.10422897338867,90.56866455078125,77.54545593261719,13.989370346069336,62.0,93.0,79.81818389892578,12.56125545501709,66.0,96.0,78.18181610107422,10.84450626373291,66.0,93.0
507,grain,65.0,9.09728368293446,17.254511979289507,5.284356148751795,0.0093348692161078,0.9519481035676873,0.8783783783783784,37.69238815542512,0.5749312446314904,148.13449096679688,37.2307243347168,94.70894622802734,192.35060119628906,136.13829040527344,41.284759521484375,76.07768249511719,185.9676513671875,129.0387725830078,32.63822937011719,83.49568176269531,168.7164764404297,14.600000381469727,3.2191731929779053,12.0,19.0,15.2615385055542,3.763292074203491,12.0,20.599998474121094,16.615385055541992,3.0417215824127197,14.0,21.0
508,grain,17.0,4.652426491681278,5.434966813571374,4.0649009179071065,0.9772311255277512,0.6637929118541087,0.9444444444444444,13.071067811865474,1.250364543402942,150.7448272705078,13.517473220825195,134.21414184570312,164.74871826171875,169.9748077392578,12.602428436279297,151.2928009033203,183.552490234375,185.3486328125,7.5653510093688965,173.37429809570312,193.5581817626953,161.23529052734375,25.06351661682129,124.80000305175781,190.39999389648438,207.7058868408203,17.34346580505371,183.39999389648438,226.39999389648438,219.05882263183594,10.020394325256348,204.60000610351562,229.39999389648438
509,grain,546.0,26.366433043273013,30.902623969798128,22.61649976747099,1.1709544954665605,0.6814513545241317,0.9595782073813708,91.21320343559643,0.8246830902176518,66.35698699951172,30.446447372436523,27.601879119873047,108.6823959350586,122.45332336425781,35.895362854003906,75.04261016845703,166.4738311767578,136.5575714111328,32.847251892089844,88.84355163574219,173.37429809570312,59.92490768432617,41.85982894897461,14.0,130.5,131.11355590820312,57.650123596191406,56.0,216.0,148.06959533691406,55.02998352050781,68.0,224.0
510,grain,982.0,35.35988168715967,76.48233285967596,17.59868053308748,1.1419199638747977,0.9731666937945919,0.8644366197183099,176.5685424949238,0.39581722308407413,188.87753295898438,29.17582893371582,138.9582061767578,213.052001953125,187.86212158203125,23.422819137573242,150.94776916503906,210.46432495117188,183.91737365722656,21.916269302368164,150.94776916503906,207.87664794921875,158.82891845703125,62.246185302734375,62.099998474121094,229.0,178.3472442626953,55.47532653808594,100.19999694824219,238.0,183.51425170898438,53.689796447753906,111.0,239.0
511,grain,400.0,22.56758334191025,30.526569073670768,17.286008231815906,0.4013399004520045,0.8242259275533717,0.9237875288683602,81.698484809835,0.7530812782590761,178.46339416503906,21.332422256469727,149.99896240234375,205.28897094726562,190.20066833496094,11.434188842773438,174.2368621826172,201.8387451171875,194.40347290039062,11.220413208007812,181.0510711669922,207.01409912109375,100.66999816894531,45.660499572753906,37.900001525878906,169.0,136.49000549316406,59.25166702270508,48.900001525878906,216.0999755859375,156.40499877929688,54.64335250854492,72.0,222.0
512,grain,24.0,5.527906391541368,7.497678433653596,5.0531987993275855,0.800339366692172,0.738760118576868,0.7741935483870968,18.48528137423857,0.8826102659314881,177.32769775390625,14.32972240447998,160.34967041015625,189.76292419433594,156.5543975830078,13.339481353759766,144.56483459472656,171.39041137695312,144.8379669189453,14.364294052124023,131.36769104003906,159.5733642578125,130.8333282470703,16.30865478515625,113.30000305175781,155.89999389648438,102.91666412353516,11.09022331237793,92.5999984741211,114.69999694824219,94.29166412353516,11.599135398864746,79.30000305175781,109.69999694824219
513,grain,300.0,19.544100476116796,22.48816716209678,17.144002641696044,-0.47719524191133716,0.6471571799315532,0.970873786407767,64.97056274847714,0.8930954191900233,181.87338256835938,25.883928298950195,141.3733673095703,209.60177612304688,171.80731201171875,27.55093002319336,130.24636840820312,203.56385803222656,156.5457763671875,27.27245330810547,115.58287048339844,189.76292419433594,233.7433319091797,21.997365951538086,200.6999969482422,255.0,224.14999389648438,27.274423599243164,181.89999389648438,253.0,201.19332885742188,34.71478271484375,149.0,241.0
514,grain,1508.0,43.818320751263684,48.50960876001741,40.231325136177034,0.21599908833368395,0.5587330692651601,0.968529222864483,150.9116882454314,0.8320807032214138,191.35418701171875,22.988801956176758,160.17715454101562,212.189453125,189.30133056640625,21.354692459106445,158.4520263671875,210.72303771972656,182.64566040039062,24.531076431274414,144.9098663330078,207.01409912109375,248.32493591308594,15.037282943725586,232.0,255.0,248.8885955810547,15.479842185974121,235.0,255.0,233.39854431152344,27.826688766479492,195.0,255.0
515,grain,608.0,27.823185353208192,41.499337725498165,20.45351249373062,1.4957494054834664,0.8701065932167219,0.926829268292683,109.45584412271572,0.6377280713933814,151.1520538330078,25.677518844604492,116.18666076660156,181.99989318847656,128.5311737060547,26.237171173095703,93.15634155273438,162.16104125976562,94.11537170410156,21.196414947509766,66.41702270507812,120.75822448730469,165.0542755126953,41.93383026123047,111.0,218.0,161.9424285888672,40.317710876464844,107.69999694824219,218.0,127.30098724365234,33.39377975463867,85.0,173.0
516,grain,13.0,4.068428945128219,5.108412959026923,3.2324132994205197,1.3850373992215421,0.7743457464718221,0.9285714285714286,10.207106781186548,1.5680066493388476,189.03305053710938,5.955318450927734,180.6197967529297,196.14585876464844,170.72027587890625,7.681219100952148,160.95346069335938,177.68710327148438,155.7250213623047,8.556408882141113,143.01223754882812,164.57620239257812,99.46154022216797,11.0774564743042,86.80000305175781,114.80000305175781,83.61538696289062,7.800774574279785,73.4000015258789,93.5999984741211,74.84615325927734,7.7840681076049805,64.4000015258789,84.0
517,grain,5.0,2.5231325220201604,2.5298221281347035,2.5298221281347035,-0.7853981633974483,0.0,1.0,5.656854249492381,1.9634954084936203,158.88333129882812,11.19865608215332,147.49754333496094,172.51174926757812,136.97433471679688,9.134980201721191,128.34873962402344,148.1875762939453,122.48333740234375,8.538894653320312,114.892822265625,133.17906188964844,91.19999694824219,15.41946792602539,75.0,108.0,77.5999984741211,11.146299362182617,64.5999984741211,88.80000305175781,64.0,9.05538558959961,54.79999923706055,74.80000305175781
518,grain,729.0,30.46623751157884,38.8482538464907,24.550619305612514,-0.9482739581909586,0.7749993932695245,0.9479843953185956,112.76955262170047,0.7203667806258823,194.64364624023438,28.67881202697754,150.08522033691406,214.77711486816406,197.21121215820312,21.800540924072266,160.43592834472656,213.91456604003906,195.05186462402344,19.45119857788086,164.74871826171875,210.46432495117188,207.6570587158203,47.512245178222656,130.8000030517578,244.0,228.2716064453125,32.922203063964844,176.0,253.0,232.5198974609375,26.606773376464844,191.0,253.0
519,grain,5.0,2.5231325220201604,2.5298221281347035,2.5298221281347035,-0.7853981633974483,0.0,1.0,5.656854249492381,1.9634954084936203,164.40371704101562,9.203140258789062,154.39801025390625,175.09942626953125,158.71080017089844,7.4600090980529785,151.1202850341797,167.68141174316406,165.78378295898438,10.625940322875977,153.7079620361328,177.859619140625,173.39999389648438,8.212185859680176,165.0,183.0,191.39999389648438,7.7097344398498535,183.1999969482422,200.60000610351562,204.8000030517578,3.54400897026062,201.0,208.60000610351562
520,grain,737.0,30.632948674096244,35.06361713912087,29.211644464215993,0.908410264474676,0.5531161708548975,0.9436619718309859,110.52691193458118,0.7581258051244275,185.28977966308594,28.132110595703125,145.42739868164062,209.60177612304688,182.42237854003906,31.09597396850586,129.90133666992188,208.7392120361328,184.35231018066406,27.300735473632812,138.5269317626953,207.87664794921875,139.77069091796875,45.338680267333984,64.0,190.0,165.2781524658203,49.37822341918945,82.5999984741211,216.0,175.16824340820312,44.920387268066406,97.5999984741211,221.0
521,grain,3.0,1.9544100476116797,3.265986323710904,0.0,0.0,1.0,1.0,1.0,37.69911184307752,83.0931625366211,14.248908042907715,68.83218383789062,93.67387390136719,130.8214111328125,18.369779586791992,112.13262939453125,145.94493103027344,141.172119140625,19.032840728759766,121.79328918457031,156.98568725585938,33.0,8.286535263061523,24.600000381469727,40.599998474121094,71.0,17.20465087890625,53.79999923706055,87.4000015258789,82.33333587646484,16.131404876708984,66.0,97.19999694824219
522,grain,374.0,21.821814538001895,24.48954443575777,22.832008645186445,0.24296402201492617,0.3616431520829264,0.8025751072961373,99.83452377915606,0.4715415480509108,40.900047302246094,17.818252563476562,21.563968658447266,63.3117790222168,30.4247989654541,13.873268127441406,14.663497924804688,44.594268798828125,14.910272598266602,7.719391822814941,8.625587463378906,25.87676239013672,26.0,15.333197593688965,14.0,48.0,22.382352828979492,10.240205764770508,13.0,36.699981689453125,13.647058486938477,5.8399810791015625,8.0,22.0
523,grain,125.0,12.6156626101008,15.157209973790536,10.958471873871131,-0.06195162769079284,0.6908612127450394,0.9541984732824428,42.72792206135785,0.8603919362986123,154.95697021484375,15.565589904785156,135.59423828125,174.2368621826172,189.85951232910156,12.163834571838379,170.2690887451172,202.3562774658203,197.1602325439453,7.690436363220215,184.5875701904297,206.1515350341797,19.392000198364258,11.230598449707031,12.0,31.199996948242188,28.576000213623047,15.520960807800293,18.0,47.399993896484375,34.040000915527344,15.645779609680176,22.0,50.79999542236328
524,grain,4144.0,72.63817641834433,97.65336807071944,55.22943860420336,-0.13249215623673458,0.8247029400684336,0.9535204786010124,274.84671708797583,0.6893638461174132,137.03839111328125,29.007556915283203,98.33169555664062,173.37429809570312,118.48151397705078,27.44986343383789,81.08052062988281,152.6728973388672,93.44774627685547,24.311363220214844,61.241668701171875,125.07101440429688,108.21428680419922,45.75659942626953,51.0,172.699951171875,103.90251159667969,39.45346450805664,56.0,160.0,83.26182556152344,27.48680305480957,51.0,121.0
525,grain,2681.0,58.42563837421865,76.92452240920778,45.75865540028496,0.9639243365662887,0.8038357299399647,0.9328462073764787,223.78174593052023,0.6727556631602654,186.97190856933594,23.898849487304688,155.2605743408203,212.189453125,184.53512573242188,23.574214935302734,150.94776916503906,208.7392120361328,176.4989471435547,28.20462417602539,133.6966094970703,207.01409912109375,241.06414794921875,32.41732406616211,208.0,255.0,241.65721130371094,30.847604751586914,212.0,255.0,232.315185546875,32.45253372192383,176.0,255.0
526,grain,58.0,8.593479713983122,15.904762836811011,5.041963569042245,0.20696644650302418,0.9484223063019461,0.8169014084507042,34.071067811865476,0.6278651353171107,193.8972625732422,13.205066680908203,171.64918518066406,207.27285766601562,187.84446716308594,13.175193786621094,169.06150817871094,202.96006774902344,187.30908203125,14.497926712036133,165.4387664794922,204.42642211914062,196.12069702148438,28.43448257446289,147.6999969482422,228.3000030517578,209.58621215820312,22.567167282104492,172.6999969482422,237.0,218.87930297851562,20.456073760986328,185.60000610351562,242.3000030517578
527,grain,9.0,3.385137501286538,3.265986323710904,3.265986323710904,-0.7853981633974483,0.0,1.0,8.0,1.7671458676442586,209.79344177246094,2.1430439949035645,206.84158325195312,212.36196899414062,208.260009765625,2.1938750743865967,205.63400268554688,210.46432495117188,206.05569458007812,2.521156072616577,202.52877807617188,209.60177612304688,241.88888549804688,3.81355619430542,238.0,246.1999969482422,247.55555725097656,3.2697641849517822,243.39999389648438,251.0,247.55555725097656,2.671292304992676,244.60000610351562,250.39999389648438
528,grain,490.0,24.977737626138797,29.921903571246162,20.982851407446965,0.9945655901453233,0.7129116183491101,0.953307392996109,86.52691193458118,0.8224386948249548,179.43508911132812,16.533004760742188,155.2605743408203,198.3885040283203,178.1905517578125,17.268726348876953,152.6728973388672,196.74961853027344,175.0166778564453,18.590314865112305,147.49754333496094,196.66339111328125,136.22244262695312,72.97634887695312,28.0,222.0999755859375,139.4081573486328,64.79695892333984,37.900001525878906,215.0,136.8836669921875,56.26686096191406,46.900001525878906,202.0
529,grain,73.0,9.640875829802336,13.155132326944194,7.229769824252142,-0.14474271239257036,0.8354424853857915,0.9240506329113924,33.071067811865476,0.8387572526891778,128.6630401611328,26.72388458251953,90.74117279052734,158.5382843017578,128.58033752441406,22.64691162109375,99.19425201416016,158.88330078125,130.47085571289062,22.537153244018555,98.33169555664062,158.71080017089844,59.60274124145508,32.781864166259766,17.0,107.0,80.0,41.67683792114258,22.200000762939453,136.79998779296875,83.5753402709961,37.175968170166016,32.400001525878906,137.7999725341797
530,grain,736.0,30.612159429303247,36.16049626755573,26.738668730474213,0.6673376980203343,0.6732178664342515,0.9460154241645244,109.35533905932736,0.7734062822081545,47.45713806152344,26.167951583862305,18.113733291625977,86.25587463378906,82.78923034667969,31.237150192260742,45.284332275390625,126.79613494873047,98.51568603515625,28.87786102294922,62.10422897338867,138.0093994140625,21.69565200805664,11.245640754699707,11.0,36.0,40.00679397583008,16.75336456298828,24.0,61.0,50.24592208862305,15.222288131713867,37.0,68.0
531,grain,2694.0,58.567118193714535,66.49724722781681,52.09245600767175,1.1845013952173193,0.6215460458404055,0.9715109989181392,203.39696961967,0.8183112072120032,181.44085693359375,31.463319778442383,133.6966094970703,211.32688903808594,162.9867706298828,36.7313232421875,108.6823959350586,203.56385803222656,127.70350646972656,36.41132736206055,77.63028717041016,175.09942626953125,20.15850067138672,7.152836322784424,13.0,30.0,20.19747543334961,6.962540149688721,13.0,29.0,20.02227210998535,7.786275386810303,13.0,28.0
532,grain,605.0,27.754457742221764,28.814836433071886,26.997018523076335,0.43028734275101893,0.34956042507498924,0.9557661927330173,93.94112549695427,0.8614969028454433,199.60464477539062,15.823882102966309,178.54965209960938,213.91456604003906,198.19033813476562,14.616881370544434,178.54965209960938,211.32688903808594,194.86270141601562,16.1376953125,173.37429809570312,209.60177612304688,251.51901245117188,10.067132949829102,246.0,255.0,251.4760284423828,11.594306945800781,247.0,255.0,249.62313842773438,15.266020774841309,240.0,255.0
533,grain,331.0,20.529059630371258,28.680306667813397,15.73314142698529,0.9893916076589001,0.8361049611305457,0.8921832884097035,80.2842712474619,0.6453226650151123,145.66818237304688,26.775365829467773,109.54496002197266,180.2747802734375,141.51434326171875,29.6412296295166,103.50704956054688,178.54965209960938,132.41709899902344,25.86480140686035,100.91937255859375,164.74871826171875,144.07553100585938,48.53712463378906,75.0,209.0,155.3444061279297,53.28083801269531,79.0,223.0,156.0,44.21063232421875,92.0,212.0
534,grain,4238.0,73.45739711280015,107.97750633729224,51.57667740796291,0.6064946532096518,0.8785440628953297,0.9271494202581492,291.58073580374355,0.6264020368963971,207.54144287109375,17.716482162475586,194.07571411132812,215.63967895507812,205.34129333496094,16.14246368408203,188.90036010742188,213.91456604003906,201.72579956054688,15.956296920776367,184.5875701904297,210.46432495117188,30.144643783569336,4.718961715698242,23.0,35.0,34.758140563964844,5.636819839477539,26.0,40.0,36.947853088378906,4.807465076446533,31.0,42.0
535,grain,199.0,15.91774699517169,21.182170637757604,13.15135471533567,0.6055248992194326,0.7839142748058184,0.8361344537815126,65.97056274847714,0.5745959531035219,167.7958526611328,25.24721908569336,130.93641662597656,198.56101989746094,170.64793395996094,21.260488510131836,142.14967346191406,195.9733428955078,160.76535034179688,22.42144012451172,127.4861831665039,184.5875701904297,205.16079711914062,47.47963333129883,145.8000030517578,248.0,204.60301208496094,44.740211486816406,149.8000030517578,242.0,188.29647827148438,35.221588134765625,139.8000030517578,226.0
536,grain,3.0,1.9544100476116797,3.265986323710904,0.0,0.0,1.0,1.0,1.0,37.69911184307752,16.676137924194336,0.40661391615867615,16.38861656188965,17.078662872314453,13.22590160369873,0.40661391615867615,12.93838119506836,13.628427505493164,9.48814582824707,0.0,9.48814582824707,9.48814582824707,13.666666984558105,1.699673056602478,12.199999809265137,15.399999618530273,11.666666984558105,0.9428090453147888,11.0,12.600000381469727,9.333333015441895,0.471404492855072,9.0,9.800000190734863
537,grain,742.0,30.736683981742253,33.44340938300758,28.637316418821335,-0.46428289716674886,0.5164923951172042,0.9648894668400521,105.25483399593904,0.8416463959219451,178.381103515625,28.835920333862305,136.3705291748047,207.01409912109375,190.89749145507812,18.575284957885742,165.69752502441406,208.7392120361328,193.69676208496094,16.491897583007812,170.78662109375,209.60177612304688,85.11455535888672,32.410343170166016,41.0,129.89996337890625,121.38679504394531,31.000911712646484,75.0,159.0,132.18194580078125,26.497278213500977,96.0,165.0
538,grain,32.0,6.383076486422923,11.631017727559442,3.8426945781831283,-0.07469820488372274,0.9438468325550905,0.8205128205128205,22.86396103067893,0.7692312158903958,56.659324645996094,15.93464469909668,38.038841247558594,74.1800537109375,89.22091674804688,17.90190887451172,67.36583709716797,114.80656433105469,91.1077651977539,16.18985939025879,71.76488494873047,112.7364273071289,32.90625,12.081389427185059,18.100000381469727,52.29999542236328,62.9375,19.506309509277344,36.5,85.80000305175781,61.375,16.33391761779785,38.400001525878906,80.80000305175781
539,grain,1.0,1.1283791670955126,0.0,0.0,-0.7853981633974483,0.0,1.0,0.0,0.0,26.739320755004883,0.0,26.739320755004883,26.739320755004883,21.563968658447266,0.0,21.563968658447266,21.563968658447266,15.526057243347168,0.0,15.526057243347168,15.526057243347168,27.0,0.0,27.0,27.0,22.0,0.0,22.0,22.0,14.0,0.0,14.0,14.0
540,grain,1035.0,36.301555459799424,49.68632377419489,26.917420651883496,0.5610385008914324,0.8405415545888992,0.9574468085106383,132.66904755831212,0.738943088072005,191.7263946533203,23.09418296813965,157.84825134277344,212.189453125,183.46498107910156,24.81084632873535,147.8425750732422,207.87664794921875,170.18658447265625,31.74393653869629,122.48333740234375,202.7012939453125,195.3932342529297,37.732967376708984,139.39999389648438,234.0,200.67149353027344,35.36769104003906,149.0,238.0,191.46377563476562,39.792911529541016,131.0,233.0
541,grain,227.0,17.000746355818674,19.390106064301293,16.033161572171988,-0.1504984706699782,0.562388207546321,0.8764478764478765,67.83452377915606,0.6199178766017672,70.63481903076172,19.961326599121094,43.99049377441406,94.88146209716797,58.817386627197266,18.893104553222656,33.29476547241211,82.1155776977539,62.33601379394531,14.872300148010254,43.12793731689453,81.94307708740234,64.09691619873047,17.925430297851562,41.0,86.79998779296875,56.5947151184082,18.12787628173828,34.0,81.39999389648438,55.87224578857422,13.47461223602295,39.0,76.0
542,grain,19145.0,156.128700385146,284.287175169125,104.5562602607768,1.567419281829587,0.9299112678163584,0.7742235522484633,1040.961507501237,0.22202194024640318,135.32115173339844,59.266170501708984,50.028404235839844,209.60177612304688,147.9838409423828,55.53810119628906,62.10422897338867,208.7392120361328,149.92544555664062,55.08147048950195,62.10422897338867,207.87664794921875,144.13209533691406,86.90544891357422,25.0,255.0,156.5912322998047,83.97623443603516,39.0,255.0,158.99288940429688,81.75775909423828,47.0,255.0
543,grain,577.0,27.104597715372734,51.02992517536016,15.692623639447794,0.8881755529458486,0.951542244044073,0.8411078717201166,125.87615433949868,0.4576134121578181,135.48001098632812,41.4225959777832,75.04261016845703,183.72500610351562,147.6724395751953,30.622499465942383,105.23216247558594,183.72500610351562,147.68441772460938,27.500694274902344,108.6823959350586,180.2747802734375,126.5892562866211,53.30006790161133,47.0,192.39996337890625,139.04852294921875,47.30161666870117,73.60000610351562,200.39996337890625,128.5320587158203,40.67573928833008,77.0,184.0
544,grain,757.0,31.045810270703488,35.18288701578625,27.971075488853074,-1.1869627058232743,0.6065840870878754,0.9334155363748459,112.2842712474619,0.7545150279560475,134.76426696777344,31.612056732177734,94.0188980102539,172.51174926757812,102.11578369140625,41.1196403503418,53.13361740112305,163.0236053466797,102.84959411621094,33.753196716308594,62.9667854309082,147.84254455566406,164.11624145507812,54.09373474121094,81.0,228.0,123.51651000976562,53.025169372558594,53.0,197.0,113.89299774169922,34.85990905761719,70.5999984741211,160.39996337890625
545,grain,270.0,18.5411616971131,29.50568424037837,12.697473992586476,1.3849288989382293,0.9026669083924794,0.8653846153846154,74.14213562373095,0.6172249102490717,190.02806091308594,23.583118438720703,156.89942932128906,211.32688903808594,187.70555114746094,20.907499313354492,157.76199340820312,208.7392120361328,184.40867614746094,20.799306869506836,154.39801025390625,205.37521362304688,244.3592529296875,15.957600593566895,226.0,255.0,241.1259307861328,14.325284957885742,221.0,254.0,216.1777801513672,22.414567947387695,181.89999389648438,239.0
546,grain,27.0,5.863230142835039,10.327955589886445,3.265986323710904,1.5707963267948966,0.9486832980505138,1.0,20.0,0.8482300164692441,26.73931884765625,8.538895606994629,14.318474769592285,36.917510986328125,30.477075576782227,11.693248748779297,14.318474769592285,46.57817077636719,27.53798484802246,10.960809707641602,12.593358039855957,42.78290939331055,11.592592239379883,1.1629865169525146,10.0,13.0,13.185185432434082,2.4196271896362305,10.0,16.399999618530273,13.55555534362793,2.7532248497009277,10.0,17.0
547,grain,3730.0,68.91432000580255,88.99723657668702,53.73131297481468,1.398281795600829,0.7971802592753828,0.980546792849632,245.82337649086284,0.7756616801729838,198.73167419433594,26.464292526245117,159.5733642578125,219.0899200439453,200.2761688232422,20.235116958618164,171.64918518066406,216.5022430419922,197.67901611328125,19.387426376342773,171.56292724609375,213.91456604003906,251.49221801757812,12.448223114013672,247.0,255.0,253.56434631347656,6.365689277648926,253.0,255.0,252.77532958984375,7.386164665222168,250.0,255.0
548,grain,3.0,1.9544100476116797,3.265986323710904,0.0,1.5707963267948966,1.0,1.0,1.0,37.69911184307752,17.251174926757812,2.53930401802063,14.663497924804688,19.493825912475586,17.538694381713867,2.666346549987793,14.836009979248047,19.666337966918945,13.513420104980469,1.466068148612976,12.248333930969238,15.008522033691406,11.333333015441895,0.471404492855072,11.0,11.800000190734863,11.333333015441895,0.471404492855072,11.0,11.800000190734863,11.0,0.8164966106414795,10.199999809265137,11.800000190734863
549,grain,244.0,17.625846048215095,23.10201385621997,13.819914943353382,0.5929045838055002,0.8013374621393794,0.9277566539923955,62.72792206135785,0.7792519323186409,146.6597442626953,34.778953552246094,95.14022827148438,187.1752471923828,136.8428192138672,29.941978454589844,94.27767181396484,174.2368621826172,128.8500213623047,31.8735408782959,76.68147277832031,164.74871826171875,69.0286865234375,29.886314392089844,32.30000305175781,102.0,74.1844253540039,29.201440811157227,35.0,109.0,75.53278350830078,24.29959487915039,41.0,102.0
550,grain,630.0,28.32209231647889,38.29302028591455,21.37013671016539,-0.11178946522194982,0.8297947377751163,0.9417040358744395,105.4558441227157,0.7118837979534487,175.5909423828125,24.208209991455078,143.18475341796875,199.25106811523438,178.30458068847656,17.354719161987305,156.1231231689453,197.52593994140625,175.463623046875,17.956436157226562,149.99896240234375,194.9382781982422,150.61428833007812,38.892757415771484,92.0,195.0,162.6761932373047,29.006620407104492,123.0,194.0999755859375,151.95237731933594,27.34571647644043,115.0,186.0
551,grain,5.0,2.5231325220201604,3.9999999999999996,2.116601048851672,-0.7853981633974484,0.848528137423857,0.8333333333333334,3.0,6.981317007977318,127.14115142822266,4.551174640655518,123.34589385986328,132.66152954101562,165.78378295898438,4.3437371253967285,160.43592834472656,169.924072265625,168.7164764404297,4.583752632141113,163.02359008789062,173.02928161621094,200.60000610351562,6.248199939727783,193.39999389648438,206.0,231.60000610351562,2.4979991912841797,228.60000610351562,233.60000610351562,219.8000030517578,3.7629776000976562,215.39999389648438,223.1999969482422
552,grain,698.0,29.811427376513585,42.59799772871469,22.201765172994815,0.2442449139313276,0.8534390290262325,0.889171974522293,120.42031021678297,0.604875234260571,219.57928466796875,2.5451738834381104,219.9524688720703,219.9524688720703,219.5891876220703,2.5014162063598633,219.9524688720703,219.9524688720703,219.5508575439453,2.647066831588745,219.9524688720703,219.9524688720703,223.63467407226562,64.0578842163086,129.70001220703125,255.0,229.89971923828125,56.77970886230469,162.70001220703125,255.0,230.99569702148438,55.59626007080078,166.0,255.0
553,grain,5.0,2.5231325220201604,2.5298221281347035,2.5298221281347035,-0.7853981633974483,0.0,1.0,5.656854249492381,1.9634954084936203,121.1032485961914,8.687471389770508,111.27007293701172,127.83120727539062,180.61978149414062,7.3717241287231445,172.3392333984375,186.48519897460938,198.04348754882812,2.5934200286865234,194.93826293945312,200.11361694335938,65.0,4.098780155181885,60.599998474121094,68.0,145.60000610351562,5.351634979248047,139.8000030517578,149.0,176.60000610351562,2.416609525680542,174.0,178.60000610351562
554,grain,26.0,5.753627391751592,6.996362295846168,5.0953073733399465,-0.5927549356835088,0.6852801916031133,0.8666666666666667,16.414213562373096,1.212671169717745,139.17051696777344,18.168851852416992,113.42646789550781,159.5733642578125,141.16104125976562,21.084823608398438,110.83879089355469,163.4548797607422,141.95726013183594,24.19328498840332,106.95728302001953,169.924072265625,116.11538696289062,22.81249237060547,83.0,142.5,138.73077392578125,20.826311111450195,110.0,163.5,137.6923065185547,18.824634552001953,114.5,165.5
555,grain,2.0,1.5957691216057308,2.0,0.0,0.0,1.0,1.0,0.0,0.0,151.37905883789062,3.018951416015625,148.96389770507812,153.79421997070312,169.06150817871094,0.0,169.06150817871094,169.06150817871094,155.2605743408203,0.0,155.2605743408203,155.2605743408203,188.5,16.5,175.3000030517578,201.6999969482422,201.0,13.0,190.60000610351562,211.39999389648438,173.0,9.0,165.8000030517578,180.1999969482422
556,grain,7884.0,100.19092060008244,133.1432480589564,86.2375148108053,1.3829637768930803,0.7618914298423821,0.7829973185023339,581.6467529817257,0.2928450339054304,142.6987762451172,57.861209869384766,54.3411979675293,208.7392120361328,153.67832946777344,48.54604721069336,75.90516662597656,206.1515350341797,147.72894287109375,44.55744171142578,81.08052062988281,200.97618103027344,139.12429809570312,82.90995788574219,23.29998779296875,249.0,156.0248565673828,81.49190521240234,41.0,254.0,156.0811767578125,77.99072265625,52.0,252.0
557,grain,438.0,23.615226456547084,28.827353834175433,19.674960238901935,-1.3421351066775238,0.730876158523661,0.9563318777292577,83.698484809835,0.7856855799789003,196.75791931152344,23.609798431396484,158.45204162597656,215.63967895507812,191.4919891357422,27.852445602416992,148.360107421875,213.91456604003906,190.4935302734375,24.160953521728516,155.00180053710938,211.32688903808594,246.57305908203125,14.963818550109863,222.6999969482422,255.0,248.32420349121094,13.714137077331543,232.0,255.0,249.24200439453125,10.891363143920898,235.0,255.0
558,grain,3.0,1.9544100476116797,3.265986323710904,0.0,1.5707963267948966,1.0,1.0,1.0,37.69911184307752,138.5844268798828,4.689302921295166,133.86911010742188,142.14967346191406,159.8608856201172,4.472761154174805,155.43307495117188,163.0236053466797,148.36009216308594,5.500571250915527,142.8397216796875,152.50038146972656,167.0,34.215003967285156,132.1999969482422,197.8000030517578,186.3333282470703,24.850664138793945,161.0,207.39999389648438,148.0,24.913183212280273,122.5999984741211,169.8000030517578
559,grain,3484.0,66.60305228634276,79.97008815126924,61.64029963349509,-1.0010100329797895,0.6370869489326548,0.9156373193166886,256.8528137423857,0.6636198301808539,202.51214599609375,25.9281005859375,169.06150817871094,216.5022430419922,198.91412353515625,27.676759719848633,163.28237915039062,214.77711486816406,195.00958251953125,29.327922821044922,156.1231231689453,212.189453125,235.5266876220703,35.49652862548828,186.0,255.0,237.81114196777344,33.75093460083008,197.0,255.0,235.95550537109375,34.07962417602539,190.30001831054688,255.0
560,grain,26.0,5.753627391751592,7.607664433241572,4.832619486568379,-0.2772647851853372,0.7723227162684629,0.8666666666666667,18.48528137423857,0.9561611214257788,219.95248413085938,1.52587890625e-05,219.9524688720703,219.9524688720703,219.95248413085938,1.52587890625e-05,219.9524688720703,219.9524688720703,219.95248413085938,1.52587890625e-05,219.9524688720703,219.9524688720703,255.0,0.0,255.0,255.0,255.0,0.0,255.0,255.0,255.0,0.0,255.0,255.0
561,grain,5907.0,86.7238490309938,135.5189284541806,76.4003197185822,1.0804714594251974,0.8259378060925985,0.7621935483870967,565.214249456123,0.23235425530584142,127.94738006591797,45.3657112121582,71.59237670898438,199.25106811523438,124.5441665649414,45.10565948486328,68.14213562011719,194.9382781982422,113.41515350341797,45.33452224731445,62.10422897338867,191.488037109375,95.82833862304688,63.804500579833984,27.0,199.0,104.93753051757812,65.52936553955078,32.0,216.0,101.17860412597656,63.980125427246094,36.0,216.0
562,grain,1018.0,36.00219238519226,45.057185532476396,29.515364261370877,0.9892483154848876,0.7555729321485756,0.9522918615528532,130.32590180780454,0.7531754653996612,179.66641235351562,34.53886413574219,126.53736877441406,211.32688903808594,180.8873748779297,29.288612365722656,136.88807678222656,208.7392120361328,179.28343200683594,29.22060775756836,131.9714813232422,207.87664794921875,199.96070861816406,52.17488479614258,124.0,248.0,213.41650390625,44.336334228515625,149.0,250.0,212.3212127685547,41.684329986572266,149.0,247.0
563,grain,1123.0,37.813331098140345,48.64908752053026,29.569246042682465,-0.3709218782605324,0.7940849438340581,0.9565587734241908,135.84062043356593,0.7647690561125998,145.03659057617188,28.885812759399414,105.23216247558594,182.86244201660156,134.578369140625,26.59275245666504,100.05680847167969,169.924072265625,113.63040161132812,23.97820281982422,82.11559295654297,146.63497924804688,51.946571350097656,37.81791687011719,24.0,88.0,57.033836364746094,38.55747604370117,27.0,97.0,55.608192443847656,34.46696090698242,32.0,80.0
564,grain,1802.0,47.899662416480176,62.57555455695762,39.80878323178433,0.854000558741701,0.7715476955182642,0.8829005389514943,202.22539674441617,0.5537238864104271,137.10519409179688,52.772212982177734,62.10422897338867,202.7012939453125,144.8739776611328,47.55833435058594,73.40374755859375,202.7012939453125,145.3272705078125,45.68185043334961,77.71654510498047,203.56385803222656,134.56271362304688,82.85951232910156,22.0,243.0,154.6947784423828,81.92056274414062,29.0,250.0,159.25527954101562,79.05799102783203,34.0,251.0
565,grain,2559.0,57.080819852007046,91.22841756679948,38.99295152035846,1.511869081944049,0.9040526503114108,0.8727830832196453,274.16042558696057,0.4278293932959523,168.12716674804688,37.026634216308594,112.13263702392578,209.60177612304688,157.24220275878906,47.900569915771484,81.94307708740234,207.87664794921875,155.4567413330078,41.347354888916016,94.0188980102539,207.01409912109375,155.56663513183594,92.36027526855469,26.0,254.0,161.91636657714844,92.32657623291016,23.0,255.0,163.879638671875,86.9786376953125,32.0,255.0
566,grain,1559.0,44.55311942212485,52.939965638865665,38.36768745456847,1.1414764353314943,0.6890229087436043,0.9707347447073474,159.49747468305833,0.770102186841501,192.09388732910156,25.34454917907715,152.6728973388672,212.189453125,185.1989288330078,27.94375991821289,140.59707641601562,209.60177612304688,177.90342712402344,31.50444984436035,127.65869140625,206.1515350341797,231.4996795654297,32.649024963378906,186.0,254.0,235.9595947265625,28.6981201171875,198.0,255.0,234.440673828125,32.02276611328125,194.0,255.0
567,grain,1031.0,36.23133961947795,47.08431423700131,28.207506445189598,0.26318179197864344,0.8006854322950501,0.9626517273576097,131.1126983722081,0.7536661645746233,29.278472900390625,9.117022514343262,19.838850021362305,40.540260314941406,22.86910057067871,7.369243144989014,15.526057243347168,31.9146728515625,22.57795524597168,6.415281295776367,16.38861656188965,30.189556121826172,33.289039611816406,12.512491226196289,20.0,49.0,26.92046546936035,10.296453475952148,18.0,38.0,22.270610809326172,6.369597434997559,16.0,30.0
568,grain,4297.0,73.9669542682879,100.25315649848532,62.03418849335458,1.1947485663618538,0.7855679385568931,0.8693101355452154,359.651803615609,0.4174560241170076,152.71102905273438,59.77888870239258,53.478641510009766,213.052001953125,167.37232971191406,42.99608612060547,104.3696060180664,209.60177612304688,168.5157012939453,37.50802993774414,116.44542694091797,205.6339111328125,148.82965087890625,86.1077651977539,29.0,253.0,167.81126403808594,70.4546127319336,65.0,254.0,167.64649963378906,62.03313064575195,80.0,252.0
569,grain,2426.0,55.57768558987955,86.73235271909374,52.26363405601724,1.0595146103192874,0.7980545405524696,0.7425772880318335,316.9177848998413,0.30353406424270724,99.46055603027344,37.200531005859375,52.61608123779297,152.24160766601562,73.76618957519531,40.5096321105957,28.46443748474121,134.5591583251953,72.79483795166016,33.39231872558594,36.22746658325195,122.48333740234375,118.65168762207031,48.86491775512695,62.0,190.5,85.34088897705078,47.078433990478516,38.0,157.0,78.67930603027344,36.54508972167969,41.0,130.0
570,grain,7.0,2.985410660720923,3.0237157840738176,2.799416848895061,0.0,0.377964473009227,1.0,6.82842712474619,1.8865422955842652,155.2605743408203,7.83797025680542,145.94493103027344,164.23118591308594,150.4548797607422,3.4148459434509277,147.3250274658203,153.7079620361328,165.11837768554688,5.1103997230529785,159.22833251953125,171.13165283203125,99.57142639160156,7.650529861450195,91.5999984741211,109.80000305175781,129.14285278320312,5.890151023864746,121.5999984741211,135.8000030517578,140.14285278320312,6.577637195587158,132.60000610351562,147.60000610351562
571,grain,12.0,3.9088200952233594,4.47213595499958,3.265986323710904,1.5707963267948966,0.6831300510639732,1.0,10.0,1.5079644737231006,219.95245361328125,1.52587890625e-05,219.9524688720703,219.9524688720703,219.95245361328125,1.52587890625e-05,219.9524688720703,219.9524688720703,219.95245361328125,1.52587890625e-05,219.9524688720703,219.9524688720703,153.0,110.17259216308594,0.0,255.0,153.0,110.17259216308594,0.0,255.0,153.0,110.17259216308594,0.0,255.0
572,grain,17.0,4.652426491681278,6.721344403334447,3.0678599553894816,1.5707963267948966,0.8897565210026093,1.0,13.65685424949238,1.1454006794618754,219.9524688720703,0.0,219.9524688720703,219.9524688720703,219.9524688720703,0.0,219.9524688720703,219.9524688720703,219.9524688720703,0.0,219.9524688720703,219.9524688720703,159.0,104.78549194335938,0.0,255.0,159.0,104.78549194335938,0.0,255.0,159.0,104.78549194335938,0.0,255.0
573,grain,13.0,4.068428945128219,5.055900530816918,3.1378581622109447,1.5707963267948966,0.7841012784167711,1.0,10.82842712474619,1.3932288539364366,219.95245361328125,1.52587890625e-05,219.9524688720703,219.9524688720703,219.95245361328125,1.52587890625e-05,219.9524688720703,219.9524688720703,219.95245361328125,1.52587890625e-05,219.9524688720703,219.9524688720703,156.92308044433594,106.71922302246094,0.0,255.0,156.92308044433594,106.71922302246094,0.0,255.0,156.92308044433594,106.71922302246094,0.0,255.0
574,grain,1017.0,35.98450523483212,51.65131913365316,28.038404452827717,1.0302745100197315,0.8398361057333151,0.8510460251046025,176.43250352560273,0.41055715346461163,127.91482543945312,63.75860595703125,27.601879119873047,196.66339111328125,147.66970825195312,48.93653106689453,68.65967559814453,200.11361694335938,151.95960998535156,42.16591262817383,87.1184310913086,199.25106811523438,65.82891082763672,50.894264221191406,14.0,135.0,83.02949523925781,47.92561340332031,27.599998474121094,143.39996337890625,83.96952056884766,36.762786865234375,37.0,132.0
575,grain,284.0,19.015783725757565,27.852756958536556,13.575644420702039,1.4523608503100465,0.8731745910902171,0.9250814332247557,70.04163056034261,0.727471038758907,160.9552764892578,28.974985122680664,122.74210357666016,196.66339111328125,171.4365692138672,24.098474502563477,138.78570556640625,201.8387451171875,177.11611938476562,21.467994689941406,150.60275268554688,206.7553253173828,17.426055908203125,3.253084659576416,13.0,21.0,22.848590850830078,4.142058849334717,18.0,28.0,24.63380241394043,4.612412452697754,18.0,31.0
576,grain,7.0,2.985410660720923,3.0237157840738176,2.7994168488950604,1.5707963267948966,0.3779644730092273,1.0,6.82842712474619,1.8865422955842652,14.293829917907715,2.602304458618164,11.385774612426758,16.90614891052246,83.05208587646484,5.086573600769043,77.80280303955078,89.53359985351562,129.9999237060547,6.644888877868652,122.82836151123047,137.83688354492188,7.4285712242126465,0.4948716461658478,7.0,8.0,19.14285659790039,2.8996834754943848,16.600000381469727,22.599998474121094,39.14285659790039,3.398679256439209,36.0,43.599998474121094
577,grain,29.0,6.076507779746499,8.271263089966869,5.426845675284414,0.7853981633974486,0.754666609018525,0.90625,21.071067811865476,0.8207951326302529,22.218324661254883,5.382652282714844,16.21610450744629,29.67201805114746,96.63632202148438,12.142523765563965,79.52791595458984,109.54495239257812,139.64527893066406,8.215319633483887,130.93641662597656,151.1202850341797,9.517241477966309,2.458211898803711,7.0,12.19999885559082,34.72413635253906,13.242816925048828,21.0,55.0,59.655174255371094,11.786245346069336,46.79999923706055,78.0
578,grain,11.0,3.742410318509555,4.51260859854213,2.9541957835039856,0.0,0.7559289460184544,1.0,9.65685424949238,1.4822832322447796,82.33515167236328,5.061224460601807,74.1800537109375,87.1184310913086,81.62942504882812,4.883148193359375,75.90516662597656,87.98098754882812,74.25846862792969,5.411163806915283,67.27957916259766,79.35540008544922,60.09090805053711,4.461034297943115,56.0,64.0,63.09090805053711,3.9417240619659424,60.0,68.0,61.09090805053711,2.5389528274536133,59.0,65.0
579,grain,5.0,2.5231325220201604,2.5298221281347035,2.5298221281347035,-0.7853981633974483,0.0,1.0,5.656854249492381,1.9634954084936203,76.07767486572266,12.658177375793457,62.449249267578125,89.70610046386719,61.241676330566406,12.234963417053223,47.613243103027344,74.69758605957031,58.3089714050293,9.978877067565918,47.613243103027344,69.69474792480469,114.5999984741211,9.26498794555664,105.19999694824219,124.19999694824219,97.5999984741211,10.70700740814209,85.5999984741211,108.79999542236328,75.80000305175781,8.280096054077148,66.19999694824219,84.80000305175781
580,grain,203.0,16.07692842495848,23.894610873219765,11.879409532824278,-1.4607376151193645,0.8676597256623862,0.8864628820960698,67.79898987322333,0.5549571550023494,23.994428634643555,10.076597213745117,12.248333930969238,36.917503356933594,76.03263854980469,17.119970321655273,52.61608123779297,97.29661560058594,106.87655639648438,21.26602554321289,78.1478271484375,130.93641662597656,19.635467529296875,16.337726593017578,8.0,38.79998779296875,43.99507522583008,24.748687744140625,21.0,75.0,63.80788040161133,18.945541381835938,45.0,87.0
581,grain,26.0,5.753627391751592,7.585633424627762,5.225919684905927,-1.2826579484802405,0.7248342385545699,0.8387096774193549,18.863961030678926,0.918158017347767,181.93356323242188,25.034698486328125,141.89089965820312,203.56385803222656,176.39324951171875,30.794160842895508,121.18949890136719,202.27001953125,177.32215881347656,22.590747833251953,136.71556091308594,197.09466552734375,114.96154022216797,18.905597686767578,90.0,138.5,142.1923065185547,18.851686477661133,116.0,165.0,156.53846740722656,16.317123413085938,136.0,177.0
582,grain,5.0,2.5231325220201604,2.5298221281347035,2.5298221281347035,-0.7853981633974483,0.0,1.0,5.656854249492381,1.9634954084936203,72.4549331665039,9.079428672790527,61.586692810058594,81.77056884765625,148.0150909423828,13.458127975463867,133.5240936279297,163.19610595703125,156.4681396484375,9.919050216674805,146.2899627685547,168.0264434814453,108.19999694824219,15.65119743347168,90.0,124.5999984741211,209.39999389648438,17.234848022460938,188.39999389648438,226.1999969482422,219.39999389648438,14.065560340881348,202.8000030517578,233.8000030517578
583,grain,3.0,1.9544100476116797,3.265986323710904,0.0,0.0,1.0,1.0,1.0,37.69911184307752,68.4296646118164,4.527862071990967,63.829345703125,72.10990905761719,26.45180320739746,1.0758000612258911,25.35922622680664,27.429367065429688,49.453369140625,2.6663479804992676,46.75068283081055,51.58101272583008,118.33333587646484,2.357022523880005,116.0,120.0,51.66666793823242,2.624669313430786,49.0,53.79999923706055,85.66666412353516,3.771235942840576,83.0,89.4000015258789
584,grain,703.0,29.918011296689148,43.659947446261214,21.31114428680419,1.5221577650699405,0.8727784387053797,0.9348404255319149,122.52691193458118,0.5884400353905763,97.92188262939453,44.2320556640625,39.67770004272461,158.71080017089844,115.42581176757812,34.631805419921875,69.00469970703125,165.26622009277344,117.93006896972656,30.488548278808594,81.94307708740234,161.8159942626953,88.15362548828125,54.25870895385742,26.0,169.79998779296875,118.44239044189453,54.86016845703125,49.0,197.79998779296875,121.07112121582031,48.40312576293945,68.0,196.79998779296875
585,grain,51.0,8.058239062071396,9.960812548861222,7.054861005617788,-1.243024365489439,0.7059500760547542,0.9272727272727272,27.899494936611664,0.8233554365532311,56.23544692993164,33.60791015625,29.326995849609375,112.99519348144531,34.164093017578125,28.679689407348633,12.93838119506836,78.49284362792969,41.08147430419922,21.80177879333496,22.42652702331543,77.63028717041016,86.09803771972656,43.54499816894531,46.0,151.0,47.156864166259766,32.822383880615234,19.0,89.0,49.156864166259766,20.69040870666504,27.0,75.0
586,leftover,1000481.0,1128.6505096601784,1913.9615819026758,1248.509938659574,1.5468437972287001,0.7579461414272858,0.5641477175971192,80223.0515884344,0.0019535312075460096,86.5541763305664,51.4138298034668,26.739320755004883,163.8861541748047,105.18838500976562,48.105777740478516,43.12793731689453,172.51174926757812,110.6816635131836,48.051021575927734,48.303287506103516,177.68710327148438,71.26309967041016,64.46966552734375,12.0,175.0,85.97003173828125,66.80435943603516,19.0,197.0,88.29444885253906,62.620155334472656,25.0,189.0
588,leftover,80.0,10.092530088080641,27.767738086661186,4.5694881059683015,-1.3913050930087396,0.9863668998779787,0.6779661016949152,51.65685424949238,0.37674191435108156,53.899131774902344,24.29982566833496,28.46443748474121,91.68998718261719,93.65231323242188,20.0828857421875,72.3686752319336,119.0331039428711,105.46937561035156,21.502195358276367,85.99710845947266,132.92030334472656,63.099998474121094,34.406612396240234,30.0,100.49999237060547,102.5250015258789,31.2321834564209,67.0,142.69998168945312,127.94999694824219,30.585084915161133,87.9000015258789,165.79998779296875
